#VRML V2.0 utf8
Transform {
children [
Shape {
appearance Appearance {
material Material {
ambientIntensity 1.000000
diffuseColor 1.000000 1.000000 1.000000
emissiveColor 0.210000 0.210000 0.210000
specularColor 0.880000 0.880000 0.880000
shininess 0.210000
transparency 0.000000
}
}
geometry IndexedFaceSet {
color Color {
color [
 1.000000 1.000000 1.000000
]
}
coord Coordinate {
point [
 -0.051000 -0.022000 -0.032000, -0.051000 -0.022000 -0.020500, -0.051000 -0.022000 0.020500, -0.051000 -0.022000 0.032000, -0.051000 -0.021000 -0.027500,
 -0.051000 -0.021000 -0.020500, -0.051000 -0.021000 0.020500, -0.051000 -0.021000 0.027500, -0.051000 0.000000 -0.032000, -0.051000 -0.000000 -0.027500,
 -0.051000 0.000000 0.027500, -0.051000 0.000000 0.032000, -0.051000 0.002000 -0.032000, -0.051000 0.002000 0.032000, -0.048450 -0.021000 -0.027500,
 -0.048450 -0.021000 -0.020500, -0.048450 -0.021000 0.020500, -0.048450 -0.021000 0.027500, -0.048450 -0.016868 -0.024000, -0.048450 -0.016868 0.024000,
 -0.048450 -0.016812 -0.024427, -0.048450 -0.016812 -0.023573, -0.048450 -0.016812 0.023573, -0.048450 -0.016812 0.024427, -0.048450 -0.016647 -0.024825,
 -0.048450 -0.016647 -0.023175, -0.048450 -0.016647 0.023175, -0.048450 -0.016647 0.024825, -0.048450 -0.016385 -0.025167, -0.048450 -0.016385 -0.022833,
 -0.048450 -0.016385 0.022833, -0.048450 -0.016385 0.025167, -0.048450 -0.016043 -0.025429, -0.048450 -0.016043 -0.022571, -0.048450 -0.016043 0.022571,
 -0.048450 -0.016043 0.025429, -0.048450 -0.015645 -0.025594, -0.048450 -0.015645 -0.022406, -0.048450 -0.015645 0.022406, -0.048450 -0.015645 0.025594,
 -0.048450 -0.015218 -0.025650, -0.048450 -0.015218 -0.022350, -0.048450 -0.015218 0.022350, -0.048450 -0.015218 0.025650, -0.048450 -0.014791 -0.025594,
 -0.048450 -0.014791 -0.022406, -0.048450 -0.014791 0.022406, -0.048450 -0.014791 0.025594, -0.048450 -0.014393 -0.025429, -0.048450 -0.014393 -0.022571,
 -0.048450 -0.014393 0.022571, -0.048450 -0.014393 0.025429, -0.048450 -0.014052 -0.025167, -0.048450 -0.014052 -0.022833, -0.048450 -0.014052 0.022833,
 -0.048450 -0.014052 0.025167, -0.048450 -0.013789 -0.024825, -0.048450 -0.013789 -0.023175, -0.048450 -0.013789 0.023175, -0.048450 -0.013789 0.024825,
 -0.048450 -0.013624 -0.024427, -0.048450 -0.013624 -0.023573, -0.048450 -0.013624 0.023573, -0.048450 -0.013624 0.024427, -0.048450 -0.013568 -0.024000,
 -0.048450 -0.013568 0.024000, -0.048450 -0.012718 -0.022500, -0.048450 -0.012718 -0.020500, -0.048450 -0.007718 -0.022500, -0.048450 -0.007718 -0.020500,
 -0.048450 -0.006868 -0.024000, -0.048450 -0.006868 0.024000, -0.048450 -0.006812 -0.024427, -0.048450 -0.006812 -0.023573, -0.048450 -0.006812 0.023573,
 -0.048450 -0.006812 0.024427, -0.048450 -0.006647 -0.024825, -0.048450 -0.006647 -0.023175, -0.048450 -0.006647 0.023175, -0.048450 -0.006647 0.024825,
 -0.048450 -0.006385 -0.025167, -0.048450 -0.006385 -0.022833, -0.048450 -0.006385 0.022833, -0.048450 -0.006385 0.025167, -0.048450 -0.006043 -0.025429,
 -0.048450 -0.006043 -0.022571, -0.048450 -0.006043 0.022571, -0.048450 -0.006043 0.025429, -0.048450 -0.005645 -0.025594, -0.048450 -0.005645 -0.022406,
 -0.048450 -0.005645 0.022406, -0.048450 -0.005645 0.025594, -0.048450 -0.005218 -0.025650, -0.048450 -0.005218 -0.022350, -0.048450 -0.005218 0.022350,
 -0.048450 -0.005218 0.025650, -0.048450 -0.004791 -0.025594, -0.048450 -0.004791 -0.022406, -0.048450 -0.004791 0.022406, -0.048450 -0.004791 0.025594,
 -0.048450 -0.004393 -0.025429, -0.048450 -0.004393 -0.022571, -0.048450 -0.004393 0.022571, -0.048450 -0.004393 0.025429, -0.048450 -0.004052 -0.025167,
 -0.048450 -0.004052 -0.022833, -0.048450 -0.004052 0.022833, -0.048450 -0.004052 0.025167, -0.048450 -0.003789 -0.024825, -0.048450 -0.003789 -0.023175,
 -0.048450 -0.003789 0.023175, -0.048450 -0.003789 0.024825, -0.048450 -0.003624 -0.024427, -0.048450 -0.003624 -0.023573, -0.048450 -0.003624 0.023573,
 -0.048450 -0.003624 0.024427, -0.048450 -0.003568 -0.024000, -0.048450 -0.003568 0.024000, -0.048450 -0.000000 -0.027500, -0.048450 -0.000000 -0.020500,
 -0.048450 0.000000 0.020500, -0.048450 0.000000 0.027500, -0.048000 0.000000 -0.035000, -0.048000 0.000000 0.035000, -0.048000 0.002000 -0.035000,
 -0.048000 0.002000 0.035000, -0.046500 0.002000 -0.032000, -0.046500 0.002000 0.032000, -0.046500 0.005000 -0.032000, -0.046500 0.005000 0.032000,
 -0.046398 0.002000 -0.032776, -0.046398 0.002000 -0.031224, -0.046398 0.002000 0.031224, -0.046398 0.002000 0.032776, -0.046398 0.005000 -0.032776,
 -0.046398 0.005000 -0.031224, -0.046398 0.005000 0.031224, -0.046398 0.005000 0.032776, -0.046098 0.002000 -0.033500, -0.046098 0.002000 -0.030500,
 -0.046098 0.002000 0.030500, -0.046098 0.002000 0.033500, -0.046098 0.005000 -0.033500, -0.046098 0.005000 -0.030500, -0.046098 0.005000 0.030500,
 -0.046098 0.005000 0.033500, -0.046000 -0.019000 -0.032000, -0.046000 -0.019000 -0.020500, -0.046000 -0.019000 0.020500, -0.046000 -0.019000 0.032000,
 -0.046000 -0.016868 -0.024000, -0.046000 -0.016868 0.024000, -0.046000 -0.016812 -0.024427, -0.046000 -0.016812 -0.023573, -0.046000 -0.016812 0.023573,
 -0.046000 -0.016812 0.024427, -0.046000 -0.016647 -0.024825, -0.046000 -0.016647 -0.023175, -0.046000 -0.016647 0.023175, -0.046000 -0.016647 0.024825,
 -0.046000 -0.016385 -0.025167, -0.046000 -0.016385 -0.022833, -0.046000 -0.016385 0.022833, -0.046000 -0.016385 0.025167, -0.046000 -0.016043 -0.025429,
 -0.046000 -0.016043 -0.022571, -0.046000 -0.016043 0.022571, -0.046000 -0.016043 0.025429, -0.046000 -0.015645 -0.025594, -0.046000 -0.015645 -0.022406,
 -0.046000 -0.015645 0.022406, -0.046000 -0.015645 0.025594, -0.046000 -0.015218 -0.025650, -0.046000 -0.015218 -0.022350, -0.046000 -0.015218 0.022350,
 -0.046000 -0.015218 0.025650, -0.046000 -0.014791 -0.025594, -0.046000 -0.014791 -0.022406, -0.046000 -0.014791 0.022406, -0.046000 -0.014791 0.025594,
 -0.046000 -0.014393 -0.025429, -0.046000 -0.014393 -0.022571, -0.046000 -0.014393 0.022571, -0.046000 -0.014393 0.025429, -0.046000 -0.014052 -0.025167,
 -0.046000 -0.014052 -0.022833, -0.046000 -0.014052 0.022833, -0.046000 -0.014052 0.025167, -0.046000 -0.013789 -0.024825, -0.046000 -0.013789 -0.023175,
 -0.046000 -0.013789 0.023175, -0.046000 -0.013789 0.024825, -0.046000 -0.013624 -0.024427, -0.046000 -0.013624 -0.023573, -0.046000 -0.013624 0.023573,
 -0.046000 -0.013624 0.024427, -0.046000 -0.013568 -0.024000, -0.046000 -0.013568 0.024000, -0.046000 -0.012718 -0.022500, -0.046000 -0.012718 -0.020500,
 -0.046000 -0.007718 -0.022500, -0.046000 -0.007718 -0.020500, -0.046000 -0.006868 -0.024000, -0.046000 -0.006868 0.024000, -0.046000 -0.006812 -0.024427,
 -0.046000 -0.006812 -0.023573, -0.046000 -0.006812 0.023573, -0.046000 -0.006812 0.024427, -0.046000 -0.006647 -0.024825, -0.046000 -0.006647 -0.023175,
 -0.046000 -0.006647 0.023175, -0.046000 -0.006647 0.024825, -0.046000 -0.006385 -0.025167, -0.046000 -0.006385 -0.022833, -0.046000 -0.006385 0.022833,
 -0.046000 -0.006385 0.025167, -0.046000 -0.006043 -0.025429, -0.046000 -0.006043 -0.022571, -0.046000 -0.006043 0.022571, -0.046000 -0.006043 0.025429,
 -0.046000 -0.005645 -0.025594, -0.046000 -0.005645 -0.022406, -0.046000 -0.005645 0.022406, -0.046000 -0.005645 0.025594, -0.046000 -0.005218 -0.025650,
 -0.046000 -0.005218 -0.022350, -0.046000 -0.005218 0.022350, -0.046000 -0.005218 0.025650, -0.046000 -0.004791 -0.025594, -0.046000 -0.004791 -0.022406,
 -0.046000 -0.004791 0.022406, -0.046000 -0.004791 0.025594, -0.046000 -0.004393 -0.025429, -0.046000 -0.004393 -0.022571, -0.046000 -0.004393 0.022571,
 -0.046000 -0.004393 0.025429, -0.046000 -0.004052 -0.025167, -0.046000 -0.004052 -0.022833, -0.046000 -0.004052 0.022833, -0.046000 -0.004052 0.025167,
 -0.046000 -0.003789 -0.024825, -0.046000 -0.003789 -0.023175, -0.046000 -0.003789 0.023175, -0.046000 -0.003789 0.024825, -0.046000 -0.003624 -0.024427,
 -0.046000 -0.003624 -0.023573, -0.046000 -0.003624 0.023573, -0.046000 -0.003624 0.024427, -0.046000 -0.003568 -0.024000, -0.046000 -0.003568 0.024000,
 -0.046000 -0.002000 -0.032000, -0.046000 -0.002000 -0.020500, -0.046000 -0.002000 0.020500, -0.046000 -0.002000 0.030639, -0.046000 -0.001919 0.031266,
 -0.046000 -0.001906 0.031328, -0.046000 -0.001832 0.031669, -0.046000 -0.001760 0.032000, -0.045981 -0.001543 0.031594, -0.045975 -0.001601 0.031249,
 -0.045973 -0.001513 0.032000, -0.045972 -0.001665 -0.032000, -0.045972 -0.001665 -0.020500, -0.045954 -0.001654 0.030639, -0.045954 -0.001333 0.032000,
 -0.045932 -0.001482 0.020500, -0.045932 -0.001482 0.030639, -0.045926 -0.001250 0.032000, -0.045916 -0.001258 0.031520, -0.045892 -0.001277 0.031166,
 -0.045876 -0.001287 0.030887, -0.045849 -0.001283 0.030639, -0.045839 -0.000990 0.032000, -0.045830 -0.001193 -0.032000, -0.045830 -0.001193 -0.020500,
 -0.045818 -0.000926 0.032000, -0.045805 -0.000978 0.031447, -0.045747 -0.000962 0.031085, -0.045732 -0.001000 0.020500, -0.045732 -0.001000 0.030639,
 -0.045711 -0.000747 0.032000, -0.045707 -0.000943 0.030837, -0.045699 -0.000734 0.031662, -0.045672 -0.000922 0.030639, -0.045649 -0.000716 0.031378,
 -0.045621 0.002000 -0.034121, -0.045621 0.002000 -0.029879, -0.045621 0.002000 0.029879, -0.045621 0.002000 0.034121, -0.045621 0.005000 -0.034121,
 -0.045621 0.005000 -0.029879, -0.045621 0.005000 0.029879, -0.045621 0.005000 0.034121, -0.045598 -0.000557 0.032000, -0.045593 -0.000694 0.031167,
 -0.045578 -0.000771 -0.032000, -0.045578 -0.000771 -0.020500, -0.045560 -0.000517 0.032000, -0.045543 -0.000672 0.031010, -0.045530 -0.000504 0.031624,
 -0.045503 -0.000652 0.030889, -0.045470 -0.000632 0.030792, -0.045451 -0.000480 0.031317, -0.045443 -0.000613 0.030710, -0.045420 -0.000594 0.030639,
 -0.045414 -0.000586 0.020500, -0.045414 -0.000586 0.030639, -0.045373 -0.000317 0.032000, -0.045365 -0.000451 0.031098, -0.045332 -0.000302 0.031591,
 -0.045304 -0.000243 0.032000, -0.045289 -0.000423 0.030946, -0.045229 -0.000422 -0.032000, -0.045229 -0.000422 -0.020500, -0.045226 -0.000397 0.030836,
 -0.045222 -0.000279 0.031264, -0.045175 -0.000373 0.030754, -0.045166 -0.000148 0.032000, -0.045134 -0.000351 0.030690, -0.045111 -0.000133 0.031563,
 -0.045102 -0.000252 0.031042, -0.045093 -0.000340 0.030639, -0.045000 -0.000268 0.020500, -0.045000 -0.000268 0.030639, -0.045000 0.002000 -0.034598,
 -0.045000 0.002000 -0.029402, -0.045000 0.002000 0.029402, -0.045000 0.002000 0.034598, -0.045000 0.005000 -0.034598, -0.045000 0.005000 -0.029402,
 -0.045000 0.005000 0.029402, -0.045000 0.005000 0.034598, -0.044997 -0.000225 0.030894, -0.044969 -0.000118 0.031222, -0.044950 -0.000240 -0.032000,
 -0.044950 0.000000 -0.032000, -0.044950 0.000000 0.032000, -0.044950 0.005000 -0.032000, -0.044950 0.005000 0.032000, -0.044942 -0.000236 -0.031852,
 -0.044940 0.000000 0.031834, -0.044911 -0.000201 0.030795, -0.044906 0.000000 -0.032354, -0.044906 0.000000 0.032354, -0.044906 0.005000 -0.032354,
 -0.044906 0.005000 -0.031646, -0.044906 0.005000 0.031646, -0.044906 0.005000 0.032354, -0.044897 -0.000213 -0.031648, -0.044896 -0.000000 0.031648,
 -0.044872 -0.000000 0.031542, -0.044871 -0.000200 -0.031528, -0.044863 -0.000000 0.031504, -0.044842 -0.000179 0.030726, -0.044816 -0.000101 0.030999,
 -0.044807 -0.000170 -0.020500, -0.044806 -0.000171 -0.031389, -0.044786 -0.000160 0.030676, -0.044777 0.000000 -0.032687, -0.044777 0.000000 0.032687,
 -0.044777 0.005000 -0.032687, -0.044777 0.005000 -0.031313, -0.044777 0.005000 0.031313, -0.044777 0.005000 0.032687, -0.044772 -0.000156 -0.031315,
 -0.044769 0.000000 0.031317, -0.044743 -0.000143 -0.031253, -0.044734 -0.000158 0.030639, -0.044717 0.000000 0.031211, -0.044702 0.000000 0.031193,
 -0.044684 -0.000084 0.030858, -0.044576 -0.000069 0.030767, -0.044570 0.000000 -0.032978, -0.044570 0.000000 0.032978, -0.044570 0.005000 -0.032978,
 -0.044570 0.005000 -0.031022, -0.044570 0.005000 0.031022, -0.044570 0.005000 0.032978, -0.044566 0.000000 0.031025, -0.044564 -0.000084 -0.031027,
 -0.044529 0.000000 0.030978, -0.044518 -0.000068 0.020500, -0.044518 -0.000068 0.030639, -0.044513 -0.000067 -0.030963, -0.044491 -0.000056 0.030708,
 -0.044422 -0.000044 0.030667, -0.044364 -0.000048 0.030639, -0.044360 -0.000000 0.030843, -0.044335 -0.000028 -0.020500, -0.044334 -0.000031 -0.030820,
 -0.044299 0.000000 -0.033210, -0.044299 0.000000 0.033210, -0.044299 0.005000 -0.033210, -0.044299 0.005000 -0.030790, -0.044299 0.005000 0.030790,
 -0.044299 0.005000 0.033210, -0.044298 -0.000023 -0.030791, -0.044297 -0.000000 0.030792, -0.044283 -0.000020 -0.030780, -0.044276 0.002000 -0.034898,
 -0.044276 0.002000 -0.029102, -0.044276 0.002000 0.029102, -0.044276 0.002000 0.034898, -0.044276 0.005000 -0.034898, -0.044276 0.005000 -0.029102,
 -0.044276 0.005000 0.029102, -0.044276 0.005000 0.034898, -0.044273 -0.000000 0.030773, -0.044239 -0.000000 0.030756, -0.044138 -0.000000 0.030707,
 -0.044061 -0.000000 0.030669, -0.044000 0.000000 -0.030639, -0.044000 0.000000 -0.020500, -0.044000 0.000000 0.020500, -0.044000 0.000000 0.030639,
 -0.043979 0.000000 -0.033369, -0.043979 0.000000 -0.030631, -0.043979 0.000000 0.030631, -0.043979 0.000000 0.033369, -0.043979 0.005000 -0.033369,
 -0.043979 0.005000 -0.030631, -0.043979 0.005000 0.030631, -0.043979 0.005000 0.033369, -0.043630 0.000000 -0.033444, -0.043630 0.000000 -0.030556,
 -0.043630 0.000000 0.030556, -0.043630 0.000000 0.033444, -0.043630 0.005000 -0.033444, -0.043630 0.005000 -0.030556, -0.043630 0.005000 0.030556,
 -0.043630 0.005000 0.033444, -0.043500 0.000000 -0.033450, -0.043500 0.000000 -0.030550, -0.043500 0.000000 0.030550, -0.043500 0.000000 0.033450,
 -0.043500 0.002000 -0.035000, -0.043500 0.002000 -0.029000, -0.043500 0.002000 0.029000, -0.043500 0.002000 0.035000, -0.043500 0.005000 -0.035000,
 -0.043500 0.005000 -0.033450, -0.043500 0.005000 -0.030550, -0.043500 0.005000 -0.029000, -0.043500 0.005000 0.029000, -0.043500 0.005000 0.030550,
 -0.043500 0.005000 0.033450, -0.043500 0.005000 0.035000, -0.043125 0.000000 -0.033401, -0.043125 0.000000 -0.030599, -0.043125 0.000000 0.030599,
 -0.043125 0.000000 0.033401, -0.043125 0.005000 -0.033401, -0.043125 0.005000 -0.030599, -0.043125 0.005000 0.030599, -0.043125 0.005000 0.033401,
 -0.042775 0.000000 -0.033256, -0.042775 0.000000 -0.030744, -0.042775 0.000000 0.030744, -0.042775 0.000000 0.033256, -0.042775 0.005000 -0.033256,
 -0.042775 0.005000 -0.030744, -0.042775 0.005000 0.030744, -0.042775 0.005000 0.033256, -0.042724 0.002000 -0.034898, -0.042724 0.002000 -0.029102,
 -0.042724 0.002000 0.029102, -0.042724 0.002000 0.034898, -0.042724 0.005000 -0.034898, -0.042724 0.005000 -0.029102, -0.042724 0.005000 0.029102,
 -0.042724 0.005000 0.034898, -0.042475 0.000000 -0.033025, -0.042475 0.000000 -0.030975, -0.042475 0.000000 0.030975, -0.042475 0.000000 0.033025,
 -0.042475 0.005000 -0.033025, -0.042475 0.005000 -0.030975, -0.042475 0.005000 0.030975, -0.042475 0.005000 0.033025, -0.042244 0.000000 -0.032725,
 -0.042244 0.000000 -0.031275, -0.042244 0.000000 0.031275, -0.042244 0.000000 0.032725, -0.042244 0.005000 -0.032725, -0.042244 0.005000 -0.031275,
 -0.042244 0.005000 0.031275, -0.042244 0.005000 0.032725, -0.042099 0.000000 -0.032375, -0.042099 0.000000 -0.031625, -0.042099 0.000000 0.031625,
 -0.042099 0.000000 0.032375, -0.042099 0.005000 -0.032375, -0.042099 0.005000 -0.031625, -0.042099 0.005000 0.031625, -0.042099 0.005000 0.032375,
 -0.042050 0.000000 -0.032000, -0.042050 0.000000 0.032000, -0.042050 0.005000 -0.032000, -0.042050 0.005000 0.032000, -0.042000 0.002000 -0.034598,
 -0.042000 0.002000 -0.029402, -0.042000 0.002000 0.029402, -0.042000 0.002000 0.034598, -0.042000 0.005000 -0.034598, -0.042000 0.005000 -0.029402,
 -0.042000 0.005000 0.029402, -0.042000 0.005000 0.034598, -0.041379 0.002000 -0.034121, -0.041379 0.002000 -0.029879, -0.041379 0.002000 0.029879,
 -0.041379 0.002000 0.034121, -0.041379 0.005000 -0.034121, -0.041379 0.005000 -0.029879, -0.041379 0.005000 0.029879, -0.041379 0.005000 0.034121,
 -0.040902 0.002000 -0.033500, -0.040902 0.002000 -0.030500, -0.040902 0.002000 0.030500, -0.040902 0.002000 0.033500, -0.040902 0.005000 -0.033500,
 -0.040902 0.005000 -0.030500, -0.040902 0.005000 0.030500, -0.040902 0.005000 0.033500, -0.040602 0.002000 -0.032776, -0.040602 0.002000 -0.031224,
 -0.040602 0.002000 0.031224, -0.040602 0.002000 0.032776, -0.040602 0.005000 -0.032776, -0.040602 0.005000 -0.031224, -0.040602 0.005000 0.031224,
 -0.040602 0.005000 0.032776, -0.040500 0.002000 -0.032000, -0.040500 0.002000 0.032000, -0.040500 0.005000 -0.032000, -0.040500 0.005000 0.032000,
 -0.039000 0.000000 -0.027000, -0.039000 0.000000 0.027000, -0.039000 0.002000 -0.027000, -0.039000 0.002000 0.027000, -0.019000 -0.022000 -0.020500,
 -0.019000 -0.022000 0.013673, -0.019000 -0.022000 0.020500, -0.019000 -0.019000 -0.020500, -0.019000 -0.019000 -0.006854, -0.019000 -0.019000 0.020500,
 -0.017500 -0.022000 -0.019054, -0.017500 -0.022000 0.008846, -0.017500 -0.019000 -0.019054, -0.017500 -0.019000 0.008846, -0.017449 -0.022000 -0.019442,
 -0.017449 -0.022000 -0.018665, -0.017449 -0.022000 0.008458, -0.017449 -0.022000 0.009235, -0.017449 -0.019000 -0.019442, -0.017449 -0.019000 -0.018665,
 -0.017449 -0.019000 0.008458, -0.017449 -0.019000 0.009235, -0.017299 -0.022000 -0.019804, -0.017299 -0.022000 -0.018304, -0.017299 -0.022000 0.008096,
 -0.017299 -0.022000 0.009596, -0.017299 -0.019000 -0.019804, -0.017299 -0.019000 -0.018304, -0.017299 -0.019000 0.008096, -0.017299 -0.019000 0.009596,
 -0.017061 -0.022000 -0.020114, -0.017061 -0.022000 -0.017993, -0.017061 -0.022000 0.007786, -0.017061 -0.022000 0.009907, -0.017061 -0.019000 -0.020114,
 -0.017061 -0.019000 -0.017993, -0.017061 -0.019000 0.007786, -0.017061 -0.019000 0.009907, -0.016750 -0.022000 -0.020353, -0.016750 -0.022000 -0.017755,
 -0.016750 -0.022000 0.007547, -0.016750 -0.022000 0.010145, -0.016750 -0.019000 -0.020353, -0.016750 -0.019000 -0.017755, -0.016750 -0.019000 0.007547,
 -0.016750 -0.019000 0.010145, -0.016389 -0.022000 -0.020503, -0.016389 -0.022000 -0.017605, -0.016389 -0.022000 0.007397, -0.016389 -0.022000 0.010295,
 -0.016389 -0.019000 -0.020503, -0.016389 -0.019000 -0.017605, -0.016389 -0.019000 0.007397, -0.016389 -0.019000 0.010295, -0.016000 -0.022000 -0.020554,
 -0.016000 -0.022000 -0.017554, -0.016000 -0.022000 0.007346, -0.016000 -0.022000 0.010346, -0.016000 -0.019000 -0.020554, -0.016000 -0.019000 -0.017554,
 -0.016000 -0.019000 0.007346, -0.016000 -0.019000 0.010346, -0.015612 -0.022000 -0.020503, -0.015612 -0.022000 -0.017605, -0.015612 -0.022000 0.007397,
 -0.015612 -0.022000 0.010295, -0.015612 -0.019000 -0.020503, -0.015612 -0.019000 -0.017605, -0.015612 -0.019000 0.007397, -0.015612 -0.019000 0.010295,
 -0.015250 -0.022000 -0.020353, -0.015250 -0.022000 -0.017755, -0.015250 -0.022000 0.007547, -0.015250 -0.022000 0.010145, -0.015250 -0.019000 -0.020353,
 -0.015250 -0.019000 -0.017755, -0.015250 -0.019000 0.007547, -0.015250 -0.019000 0.010145, -0.014940 -0.022000 -0.020114, -0.014940 -0.022000 -0.017993,
 -0.014940 -0.022000 0.007786, -0.014940 -0.022000 0.009907, -0.014940 -0.019000 -0.020114, -0.014940 -0.019000 -0.017993, -0.014940 -0.019000 0.007786,
 -0.014940 -0.019000 0.009907, -0.014701 -0.022000 -0.019804, -0.014701 -0.022000 -0.018304, -0.014701 -0.022000 0.008096, -0.014701 -0.022000 0.009596,
 -0.014701 -0.019000 -0.019804, -0.014701 -0.019000 -0.018304, -0.014701 -0.019000 0.008096, -0.014701 -0.019000 0.009596, -0.014551 -0.022000 -0.019442,
 -0.014551 -0.022000 -0.018665, -0.014551 -0.022000 0.008458, -0.014551 -0.022000 0.009235, -0.014551 -0.019000 -0.019442, -0.014551 -0.019000 -0.018665,
 -0.014551 -0.019000 0.008458, -0.014551 -0.019000 0.009235, -0.014500 -0.022000 -0.019054, -0.014500 -0.022000 0.008846, -0.014500 -0.019000 -0.019054,
 -0.014500 -0.019000 0.008846, -0.002750 -0.019000 -0.032000, -0.002750 -0.019000 -0.006854, -0.002750 -0.019000 0.032000, 0.001000 -0.028500 0.032000,
 0.001000 -0.028500 0.034500, 0.001000 -0.022000 0.032000, 0.001000 -0.019000 0.032000, 0.001000 0.000000 0.032000, 0.001000 0.000000 0.034500,
 0.001119 -0.029406 0.032000, 0.001119 -0.029406 0.034500, 0.001469 -0.030250 0.032000, 0.001469 -0.030250 0.034500, 0.002025 -0.030975 0.032000,
 0.002025 -0.030975 0.034500, 0.002750 -0.031531 0.032000, 0.002750 -0.031531 0.034500, 0.003594 -0.031881 0.032000, 0.003594 -0.031881 0.034500,
 0.004500 -0.032000 0.032000, 0.004500 -0.032000 0.034500, 0.009000 -0.020000 0.003846, 0.009000 -0.020000 0.013846, 0.009000 -0.019000 0.003846,
 0.009000 -0.019000 0.013846, 0.009400 -0.022000 -0.032000, 0.009400 -0.022000 0.013673, 0.009400 -0.022000 0.032000, 0.009750 -0.028500 0.034500,
 0.009750 -0.028500 0.036500, 0.009750 -0.003500 0.034500, 0.009750 -0.003500 0.036500, 0.009844 -0.029212 0.034500, 0.009844 -0.029212 0.036500,
 0.009844 -0.027788 0.034500, 0.009844 -0.027788 0.036500, 0.009844 -0.004212 0.034500, 0.009844 -0.004212 0.036500, 0.009844 -0.002788 0.034500,
 0.009844 -0.002788 0.036500, 0.010118 -0.029875 0.034500, 0.010118 -0.029875 0.036500, 0.010118 -0.027125 0.034500, 0.010118 -0.027125 0.036500,
 0.010118 -0.004875 0.034500, 0.010118 -0.004875 0.036500, 0.010118 -0.002125 0.034500, 0.010118 -0.002125 0.036500, 0.010555 -0.030445 0.034500,
 0.010555 -0.030445 0.036500, 0.010555 -0.026555 0.034500, 0.010555 -0.026555 0.036500, 0.010555 -0.005445 0.034500, 0.010555 -0.005445 0.036500,
 0.010555 -0.001555 0.034500, 0.010555 -0.001555 0.036500, 0.011050 -0.028500 0.032000, 0.011050 -0.028500 0.036500, 0.011050 -0.003500 0.032000,
 0.011050 -0.003500 0.036500, 0.011099 -0.028875 0.032000, 0.011099 -0.028875 0.036500, 0.011099 -0.028125 0.032000, 0.011099 -0.028125 0.036500,
 0.011099 -0.003875 0.032000, 0.011099 -0.003875 0.036500, 0.011099 -0.003125 0.032000, 0.011099 -0.003125 0.036500, 0.011125 -0.030882 0.034500,
 0.011125 -0.030882 0.036500, 0.011125 -0.026118 0.034500, 0.011125 -0.026118 0.036500, 0.011125 -0.005882 0.034500, 0.011125 -0.005882 0.036500,
 0.011125 -0.001118 0.034500, 0.011125 -0.001118 0.036500, 0.011244 -0.029225 0.032000, 0.011244 -0.029225 0.036500, 0.011244 -0.027775 0.032000,
 0.011244 -0.027775 0.036500, 0.011244 -0.004225 0.032000, 0.011244 -0.004225 0.036500, 0.011244 -0.002775 0.032000, 0.011244 -0.002775 0.036500,
 0.011475 -0.029525 0.032000, 0.011475 -0.029525 0.036500, 0.011475 -0.027475 0.032000, 0.011475 -0.027475 0.036500, 0.011475 -0.004525 0.032000,
 0.011475 -0.004525 0.036500, 0.011475 -0.002475 0.032000, 0.011475 -0.002475 0.036500, 0.011775 -0.029756 0.032000, 0.011775 -0.029756 0.036500,
 0.011775 -0.027244 0.032000, 0.011775 -0.027244 0.036500, 0.011775 -0.004756 0.032000, 0.011775 -0.004756 0.036500, 0.011775 -0.002244 0.032000,
 0.011775 -0.002244 0.036500, 0.011788 -0.031156 0.034500, 0.011788 -0.031156 0.036500, 0.011788 -0.025844 0.034500, 0.011788 -0.025844 0.036500,
 0.011788 -0.006156 0.034500, 0.011788 -0.006156 0.036500, 0.011788 -0.000844 0.034500, 0.011788 -0.000844 0.036500, 0.012125 -0.029901 0.032000,
 0.012125 -0.029901 0.036500, 0.012125 -0.027099 0.032000, 0.012125 -0.027099 0.036500, 0.012125 -0.004901 0.032000, 0.012125 -0.004901 0.036500,
 0.012125 -0.002099 0.032000, 0.012125 -0.002099 0.036500, 0.012500 -0.031250 0.034500, 0.012500 -0.031250 0.036500, 0.012500 -0.029950 0.032000,
 0.012500 -0.029950 0.036500, 0.012500 -0.027050 0.032000, 0.012500 -0.027050 0.036500, 0.012500 -0.025750 0.034500, 0.012500 -0.025750 0.036500,
 0.012500 -0.006250 0.034500, 0.012500 -0.006250 0.036500, 0.012500 -0.004950 0.032000, 0.012500 -0.004950 0.036500, 0.012500 -0.002050 0.032000,
 0.012500 -0.002050 0.036500, 0.012500 -0.000750 0.034500, 0.012500 -0.000750 0.036500, 0.012875 -0.029901 0.032000, 0.012875 -0.029901 0.036500,
 0.012875 -0.027099 0.032000, 0.012875 -0.027099 0.036500, 0.012875 -0.004901 0.032000, 0.012875 -0.004901 0.036500, 0.012875 -0.002099 0.032000,
 0.012875 -0.002099 0.036500, 0.013212 -0.031156 0.034500, 0.013212 -0.031156 0.036500, 0.013212 -0.025844 0.034500, 0.013212 -0.025844 0.036500,
 0.013212 -0.006156 0.034500, 0.013212 -0.006156 0.036500, 0.013212 -0.000844 0.034500, 0.013212 -0.000844 0.036500, 0.013225 -0.029756 0.032000,
 0.013225 -0.029756 0.036500, 0.013225 -0.027244 0.032000, 0.013225 -0.027244 0.036500, 0.013225 -0.004756 0.032000, 0.013225 -0.004756 0.036500,
 0.013225 -0.002244 0.032000, 0.013225 -0.002244 0.036500, 0.013525 -0.029525 0.032000, 0.013525 -0.029525 0.036500, 0.013525 -0.027475 0.032000,
 0.013525 -0.027475 0.036500, 0.013525 -0.004525 0.032000, 0.013525 -0.004525 0.036500, 0.013525 -0.002475 0.032000, 0.013525 -0.002475 0.036500,
 0.013756 -0.029225 0.032000, 0.013756 -0.029225 0.036500, 0.013756 -0.027775 0.032000, 0.013756 -0.027775 0.036500, 0.013756 -0.004225 0.032000,
 0.013756 -0.004225 0.036500, 0.013756 -0.002775 0.032000, 0.013756 -0.002775 0.036500, 0.013875 -0.030882 0.034500, 0.013875 -0.030882 0.036500,
 0.013875 -0.026118 0.034500, 0.013875 -0.026118 0.036500, 0.013875 -0.005882 0.034500, 0.013875 -0.005882 0.036500, 0.013875 -0.001118 0.034500,
 0.013875 -0.001118 0.036500, 0.013901 -0.028875 0.032000, 0.013901 -0.028875 0.036500, 0.013901 -0.028125 0.032000, 0.013901 -0.028125 0.036500,
 0.013901 -0.003875 0.032000, 0.013901 -0.003875 0.036500, 0.013901 -0.003125 0.032000, 0.013901 -0.003125 0.036500, 0.013950 -0.028500 0.032000,
 0.013950 -0.028500 0.036500, 0.013950 -0.003500 0.032000, 0.013950 -0.003500 0.036500, 0.014445 -0.030445 0.034500, 0.014445 -0.030445 0.036500,
 0.014445 -0.026555 0.034500, 0.014445 -0.026555 0.036500, 0.014445 -0.005445 0.034500, 0.014445 -0.005445 0.036500, 0.014445 -0.001555 0.034500,
 0.014445 -0.001555 0.036500, 0.014882 -0.029875 0.034500, 0.014882 -0.029875 0.036500, 0.014882 -0.027125 0.034500, 0.014882 -0.027125 0.036500,
 0.014882 -0.004875 0.034500, 0.014882 -0.004875 0.036500, 0.014882 -0.002125 0.034500, 0.014882 -0.002125 0.036500, 0.015156 -0.029212 0.034500,
 0.015156 -0.029212 0.036500, 0.015156 -0.027788 0.034500, 0.015156 -0.027788 0.036500, 0.015156 -0.004212 0.034500, 0.015156 -0.004212 0.036500,
 0.015156 -0.002788 0.034500, 0.015156 -0.002788 0.036500, 0.015250 -0.028500 0.034500, 0.015250 -0.028500 0.036500, 0.015250 -0.003500 0.034500,
 0.015250 -0.003500 0.036500, 0.019000 -0.020000 0.003846, 0.019000 -0.020000 0.013846, 0.019000 -0.019000 0.003846, 0.019000 -0.019000 0.013846,
 0.033300 -0.022000 0.024046, 0.033300 -0.019000 0.024046, 0.033351 -0.022000 0.023658, 0.033351 -0.022000 0.024435, 0.033351 -0.019000 0.023658,
 0.033351 -0.019000 0.024435, 0.033501 -0.022000 0.023296, 0.033501 -0.022000 0.024796, 0.033501 -0.019000 0.023296, 0.033501 -0.019000 0.024796,
 0.033739 -0.022000 0.022986, 0.033739 -0.022000 0.025107, 0.033739 -0.019000 0.022986, 0.033739 -0.019000 0.025107, 0.034050 -0.022000 0.022747,
 0.034050 -0.022000 0.025345, 0.034050 -0.019000 0.022747, 0.034050 -0.019000 0.025345, 0.034411 -0.022000 0.022597, 0.034411 -0.022000 0.025495,
 0.034411 -0.019000 0.022597, 0.034411 -0.019000 0.025495, 0.034600 -0.022000 -0.024154, 0.034600 -0.019000 -0.024154, 0.034651 -0.022000 -0.024542,
 0.034651 -0.022000 -0.023765, 0.034651 -0.019000 -0.024542, 0.034651 -0.019000 -0.023765, 0.034800 -0.022000 0.022546, 0.034800 -0.022000 0.025546,
 0.034800 -0.019000 0.022546, 0.034800 -0.019000 0.025546, 0.034801 -0.022000 -0.024904, 0.034801 -0.022000 -0.023404, 0.034801 -0.019000 -0.024904,
 0.034801 -0.019000 -0.023404, 0.035039 -0.022000 -0.025214, 0.035039 -0.022000 -0.023093, 0.035039 -0.019000 -0.025214, 0.035039 -0.019000 -0.023093,
 0.035188 -0.022000 0.022597, 0.035188 -0.022000 0.025495, 0.035188 -0.019000 0.022597, 0.035188 -0.019000 0.025495, 0.035350 -0.022000 -0.025453,
 0.035350 -0.022000 -0.022855, 0.035350 -0.019000 -0.025453, 0.035350 -0.019000 -0.022855, 0.035550 -0.022000 0.022747, 0.035550 -0.022000 0.025345,
 0.035550 -0.019000 0.022747, 0.035550 -0.019000 0.025345, 0.035711 -0.022000 -0.025603, 0.035711 -0.022000 -0.022705, 0.035711 -0.019000 -0.025603,
 0.035711 -0.019000 -0.022705, 0.035860 -0.022000 0.022986, 0.035860 -0.022000 0.025107, 0.035860 -0.019000 0.022986, 0.035860 -0.019000 0.025107,
 0.036099 -0.022000 0.023296, 0.036099 -0.022000 0.024796, 0.036099 -0.019000 0.023296, 0.036099 -0.019000 0.024796, 0.036100 -0.022000 -0.025654,
 0.036100 -0.022000 -0.022654, 0.036100 -0.019000 -0.025654, 0.036100 -0.019000 -0.022654, 0.036234 -0.022000 -0.025648, 0.036234 -0.022000 -0.022660,
 0.036234 -0.019000 -0.025648, 0.036234 -0.019000 -0.022660, 0.036249 -0.022000 0.023658, 0.036249 -0.022000 0.024435, 0.036249 -0.019000 0.023658,
 0.036249 -0.019000 0.024435, 0.036300 -0.022000 0.024046, 0.036300 -0.019000 0.024046, 0.036595 -0.022000 -0.025570, 0.036595 -0.022000 -0.022738,
 0.036595 -0.019000 -0.025570, 0.036595 -0.019000 -0.022738, 0.036700 -0.022000 -0.022779, 0.036700 -0.022000 -0.017000, 0.036700 -0.022000 0.017000,
 0.036700 -0.022000 0.024500, 0.036790 -0.022000 -0.022828, 0.036926 -0.022000 -0.025406, 0.036926 -0.022000 -0.022902, 0.036926 -0.019000 -0.025406,
 0.036926 -0.019000 -0.022902, 0.037058 -0.022000 -0.023015, 0.037065 -0.022048 -0.022779, 0.037148 -0.022049 -0.022828, 0.037207 -0.022000 -0.025166,
 0.037207 -0.022000 -0.023142, 0.037207 -0.019000 -0.025166, 0.037207 -0.019000 -0.023142, 0.037218 -0.022068 -0.022779, 0.037218 -0.022068 -0.017000,
 0.037218 -0.022068 0.017000, 0.037218 -0.022068 0.024500, 0.037250 -0.022000 -0.023202, 0.037252 -0.022066 -0.022904, 0.037384 -0.022085 -0.023025,
 0.037421 -0.022000 -0.024865, 0.037421 -0.022000 -0.023443, 0.037421 -0.019000 -0.024865, 0.037421 -0.019000 -0.023443, 0.037435 -0.022158 -0.022779,
 0.037452 -0.022000 -0.023524, 0.037508 -0.022168 -0.022838, 0.037546 -0.022106 -0.023224, 0.037554 -0.022000 -0.024520, 0.037554 -0.022000 -0.023787,
 0.037554 -0.019000 -0.024520, 0.037554 -0.019000 -0.023787, 0.037559 -0.022000 -0.024500, 0.037580 -0.022000 -0.023994, 0.037592 -0.022196 -0.022926,
 0.037600 -0.022000 -0.024154, 0.037600 -0.019000 -0.024154, 0.037698 -0.022227 -0.023058, 0.037700 -0.022268 -0.022779, 0.037700 -0.022268 -0.017000,
 0.037700 -0.022268 0.017000, 0.037700 -0.022268 0.024500, 0.037703 -0.022086 -0.024500, 0.037715 -0.022125 -0.023545, 0.037791 -0.022139 -0.024500,
 0.037791 -0.022139 -0.024491, 0.037794 -0.022340 -0.022779, 0.037824 -0.022136 -0.024000, 0.037825 -0.022260 -0.023262, 0.037851 -0.022361 -0.022856,
 0.037877 -0.022190 -0.024500, 0.037913 -0.022393 -0.022959, 0.037958 -0.022290 -0.023577, 0.037990 -0.022427 -0.023103, 0.038006 -0.022311 -0.024500,
 0.038020 -0.022303 -0.024475, 0.038042 -0.022307 -0.024009, 0.038082 -0.022462 -0.023312, 0.038114 -0.022586 -0.022779, 0.038114 -0.022586 -0.017000,
 0.038114 -0.022586 0.017000, 0.038114 -0.022586 0.024500, 0.038121 -0.022595 -0.022779, 0.038154 -0.022622 -0.022879, 0.038178 -0.022493 -0.023617,
 0.038194 -0.022650 -0.023002, 0.038222 -0.022507 -0.024451, 0.038229 -0.022520 -0.024500, 0.038238 -0.022511 -0.024020, 0.038244 -0.022678 -0.023160,
 0.038304 -0.022706 -0.023372, 0.038366 -0.022730 -0.023663, 0.038373 -0.022924 -0.022779, 0.038376 -0.022743 -0.024500, 0.038394 -0.022740 -0.024424,
 0.038404 -0.022743 -0.024033, 0.038421 -0.022956 -0.023054, 0.038432 -0.023000 -0.022779, 0.038432 -0.023000 -0.017000, 0.038432 -0.023000 0.017000,
 0.038432 -0.023000 0.024500, 0.038475 -0.022891 -0.024500, 0.038481 -0.022982 -0.023440, 0.038514 -0.022997 -0.024500, 0.038536 -0.022996 -0.024046,
 0.038550 -0.023285 -0.022779, 0.038582 -0.023292 -0.023110, 0.038606 -0.023278 -0.023513, 0.038615 -0.023270 -0.024500, 0.038630 -0.023263 -0.024061,
 0.038632 -0.023482 -0.022779, 0.038632 -0.023482 -0.017000, 0.038632 -0.023482 0.017000, 0.038632 -0.023482 0.024500, 0.038643 -0.023345 -0.024500,
 0.038655 -0.023656 -0.022779, 0.038668 -0.023555 -0.024500, 0.038673 -0.023639 -0.023168, 0.038679 -0.023582 -0.023588, 0.038684 -0.023534 -0.024075,
 0.038700 -0.041000 -0.022500, 0.038700 -0.041000 -0.019000, 0.038700 -0.041000 0.019000, 0.038700 -0.041000 0.022500, 0.038700 -0.040932 -0.023018,
 0.038700 -0.040932 -0.018482, 0.038700 -0.040932 0.018482, 0.038700 -0.040932 0.023018, 0.038700 -0.040732 -0.023500, 0.038700 -0.040732 -0.018000,
 0.038700 -0.040732 0.018000, 0.038700 -0.040732 0.023500, 0.038700 -0.040414 -0.023914, 0.038700 -0.040414 -0.017586, 0.038700 -0.040414 0.017586,
 0.038700 -0.040414 0.023914, 0.038700 -0.040000 -0.024232, 0.038700 -0.040000 -0.017268, 0.038700 -0.040000 0.017268, 0.038700 -0.040000 0.024232,
 0.038700 -0.039518 -0.024432, 0.038700 -0.039518 -0.017068, 0.038700 -0.039518 0.017068, 0.038700 -0.039518 0.024432, 0.038700 -0.039000 -0.024500,
 0.038700 -0.039000 -0.017000, 0.038700 -0.039000 0.017000, 0.038700 -0.039000 0.024500, 0.038700 -0.038950 -0.021000, 0.038700 -0.038950 0.021000,
 0.038700 -0.038902 -0.021362, 0.038700 -0.038902 -0.020638, 0.038700 -0.038902 0.020638, 0.038700 -0.038902 0.021362, 0.038700 -0.038762 -0.021700,
 0.038700 -0.038762 -0.020300, 0.038700 -0.038762 0.020300, 0.038700 -0.038762 0.021700, 0.038700 -0.038540 -0.021990, 0.038700 -0.038540 -0.020010,
 0.038700 -0.038540 0.020010, 0.038700 -0.038540 0.021990, 0.038700 -0.038250 -0.022212, 0.038700 -0.038250 -0.019788, 0.038700 -0.038250 0.019788,
 0.038700 -0.038250 0.022212, 0.038700 -0.037912 -0.022352, 0.038700 -0.037912 -0.019648, 0.038700 -0.037912 0.019648, 0.038700 -0.037912 0.022352,
 0.038700 -0.037550 -0.022400, 0.038700 -0.037550 -0.019600, 0.038700 -0.037550 0.019600, 0.038700 -0.037550 0.022400, 0.038700 -0.037188 -0.022352,
 0.038700 -0.037188 -0.019648, 0.038700 -0.037188 0.019648, 0.038700 -0.037188 0.022352, 0.038700 -0.036850 -0.022212, 0.038700 -0.036850 -0.019788,
 0.038700 -0.036850 0.019788, 0.038700 -0.036850 0.022212, 0.038700 -0.036560 -0.021990, 0.038700 -0.036560 -0.020010, 0.038700 -0.036560 0.020010,
 0.038700 -0.036560 0.021990, 0.038700 -0.036338 -0.021700, 0.038700 -0.036338 -0.020300, 0.038700 -0.036338 0.020300, 0.038700 -0.036338 0.021700,
 0.038700 -0.036198 -0.021362, 0.038700 -0.036198 -0.020638, 0.038700 -0.036198 0.020638, 0.038700 -0.036198 0.021362, 0.038700 -0.036150 -0.021000,
 0.038700 -0.036150 0.021000, 0.038700 -0.024000 -0.022779, 0.038700 -0.024000 -0.017000, 0.038700 -0.024000 0.017000, 0.038700 -0.024000 0.024500,
 0.038700 -0.023944 -0.023220, 0.038700 -0.023914 -0.023457, 0.038700 -0.023875 -0.023659, 0.038700 -0.023830 -0.024500, 0.038700 -0.023791 -0.024090,
 0.038700 -0.023787 -0.024111, 0.039000 -0.019000 -0.032000, 0.039000 -0.019000 -0.028000, 0.039000 -0.019000 0.028000, 0.039000 -0.019000 0.032000,
 0.039000 0.000000 -0.032000, 0.039000 0.000000 -0.028000, 0.039000 0.000000 -0.027000, 0.039000 0.000000 0.027000, 0.039000 0.000000 0.028000,
 0.039000 0.000000 0.032000, 0.039000 0.002000 -0.027000, 0.039000 0.002000 0.027000, 0.040500 0.002000 -0.032000, 0.040500 0.002000 0.032000,
 0.040500 0.005000 -0.032000, 0.040500 0.005000 0.032000, 0.040602 0.002000 -0.032776, 0.040602 0.002000 -0.031224, 0.040602 0.002000 0.031224,
 0.040602 0.002000 0.032776, 0.040602 0.005000 -0.032776, 0.040602 0.005000 -0.031224, 0.040602 0.005000 0.031224, 0.040602 0.005000 0.032776,
 0.040902 0.002000 -0.033500, 0.040902 0.002000 -0.030500, 0.040902 0.002000 0.030500, 0.040902 0.002000 0.033500, 0.040902 0.005000 -0.033500,
 0.040902 0.005000 -0.030500, 0.040902 0.005000 0.030500, 0.040902 0.005000 0.033500, 0.041379 0.002000 -0.034121, 0.041379 0.002000 -0.029879,
 0.041379 0.002000 0.029879, 0.041379 0.002000 0.034121, 0.041379 0.005000 -0.034121, 0.041379 0.005000 -0.029879, 0.041379 0.005000 0.029879,
 0.041379 0.005000 0.034121, 0.041700 -0.041000 -0.022500, 0.041700 -0.041000 -0.019000, 0.041700 -0.041000 0.019000, 0.041700 -0.041000 0.022500,
 0.041700 -0.040932 -0.023018, 0.041700 -0.040932 -0.018482, 0.041700 -0.040932 0.018482, 0.041700 -0.040932 0.023018, 0.041700 -0.040732 -0.023500,
 0.041700 -0.040732 -0.018000, 0.041700 -0.040732 0.018000, 0.041700 -0.040732 0.023500, 0.041700 -0.040414 -0.023914, 0.041700 -0.040414 -0.017586,
 0.041700 -0.040414 0.017586, 0.041700 -0.040414 0.023914, 0.041700 -0.040000 -0.024232, 0.041700 -0.040000 -0.017268, 0.041700 -0.040000 0.017268,
 0.041700 -0.040000 0.024232, 0.041700 -0.039518 -0.024432, 0.041700 -0.039518 -0.017068, 0.041700 -0.039518 0.017068, 0.041700 -0.039518 0.024432,
 0.041700 -0.039000 -0.024500, 0.041700 -0.039000 -0.017000, 0.041700 -0.039000 0.017000, 0.041700 -0.039000 0.024500, 0.041700 -0.038950 -0.021000,
 0.041700 -0.038950 0.021000, 0.041700 -0.038902 -0.021362, 0.041700 -0.038902 -0.020638, 0.041700 -0.038902 0.020638, 0.041700 -0.038902 0.021362,
 0.041700 -0.038762 -0.021700, 0.041700 -0.038762 -0.020300, 0.041700 -0.038762 0.020300, 0.041700 -0.038762 0.021700, 0.041700 -0.038540 -0.021990,
 0.041700 -0.038540 -0.020010, 0.041700 -0.038540 0.020010, 0.041700 -0.038540 0.021990, 0.041700 -0.038250 -0.022212, 0.041700 -0.038250 -0.019788,
 0.041700 -0.038250 0.019788, 0.041700 -0.038250 0.022212, 0.041700 -0.037912 -0.022352, 0.041700 -0.037912 -0.019648, 0.041700 -0.037912 0.019648,
 0.041700 -0.037912 0.022352, 0.041700 -0.037550 -0.022400, 0.041700 -0.037550 -0.019600, 0.041700 -0.037550 0.019600, 0.041700 -0.037550 0.022400,
 0.041700 -0.037188 -0.022352, 0.041700 -0.037188 -0.019648, 0.041700 -0.037188 0.019648, 0.041700 -0.037188 0.022352, 0.041700 -0.036850 -0.022212,
 0.041700 -0.036850 -0.019788, 0.041700 -0.036850 0.019788, 0.041700 -0.036850 0.022212, 0.041700 -0.036560 -0.021990, 0.041700 -0.036560 -0.020010,
 0.041700 -0.036560 0.020010, 0.041700 -0.036560 0.021990, 0.041700 -0.036338 -0.021700, 0.041700 -0.036338 -0.020300, 0.041700 -0.036338 0.020300,
 0.041700 -0.036338 0.021700, 0.041700 -0.036198 -0.021362, 0.041700 -0.036198 -0.020638, 0.041700 -0.036198 0.020638, 0.041700 -0.036198 0.021362,
 0.041700 -0.036150 -0.021000, 0.041700 -0.036150 0.021000, 0.041700 -0.024000 -0.024500, 0.041700 -0.024000 -0.017000, 0.041700 -0.024000 0.017000,
 0.041700 -0.024000 0.024500, 0.041768 -0.023482 -0.024500, 0.041768 -0.023482 -0.017000, 0.041768 -0.023482 0.017000, 0.041768 -0.023482 0.024500,
 0.041968 -0.023000 -0.024500, 0.041968 -0.023000 -0.017000, 0.041968 -0.023000 0.017000, 0.041968 -0.023000 0.024500, 0.042000 0.002000 -0.034598,
 0.042000 0.002000 -0.029402, 0.042000 0.002000 0.029402, 0.042000 0.002000 0.034598, 0.042000 0.005000 -0.034598, 0.042000 0.005000 -0.029402,
 0.042000 0.005000 0.029402, 0.042000 0.005000 0.034598, 0.042050 0.000000 -0.032000, 0.042050 0.000000 0.032000, 0.042050 0.005000 -0.032000,
 0.042050 0.005000 0.032000, 0.042099 0.000000 -0.032375, 0.042099 0.000000 -0.031625, 0.042099 0.000000 0.031625, 0.042099 0.000000 0.032375,
 0.042099 0.005000 -0.032375, 0.042099 0.005000 -0.031625, 0.042099 0.005000 0.031625, 0.042099 0.005000 0.032375, 0.042244 0.000000 -0.032725,
 0.042244 0.000000 -0.031275, 0.042244 0.000000 0.031275, 0.042244 0.000000 0.032725, 0.042244 0.005000 -0.032725, 0.042244 0.005000 -0.031275,
 0.042244 0.005000 0.031275, 0.042244 0.005000 0.032725, 0.042286 -0.022586 -0.024500, 0.042286 -0.022586 -0.017000, 0.042286 -0.022586 0.017000,
 0.042286 -0.022586 0.024500, 0.042475 0.000000 -0.033025, 0.042475 0.000000 -0.030975, 0.042475 0.000000 0.030975, 0.042475 0.000000 0.033025,
 0.042475 0.005000 -0.033025, 0.042475 0.005000 -0.030975, 0.042475 0.005000 0.030975, 0.042475 0.005000 0.033025, 0.042700 -0.022268 -0.024500,
 0.042700 -0.022268 -0.017000, 0.042700 -0.022268 0.017000, 0.042700 -0.022268 0.024500, 0.042724 0.002000 -0.034898, 0.042724 0.002000 -0.029102,
 0.042724 0.002000 0.029102, 0.042724 0.002000 0.034898, 0.042724 0.005000 -0.034898, 0.042724 0.005000 -0.029102, 0.042724 0.005000 0.029102,
 0.042724 0.005000 0.034898, 0.042775 0.000000 -0.033256, 0.042775 0.000000 -0.030744, 0.042775 0.000000 0.030744, 0.042775 0.000000 0.033256,
 0.042775 0.005000 -0.033256, 0.042775 0.005000 -0.030744, 0.042775 0.005000 0.030744, 0.042775 0.005000 0.033256, 0.043125 0.000000 -0.033401,
 0.043125 0.000000 -0.030599, 0.043125 0.000000 0.030599, 0.043125 0.000000 0.033401, 0.043125 0.005000 -0.033401, 0.043125 0.005000 -0.030599,
 0.043125 0.005000 0.030599, 0.043125 0.005000 0.033401, 0.043182 -0.022068 -0.024500, 0.043182 -0.022068 -0.017000, 0.043182 -0.022068 0.017000,
 0.043182 -0.022068 0.024500, 0.043500 0.000000 -0.033450, 0.043500 0.000000 -0.030550, 0.043500 0.000000 0.030550, 0.043500 0.000000 0.033450,
 0.043500 0.002000 -0.035000, 0.043500 0.002000 -0.029000, 0.043500 0.002000 0.029000, 0.043500 0.002000 0.035000, 0.043500 0.005000 -0.035000,
 0.043500 0.005000 -0.033450, 0.043500 0.005000 -0.030550, 0.043500 0.005000 -0.029000, 0.043500 0.005000 0.029000, 0.043500 0.005000 0.030550,
 0.043500 0.005000 0.033450, 0.043500 0.005000 0.035000, 0.043700 -0.022000 -0.024500, 0.043700 -0.022000 -0.017000, 0.043700 -0.022000 0.017000,
 0.043700 -0.022000 0.024500, 0.043875 0.000000 -0.033401, 0.043875 0.000000 -0.030599, 0.043875 0.000000 0.030599, 0.043875 0.000000 0.033401,
 0.043875 0.005000 -0.033401, 0.043875 0.005000 -0.030599, 0.043875 0.005000 0.030599, 0.043875 0.005000 0.033401, 0.044225 0.000000 -0.033256,
 0.044225 0.000000 -0.030744, 0.044225 0.000000 0.030744, 0.044225 0.000000 0.033256, 0.044225 0.005000 -0.033256, 0.044225 0.005000 -0.030744,
 0.044225 0.005000 0.030744, 0.044225 0.005000 0.033256, 0.044276 0.002000 -0.034898, 0.044276 0.002000 -0.029102, 0.044276 0.002000 0.029102,
 0.044276 0.002000 0.034898, 0.044276 0.005000 -0.034898, 0.044276 0.005000 -0.029102, 0.044276 0.005000 0.029102, 0.044276 0.005000 0.034898,
 0.044525 0.000000 -0.033025, 0.044525 0.000000 -0.030975, 0.044525 0.000000 0.030975, 0.044525 0.000000 0.033025, 0.044525 0.005000 -0.033025,
 0.044525 0.005000 -0.030975, 0.044525 0.005000 0.030975, 0.044525 0.005000 0.033025, 0.044750 -0.028500 0.034500, 0.044750 -0.028500 0.036500,
 0.044750 -0.003500 0.034500, 0.044750 -0.003500 0.036500, 0.044756 0.000000 -0.032725, 0.044756 0.000000 -0.031275, 0.044756 0.000000 0.031275,
 0.044756 0.000000 0.032725, 0.044756 0.005000 -0.032725, 0.044756 0.005000 -0.031275, 0.044756 0.005000 0.031275, 0.044756 0.005000 0.032725,
 0.044844 -0.029212 0.034500, 0.044844 -0.029212 0.036500, 0.044844 -0.027788 0.034500, 0.044844 -0.027788 0.036500, 0.044844 -0.004212 0.034500,
 0.044844 -0.004212 0.036500, 0.044844 -0.002788 0.034500, 0.044844 -0.002788 0.036500, 0.044901 0.000000 -0.032375, 0.044901 0.000000 -0.031625,
 0.044901 0.000000 0.031625, 0.044901 0.000000 0.032375, 0.044901 0.005000 -0.032375, 0.044901 0.005000 -0.031625, 0.044901 0.005000 0.031625,
 0.044901 0.005000 0.032375, 0.044950 0.000000 -0.032000, 0.044950 0.000000 0.032000, 0.044950 0.005000 -0.032000, 0.044950 0.005000 0.032000,
 0.045000 0.002000 -0.034598, 0.045000 0.002000 -0.029402, 0.045000 0.002000 0.029402, 0.045000 0.002000 0.034598, 0.045000 0.005000 -0.034598,
 0.045000 0.005000 -0.029402, 0.045000 0.005000 0.029402, 0.045000 0.005000 0.034598, 0.045118 -0.029875 0.034500, 0.045118 -0.029875 0.036500,
 0.045118 -0.027125 0.034500, 0.045118 -0.027125 0.036500, 0.045118 -0.004875 0.034500, 0.045118 -0.004875 0.036500, 0.045118 -0.002125 0.034500,
 0.045118 -0.002125 0.036500, 0.045555 -0.030445 0.034500, 0.045555 -0.030445 0.036500, 0.045555 -0.026555 0.034500, 0.045555 -0.026555 0.036500,
 0.045555 -0.005445 0.034500, 0.045555 -0.005445 0.036500, 0.045555 -0.001555 0.034500, 0.045555 -0.001555 0.036500, 0.045621 0.002000 -0.034121,
 0.045621 0.002000 -0.029879, 0.045621 0.002000 0.029879, 0.045621 0.002000 0.034121, 0.045621 0.005000 -0.034121, 0.045621 0.005000 -0.029879,
 0.045621 0.005000 0.029879, 0.045621 0.005000 0.034121, 0.046050 -0.028500 0.032000, 0.046050 -0.028500 0.036500, 0.046050 -0.003500 0.031500,
 0.046050 -0.003500 0.036500, 0.046098 0.002000 -0.033500, 0.046098 0.002000 -0.030500, 0.046098 0.002000 0.030500, 0.046098 0.002000 0.033500,
 0.046098 0.005000 -0.033500, 0.046098 0.005000 -0.030500, 0.046098 0.005000 0.030500, 0.046098 0.005000 0.033500, 0.046099 -0.028875 0.032000,
 0.046099 -0.028875 0.036500, 0.046099 -0.028125 0.032000, 0.046099 -0.028125 0.036500, 0.046099 -0.003875 0.031500, 0.046099 -0.003875 0.036500,
 0.046099 -0.003125 0.031500, 0.046099 -0.003125 0.036500, 0.046125 -0.030882 0.034500, 0.046125 -0.030882 0.036500, 0.046125 -0.026118 0.034500,
 0.046125 -0.026118 0.036500, 0.046125 -0.005882 0.034500, 0.046125 -0.005882 0.036500, 0.046125 -0.001118 0.034500, 0.046125 -0.001118 0.036500,
 0.046244 -0.029225 0.032000, 0.046244 -0.029225 0.036500, 0.046244 -0.027775 0.032000, 0.046244 -0.027775 0.036500, 0.046244 -0.004225 0.031500,
 0.046244 -0.004225 0.036500, 0.046244 -0.002775 0.031500, 0.046244 -0.002775 0.036500, 0.046398 0.002000 -0.032776, 0.046398 0.002000 -0.031224,
 0.046398 0.002000 0.031224, 0.046398 0.002000 0.032776, 0.046398 0.005000 -0.032776, 0.046398 0.005000 -0.031224, 0.046398 0.005000 0.031224,
 0.046398 0.005000 0.032776, 0.046475 -0.029525 0.032000, 0.046475 -0.029525 0.036500, 0.046475 -0.027475 0.032000, 0.046475 -0.027475 0.036500,
 0.046475 -0.004525 0.031500, 0.046475 -0.004525 0.036500, 0.046475 -0.002475 0.031500, 0.046475 -0.002475 0.036500, 0.046500 0.002000 -0.032000,
 0.046500 0.002000 0.032000, 0.046500 0.005000 -0.032000, 0.046500 0.005000 0.032000, 0.046775 -0.029756 0.032000, 0.046775 -0.029756 0.036500,
 0.046775 -0.027244 0.032000, 0.046775 -0.027244 0.036500, 0.046775 -0.004756 0.031500, 0.046775 -0.004756 0.036500, 0.046775 -0.002244 0.031500,
 0.046775 -0.002244 0.036500, 0.046788 -0.031156 0.034500, 0.046788 -0.031156 0.036500, 0.046788 -0.025844 0.034500, 0.046788 -0.025844 0.036500,
 0.046788 -0.006156 0.034500, 0.046788 -0.006156 0.036500, 0.046788 -0.000844 0.034500, 0.046788 -0.000844 0.036500, 0.047125 -0.029901 0.032000,
 0.047125 -0.029901 0.036500, 0.047125 -0.027099 0.032000, 0.047125 -0.027099 0.036500, 0.047125 -0.004901 0.031500, 0.047125 -0.004901 0.036500,
 0.047125 -0.002099 0.031500, 0.047125 -0.002099 0.036500, 0.047500 -0.032000 0.032000, 0.047500 -0.032000 0.034500, 0.047500 -0.031250 0.034500,
 0.047500 -0.031250 0.036500, 0.047500 -0.029950 0.032000, 0.047500 -0.029950 0.036500, 0.047500 -0.027050 0.032000, 0.047500 -0.027050 0.036500,
 0.047500 -0.025750 0.034500, 0.047500 -0.025750 0.036500, 0.047500 -0.006250 0.034500, 0.047500 -0.006250 0.036500, 0.047500 -0.004950 0.031500,
 0.047500 -0.004950 0.036500, 0.047500 -0.002050 0.031500, 0.047500 -0.002050 0.036500, 0.047500 -0.000750 0.034500, 0.047500 -0.000750 0.036500,
 0.047875 -0.029901 0.032000, 0.047875 -0.029901 0.036500, 0.047875 -0.027099 0.032000, 0.047875 -0.027099 0.036500, 0.047875 -0.004901 0.031500,
 0.047875 -0.004901 0.036500, 0.047875 -0.002099 0.031500, 0.047875 -0.002099 0.036500, 0.048000 0.000000 -0.035000, 0.048000 0.000000 0.035000,
 0.048000 0.002000 -0.035000, 0.048000 0.002000 0.035000, 0.048212 -0.031156 0.034500, 0.048212 -0.031156 0.036500, 0.048212 -0.025844 0.034500,
 0.048212 -0.025844 0.036500, 0.048212 -0.006156 0.034500, 0.048212 -0.006156 0.036500, 0.048212 -0.000844 0.034500, 0.048212 -0.000844 0.036500,
 0.048225 -0.029756 0.032000, 0.048225 -0.029756 0.036500, 0.048225 -0.027244 0.032000, 0.048225 -0.027244 0.036500, 0.048225 -0.004756 0.031500,
 0.048225 -0.004756 0.036500, 0.048225 -0.002244 0.031500, 0.048225 -0.002244 0.036500, 0.048406 -0.031881 0.032000, 0.048406 -0.031881 0.034500,
 0.048500 0.000000 0.034500, 0.048525 -0.029525 0.032000, 0.048525 -0.029525 0.036500, 0.048525 -0.027475 0.032000, 0.048525 -0.027475 0.036500,
 0.048525 -0.004525 0.031500, 0.048525 -0.004525 0.036500, 0.048525 -0.002475 0.031500, 0.048525 -0.002475 0.036500, 0.048756 -0.029225 0.032000,
 0.048756 -0.029225 0.036500, 0.048756 -0.027775 0.032000, 0.048756 -0.027775 0.036500, 0.048756 -0.004225 0.031500, 0.048756 -0.004225 0.036500,
 0.048756 -0.002775 0.031500, 0.048756 -0.002775 0.036500, 0.048875 -0.030882 0.034500, 0.048875 -0.030882 0.036500, 0.048875 -0.026118 0.034500,
 0.048875 -0.026118 0.036500, 0.048875 -0.005882 0.034500, 0.048875 -0.005882 0.036500, 0.048875 -0.001118 0.034500, 0.048875 -0.001118 0.036500,
 0.048901 -0.028875 0.032000, 0.048901 -0.028875 0.036500, 0.048901 -0.028125 0.032000, 0.048901 -0.028125 0.036500, 0.048901 -0.003875 0.031500,
 0.048901 -0.003875 0.036500, 0.048901 -0.003125 0.031500, 0.048901 -0.003125 0.036500, 0.048950 -0.028500 0.032000, 0.048950 -0.028500 0.036500,
 0.048950 -0.003500 0.031500, 0.048950 -0.003500 0.036500, 0.049250 -0.031531 0.032000, 0.049250 -0.031531 0.034500, 0.049445 -0.030445 0.034500,
 0.049445 -0.030445 0.036500, 0.049445 -0.026555 0.034500, 0.049445 -0.026555 0.036500, 0.049445 -0.005445 0.034500, 0.049445 -0.005445 0.036500,
 0.049445 -0.001555 0.034500, 0.049445 -0.001555 0.036500, 0.049882 -0.029875 0.034500, 0.049882 -0.029875 0.036500, 0.049882 -0.027125 0.034500,
 0.049882 -0.027125 0.036500, 0.049882 -0.004875 0.034500, 0.049882 -0.004875 0.036500, 0.049882 -0.002125 0.034500, 0.049882 -0.002125 0.036500,
 0.049975 -0.030975 0.032000, 0.049975 -0.030975 0.034500, 0.050156 -0.029212 0.034500, 0.050156 -0.029212 0.036500, 0.050156 -0.027788 0.034500,
 0.050156 -0.027788 0.036500, 0.050156 -0.004212 0.034500, 0.050156 -0.004212 0.036500, 0.050156 -0.002788 0.034500, 0.050156 -0.002788 0.036500,
 0.050250 -0.028500 0.034500, 0.050250 -0.028500 0.036500, 0.050250 -0.003500 0.034500, 0.050250 -0.003500 0.036500, 0.050531 -0.030250 0.032000,
 0.050531 -0.030250 0.034500, 0.050881 -0.029406 0.032000, 0.050881 -0.029406 0.034500, 0.051000 -0.028500 0.032000, 0.051000 -0.028500 0.034500,
 0.051000 -0.022000 -0.032000, 0.051000 -0.022000 0.013673, 0.051000 -0.022000 0.032000, 0.051000 -0.019000 -0.028000, 0.051000 -0.019000 -0.006854,
 0.051000 -0.019000 0.028000, 0.051000 0.000000 -0.032000, 0.051000 0.000000 -0.028000, 0.051000 0.000000 0.028000, 0.051000 0.000000 0.032000,
 0.051000 -0.000000 0.034500, 0.051000 0.002000 -0.032000, 0.051000 0.002000 0.032000
]
}
normal Normal {
vector [
 -1.000000 -0.000091 -0.000021, -1.000000 -0.000063 -0.000011, -1.000000 -0.000036 -0.000009, -1.000000 0.000000 0.000000, -0.994252 0.000000 -0.107069,
 -0.991883 -0.126968 -0.006821, -0.990761 -0.132923 0.026899, -0.989313 -0.141576 -0.034866, -0.986608 -0.160855 -0.027025, -0.984894 -0.173158 -0.000038,
 -0.984837 -0.173484 0.000000, -0.972989 0.000000 0.230851, -0.971365 -0.233616 0.043297, -0.969690 0.000000 -0.244340, -0.969690 0.000000 0.244340,
 -0.965926 -0.258819 -0.000093, -0.965926 -0.258819 0.000000, -0.965926 0.000000 -0.258819, -0.965926 0.000000 0.258819, -0.965926 0.258819 0.000000,
 -0.964787 -0.262653 -0.014111, -0.961138 -0.271663 0.049114, -0.953217 -0.293517 -0.072285, -0.940772 -0.334354 -0.056174, -0.932799 -0.360396 0.000000,
 -0.932728 -0.360581 -0.000198, -0.918045 -0.395905 -0.021270, -0.911503 -0.405944 0.066116, -0.906400 0.000000 -0.422420, -0.890492 -0.441799 -0.108802,
 -0.887281 -0.455765 0.070790, -0.880596 0.000000 -0.473869, -0.880596 0.000000 0.473869, -0.866025 -0.500000 0.000000, -0.866025 0.000000 -0.500000,
 -0.866025 0.000000 0.500000, -0.866025 0.500000 0.000000, -0.866025 -0.500000 -0.000439, -0.860446 -0.502500 -0.084423, -0.852173 -0.522507 -0.028072,
 -0.847165 -0.527738 0.061681, -0.842983 -0.532172 0.078566, -0.841004 -0.541028 0.000000, -0.840773 -0.541387 -0.000539, -0.832873 -0.543262 -0.105780,
 -0.802073 -0.579900 -0.142813, -0.772172 -0.619712 -0.140383, -0.770615 0.000000 -0.637301, -0.768880 -0.638473 -0.034302, -0.764353 -0.638970 0.086495,
 -0.761092 -0.644258 0.075299, -0.747174 -0.655442 -0.110119, -0.738885 -0.661410 -0.128785, -0.738119 0.000000 -0.674671, -0.738119 0.000000 0.674671,
 -0.727124 -0.683777 -0.061157, -0.711065 -0.703126 -0.001098, -0.711002 -0.703190 0.000000, -0.707107 -0.707107 0.000000, -0.707107 0.000000 -0.707107,
 -0.707107 0.000000 0.707107, -0.707107 0.707107 0.000000, -0.707106 -0.707106 -0.001116, -0.691113 -0.701779 -0.172828, -0.670928 -0.740455 -0.039781,
 -0.660025 -0.746165 0.087210, -0.657569 -0.747454 0.094423, -0.644852 -0.745421 -0.168859, -0.644031 0.000000 -0.764999, -0.629001 -0.763073 -0.148581,
 -0.606269 -0.784268 -0.131762, -0.588504 -0.802661 0.096951, -0.575385 -0.814637 -0.072796, -0.562629 -0.802725 -0.197688, -0.561839 -0.826055 -0.044380,
 -0.550897 0.000000 -0.834573, -0.550897 0.000000 0.834573, -0.550692 -0.834707 -0.001807, -0.550333 -0.834945 0.000000, -0.547716 -0.831007 0.097126,
 -0.547077 -0.831231 0.098806, -0.507680 -0.845664 -0.164662, -0.503611 -0.858089 0.100292, -0.500000 -0.866025 0.000000, -0.500000 0.000000 -0.866025,
 -0.500000 0.000000 0.866025, -0.500000 0.866025 0.000000, -0.499999 -0.866024 -0.002000, -0.498845 -0.845275 -0.191479, -0.462185 0.000000 -0.886784,
 -0.449653 -0.893202 0.001102, -0.446032 -0.882647 -0.148291, -0.445504 -0.893991 -0.048030, -0.429566 -0.897298 0.101629, -0.426936 -0.897811 -0.107990,
 -0.422776 -0.879943 -0.216705, -0.404015 -0.911122 -0.081416, -0.400234 0.000000 -0.916413, -0.379739 -0.908040 -0.176808, -0.370596 -0.928791 -0.002308,
 -0.370493 -0.928835 0.000000, -0.360274 -0.912532 -0.193617, -0.342176 -0.916417 -0.207595, -0.330279 0.000000 -0.943883, -0.330279 0.000000 0.943883,
 -0.277959 -0.932725 -0.229704, -0.276204 -0.947815 -0.159240, -0.258819 -0.965926 0.000000, -0.258819 0.000000 -0.965926, -0.258819 0.000000 0.965926,
 -0.258819 0.965926 0.000000, -0.258818 -0.965923 -0.002207, -0.253434 -0.939340 -0.231111, -0.224226 -0.970657 -0.086882, -0.183598 -0.983001 0.000000,
 -0.183221 -0.983070 -0.001862, -0.182879 -0.958842 -0.217205, -0.113000 -0.978688 -0.171464, -0.089639 0.000000 -0.995974, -0.089639 0.000000 0.995974,
 -0.046563 -0.994908 -0.089385, 0.000000 -1.000000 0.000000, 0.000000 -0.965926 -0.258819, 0.000000 -0.965926 0.258819, 0.000000 -0.866025 -0.500000,
 0.000000 -0.866025 0.500000, 0.000000 -0.707107 -0.707107, 0.000000 -0.707107 0.707107, 0.000000 -0.500000 -0.866025, 0.000000 -0.500000 0.866025,
 0.000000 -0.258819 -0.965926, 0.000000 -0.258819 0.965926, 0.000000 0.000000 -1.000000, 0.000000 0.000000 1.000000, 0.000000 0.258819 -0.965926,
 0.000000 0.258819 0.965926, 0.000000 0.500000 -0.866025, 0.000000 0.500000 0.866025, 0.000000 0.707107 -0.707107, 0.000000 0.707107 0.707107,
 0.000000 0.866025 -0.500000, 0.000000 0.866025 0.500000, 0.000000 0.965926 -0.258819, 0.000000 0.965926 0.258819, 0.000000 1.000000 0.000000,
 0.031662 -0.996672 0.075121, 0.070903 -0.987087 0.143641, 0.089639 0.000000 -0.995974, 0.089639 0.000000 0.995974, 0.120252 -0.971835 0.202672,
 0.136760 -0.966821 0.215764, 0.141479 -0.989941 0.000000, 0.148923 -0.988849 0.000000, 0.151264 -0.961354 0.230038, 0.167429 -0.985884 0.000000,
 0.167506 -0.985871 0.000000, 0.182577 -0.952032 0.245563, 0.183078 -0.983098 0.001242, 0.183454 -0.983028 0.000000, 0.211004 -0.974738 0.073230,
 0.245370 -0.959325 0.139601, 0.256616 -0.966514 0.000000, 0.258819 -0.965925 0.001447, 0.258819 -0.965926 0.000000, 0.258819 0.000000 -0.965926,
 0.258819 0.000000 0.965926, 0.258819 0.965926 0.000000, 0.264361 -0.927914 0.262849, 0.282344 -0.959313 0.000000, 0.286592 -0.920949 0.264041,
 0.288221 -0.937404 0.195453, 0.330279 0.000000 -0.943883, 0.330279 0.000000 0.943883, 0.341796 -0.909990 0.234719, 0.344828 0.000000 -0.938666,
 0.344828 0.000000 0.938666, 0.351791 -0.905749 0.236353, 0.358321 -0.904269 0.232172, 0.370205 -0.928950 0.000000, 0.370311 -0.928907 0.001467,
 0.371276 -0.928522 0.000000, 0.386029 -0.922487 0.000000, 0.388275 0.000000 0.921544, 0.389392 -0.896689 0.210530, 0.393102 -0.916917 0.068805,
 0.403288 -0.915073 0.000000, 0.403317 -0.915060 0.000000, 0.407981 -0.878545 0.248414, 0.420995 -0.897609 0.130620, 0.431289 -0.888437 0.157067,
 0.435588 -0.900146 0.000000, 0.437804 -0.887151 0.145917, 0.442635 0.000000 0.896702, 0.448788 -0.893638 0.000000, 0.453215 -0.884125 0.113660,
 0.455544 -0.871480 0.181668, 0.470106 -0.880904 0.054848, 0.471170 -0.882042 0.000000, 0.475000 -0.879986 0.000000, 0.484401 -0.846500 0.220893,
 0.498405 -0.839469 0.216529, 0.500000 -0.866025 0.001229, 0.500000 -0.866025 0.000000, 0.500000 0.000000 -0.866025, 0.500000 0.000000 0.866025,
 0.500000 0.866025 0.000000, 0.510692 0.000000 0.859764, 0.533309 0.000000 0.845921, 0.539945 0.000000 -0.841700, 0.549935 -0.835207 0.000000,
 0.550295 -0.834969 0.001100, 0.550745 0.000000 0.834674, 0.550806 0.000000 -0.834633, 0.550855 -0.803113 0.227085, 0.550897 0.000000 -0.834573,
 0.550897 0.000000 0.834573, 0.555437 -0.820534 0.134960, 0.567155 -0.821300 0.061651, 0.577517 0.000000 -0.816379, 0.585877 -0.810400 -0.000018,
 0.587715 -0.800635 0.116508, 0.596490 0.000000 0.802620, 0.610775 -0.766149 0.199925, 0.613074 -0.773407 0.161190, 0.614679 -0.788778 0.000000,
 0.644384 -0.740466 0.190993, 0.651933 -0.758277 -0.000043, 0.665894 -0.736155 0.121081, 0.682469 -0.703339 0.198873, 0.689351 -0.724427 -0.000060,
 0.698684 0.000000 -0.715430, 0.707107 -0.707107 0.000664, 0.707107 -0.707107 0.000000, 0.707107 0.000000 -0.707107, 0.707107 0.000000 0.707107,
 0.707107 0.707107 0.000000, 0.709462 0.000000 0.704744, 0.710559 -0.703638 0.000000, 0.710615 -0.703581 0.000655, 0.721590 -0.690375 0.051871,
 0.725688 -0.665731 0.173721, 0.734958 -0.671045 0.097650, 0.737851 0.000000 -0.674964, 0.737975 0.000000 0.674828, 0.738119 0.000000 -0.674671,
 0.738119 0.000000 0.674671, 0.751421 -0.645948 0.134601, 0.765188 -0.635271 0.104488, 0.771720 -0.615807 0.158839, 0.781926 -0.623371 -0.000105,
 0.788778 -0.614679 0.000000, 0.796359 -0.582006 0.164565, 0.798799 -0.601597 -0.000113, 0.824259 -0.547868 0.142965, 0.830132 0.000000 0.557567,
 0.839068 0.000000 0.544026, 0.840344 -0.542053 0.000321, 0.840577 -0.541693 0.000000, 0.849702 -0.520272 0.085573, 0.853615 -0.515475 0.075012,
 0.856971 0.000000 -0.515365, 0.860469 -0.509502 -0.000134, 0.866025 -0.500000 0.000000, 0.866025 -0.500000 0.000261, 0.866025 0.000000 -0.500000,
 0.866025 0.000000 0.500000, 0.866025 0.500000 0.000000, 0.873718 -0.471017 0.121492, 0.880491 0.000000 -0.474063, 0.880507 0.000000 0.474034,
 0.880596 0.000000 -0.473869, 0.880596 0.000000 0.473869, 0.902570 -0.416593 0.108709, 0.905770 0.000000 -0.423771, 0.908827 -0.417173 -0.000137,
 0.915060 -0.403317 0.000000, 0.922535 -0.385914 -0.000133, 0.932396 -0.361439 0.000119, 0.932465 -0.361261 0.000000, 0.937826 -0.343489 0.049984,
 0.939717 0.000000 0.341954, 0.945653 0.000000 -0.325177, 0.946123 -0.313544 0.080874, 0.948613 0.000000 0.316438, 0.958177 -0.276903 0.072257,
 0.965926 -0.258819 0.000000, 0.965926 -0.258819 0.000056, 0.965926 0.000000 -0.258819, 0.965926 0.000000 0.258819, 0.965926 0.258819 0.000000,
 0.966612 -0.256244 -0.000096, 0.969645 0.000000 -0.244518, 0.969663 0.000000 0.244446, 0.969690 0.000000 -0.244340, 0.969690 0.000000 0.244340,
 0.976941 -0.213510 -0.000078, 0.984658 -0.174494 0.000000, 0.984717 -0.174162 0.000024, 0.985871 -0.167506 0.000000, 0.987679 -0.151536 0.039087,
 0.990343 -0.134147 0.035005, 0.992241 -0.124330 -0.000036, 0.993435 0.000000 0.114395, 0.994750 0.000000 -0.102331, 1.000000 -0.000015 0.000004,
 1.000000 -0.000013 0.000003, 1.000000 -0.000006 0.000002, 1.000000 0.000000 0.000000
]
}
coordIndex [
 1454, 1455, 1468, -1, 1468, 1455, 1469, -1, 1468, 1469, 1484, -1,
 1484, 1469, 1485, -1, 1484, 1485, 1500, -1, 1500, 1485, 1501, -1,
 1500, 1501, 1512, -1, 1512, 1501, 1513, -1, 1512, 1513, 1528, -1,
 1528, 1513, 1529, -1, 1528, 1529, 1544, -1, 1544, 1529, 1545, -1,
 1544, 1545, 1554, -1, 1554, 1545, 1555, -1, 1554, 1555, 1574, -1,
 1574, 1555, 1575, -1, 1574, 1575, 1585, -1, 1585, 1575, 1586, -1,
 1585, 1586, 1593, -1, 1593, 1586, 1594, -1, 1593, 1594, 1609, -1,
 1609, 1594, 1610, -1, 1609, 1610, 1615, -1, 1615, 1610, 1616, -1,
 1452, 1453, 1464, -1, 1464, 1453, 1465, -1, 1464, 1465, 1480, -1,
 1480, 1465, 1481, -1, 1480, 1481, 1496, -1, 1496, 1481, 1497, -1,
 1496, 1497, 1508, -1, 1508, 1497, 1509, -1, 1508, 1509, 1524, -1,
 1524, 1509, 1525, -1, 1524, 1525, 1536, -1, 1536, 1525, 1537, -1,
 1536, 1537, 1550, -1, 1550, 1537, 1551, -1, 1550, 1551, 1570, -1,
 1570, 1551, 1571, -1, 1570, 1571, 1581, -1, 1581, 1571, 1582, -1,
 1581, 1582, 1589, -1, 1589, 1582, 1590, -1, 1589, 1590, 1605, -1,
 1605, 1590, 1606, -1, 1605, 1606, 1613, -1, 1613, 1606, 1614, -1,
 697, 698, 701, -1, 701, 698, 702, -1, 701, 702, 717, -1,
 717, 702, 718, -1, 717, 718, 725, -1, 725, 718, 726, -1,
 725, 726, 733, -1, 733, 726, 734, -1, 733, 734, 749, -1,
 749, 734, 750, -1, 749, 750, 759, -1, 759, 750, 760, -1,
 759, 760, 773, -1, 773, 760, 774, -1, 773, 774, 789, -1,
 789, 774, 790, -1, 789, 790, 797, -1, 797, 790, 798, -1,
 797, 798, 805, -1, 805, 798, 806, -1, 805, 806, 821, -1,
 821, 806, 822, -1, 821, 822, 829, -1, 829, 822, 830, -1,
 699, 700, 705, -1, 705, 700, 706, -1, 705, 706, 721, -1,
 721, 706, 722, -1, 721, 722, 729, -1, 729, 722, 730, -1,
 729, 730, 737, -1, 737, 730, 738, -1, 737, 738, 753, -1,
 753, 738, 754, -1, 753, 754, 767, -1, 767, 754, 768, -1,
 767, 768, 777, -1, 777, 768, 778, -1, 777, 778, 793, -1,
 793, 778, 794, -1, 793, 794, 801, -1, 801, 794, 802, -1,
 801, 802, 809, -1, 809, 802, 810, -1, 809, 810, 825, -1,
 825, 810, 826, -1, 825, 826, 831, -1, 831, 826, 832, -1,
 860, 859, 855, -1, 860, 855, 856, -1, 856, 855, 847, -1,
 856, 847, 848, -1, 848, 847, 839, -1, 848, 839, 840, -1,
 840, 839, 819, -1, 840, 819, 820, -1, 820, 819, 787, -1,
 820, 787, 788, -1, 788, 787, 771, -1, 788, 771, 772, -1,
 772, 771, 747, -1, 772, 747, 748, -1, 748, 747, 715, -1,
 748, 715, 716, -1, 716, 715, 695, -1, 716, 695, 696, -1,
 696, 695, 687, -1, 696, 687, 688, -1, 688, 687, 679, -1,
 688, 679, 680, -1, 680, 679, 671, -1, 680, 671, 672, -1,
 858, 857, 851, -1, 858, 851, 852, -1, 852, 851, 843, -1,
 852, 843, 844, -1, 844, 843, 835, -1, 844, 835, 836, -1,
 836, 835, 815, -1, 836, 815, 816, -1, 816, 815, 783, -1,
 816, 783, 784, -1, 784, 783, 763, -1, 784, 763, 764, -1,
 764, 763, 743, -1, 764, 743, 744, -1, 744, 743, 711, -1,
 744, 711, 712, -1, 712, 711, 691, -1, 712, 691, 692, -1,
 692, 691, 683, -1, 692, 683, 684, -1, 684, 683, 675, -1,
 684, 675, 676, -1, 676, 675, 669, -1, 676, 669, 670, -1,
 1646, 1645, 1639, -1, 1646, 1639, 1640, -1, 1640, 1639, 1629, -1,
 1640, 1629, 1630, -1, 1630, 1629, 1621, -1, 1630, 1621, 1622, -1,
 1622, 1621, 1599, -1, 1622, 1599, 1600, -1, 1600, 1599, 1564, -1,
 1600, 1564, 1565, -1, 1565, 1564, 1540, -1, 1565, 1540, 1541, -1,
 1541, 1540, 1518, -1, 1541, 1518, 1519, -1, 1519, 1518, 1474, -1,
 1519, 1474, 1475, -1, 1475, 1474, 1438, -1, 1475, 1438, 1439, -1,
 1439, 1438, 1430, -1, 1439, 1430, 1431, -1, 1431, 1430, 1402, -1,
 1431, 1402, 1403, -1, 1403, 1402, 1388, -1, 1403, 1388, 1389, -1,
 1648, 1647, 1643, -1, 1648, 1643, 1644, -1, 1644, 1643, 1633, -1,
 1644, 1633, 1634, -1, 1634, 1633, 1625, -1, 1634, 1625, 1626, -1,
 1626, 1625, 1603, -1, 1626, 1603, 1604, -1, 1604, 1603, 1568, -1,
 1604, 1568, 1569, -1, 1569, 1568, 1548, -1, 1569, 1548, 1549, -1,
 1549, 1548, 1522, -1, 1549, 1522, 1523, -1, 1523, 1522, 1478, -1,
 1523, 1478, 1479, -1, 1479, 1478, 1442, -1, 1479, 1442, 1443, -1,
 1443, 1442, 1434, -1, 1443, 1434, 1435, -1, 1435, 1434, 1406, -1,
 1435, 1406, 1407, -1, 1407, 1406, 1390, -1, 1407, 1390, 1391, -1,
 1103, 1229, 1099, -1, 1099, 1229, 1225, -1, 1099, 1225, 1095, -1,
 1095, 1225, 1221, -1, 1095, 1221, 1091, -1, 1091, 1221, 1217, -1,
 1091, 1217, 1087, -1, 1087, 1217, 1213, -1, 1087, 1213, 1083, -1,
 1083, 1213, 1209, -1, 1083, 1209, 1079, -1, 1079, 1209, 1205, -1,
 1079, 1205, 1082, -1, 1082, 1205, 1208, -1, 1082, 1208, 1086, -1,
 1086, 1208, 1212, -1, 1086, 1212, 1090, -1, 1090, 1212, 1216, -1,
 1090, 1216, 1094, -1, 1094, 1216, 1220, -1, 1094, 1220, 1098, -1,
 1098, 1220, 1224, -1, 1098, 1224, 1102, -1, 1102, 1224, 1228, -1,
 1101, 1227, 1097, -1, 1097, 1227, 1223, -1, 1097, 1223, 1093, -1,
 1093, 1223, 1219, -1, 1093, 1219, 1089, -1, 1089, 1219, 1215, -1,
 1089, 1215, 1085, -1, 1085, 1215, 1211, -1, 1085, 1211, 1081, -1,
 1081, 1211, 1207, -1, 1081, 1207, 1078, -1, 1078, 1207, 1204, -1,
 1078, 1204, 1080, -1, 1080, 1204, 1206, -1, 1080, 1206, 1084, -1,
 1084, 1206, 1210, -1, 1084, 1210, 1088, -1, 1088, 1210, 1214, -1,
 1088, 1214, 1092, -1, 1092, 1214, 1218, -1, 1092, 1218, 1096, -1,
 1096, 1218, 1222, -1, 1096, 1222, 1100, -1, 1100, 1222, 1226, -1,
 1347, 1341, 1373, -1, 1347, 1373, 1377, -1, 1377, 1373, 1421, -1,
 1377, 1421, 1425, -1, 1425, 1421, 1445, -1, 1425, 1445, 1449, -1,
 1449, 1445, 1457, -1, 1449, 1457, 1461, -1, 1461, 1457, 1489, -1,
 1461, 1489, 1493, -1, 1493, 1489, 1504, -1, 1493, 1504, 1506, -1,
 1506, 1504, 1488, -1, 1506, 1488, 1492, -1, 1492, 1488, 1456, -1,
 1492, 1456, 1460, -1, 1460, 1456, 1444, -1, 1460, 1444, 1448, -1,
 1448, 1444, 1420, -1, 1448, 1420, 1424, -1, 1424, 1420, 1372, -1,
 1424, 1372, 1376, -1, 1376, 1372, 1340, -1, 1376, 1340, 1344, -1,
 446, 438, 466, -1, 446, 466, 470, -1, 470, 466, 502, -1,
 470, 502, 506, -1, 506, 502, 510, -1, 506, 510, 514, -1,
 514, 510, 518, -1, 514, 518, 522, -1, 522, 518, 526, -1,
 522, 526, 530, -1, 530, 526, 532, -1, 530, 532, 534, -1,
 534, 532, 525, -1, 534, 525, 529, -1, 529, 525, 517, -1,
 529, 517, 521, -1, 521, 517, 509, -1, 521, 509, 513, -1,
 513, 509, 501, -1, 513, 501, 505, -1, 505, 501, 465, -1,
 505, 465, 469, -1, 469, 465, 437, -1, 469, 437, 443, -1,
 1351, 1343, 1375, -1, 1351, 1375, 1379, -1, 1379, 1375, 1423, -1,
 1379, 1423, 1427, -1, 1427, 1423, 1447, -1, 1427, 1447, 1451, -1,
 1451, 1447, 1459, -1, 1451, 1459, 1463, -1, 1463, 1459, 1491, -1,
 1463, 1491, 1495, -1, 1495, 1491, 1505, -1, 1495, 1505, 1507, -1,
 1507, 1505, 1490, -1, 1507, 1490, 1494, -1, 1494, 1490, 1458, -1,
 1494, 1458, 1462, -1, 1462, 1458, 1446, -1, 1462, 1446, 1450, -1,
 1450, 1446, 1422, -1, 1450, 1422, 1426, -1, 1426, 1422, 1374, -1,
 1426, 1374, 1378, -1, 1378, 1374, 1342, -1, 1378, 1342, 1348, -1,
 442, 436, 464, -1, 442, 464, 468, -1, 468, 464, 500, -1,
 468, 500, 504, -1, 504, 500, 508, -1, 504, 508, 512, -1,
 512, 508, 516, -1, 512, 516, 520, -1, 520, 516, 524, -1,
 520, 524, 528, -1, 528, 524, 531, -1, 528, 531, 533, -1,
 533, 531, 523, -1, 533, 523, 527, -1, 527, 523, 515, -1,
 527, 515, 519, -1, 519, 515, 507, -1, 519, 507, 511, -1,
 511, 507, 499, -1, 511, 499, 503, -1, 503, 499, 463, -1,
 503, 463, 467, -1, 467, 463, 435, -1, 467, 435, 439, -1,
 893, 895, 883, -1, 883, 895, 885, -1, 883, 885, 879, -1,
 879, 885, 881, -1, 879, 881, 875, -1, 875, 881, 877, -1,
 875, 877, 871, -1, 871, 877, 873, -1, 871, 873, 867, -1,
 867, 873, 869, -1, 867, 869, 865, -1, 865, 869, 866, -1,
 865, 866, 868, -1, 868, 866, 870, -1, 868, 870, 872, -1,
 872, 870, 874, -1, 872, 874, 876, -1, 876, 874, 878, -1,
 876, 878, 880, -1, 880, 878, 882, -1, 880, 882, 884, -1,
 884, 882, 886, -1, 884, 886, 894, -1, 894, 886, 896, -1,
 591, 595, 583, -1, 583, 595, 587, -1, 583, 587, 575, -1,
 575, 587, 579, -1, 575, 579, 567, -1, 567, 579, 571, -1,
 567, 571, 559, -1, 559, 571, 563, -1, 559, 563, 551, -1,
 551, 563, 555, -1, 551, 555, 546, -1, 546, 555, 548, -1,
 546, 548, 552, -1, 552, 548, 556, -1, 552, 556, 560, -1,
 560, 556, 564, -1, 560, 564, 568, -1, 568, 564, 572, -1,
 568, 572, 576, -1, 576, 572, 580, -1, 576, 580, 584, -1,
 584, 580, 588, -1, 584, 588, 592, -1, 592, 588, 596, -1,
 589, 593, 581, -1, 581, 593, 585, -1, 581, 585, 573, -1,
 573, 585, 577, -1, 573, 577, 565, -1, 565, 577, 569, -1,
 565, 569, 557, -1, 557, 569, 561, -1, 557, 561, 549, -1,
 549, 561, 553, -1, 549, 553, 545, -1, 545, 553, 547, -1,
 545, 547, 550, -1, 550, 547, 554, -1, 550, 554, 558, -1,
 558, 554, 562, -1, 558, 562, 566, -1, 566, 562, 570, -1,
 566, 570, 574, -1, 574, 570, 578, -1, 574, 578, 582, -1,
 582, 578, 586, -1, 582, 586, 590, -1, 590, 586, 594, -1,
 929, 931, 917, -1, 917, 931, 919, -1, 917, 919, 909, -1,
 909, 919, 911, -1, 909, 911, 901, -1, 901, 911, 903, -1,
 901, 903, 897, -1, 897, 903, 899, -1, 897, 899, 889, -1,
 889, 899, 891, -1, 889, 891, 887, -1, 887, 891, 888, -1,
 887, 888, 890, -1, 890, 888, 892, -1, 890, 892, 898, -1,
 898, 892, 900, -1, 898, 900, 902, -1, 902, 900, 904, -1,
 902, 904, 910, -1, 910, 904, 912, -1, 910, 912, 918, -1,
 918, 912, 920, -1, 918, 920, 930, -1, 930, 920, 932, -1,
 433, 444, 425, -1, 425, 444, 429, -1, 425, 429, 417, -1,
 417, 429, 421, -1, 417, 421, 414, -1, 414, 421, 410, -1,
 407, 408, 394, -1, 394, 408, 421, -1, 421, 408, 409, -1,
 421, 409, 410, -1, 378, 380, 376, -1, 376, 380, 387, -1,
 376, 387, 394, -1, 394, 387, 397, -1, 394, 397, 407, -1,
 362, 365, 368, -1, 362, 368, 376, -1, 376, 368, 369, -1,
 376, 369, 378, -1, 365, 362, 352, -1, 352, 362, 346, -1,
 352, 346, 350, -1, 338, 340, 346, -1, 346, 340, 349, -1,
 346, 349, 350, -1, 445, 434, 430, -1, 430, 434, 426, -1,
 430, 426, 422, -1, 422, 426, 418, -1, 422, 418, 395, -1,
 395, 418, 391, -1, 395, 391, 377, -1, 377, 391, 373, -1,
 377, 373, 363, -1, 363, 373, 359, -1, 363, 359, 347, -1,
 347, 359, 343, -1, 347, 343, 338, -1, 338, 343, 336, -1,
 338, 336, 340, -1, 1338, 1349, 1326, -1, 1326, 1349, 1330, -1,
 1326, 1330, 1318, -1, 1318, 1330, 1322, -1, 1318, 1322, 1298, -1,
 1298, 1322, 1302, -1, 1298, 1302, 1286, -1, 1286, 1302, 1290, -1,
 1286, 1290, 1278, -1, 1278, 1290, 1282, -1, 1278, 1282, 1273, -1,
 1273, 1282, 1275, -1, 1273, 1275, 1279, -1, 1279, 1275, 1283, -1,
 1279, 1283, 1287, -1, 1287, 1283, 1291, -1, 1287, 1291, 1299, -1,
 1299, 1291, 1303, -1, 1299, 1303, 1319, -1, 1319, 1303, 1323, -1,
 1319, 1323, 1327, -1, 1327, 1323, 1331, -1, 1327, 1331, 1339, -1,
 1339, 1331, 1350, -1, 1336, 1345, 1324, -1, 1324, 1345, 1328, -1,
 1324, 1328, 1316, -1, 1316, 1328, 1320, -1, 1316, 1320, 1296, -1,
 1296, 1320, 1300, -1, 1296, 1300, 1284, -1, 1284, 1300, 1288, -1,
 1284, 1288, 1276, -1, 1276, 1288, 1280, -1, 1276, 1280, 1272, -1,
 1272, 1280, 1274, -1, 1272, 1274, 1277, -1, 1277, 1274, 1281, -1,
 1277, 1281, 1285, -1, 1285, 1281, 1289, -1, 1285, 1289, 1297, -1,
 1297, 1289, 1301, -1, 1297, 1301, 1317, -1, 1317, 1301, 1321, -1,
 1317, 1321, 1325, -1, 1325, 1321, 1329, -1, 1325, 1329, 1337, -1,
 1337, 1329, 1346, -1, 356, 351, 345, -1, 345, 351, 348, -1,
 345, 348, 335, -1, 335, 348, 339, -1, 335, 339, 334, -1,
 356, 345, 364, -1, 364, 345, 361, -1, 364, 361, 366, -1,
 366, 361, 375, -1, 366, 375, 379, -1, 398, 396, 393, -1,
 393, 396, 389, -1, 393, 389, 375, -1, 375, 389, 383, -1,
 375, 383, 379, -1, 441, 432, 428, -1, 428, 432, 424, -1,
 428, 424, 420, -1, 420, 424, 416, -1, 420, 416, 393, -1,
 393, 416, 411, -1, 393, 411, 398, -1, 431, 440, 423, -1,
 423, 440, 427, -1, 423, 427, 415, -1, 415, 427, 419, -1,
 415, 419, 390, -1, 390, 419, 392, -1, 390, 392, 372, -1,
 372, 392, 374, -1, 372, 374, 358, -1, 358, 374, 360, -1,
 358, 360, 342, -1, 342, 360, 344, -1, 342, 344, 335, -1,
 335, 344, 337, -1, 335, 337, 345, -1, 93, 225, 89, -1,
 89, 225, 221, -1, 89, 221, 85, -1, 85, 221, 217, -1,
 85, 217, 81, -1, 81, 217, 213, -1, 81, 213, 77, -1,
 77, 213, 209, -1, 77, 209, 73, -1, 73, 209, 205, -1,
 73, 205, 70, -1, 70, 205, 202, -1, 70, 202, 72, -1,
 72, 202, 204, -1, 72, 204, 76, -1, 76, 204, 208, -1,
 76, 208, 80, -1, 80, 208, 212, -1, 80, 212, 84, -1,
 84, 212, 216, -1, 84, 216, 88, -1, 88, 216, 220, -1,
 88, 220, 92, -1, 92, 220, 224, -1, 41, 173, 37, -1,
 37, 173, 169, -1, 37, 169, 33, -1, 33, 169, 165, -1,
 33, 165, 29, -1, 29, 165, 161, -1, 29, 161, 25, -1,
 25, 161, 157, -1, 25, 157, 21, -1, 21, 157, 153, -1,
 21, 153, 18, -1, 18, 153, 150, -1, 18, 150, 20, -1,
 20, 150, 152, -1, 20, 152, 24, -1, 24, 152, 156, -1,
 24, 156, 28, -1, 28, 156, 160, -1, 28, 160, 32, -1,
 32, 160, 164, -1, 32, 164, 36, -1, 36, 164, 168, -1,
 36, 168, 40, -1, 40, 168, 172, -1, 43, 175, 39, -1,
 39, 175, 171, -1, 39, 171, 35, -1, 35, 171, 167, -1,
 35, 167, 31, -1, 31, 167, 163, -1, 31, 163, 27, -1,
 27, 163, 159, -1, 27, 159, 23, -1, 23, 159, 155, -1,
 23, 155, 19, -1, 19, 155, 151, -1, 19, 151, 22, -1,
 22, 151, 154, -1, 22, 154, 26, -1, 26, 154, 158, -1,
 26, 158, 30, -1, 30, 158, 162, -1, 30, 162, 34, -1,
 34, 162, 166, -1, 34, 166, 38, -1, 38, 166, 170, -1,
 38, 170, 42, -1, 42, 170, 174, -1, 95, 227, 91, -1,
 91, 227, 223, -1, 91, 223, 87, -1, 87, 223, 219, -1,
 87, 219, 83, -1, 83, 219, 215, -1, 83, 215, 79, -1,
 79, 215, 211, -1, 79, 211, 75, -1, 75, 211, 207, -1,
 75, 207, 71, -1, 71, 207, 203, -1, 71, 203, 74, -1,
 74, 203, 206, -1, 74, 206, 78, -1, 78, 206, 210, -1,
 78, 210, 82, -1, 82, 210, 214, -1, 82, 214, 86, -1,
 86, 214, 218, -1, 86, 218, 90, -1, 90, 218, 222, -1,
 90, 222, 94, -1, 94, 222, 226, -1, 3, 2, 646, -1,
 646, 2, 541, -1, 541, 540, 646, -1, 646, 540, 667, -1,
 646, 667, 668, -1, 1, 0, 539, -1, 539, 0, 666, -1,
 666, 589, 581, -1, 666, 581, 539, -1, 539, 581, 573, -1,
 539, 573, 565, -1, 565, 557, 539, -1, 539, 557, 549, -1,
 539, 549, 545, -1, 623, 545, 631, -1, 631, 545, 550, -1,
 631, 550, 638, -1, 638, 550, 558, -1, 638, 558, 566, -1,
 623, 615, 545, -1, 545, 615, 607, -1, 545, 607, 599, -1,
 566, 574, 638, -1, 638, 574, 582, -1, 638, 582, 590, -1,
 629, 621, 666, -1, 666, 621, 613, -1, 567, 559, 539, -1,
 560, 568, 540, -1, 540, 568, 576, -1, 540, 576, 584, -1,
 613, 605, 666, -1, 666, 605, 597, -1, 666, 597, 589, -1,
 584, 592, 540, -1, 540, 592, 600, -1, 540, 600, 667, -1,
 667, 600, 608, -1, 667, 608, 616, -1, 622, 630, 667, -1,
 599, 591, 545, -1, 545, 591, 583, -1, 545, 583, 539, -1,
 539, 583, 575, -1, 539, 575, 567, -1, 559, 551, 539, -1,
 539, 551, 546, -1, 539, 546, 540, -1, 540, 546, 552, -1,
 540, 552, 560, -1, 667, 630, 666, -1, 666, 630, 637, -1,
 666, 637, 629, -1, 616, 624, 667, -1, 667, 624, 632, -1,
 667, 632, 638, -1, 590, 598, 638, -1, 638, 598, 606, -1,
 638, 606, 667, -1, 667, 606, 614, -1, 667, 614, 622, -1,
 1352, 1655, 1353, -1, 1353, 1655, 1656, -1, 1353, 1656, 948, -1,
 909, 901, 666, -1, 666, 901, 897, -1, 666, 897, 889, -1,
 1655, 952, 943, -1, 898, 667, 890, -1, 890, 667, 666, -1,
 890, 666, 887, -1, 887, 666, 889, -1, 898, 902, 667, -1,
 667, 902, 910, -1, 667, 910, 918, -1, 930, 934, 948, -1,
 948, 934, 944, -1, 948, 944, 947, -1, 982, 978, 1352, -1,
 1352, 978, 970, -1, 1352, 970, 1655, -1, 1655, 970, 959, -1,
 1655, 959, 952, -1, 943, 933, 1655, -1, 1655, 933, 929, -1,
 1655, 929, 666, -1, 666, 929, 917, -1, 666, 917, 909, -1,
 1355, 1354, 1656, -1, 1354, 949, 1656, -1, 1656, 949, 667, -1,
 1656, 667, 948, -1, 948, 667, 918, -1, 948, 918, 930, -1,
 950, 926, 938, -1, 905, 949, 913, -1, 913, 949, 921, -1,
 868, 872, 668, -1, 668, 872, 876, -1, 668, 876, 880, -1,
 938, 941, 950, -1, 950, 941, 937, -1, 950, 937, 949, -1,
 949, 937, 925, -1, 949, 925, 921, -1, 905, 893, 949, -1,
 949, 893, 883, -1, 949, 883, 667, -1, 667, 883, 879, -1,
 667, 879, 875, -1, 875, 871, 667, -1, 667, 871, 867, -1,
 667, 867, 668, -1, 668, 867, 865, -1, 668, 865, 868, -1,
 880, 884, 668, -1, 668, 884, 894, -1, 668, 894, 1657, -1,
 1657, 894, 906, -1, 1657, 906, 914, -1, 1656, 1657, 1355, -1,
 1355, 1657, 914, -1, 1355, 914, 950, -1, 950, 914, 922, -1,
 950, 922, 926, -1, 518, 510, 1343, -1, 1447, 1423, 1561, -1,
 1561, 1423, 1375, -1, 1561, 1375, 1343, -1, 510, 502, 1343, -1,
 1343, 502, 466, -1, 1343, 466, 438, -1, 1340, 1372, 1560, -1,
 1560, 1372, 1420, -1, 518, 1343, 526, -1, 526, 1343, 1311, -1,
 526, 1311, 532, -1, 1171, 538, 1267, -1, 1267, 538, 1311, -1,
 1171, 1163, 538, -1, 538, 1163, 1155, -1, 538, 1155, 1149, -1,
 1420, 1444, 1560, -1, 1560, 1444, 1456, -1, 1560, 1456, 1666, -1,
 1666, 1456, 1488, -1, 1666, 1488, 1504, -1, 1490, 1505, 1667, -1,
 1667, 1505, 1491, -1, 1667, 1491, 1561, -1, 1561, 1491, 1459, -1,
 1561, 1459, 1447, -1, 401, 437, 538, -1, 538, 437, 465, -1,
 538, 465, 501, -1, 438, 402, 125, -1, 125, 402, 327, -1,
 507, 1146, 499, -1, 499, 1146, 463, -1, 507, 515, 1146, -1,
 1146, 515, 523, -1, 1146, 523, 531, -1, 1149, 1154, 538, -1,
 538, 1154, 1162, -1, 538, 1162, 1147, -1, 327, 288, 125, -1,
 125, 288, 141, -1, 125, 141, 13, -1, 13, 141, 133, -1,
 13, 133, 127, -1, 1373, 1341, 1146, -1, 1146, 1341, 1309, -1,
 1146, 1309, 1265, -1, 1445, 1667, 1457, -1, 1457, 1667, 1666, -1,
 1457, 1666, 1489, -1, 1489, 1666, 1504, -1, 286, 139, 12, -1,
 12, 139, 131, -1, 1153, 463, 1161, -1, 1161, 463, 1146, -1,
 1161, 1146, 1169, -1, 1169, 1146, 1265, -1, 1153, 1148, 463, -1,
 463, 1148, 1152, -1, 463, 1152, 435, -1, 435, 1152, 1160, -1,
 435, 1160, 1168, -1, 531, 524, 1146, -1, 1146, 524, 516, -1,
 1146, 516, 537, -1, 501, 509, 538, -1, 538, 509, 517, -1,
 538, 517, 1311, -1, 1311, 517, 525, -1, 1311, 525, 532, -1,
 1168, 1264, 435, -1, 435, 1264, 1308, -1, 435, 1308, 1340, -1,
 131, 126, 12, -1, 12, 126, 130, -1, 12, 130, 124, -1,
 124, 130, 138, -1, 124, 138, 285, -1, 1162, 1170, 1147, -1,
 1147, 1170, 1266, -1, 1147, 1266, 1146, -1, 1146, 1266, 1310, -1,
 1146, 1310, 1373, -1, 1373, 1310, 1342, -1, 1373, 1342, 1421, -1,
 1421, 1342, 1374, -1, 1421, 1374, 1445, -1, 285, 324, 124, -1,
 124, 324, 399, -1, 124, 399, 435, -1, 516, 508, 537, -1,
 537, 508, 500, -1, 537, 500, 538, -1, 538, 500, 464, -1,
 538, 464, 401, -1, 401, 464, 436, -1, 401, 436, 326, -1,
 326, 436, 400, -1, 326, 400, 287, -1, 287, 400, 325, -1,
 1374, 1422, 1445, -1, 1445, 1422, 1446, -1, 1445, 1446, 1667, -1,
 1667, 1446, 1458, -1, 1667, 1458, 1490, -1, 325, 286, 287, -1,
 287, 286, 12, -1, 287, 12, 140, -1, 140, 12, 13, -1,
 140, 13, 132, -1, 132, 13, 127, -1, 120, 121, 10, -1,
 1580, 1559, 649, -1, 649, 1559, 123, -1, 536, 457, 535, -1,
 535, 457, 449, -1, 535, 449, 433, -1, 9, 118, 119, -1,
 433, 425, 413, -1, 413, 425, 417, -1, 413, 417, 414, -1,
 1144, 1145, 648, -1, 1296, 1284, 122, -1, 432, 448, 413, -1,
 489, 481, 536, -1, 536, 481, 473, -1, 536, 473, 457, -1,
 1392, 1380, 1558, -1, 1558, 1380, 1364, -1, 1558, 1364, 1356, -1,
 496, 648, 490, -1, 490, 648, 649, -1, 490, 649, 482, -1,
 482, 649, 474, -1, 122, 1284, 1140, -1, 1140, 1284, 1276, -1,
 1140, 1276, 1272, -1, 479, 471, 1140, -1, 433, 413, 535, -1,
 535, 413, 448, -1, 535, 448, 456, -1, 496, 489, 648, -1,
 648, 489, 536, -1, 648, 536, 1144, -1, 1144, 536, 1143, -1,
 1144, 1143, 1663, -1, 1663, 1143, 1142, -1, 1663, 1142, 1662, -1,
 1662, 1142, 1141, -1, 424, 412, 416, -1, 416, 412, 411, -1,
 424, 432, 412, -1, 412, 432, 413, -1, 412, 413, 119, -1,
 119, 413, 120, -1, 119, 120, 9, -1, 9, 120, 10, -1,
 1392, 1558, 1408, -1, 1408, 1558, 1661, -1, 1408, 1661, 1416, -1,
 1356, 1336, 1558, -1, 1558, 1336, 1324, -1, 1558, 1324, 122, -1,
 122, 1324, 1316, -1, 122, 1316, 1296, -1, 456, 472, 535, -1,
 535, 472, 480, -1, 535, 480, 1142, -1, 1142, 480, 488, -1,
 1142, 488, 1141, -1, 1141, 488, 495, -1, 1141, 495, 1140, -1,
 1140, 495, 487, -1, 1140, 487, 479, -1, 471, 455, 1140, -1,
 1140, 455, 447, -1, 1140, 447, 122, -1, 122, 447, 431, -1,
 123, 359, 373, -1, 359, 123, 343, -1, 343, 123, 11, -1,
 343, 11, 336, -1, 431, 423, 122, -1, 122, 423, 415, -1,
 122, 415, 390, -1, 390, 372, 122, -1, 122, 372, 358, -1,
 122, 358, 8, -1, 8, 358, 342, -1, 8, 342, 335, -1,
 373, 391, 123, -1, 123, 391, 418, -1, 123, 418, 426, -1,
 426, 434, 123, -1, 123, 434, 450, -1, 123, 450, 649, -1,
 649, 450, 458, -1, 649, 458, 474, -1, 962, 955, 1659, -1,
 972, 980, 1658, -1, 891, 899, 641, -1, 955, 946, 1659, -1,
 1659, 946, 936, -1, 1659, 936, 932, -1, 980, 986, 1658, -1,
 1658, 986, 981, -1, 1658, 981, 1659, -1, 1659, 981, 973, -1,
 1659, 973, 962, -1, 932, 920, 642, -1, 642, 920, 912, -1,
 642, 912, 904, -1, 904, 900, 642, -1, 642, 900, 892, -1,
 642, 892, 641, -1, 641, 892, 888, -1, 641, 888, 891, -1,
 919, 1136, 911, -1, 911, 1136, 641, -1, 911, 641, 903, -1,
 903, 641, 899, -1, 972, 1658, 961, -1, 961, 1658, 1137, -1,
 961, 1137, 954, -1, 919, 931, 1136, -1, 1136, 931, 935, -1,
 1136, 935, 1137, -1, 1137, 935, 945, -1, 1137, 945, 954, -1,
 665, 664, 642, -1, 932, 642, 1659, -1, 1659, 642, 664, -1,
 1659, 664, 863, -1, 1139, 864, 647, -1, 647, 864, 665, -1,
 647, 665, 643, -1, 643, 665, 642, -1, 870, 866, 864, -1,
 908, 896, 1139, -1, 1139, 896, 886, -1, 927, 939, 1138, -1,
 1138, 939, 942, -1, 1138, 942, 940, -1, 940, 928, 1138, -1,
 1138, 928, 924, -1, 1138, 924, 1139, -1, 1139, 924, 916, -1,
 1139, 916, 908, -1, 886, 882, 1139, -1, 1139, 882, 878, -1,
 1139, 878, 864, -1, 864, 878, 874, -1, 864, 874, 870, -1,
 877, 863, 873, -1, 873, 863, 864, -1, 873, 864, 869, -1,
 869, 864, 866, -1, 907, 915, 1659, -1, 1138, 1660, 927, -1,
 927, 1660, 1659, -1, 927, 1659, 923, -1, 923, 1659, 915, -1,
 877, 881, 863, -1, 863, 881, 885, -1, 863, 885, 1659, -1,
 1659, 885, 895, -1, 1659, 895, 907, -1, 148, 149, 544, -1,
 544, 149, 643, -1, 643, 604, 544, -1, 544, 604, 596, -1,
 544, 596, 588, -1, 588, 580, 544, -1, 544, 580, 572, -1,
 544, 572, 564, -1, 611, 619, 642, -1, 642, 619, 627, -1,
 628, 620, 643, -1, 643, 620, 612, -1, 643, 612, 604, -1,
 563, 571, 543, -1, 543, 571, 579, -1, 579, 587, 543, -1,
 543, 587, 595, -1, 543, 595, 642, -1, 642, 595, 603, -1,
 642, 603, 611, -1, 627, 635, 642, -1, 642, 635, 640, -1,
 642, 640, 643, -1, 643, 640, 636, -1, 643, 636, 628, -1,
 564, 556, 544, -1, 544, 556, 548, -1, 544, 548, 543, -1,
 543, 548, 555, -1, 543, 555, 563, -1, 146, 147, 641, -1,
 641, 147, 542, -1, 594, 586, 543, -1, 543, 586, 578, -1,
 543, 578, 570, -1, 634, 626, 642, -1, 553, 561, 542, -1,
 542, 561, 569, -1, 570, 562, 543, -1, 543, 562, 554, -1,
 543, 554, 542, -1, 542, 554, 547, -1, 542, 547, 553, -1,
 601, 609, 641, -1, 641, 609, 617, -1, 626, 618, 642, -1,
 642, 618, 610, -1, 642, 610, 543, -1, 543, 610, 602, -1,
 543, 602, 594, -1, 617, 625, 641, -1, 641, 625, 633, -1,
 641, 633, 642, -1, 642, 633, 639, -1, 642, 639, 634, -1,
 569, 577, 542, -1, 542, 577, 585, -1, 542, 585, 641, -1,
 641, 585, 593, -1, 641, 593, 601, -1, 170, 166, 148, -1,
 148, 166, 162, -1, 148, 162, 158, -1, 252, 222, 148, -1,
 148, 222, 218, -1, 148, 218, 214, -1, 158, 154, 148, -1,
 148, 154, 151, -1, 148, 151, 149, -1, 149, 151, 155, -1,
 149, 155, 159, -1, 159, 163, 149, -1, 149, 163, 167, -1,
 149, 167, 171, -1, 171, 175, 149, -1, 149, 175, 179, -1,
 149, 179, 257, -1, 257, 179, 183, -1, 257, 183, 187, -1,
 187, 207, 211, -1, 194, 190, 214, -1, 214, 190, 186, -1,
 243, 253, 239, -1, 239, 253, 235, -1, 242, 238, 252, -1,
 252, 238, 234, -1, 234, 230, 252, -1, 252, 230, 226, -1,
 252, 226, 222, -1, 186, 182, 214, -1, 214, 182, 178, -1,
 214, 178, 148, -1, 148, 178, 174, -1, 148, 174, 170, -1,
 211, 215, 187, -1, 187, 215, 219, -1, 187, 219, 257, -1,
 257, 219, 223, -1, 243, 247, 253, -1, 253, 247, 249, -1,
 253, 249, 252, -1, 252, 249, 246, -1, 252, 246, 242, -1,
 214, 210, 194, -1, 194, 210, 206, -1, 194, 206, 197, -1,
 197, 206, 203, -1, 197, 203, 195, -1, 195, 203, 207, -1,
 195, 207, 191, -1, 191, 207, 187, -1, 223, 227, 257, -1,
 257, 227, 231, -1, 257, 231, 256, -1, 256, 231, 255, -1,
 235, 253, 231, -1, 231, 253, 254, -1, 231, 254, 255, -1,
 251, 201, 200, -1, 172, 168, 146, -1, 146, 168, 164, -1,
 146, 164, 160, -1, 213, 200, 209, -1, 209, 200, 205, -1,
 229, 233, 251, -1, 251, 233, 237, -1, 251, 237, 241, -1,
 208, 204, 200, -1, 200, 204, 202, -1, 200, 202, 205, -1,
 213, 217, 200, -1, 200, 217, 221, -1, 200, 221, 251, -1,
 251, 221, 225, -1, 251, 225, 229, -1, 240, 236, 250, -1,
 250, 236, 232, -1, 250, 232, 228, -1, 228, 224, 250, -1,
 250, 224, 220, -1, 250, 220, 146, -1, 146, 220, 216, -1,
 146, 216, 212, -1, 153, 157, 147, -1, 147, 157, 161, -1,
 161, 165, 147, -1, 147, 165, 169, -1, 147, 169, 199, -1,
 199, 169, 173, -1, 199, 173, 198, -1, 198, 173, 177, -1,
 198, 177, 181, -1, 241, 245, 251, -1, 251, 245, 248, -1,
 251, 248, 250, -1, 250, 248, 244, -1, 250, 244, 240, -1,
 160, 156, 146, -1, 146, 156, 152, -1, 146, 152, 147, -1,
 147, 152, 150, -1, 147, 150, 153, -1, 181, 185, 198, -1,
 198, 185, 189, -1, 198, 189, 200, -1, 200, 189, 193, -1,
 200, 193, 208, -1, 208, 193, 196, -1, 208, 196, 212, -1,
 212, 196, 192, -1, 212, 192, 188, -1, 188, 184, 212, -1,
 212, 184, 180, -1, 212, 180, 146, -1, 146, 180, 176, -1,
 146, 176, 172, -1, 262, 274, 119, -1, 119, 274, 296, -1,
 119, 296, 313, -1, 313, 355, 119, -1, 119, 355, 388, -1,
 119, 388, 412, -1, 69, 201, 119, -1, 119, 201, 251, -1,
 119, 251, 262, -1, 1665, 1654, 1657, -1, 1657, 1654, 1653, -1,
 1664, 1660, 1663, -1, 1662, 1658, 1655, -1, 1655, 1658, 1659, -1,
 1655, 1659, 1656, -1, 1656, 1659, 1660, -1, 1656, 1660, 1657, -1,
 1657, 1660, 1664, -1, 1657, 1664, 1665, -1, 1655, 1661, 1662, -1,
 1662, 1661, 1666, -1, 1662, 1666, 1663, -1, 1663, 1666, 1667, -1,
 1663, 1667, 1664, -1, 122, 124, 435, -1, 122, 435, 1558, -1,
 1558, 435, 1340, -1, 1558, 1340, 1560, -1, 7, 6, 2, -1,
 1, 5, 4, -1, 9, 8, 4, -1, 4, 8, 0, -1,
 4, 0, 1, -1, 2, 3, 7, -1, 7, 3, 11, -1,
 7, 11, 10, -1, 10, 11, 13, -1, 10, 13, 9, -1,
 9, 13, 12, -1, 9, 12, 8, -1, 1559, 1561, 1343, -1,
 1559, 1343, 123, -1, 123, 1343, 438, -1, 123, 438, 125, -1,
 541, 2, 16, -1, 16, 2, 6, -1, 120, 413, 381, -1,
 381, 322, 120, -1, 120, 322, 305, -1, 120, 305, 278, -1,
 544, 541, 148, -1, 148, 541, 16, -1, 148, 16, 252, -1,
 252, 16, 120, -1, 252, 120, 265, -1, 265, 120, 278, -1,
 646, 647, 643, -1, 280, 293, 11, -1, 336, 11, 317, -1,
 317, 11, 310, -1, 260, 264, 11, -1, 11, 264, 267, -1,
 293, 297, 11, -1, 11, 297, 307, -1, 11, 307, 310, -1,
 646, 643, 3, -1, 3, 643, 149, -1, 3, 149, 11, -1,
 11, 149, 257, -1, 11, 257, 260, -1, 267, 272, 11, -1,
 11, 272, 275, -1, 11, 275, 280, -1, 8, 295, 273, -1,
 335, 334, 8, -1, 8, 334, 312, -1, 8, 312, 295, -1,
 1140, 1272, 1136, -1, 1136, 1272, 1416, -1, 0, 641, 666, -1,
 666, 641, 1136, -1, 666, 1136, 1655, -1, 1655, 1136, 1416, -1,
 1655, 1416, 1661, -1, 273, 261, 8, -1, 8, 261, 250, -1,
 8, 250, 0, -1, 0, 250, 146, -1, 0, 146, 641, -1,
 199, 67, 147, -1, 147, 67, 15, -1, 5, 1, 15, -1,
 15, 1, 539, -1, 15, 539, 147, -1, 147, 539, 542, -1,
 109, 105, 119, -1, 64, 61, 66, -1, 66, 61, 57, -1,
 66, 57, 67, -1, 67, 57, 53, -1, 67, 53, 49, -1,
 48, 52, 81, -1, 81, 52, 56, -1, 49, 45, 67, -1,
 67, 45, 41, -1, 67, 41, 15, -1, 48, 81, 44, -1,
 44, 81, 77, -1, 44, 77, 73, -1, 80, 84, 14, -1,
 85, 81, 68, -1, 68, 81, 56, -1, 68, 56, 66, -1,
 66, 56, 60, -1, 66, 60, 64, -1, 20, 24, 14, -1,
 14, 24, 28, -1, 14, 28, 32, -1, 100, 104, 118, -1,
 118, 104, 108, -1, 105, 101, 119, -1, 119, 101, 97, -1,
 119, 97, 69, -1, 69, 97, 93, -1, 69, 93, 68, -1,
 68, 93, 89, -1, 68, 89, 85, -1, 41, 37, 15, -1,
 15, 37, 33, -1, 15, 33, 29, -1, 29, 25, 15, -1,
 15, 25, 21, -1, 15, 21, 14, -1, 14, 21, 18, -1,
 14, 18, 20, -1, 84, 88, 14, -1, 14, 88, 92, -1,
 14, 92, 118, -1, 118, 92, 96, -1, 118, 96, 100, -1,
 108, 112, 118, -1, 118, 112, 116, -1, 118, 116, 119, -1,
 119, 116, 113, -1, 119, 113, 109, -1, 32, 36, 14, -1,
 14, 36, 40, -1, 14, 40, 44, -1, 73, 70, 44, -1,
 44, 70, 72, -1, 44, 72, 14, -1, 14, 72, 76, -1,
 14, 76, 80, -1, 4, 5, 14, -1, 14, 5, 15, -1,
 14, 118, 4, -1, 4, 118, 9, -1, 17, 16, 7, -1,
 7, 16, 6, -1, 22, 26, 16, -1, 26, 30, 16, -1,
 16, 30, 34, -1, 16, 34, 38, -1, 121, 55, 51, -1,
 51, 47, 121, -1, 121, 47, 43, -1, 121, 43, 17, -1,
 111, 107, 121, -1, 121, 107, 103, -1, 121, 103, 99, -1,
 43, 39, 17, -1, 17, 39, 35, -1, 17, 35, 31, -1,
 31, 27, 17, -1, 17, 27, 23, -1, 17, 23, 16, -1,
 16, 23, 19, -1, 16, 19, 22, -1, 99, 95, 121, -1,
 121, 95, 91, -1, 121, 91, 55, -1, 55, 91, 87, -1,
 55, 87, 83, -1, 102, 106, 120, -1, 120, 106, 110, -1,
 83, 79, 55, -1, 55, 79, 75, -1, 55, 75, 59, -1,
 86, 90, 16, -1, 16, 90, 94, -1, 16, 94, 120, -1,
 120, 94, 98, -1, 120, 98, 102, -1, 62, 86, 58, -1,
 58, 86, 54, -1, 110, 114, 120, -1, 120, 114, 117, -1,
 120, 117, 121, -1, 121, 117, 115, -1, 121, 115, 111, -1,
 74, 78, 62, -1, 62, 78, 82, -1, 62, 82, 86, -1,
 38, 42, 16, -1, 16, 42, 46, -1, 16, 46, 86, -1,
 86, 46, 50, -1, 86, 50, 54, -1, 74, 62, 71, -1,
 71, 62, 65, -1, 71, 65, 75, -1, 75, 65, 63, -1,
 75, 63, 59, -1, 121, 17, 10, -1, 10, 17, 7, -1,
 94, 226, 98, -1, 98, 226, 230, -1, 98, 230, 102, -1,
 102, 230, 234, -1, 102, 234, 106, -1, 106, 234, 238, -1,
 106, 238, 110, -1, 110, 238, 242, -1, 110, 242, 114, -1,
 114, 242, 246, -1, 114, 246, 117, -1, 117, 246, 249, -1,
 117, 249, 115, -1, 115, 249, 247, -1, 115, 247, 111, -1,
 111, 247, 243, -1, 111, 243, 107, -1, 107, 243, 239, -1,
 107, 239, 103, -1, 103, 239, 235, -1, 103, 235, 99, -1,
 99, 235, 231, -1, 99, 231, 95, -1, 95, 231, 227, -1,
 42, 174, 46, -1, 46, 174, 178, -1, 46, 178, 50, -1,
 50, 178, 182, -1, 50, 182, 54, -1, 54, 182, 186, -1,
 54, 186, 58, -1, 58, 186, 190, -1, 58, 190, 62, -1,
 62, 190, 194, -1, 62, 194, 65, -1, 65, 194, 197, -1,
 65, 197, 63, -1, 63, 197, 195, -1, 63, 195, 59, -1,
 59, 195, 191, -1, 59, 191, 55, -1, 55, 191, 187, -1,
 55, 187, 51, -1, 51, 187, 183, -1, 51, 183, 47, -1,
 47, 183, 179, -1, 47, 179, 43, -1, 43, 179, 175, -1,
 40, 172, 44, -1, 44, 172, 176, -1, 44, 176, 48, -1,
 48, 176, 180, -1, 48, 180, 52, -1, 52, 180, 184, -1,
 52, 184, 56, -1, 56, 184, 188, -1, 56, 188, 60, -1,
 60, 188, 192, -1, 60, 192, 64, -1, 64, 192, 196, -1,
 64, 196, 61, -1, 61, 196, 193, -1, 61, 193, 57, -1,
 57, 193, 189, -1, 57, 189, 53, -1, 53, 189, 185, -1,
 53, 185, 49, -1, 49, 185, 181, -1, 49, 181, 45, -1,
 45, 181, 177, -1, 45, 177, 41, -1, 41, 177, 173, -1,
 92, 224, 96, -1, 96, 224, 228, -1, 96, 228, 100, -1,
 100, 228, 232, -1, 100, 232, 104, -1, 104, 232, 236, -1,
 104, 236, 108, -1, 108, 236, 240, -1, 108, 240, 112, -1,
 112, 240, 244, -1, 112, 244, 116, -1, 116, 244, 248, -1,
 116, 248, 113, -1, 113, 248, 245, -1, 113, 245, 109, -1,
 109, 245, 241, -1, 109, 241, 105, -1, 105, 241, 237, -1,
 105, 237, 101, -1, 101, 237, 233, -1, 101, 233, 97, -1,
 97, 233, 229, -1, 97, 229, 93, -1, 93, 229, 225, -1,
 200, 201, 68, -1, 68, 201, 69, -1, 198, 200, 66, -1,
 66, 200, 68, -1, 199, 198, 67, -1, 67, 198, 66, -1,
 1661, 1558, 1666, -1, 1666, 1558, 1560, -1, 1664, 1667, 1580, -1,
 1580, 1667, 1561, -1, 1580, 1561, 1559, -1, 122, 8, 124, -1,
 124, 8, 12, -1, 11, 123, 13, -1, 13, 123, 125, -1,
 432, 441, 448, -1, 448, 441, 452, -1, 448, 452, 456, -1,
 456, 452, 460, -1, 456, 460, 472, -1, 472, 460, 476, -1,
 472, 476, 480, -1, 480, 476, 484, -1, 480, 484, 488, -1,
 488, 484, 492, -1, 488, 492, 495, -1, 495, 492, 497, -1,
 495, 497, 487, -1, 487, 497, 491, -1, 487, 491, 479, -1,
 479, 491, 483, -1, 479, 483, 471, -1, 471, 483, 475, -1,
 471, 475, 455, -1, 455, 475, 459, -1, 455, 459, 447, -1,
 447, 459, 451, -1, 447, 451, 431, -1, 431, 451, 440, -1,
 1337, 1346, 1357, -1, 1357, 1346, 1361, -1, 1357, 1361, 1365, -1,
 1365, 1361, 1369, -1, 1365, 1369, 1381, -1, 1381, 1369, 1385, -1,
 1381, 1385, 1393, -1, 1393, 1385, 1397, -1, 1393, 1397, 1409, -1,
 1409, 1397, 1413, -1, 1409, 1413, 1416, -1, 1416, 1413, 1418, -1,
 1416, 1418, 1408, -1, 1408, 1418, 1412, -1, 1408, 1412, 1392, -1,
 1392, 1412, 1396, -1, 1392, 1396, 1380, -1, 1380, 1396, 1384, -1,
 1380, 1384, 1364, -1, 1364, 1384, 1368, -1, 1364, 1368, 1356, -1,
 1356, 1368, 1360, -1, 1356, 1360, 1336, -1, 1336, 1360, 1345, -1,
 1339, 1350, 1359, -1, 1359, 1350, 1363, -1, 1359, 1363, 1367, -1,
 1367, 1363, 1371, -1, 1367, 1371, 1383, -1, 1383, 1371, 1387, -1,
 1383, 1387, 1395, -1, 1395, 1387, 1399, -1, 1395, 1399, 1411, -1,
 1411, 1399, 1415, -1, 1411, 1415, 1417, -1, 1417, 1415, 1419, -1,
 1417, 1419, 1410, -1, 1410, 1419, 1414, -1, 1410, 1414, 1394, -1,
 1394, 1414, 1398, -1, 1394, 1398, 1382, -1, 1382, 1398, 1386, -1,
 1382, 1386, 1366, -1, 1366, 1386, 1370, -1, 1366, 1370, 1358, -1,
 1358, 1370, 1362, -1, 1358, 1362, 1338, -1, 1338, 1362, 1349, -1,
 434, 445, 450, -1, 450, 445, 454, -1, 450, 454, 458, -1,
 458, 454, 462, -1, 458, 462, 474, -1, 474, 462, 478, -1,
 474, 478, 482, -1, 482, 478, 486, -1, 482, 486, 490, -1,
 490, 486, 494, -1, 490, 494, 496, -1, 496, 494, 498, -1,
 496, 498, 489, -1, 489, 498, 493, -1, 489, 493, 481, -1,
 481, 493, 485, -1, 481, 485, 473, -1, 473, 485, 477, -1,
 473, 477, 457, -1, 457, 477, 461, -1, 457, 461, 449, -1,
 449, 461, 453, -1, 449, 453, 433, -1, 433, 453, 444, -1,
 1146, 1142, 1147, -1, 1147, 1142, 1143, -1, 1147, 1143, 538, -1,
 538, 1143, 536, -1, 538, 536, 537, -1, 537, 536, 535, -1,
 537, 535, 1146, -1, 1146, 535, 1142, -1, 411, 412, 398, -1,
 398, 412, 388, -1, 398, 388, 396, -1, 364, 366, 355, -1,
 366, 379, 355, -1, 355, 379, 383, -1, 355, 383, 388, -1,
 388, 383, 389, -1, 388, 389, 396, -1, 334, 339, 312, -1,
 312, 339, 348, -1, 313, 351, 355, -1, 355, 351, 356, -1,
 355, 356, 364, -1, 251, 250, 262, -1, 262, 250, 261, -1,
 262, 261, 274, -1, 274, 261, 273, -1, 274, 273, 296, -1,
 296, 273, 295, -1, 296, 295, 313, -1, 313, 295, 312, -1,
 313, 312, 351, -1, 351, 312, 348, -1, 306, 321, 318, -1,
 293, 280, 282, -1, 310, 307, 309, -1, 382, 386, 385, -1,
 279, 283, 281, -1, 264, 260, 258, -1, 255, 259, 258, -1,
 254, 253, 263, -1, 255, 258, 256, -1, 256, 258, 260, -1,
 256, 260, 257, -1, 282, 280, 276, -1, 276, 280, 275, -1,
 276, 275, 272, -1, 268, 267, 264, -1, 300, 298, 277, -1,
 277, 298, 294, -1, 277, 294, 276, -1, 276, 294, 284, -1,
 276, 284, 282, -1, 301, 300, 281, -1, 281, 300, 277, -1,
 281, 277, 269, -1, 269, 277, 276, -1, 269, 276, 268, -1,
 268, 276, 272, -1, 268, 272, 267, -1, 301, 281, 303, -1,
 303, 281, 283, -1, 303, 283, 304, -1, 255, 254, 259, -1,
 259, 254, 263, -1, 259, 263, 270, -1, 270, 263, 266, -1,
 270, 266, 271, -1, 264, 258, 268, -1, 268, 258, 259, -1,
 268, 259, 269, -1, 269, 259, 270, -1, 269, 270, 281, -1,
 281, 270, 271, -1, 281, 271, 279, -1, 386, 414, 385, -1,
 385, 414, 410, -1, 385, 410, 384, -1, 384, 410, 409, -1,
 384, 409, 371, -1, 371, 409, 408, -1, 323, 367, 357, -1,
 352, 350, 319, -1, 319, 350, 349, -1, 319, 349, 317, -1,
 317, 349, 340, -1, 317, 340, 336, -1, 352, 319, 365, -1,
 365, 319, 333, -1, 365, 333, 368, -1, 354, 378, 333, -1,
 333, 378, 369, -1, 333, 369, 368, -1, 408, 407, 371, -1,
 371, 407, 397, -1, 371, 397, 370, -1, 370, 397, 387, -1,
 370, 387, 354, -1, 354, 387, 380, -1, 354, 380, 378, -1,
 321, 323, 318, -1, 318, 323, 357, -1, 318, 357, 316, -1,
 316, 357, 353, -1, 316, 353, 314, -1, 314, 353, 341, -1,
 314, 341, 311, -1, 311, 341, 332, -1, 311, 332, 308, -1,
 308, 332, 320, -1, 308, 320, 302, -1, 302, 320, 315, -1,
 302, 315, 299, -1, 299, 315, 309, -1, 299, 309, 297, -1,
 297, 309, 307, -1, 367, 382, 357, -1, 357, 382, 385, -1,
 357, 385, 353, -1, 353, 385, 384, -1, 353, 384, 341, -1,
 341, 384, 371, -1, 341, 371, 332, -1, 332, 371, 370, -1,
 332, 370, 320, -1, 320, 370, 354, -1, 320, 354, 315, -1,
 315, 354, 333, -1, 315, 333, 309, -1, 309, 333, 319, -1,
 309, 319, 310, -1, 310, 319, 317, -1, 304, 306, 303, -1,
 303, 306, 318, -1, 303, 318, 301, -1, 301, 318, 316, -1,
 301, 316, 300, -1, 300, 316, 314, -1, 300, 314, 298, -1,
 298, 314, 311, -1, 298, 311, 294, -1, 294, 311, 308, -1,
 294, 308, 284, -1, 284, 308, 302, -1, 284, 302, 282, -1,
 282, 302, 299, -1, 282, 299, 293, -1, 293, 299, 297, -1,
 253, 252, 263, -1, 263, 252, 265, -1, 283, 279, 278, -1,
 278, 279, 271, -1, 278, 271, 265, -1, 265, 271, 266, -1,
 265, 266, 263, -1, 283, 278, 304, -1, 304, 278, 305, -1,
 304, 305, 306, -1, 306, 305, 321, -1, 321, 305, 322, -1,
 321, 322, 323, -1, 323, 322, 367, -1, 367, 322, 381, -1,
 367, 381, 382, -1, 382, 381, 386, -1, 386, 381, 413, -1,
 386, 413, 414, -1, 930, 932, 934, -1, 934, 932, 936, -1,
 934, 936, 944, -1, 944, 936, 946, -1, 944, 946, 947, -1,
 947, 946, 955, -1, 947, 955, 951, -1, 962, 956, 955, -1,
 955, 956, 953, -1, 955, 953, 951, -1, 973, 967, 962, -1,
 962, 967, 960, -1, 962, 960, 956, -1, 981, 975, 973, -1,
 973, 975, 971, -1, 973, 971, 967, -1, 986, 983, 981, -1,
 981, 983, 979, -1, 981, 979, 975, -1, 980, 982, 986, -1,
 986, 982, 985, -1, 986, 985, 983, -1, 931, 929, 935, -1,
 935, 929, 933, -1, 935, 933, 945, -1, 945, 933, 943, -1,
 945, 943, 954, -1, 954, 943, 952, -1, 954, 952, 961, -1,
 961, 952, 959, -1, 961, 959, 972, -1, 972, 959, 970, -1,
 972, 970, 980, -1, 980, 970, 978, -1, 980, 978, 982, -1,
 590, 594, 598, -1, 598, 594, 602, -1, 598, 602, 606, -1,
 606, 602, 610, -1, 606, 610, 614, -1, 614, 610, 618, -1,
 614, 618, 622, -1, 622, 618, 626, -1, 622, 626, 630, -1,
 630, 626, 634, -1, 630, 634, 637, -1, 637, 634, 639, -1,
 637, 639, 629, -1, 629, 639, 633, -1, 629, 633, 621, -1,
 621, 633, 625, -1, 621, 625, 613, -1, 613, 625, 617, -1,
 613, 617, 605, -1, 605, 617, 609, -1, 605, 609, 597, -1,
 597, 609, 601, -1, 597, 601, 589, -1, 589, 601, 593, -1,
 592, 596, 600, -1, 600, 596, 604, -1, 600, 604, 608, -1,
 608, 604, 612, -1, 608, 612, 616, -1, 616, 612, 620, -1,
 616, 620, 624, -1, 624, 620, 628, -1, 624, 628, 632, -1,
 632, 628, 636, -1, 632, 636, 638, -1, 638, 636, 640, -1,
 638, 640, 631, -1, 631, 640, 635, -1, 631, 635, 623, -1,
 623, 635, 627, -1, 623, 627, 615, -1, 615, 627, 619, -1,
 615, 619, 607, -1, 607, 619, 611, -1, 607, 611, 599, -1,
 599, 611, 603, -1, 599, 603, 591, -1, 591, 603, 595, -1,
 894, 896, 906, -1, 906, 896, 908, -1, 906, 908, 914, -1,
 914, 908, 916, -1, 914, 916, 922, -1, 922, 916, 924, -1,
 922, 924, 926, -1, 926, 924, 928, -1, 926, 928, 938, -1,
 938, 928, 940, -1, 938, 940, 941, -1, 941, 940, 942, -1,
 941, 942, 937, -1, 937, 942, 939, -1, 937, 939, 925, -1,
 925, 939, 927, -1, 925, 927, 921, -1, 921, 927, 923, -1,
 921, 923, 913, -1, 913, 923, 915, -1, 913, 915, 905, -1,
 905, 915, 907, -1, 905, 907, 893, -1, 893, 907, 895, -1,
 1339, 1278, 1327, -1, 1327, 1278, 1273, -1, 1327, 1273, 1279, -1,
 1326, 1318, 1410, -1, 1410, 1318, 1298, -1, 1279, 1287, 1327, -1,
 1327, 1287, 1299, -1, 1327, 1299, 1319, -1, 1339, 1359, 1278, -1,
 1278, 1359, 1367, -1, 1278, 1367, 1383, -1, 1298, 1286, 1410, -1,
 1410, 1286, 1278, -1, 1410, 1278, 1417, -1, 1383, 1395, 1278, -1,
 1278, 1395, 1411, -1, 1278, 1411, 1417, -1, 1366, 1358, 1382, -1,
 1382, 1358, 1394, -1, 1394, 1358, 1410, -1, 1410, 1358, 1338, -1,
 1410, 1338, 1326, -1, 1660, 1138, 1663, -1, 1663, 1138, 1144, -1,
 1138, 1139, 1144, -1, 1144, 1139, 1145, -1, 1381, 1277, 1365, -1,
 1365, 1277, 1285, -1, 1317, 1325, 1337, -1, 1416, 1272, 1409, -1,
 1409, 1272, 1277, -1, 1409, 1277, 1393, -1, 1393, 1277, 1381, -1,
 1285, 1297, 1365, -1, 1365, 1297, 1317, -1, 1365, 1317, 1357, -1,
 1357, 1317, 1337, -1, 1136, 1137, 1140, -1, 1140, 1137, 1141, -1,
 1137, 1658, 1141, -1, 1141, 1658, 1662, -1, 541, 544, 540, -1,
 540, 544, 543, -1, 540, 543, 539, -1, 539, 543, 542, -1,
 439, 440, 467, -1, 467, 440, 451, -1, 467, 451, 503, -1,
 503, 451, 459, -1, 503, 459, 511, -1, 511, 459, 475, -1,
 511, 475, 519, -1, 519, 475, 483, -1, 519, 483, 527, -1,
 527, 483, 491, -1, 527, 491, 533, -1, 533, 491, 497, -1,
 533, 497, 528, -1, 528, 497, 492, -1, 528, 492, 520, -1,
 520, 492, 484, -1, 520, 484, 512, -1, 512, 484, 476, -1,
 512, 476, 504, -1, 504, 476, 460, -1, 504, 460, 468, -1,
 468, 460, 452, -1, 468, 452, 442, -1, 452, 441, 442, -1,
 442, 441, 428, -1, 442, 428, 404, -1, 404, 428, 420, -1,
 404, 420, 329, -1, 329, 420, 393, -1, 329, 393, 290, -1,
 290, 393, 375, -1, 290, 375, 143, -1, 143, 375, 361, -1,
 143, 361, 135, -1, 135, 361, 345, -1, 135, 345, 128, -1,
 128, 345, 337, -1, 128, 337, 134, -1, 134, 337, 344, -1,
 134, 344, 142, -1, 142, 344, 360, -1, 142, 360, 289, -1,
 289, 360, 374, -1, 289, 374, 328, -1, 328, 374, 392, -1,
 328, 392, 403, -1, 403, 392, 419, -1, 403, 419, 439, -1,
 439, 419, 427, -1, 439, 427, 440, -1, 439, 435, 399, -1,
 439, 399, 403, -1, 403, 399, 324, -1, 403, 324, 328, -1,
 328, 324, 285, -1, 328, 285, 289, -1, 289, 285, 138, -1,
 289, 138, 142, -1, 142, 138, 130, -1, 142, 130, 134, -1,
 134, 130, 126, -1, 134, 126, 128, -1, 128, 126, 131, -1,
 128, 131, 135, -1, 135, 131, 139, -1, 135, 139, 143, -1,
 143, 139, 286, -1, 143, 286, 290, -1, 290, 286, 325, -1,
 290, 325, 329, -1, 329, 325, 400, -1, 329, 400, 404, -1,
 404, 400, 436, -1, 404, 436, 442, -1, 1414, 1494, 1398, -1,
 1398, 1494, 1462, -1, 1398, 1462, 1386, -1, 1386, 1462, 1450, -1,
 1386, 1450, 1370, -1, 1370, 1450, 1426, -1, 1370, 1426, 1362, -1,
 1362, 1426, 1378, -1, 1362, 1378, 1349, -1, 1349, 1378, 1348, -1,
 1349, 1348, 1330, -1, 1330, 1348, 1314, -1, 1330, 1314, 1322, -1,
 1322, 1314, 1270, -1, 1322, 1270, 1302, -1, 1302, 1270, 1174, -1,
 1302, 1174, 1290, -1, 1290, 1174, 1166, -1, 1290, 1166, 1282, -1,
 1282, 1166, 1158, -1, 1282, 1158, 1275, -1, 1275, 1158, 1151, -1,
 1275, 1151, 1283, -1, 1283, 1151, 1159, -1, 1283, 1159, 1291, -1,
 1291, 1159, 1167, -1, 1291, 1167, 1303, -1, 1303, 1167, 1175, -1,
 1303, 1175, 1323, -1, 1323, 1175, 1271, -1, 1323, 1271, 1331, -1,
 1331, 1271, 1315, -1, 1331, 1315, 1350, -1, 1350, 1315, 1351, -1,
 1350, 1351, 1363, -1, 1363, 1351, 1379, -1, 1363, 1379, 1371, -1,
 1371, 1379, 1427, -1, 1371, 1427, 1387, -1, 1387, 1427, 1451, -1,
 1387, 1451, 1399, -1, 1399, 1451, 1463, -1, 1399, 1463, 1415, -1,
 1415, 1463, 1495, -1, 1415, 1495, 1419, -1, 1419, 1495, 1507, -1,
 1419, 1507, 1414, -1, 1414, 1507, 1494, -1, 1348, 1342, 1310, -1,
 1348, 1310, 1314, -1, 1314, 1310, 1266, -1, 1314, 1266, 1270, -1,
 1270, 1266, 1170, -1, 1270, 1170, 1174, -1, 1174, 1170, 1162, -1,
 1174, 1162, 1166, -1, 1166, 1162, 1154, -1, 1166, 1154, 1158, -1,
 1158, 1154, 1149, -1, 1158, 1149, 1151, -1, 1151, 1149, 1155, -1,
 1151, 1155, 1159, -1, 1159, 1155, 1163, -1, 1159, 1163, 1167, -1,
 1167, 1163, 1171, -1, 1167, 1171, 1175, -1, 1175, 1171, 1267, -1,
 1175, 1267, 1271, -1, 1271, 1267, 1311, -1, 1271, 1311, 1315, -1,
 1315, 1311, 1343, -1, 1315, 1343, 1351, -1, 443, 444, 469, -1,
 469, 444, 453, -1, 469, 453, 505, -1, 505, 453, 461, -1,
 505, 461, 513, -1, 513, 461, 477, -1, 513, 477, 521, -1,
 521, 477, 485, -1, 521, 485, 529, -1, 529, 485, 493, -1,
 529, 493, 534, -1, 534, 493, 498, -1, 534, 498, 530, -1,
 530, 498, 494, -1, 530, 494, 522, -1, 522, 494, 486, -1,
 522, 486, 514, -1, 514, 486, 478, -1, 514, 478, 506, -1,
 506, 478, 462, -1, 506, 462, 470, -1, 470, 462, 454, -1,
 470, 454, 446, -1, 454, 445, 446, -1, 446, 445, 430, -1,
 446, 430, 406, -1, 406, 430, 422, -1, 406, 422, 331, -1,
 331, 422, 395, -1, 331, 395, 292, -1, 292, 395, 377, -1,
 292, 377, 145, -1, 145, 377, 363, -1, 145, 363, 137, -1,
 137, 363, 347, -1, 137, 347, 129, -1, 129, 347, 338, -1,
 129, 338, 136, -1, 136, 338, 346, -1, 136, 346, 144, -1,
 144, 346, 362, -1, 144, 362, 291, -1, 291, 362, 376, -1,
 291, 376, 330, -1, 330, 376, 394, -1, 330, 394, 405, -1,
 405, 394, 421, -1, 405, 421, 443, -1, 443, 421, 429, -1,
 443, 429, 444, -1, 443, 437, 401, -1, 443, 401, 405, -1,
 405, 401, 326, -1, 405, 326, 330, -1, 330, 326, 287, -1,
 330, 287, 291, -1, 291, 287, 140, -1, 291, 140, 144, -1,
 144, 140, 132, -1, 144, 132, 136, -1, 136, 132, 127, -1,
 136, 127, 129, -1, 129, 127, 133, -1, 129, 133, 137, -1,
 137, 133, 141, -1, 137, 141, 145, -1, 145, 141, 288, -1,
 145, 288, 292, -1, 292, 288, 327, -1, 292, 327, 331, -1,
 331, 327, 402, -1, 331, 402, 406, -1, 406, 402, 438, -1,
 406, 438, 446, -1, 1412, 1492, 1396, -1, 1396, 1492, 1460, -1,
 1396, 1460, 1384, -1, 1384, 1460, 1448, -1, 1384, 1448, 1368, -1,
 1368, 1448, 1424, -1, 1368, 1424, 1360, -1, 1360, 1424, 1376, -1,
 1360, 1376, 1345, -1, 1345, 1376, 1344, -1, 1345, 1344, 1328, -1,
 1328, 1344, 1312, -1, 1328, 1312, 1320, -1, 1320, 1312, 1268, -1,
 1320, 1268, 1300, -1, 1300, 1268, 1172, -1, 1300, 1172, 1288, -1,
 1288, 1172, 1164, -1, 1288, 1164, 1280, -1, 1280, 1164, 1156, -1,
 1280, 1156, 1274, -1, 1274, 1156, 1150, -1, 1274, 1150, 1281, -1,
 1281, 1150, 1157, -1, 1281, 1157, 1289, -1, 1289, 1157, 1165, -1,
 1289, 1165, 1301, -1, 1301, 1165, 1173, -1, 1301, 1173, 1321, -1,
 1321, 1173, 1269, -1, 1321, 1269, 1329, -1, 1329, 1269, 1313, -1,
 1329, 1313, 1346, -1, 1346, 1313, 1347, -1, 1346, 1347, 1361, -1,
 1361, 1347, 1377, -1, 1361, 1377, 1369, -1, 1369, 1377, 1425, -1,
 1369, 1425, 1385, -1, 1385, 1425, 1449, -1, 1385, 1449, 1397, -1,
 1397, 1449, 1461, -1, 1397, 1461, 1413, -1, 1413, 1461, 1493, -1,
 1413, 1493, 1418, -1, 1418, 1493, 1506, -1, 1418, 1506, 1412, -1,
 1412, 1506, 1492, -1, 1344, 1340, 1308, -1, 1344, 1308, 1312, -1,
 1312, 1308, 1264, -1, 1312, 1264, 1268, -1, 1268, 1264, 1168, -1,
 1268, 1168, 1172, -1, 1172, 1168, 1160, -1, 1172, 1160, 1164, -1,
 1164, 1160, 1152, -1, 1164, 1152, 1156, -1, 1156, 1152, 1148, -1,
 1156, 1148, 1150, -1, 1150, 1148, 1153, -1, 1150, 1153, 1157, -1,
 1157, 1153, 1161, -1, 1157, 1161, 1165, -1, 1165, 1161, 1169, -1,
 1165, 1169, 1173, -1, 1173, 1169, 1265, -1, 1173, 1265, 1269, -1,
 1269, 1265, 1309, -1, 1269, 1309, 1313, -1, 1313, 1309, 1341, -1,
 1313, 1341, 1347, -1, 1075, 1101, 1097, -1, 1075, 1097, 1071, -1,
 1071, 1097, 1093, -1, 1071, 1093, 1067, -1, 1067, 1093, 1063, -1,
 1063, 1093, 1089, -1, 1063, 1089, 1059, -1, 1059, 1089, 1055, -1,
 1055, 1089, 1085, -1, 1055, 1085, 1051, -1, 1051, 1085, 1081, -1,
 1051, 1081, 1050, -1, 1092, 1096, 1074, -1, 1124, 1121, 1127, -1,
 1127, 1121, 1117, -1, 1127, 1126, 1124, -1, 1124, 1126, 1130, -1,
 1124, 1130, 1120, -1, 1117, 1113, 1127, -1, 1127, 1113, 1109, -1,
 1127, 1109, 1075, -1, 1075, 1109, 1105, -1, 1075, 1105, 1101, -1,
 1096, 1100, 1074, -1, 1074, 1100, 1104, -1, 1074, 1104, 1133, -1,
 1133, 1104, 1108, -1, 1133, 1108, 1112, -1, 1130, 1131, 1120, -1,
 1120, 1131, 1132, -1, 1120, 1132, 1134, -1, 1081, 1078, 1050, -1,
 1050, 1078, 1080, -1, 1050, 1080, 1054, -1, 1054, 1080, 1084, -1,
 1054, 1084, 1058, -1, 1058, 1084, 1088, -1, 1074, 1070, 1092, -1,
 1092, 1070, 1066, -1, 1092, 1066, 1088, -1, 1088, 1066, 1062, -1,
 1088, 1062, 1058, -1, 1112, 1116, 1133, -1, 1133, 1116, 1120, -1,
 1133, 1120, 1135, -1, 1135, 1120, 1134, -1, 1023, 1017, 1256, -1,
 1304, 982, 1332, -1, 1332, 982, 1352, -1, 1252, 1200, 1074, -1,
 1260, 1000, 994, -1, 1256, 1017, 1260, -1, 1260, 1017, 1004, -1,
 1260, 1004, 1000, -1, 1304, 1292, 982, -1, 982, 1292, 1260, -1,
 982, 1260, 992, -1, 992, 1260, 994, -1, 1074, 1133, 1252, -1,
 1252, 1133, 1046, -1, 1252, 1046, 1256, -1, 1256, 1046, 1044, -1,
 1256, 1044, 1038, -1, 1038, 1033, 1256, -1, 1256, 1033, 1031, -1,
 1256, 1031, 1023, -1, 1201, 1227, 1231, -1, 1239, 1243, 1253, -1,
 1253, 1243, 1247, -1, 1253, 1247, 1252, -1, 1210, 1206, 1176, -1,
 1176, 1206, 1204, -1, 1176, 1204, 1177, -1, 1201, 1231, 1253, -1,
 1253, 1231, 1235, -1, 1253, 1235, 1239, -1, 1247, 1250, 1252, -1,
 1252, 1250, 1246, -1, 1252, 1246, 1242, -1, 1176, 1180, 1210, -1,
 1210, 1180, 1184, -1, 1210, 1184, 1214, -1, 1227, 1201, 1223, -1,
 1223, 1201, 1197, -1, 1223, 1197, 1219, -1, 1242, 1238, 1252, -1,
 1252, 1238, 1234, -1, 1252, 1234, 1200, -1, 1200, 1234, 1230, -1,
 1230, 1226, 1200, -1, 1200, 1226, 1222, -1, 1200, 1222, 1196, -1,
 1196, 1222, 1218, -1, 1196, 1218, 1192, -1, 1192, 1218, 1214, -1,
 1192, 1214, 1188, -1, 1188, 1214, 1184, -1, 1204, 1207, 1177, -1,
 1177, 1207, 1211, -1, 1177, 1211, 1181, -1, 1181, 1211, 1215, -1,
 1197, 1193, 1219, -1, 1219, 1193, 1189, -1, 1219, 1189, 1215, -1,
 1215, 1189, 1185, -1, 1215, 1185, 1181, -1, 1333, 1353, 948, -1,
 1333, 948, 1305, -1, 1305, 948, 964, -1, 1305, 964, 989, -1,
 989, 1009, 1305, -1, 1305, 1009, 1028, -1, 1305, 1028, 1293, -1,
 1293, 1028, 1041, -1, 1293, 1041, 1261, -1, 1075, 1201, 1127, -1,
 1127, 1201, 1253, -1, 1127, 1253, 1041, -1, 1041, 1253, 1257, -1,
 1041, 1257, 1261, -1, 1176, 1177, 1050, -1, 1050, 1177, 1051, -1,
 1100, 1226, 1104, -1, 1104, 1226, 1230, -1, 1104, 1230, 1108, -1,
 1108, 1230, 1234, -1, 1108, 1234, 1112, -1, 1112, 1234, 1238, -1,
 1112, 1238, 1116, -1, 1116, 1238, 1242, -1, 1116, 1242, 1120, -1,
 1120, 1242, 1246, -1, 1120, 1246, 1124, -1, 1124, 1246, 1250, -1,
 1124, 1250, 1121, -1, 1121, 1250, 1247, -1, 1121, 1247, 1117, -1,
 1117, 1247, 1243, -1, 1117, 1243, 1113, -1, 1113, 1243, 1239, -1,
 1113, 1239, 1109, -1, 1109, 1239, 1235, -1, 1109, 1235, 1105, -1,
 1105, 1235, 1231, -1, 1105, 1231, 1101, -1, 1101, 1231, 1227, -1,
 1076, 1102, 1106, -1, 1114, 1118, 1128, -1, 1128, 1118, 1122, -1,
 1128, 1122, 1129, -1, 1087, 1083, 1053, -1, 1053, 1083, 1079, -1,
 1053, 1079, 1052, -1, 1076, 1106, 1128, -1, 1128, 1106, 1110, -1,
 1128, 1110, 1114, -1, 1122, 1125, 1129, -1, 1129, 1125, 1123, -1,
 1129, 1123, 1119, -1, 1053, 1057, 1087, -1, 1087, 1057, 1061, -1,
 1087, 1061, 1091, -1, 1119, 1115, 1129, -1, 1129, 1115, 1111, -1,
 1129, 1111, 1077, -1, 1077, 1111, 1107, -1, 1107, 1103, 1077, -1,
 1077, 1103, 1099, -1, 1077, 1099, 1073, -1, 1073, 1099, 1095, -1,
 1073, 1095, 1069, -1, 1069, 1095, 1091, -1, 1069, 1091, 1065, -1,
 1065, 1091, 1061, -1, 1079, 1082, 1052, -1, 1052, 1082, 1086, -1,
 1052, 1086, 1056, -1, 1056, 1086, 1090, -1, 1102, 1076, 1098, -1,
 1098, 1076, 1072, -1, 1098, 1072, 1094, -1, 1072, 1068, 1094, -1,
 1094, 1068, 1064, -1, 1094, 1064, 1090, -1, 1090, 1064, 1060, -1,
 1090, 1060, 1056, -1, 949, 1354, 965, -1, 965, 1354, 990, -1,
 1354, 1334, 990, -1, 990, 1334, 1306, -1, 990, 1306, 1294, -1,
 1042, 1029, 1294, -1, 1294, 1029, 1010, -1, 1294, 1010, 990, -1,
 1202, 1076, 1254, -1, 1254, 1076, 1128, -1, 1254, 1128, 1258, -1,
 1258, 1128, 1042, -1, 1258, 1042, 1262, -1, 1262, 1042, 1294, -1,
 1179, 1178, 1208, -1, 1208, 1178, 1212, -1, 1212, 1178, 1182, -1,
 1212, 1182, 1216, -1, 1241, 1245, 1255, -1, 1182, 1186, 1216, -1,
 1216, 1186, 1190, -1, 1216, 1190, 1220, -1, 1245, 1249, 1255, -1,
 1255, 1249, 1251, -1, 1255, 1251, 1254, -1, 1254, 1251, 1248, -1,
 1254, 1248, 1244, -1, 1190, 1194, 1220, -1, 1220, 1194, 1198, -1,
 1220, 1198, 1224, -1, 1224, 1198, 1202, -1, 1224, 1202, 1228, -1,
 1221, 1225, 1203, -1, 1244, 1240, 1254, -1, 1254, 1240, 1236, -1,
 1254, 1236, 1202, -1, 1202, 1236, 1232, -1, 1202, 1232, 1228, -1,
 1203, 1199, 1221, -1, 1221, 1199, 1195, -1, 1221, 1195, 1217, -1,
 1225, 1229, 1203, -1, 1203, 1229, 1233, -1, 1203, 1233, 1255, -1,
 1255, 1233, 1237, -1, 1255, 1237, 1241, -1, 1208, 1205, 1179, -1,
 1179, 1205, 1209, -1, 1179, 1209, 1183, -1, 1183, 1209, 1213, -1,
 1183, 1213, 1187, -1, 1187, 1213, 1217, -1, 1187, 1217, 1191, -1,
 1191, 1217, 1195, -1, 1335, 1355, 950, -1, 1335, 950, 1307, -1,
 1307, 950, 966, -1, 1307, 966, 991, -1, 991, 1011, 1307, -1,
 1307, 1011, 1030, -1, 1307, 1030, 1295, -1, 1295, 1030, 1043, -1,
 1295, 1043, 1263, -1, 1077, 1203, 1129, -1, 1129, 1203, 1255, -1,
 1129, 1255, 1043, -1, 1043, 1255, 1259, -1, 1043, 1259, 1263, -1,
 1178, 1179, 1052, -1, 1052, 1179, 1053, -1, 1102, 1228, 1106, -1,
 1106, 1228, 1232, -1, 1106, 1232, 1110, -1, 1110, 1232, 1236, -1,
 1110, 1236, 1114, -1, 1114, 1236, 1240, -1, 1114, 1240, 1118, -1,
 1118, 1240, 1244, -1, 1118, 1244, 1122, -1, 1122, 1244, 1248, -1,
 1122, 1248, 1125, -1, 1125, 1248, 1251, -1, 1125, 1251, 1123, -1,
 1123, 1251, 1249, -1, 1123, 1249, 1119, -1, 1119, 1249, 1245, -1,
 1119, 1245, 1115, -1, 1115, 1245, 1241, -1, 1115, 1241, 1111, -1,
 1111, 1241, 1237, -1, 1111, 1237, 1107, -1, 1107, 1237, 1233, -1,
 1107, 1233, 1103, -1, 1103, 1233, 1229, -1, 1008, 996, 999, -1,
 1047, 1036, 1037, -1, 1044, 1046, 1049, -1, 1047, 1130, 1126, -1,
 1049, 1134, 1132, -1, 1046, 1133, 1049, -1, 1049, 1133, 1135, -1,
 1049, 1135, 1134, -1, 1034, 1025, 1033, -1, 1033, 1025, 1024, -1,
 1033, 1024, 1031, -1, 1031, 1024, 1023, -1, 1000, 1004, 1005, -1,
 985, 982, 997, -1, 997, 982, 992, -1, 997, 992, 995, -1,
 995, 992, 994, -1, 1032, 1020, 1021, -1, 1038, 1044, 1039, -1,
 1039, 1044, 1049, -1, 1039, 1049, 1048, -1, 1048, 1049, 1132, -1,
 1048, 1132, 1131, -1, 1020, 1032, 1019, -1, 1019, 1032, 1026, -1,
 1019, 1026, 1015, -1, 1036, 1026, 1037, -1, 1037, 1026, 1032, -1,
 1037, 1032, 1034, -1, 1034, 1032, 1021, -1, 1034, 1021, 1025, -1,
 1015, 1026, 1013, -1, 1013, 1026, 1022, -1, 1013, 1022, 1012, -1,
 1033, 1038, 1034, -1, 1034, 1038, 1039, -1, 1034, 1039, 1037, -1,
 1037, 1039, 1048, -1, 1037, 1048, 1047, -1, 1047, 1048, 1131, -1,
 1047, 1131, 1130, -1, 1126, 1045, 1047, -1, 1047, 1045, 1040, -1,
 1047, 1040, 1036, -1, 1036, 1040, 1035, -1, 1036, 1035, 1026, -1,
 1026, 1035, 1027, -1, 1026, 1027, 1022, -1, 969, 956, 960, -1,
 969, 960, 977, -1, 956, 969, 953, -1, 953, 969, 968, -1,
 953, 968, 951, -1, 951, 968, 958, -1, 951, 958, 947, -1,
 974, 963, 958, -1, 958, 963, 957, -1, 958, 957, 947, -1,
 993, 979, 997, -1, 997, 979, 983, -1, 997, 983, 985, -1,
 960, 967, 977, -1, 977, 967, 971, -1, 977, 971, 993, -1,
 993, 971, 975, -1, 993, 975, 979, -1, 996, 988, 999, -1,
 999, 988, 976, -1, 999, 976, 1001, -1, 1001, 976, 984, -1,
 1001, 984, 1003, -1, 1003, 984, 987, -1, 1003, 987, 1007, -1,
 1007, 987, 998, -1, 1007, 998, 1014, -1, 1014, 998, 1002, -1,
 1014, 1002, 1018, -1, 1018, 1002, 1006, -1, 1018, 1006, 1016, -1,
 1016, 1006, 1005, -1, 1016, 1005, 1017, -1, 1017, 1005, 1004, -1,
 988, 974, 976, -1, 976, 974, 958, -1, 976, 958, 984, -1,
 984, 958, 968, -1, 984, 968, 987, -1, 987, 968, 969, -1,
 987, 969, 998, -1, 998, 969, 977, -1, 998, 977, 1002, -1,
 1002, 977, 993, -1, 1002, 993, 1006, -1, 1006, 993, 997, -1,
 1006, 997, 1005, -1, 1005, 997, 995, -1, 1005, 995, 1000, -1,
 1000, 995, 994, -1, 1012, 1008, 1013, -1, 1013, 1008, 999, -1,
 1013, 999, 1015, -1, 1015, 999, 1001, -1, 1015, 1001, 1019, -1,
 1019, 1001, 1003, -1, 1019, 1003, 1020, -1, 1020, 1003, 1007, -1,
 1020, 1007, 1021, -1, 1021, 1007, 1014, -1, 1021, 1014, 1025, -1,
 1025, 1014, 1018, -1, 1025, 1018, 1024, -1, 1024, 1018, 1016, -1,
 1024, 1016, 1023, -1, 1023, 1016, 1017, -1, 947, 957, 948, -1,
 948, 957, 964, -1, 957, 963, 964, -1, 964, 963, 974, -1,
 964, 974, 989, -1, 974, 988, 989, -1, 989, 988, 996, -1,
 989, 996, 1009, -1, 1009, 996, 1008, -1, 1009, 1008, 1028, -1,
 1028, 1008, 1012, -1, 1028, 1012, 1022, -1, 1022, 1027, 1028, -1,
 1028, 1027, 1035, -1, 1028, 1035, 1041, -1, 1126, 1127, 1045, -1,
 1045, 1127, 1041, -1, 1045, 1041, 1040, -1, 1040, 1041, 1035, -1,
 950, 949, 966, -1, 966, 949, 965, -1, 966, 965, 991, -1,
 991, 965, 990, -1, 991, 990, 1011, -1, 1011, 990, 1010, -1,
 1011, 1010, 1030, -1, 1030, 1010, 1029, -1, 1030, 1029, 1043, -1,
 1043, 1029, 1042, -1, 1043, 1042, 1129, -1, 1129, 1042, 1128, -1,
 1352, 1353, 1332, -1, 1332, 1353, 1333, -1, 1332, 1333, 1304, -1,
 1304, 1333, 1305, -1, 1304, 1305, 1292, -1, 1292, 1305, 1293, -1,
 1292, 1293, 1260, -1, 1260, 1293, 1261, -1, 1260, 1261, 1256, -1,
 1256, 1261, 1257, -1, 1256, 1257, 1252, -1, 1252, 1257, 1253, -1,
 1354, 1355, 1334, -1, 1334, 1355, 1335, -1, 1334, 1335, 1306, -1,
 1306, 1335, 1307, -1, 1306, 1307, 1294, -1, 1294, 1307, 1295, -1,
 1294, 1295, 1262, -1, 1262, 1295, 1263, -1, 1262, 1263, 1258, -1,
 1258, 1263, 1259, -1, 1258, 1259, 1254, -1, 1254, 1259, 1255, -1,
 1074, 1200, 1196, -1, 1074, 1196, 1070, -1, 1070, 1196, 1192, -1,
 1070, 1192, 1066, -1, 1066, 1192, 1188, -1, 1066, 1188, 1062, -1,
 1062, 1188, 1184, -1, 1062, 1184, 1058, -1, 1058, 1184, 1180, -1,
 1058, 1180, 1054, -1, 1054, 1180, 1176, -1, 1054, 1176, 1050, -1,
 1201, 1075, 1071, -1, 1201, 1071, 1197, -1, 1197, 1071, 1067, -1,
 1197, 1067, 1193, -1, 1193, 1067, 1063, -1, 1193, 1063, 1189, -1,
 1189, 1063, 1059, -1, 1189, 1059, 1185, -1, 1185, 1059, 1055, -1,
 1185, 1055, 1181, -1, 1181, 1055, 1051, -1, 1181, 1051, 1177, -1,
 1076, 1202, 1198, -1, 1076, 1198, 1072, -1, 1072, 1198, 1194, -1,
 1072, 1194, 1068, -1, 1068, 1194, 1190, -1, 1068, 1190, 1064, -1,
 1064, 1190, 1186, -1, 1064, 1186, 1060, -1, 1060, 1186, 1182, -1,
 1060, 1182, 1056, -1, 1056, 1182, 1178, -1, 1056, 1178, 1052, -1,
 1203, 1077, 1073, -1, 1203, 1073, 1199, -1, 1199, 1073, 1069, -1,
 1199, 1069, 1195, -1, 1195, 1069, 1065, -1, 1195, 1065, 1191, -1,
 1191, 1065, 1061, -1, 1191, 1061, 1187, -1, 1187, 1061, 1057, -1,
 1187, 1057, 1183, -1, 1183, 1057, 1053, -1, 1183, 1053, 1179, -1,
 1466, 668, 1482, -1, 1482, 668, 1498, -1, 797, 805, 1452, -1,
 717, 725, 660, -1, 660, 725, 733, -1, 656, 654, 701, -1,
 701, 654, 652, -1, 701, 652, 697, -1, 1552, 1657, 1572, -1,
 1572, 1657, 1583, -1, 759, 773, 1452, -1, 1452, 773, 789, -1,
 1452, 789, 797, -1, 717, 660, 701, -1, 701, 660, 658, -1,
 701, 658, 656, -1, 1653, 1607, 1657, -1, 1657, 1607, 1591, -1,
 1657, 1591, 1583, -1, 1552, 1538, 1657, -1, 1657, 1538, 1526, -1,
 1657, 1526, 668, -1, 668, 1526, 1510, -1, 668, 1510, 1498, -1,
 805, 821, 1452, -1, 1452, 821, 829, -1, 1452, 829, 1466, -1,
 1466, 829, 823, -1, 1466, 823, 807, -1, 1452, 1464, 759, -1,
 759, 1464, 660, -1, 759, 660, 749, -1, 749, 660, 733, -1,
 1464, 1480, 660, -1, 660, 1480, 1496, -1, 660, 1496, 1532, -1,
 1532, 1496, 1508, -1, 1508, 1524, 1532, -1, 1532, 1524, 1536, -1,
 1532, 1536, 1578, -1, 1578, 1536, 1550, -1, 1578, 1550, 1617, -1,
 1617, 1550, 1570, -1, 1617, 1570, 1635, -1, 1635, 1570, 1581, -1,
 1635, 1581, 1649, -1, 1649, 1581, 1589, -1, 1649, 1589, 1651, -1,
 1651, 1589, 1605, -1, 1651, 1605, 1653, -1, 1653, 1605, 1613, -1,
 1653, 1613, 1607, -1, 807, 799, 1466, -1, 1466, 799, 791, -1,
 1466, 791, 668, -1, 668, 791, 775, -1, 668, 775, 761, -1,
 761, 751, 668, -1, 668, 751, 735, -1, 668, 735, 646, -1,
 646, 735, 727, -1, 652, 650, 697, -1, 697, 650, 644, -1,
 697, 644, 703, -1, 703, 644, 646, -1, 703, 646, 719, -1,
 719, 646, 727, -1, 833, 813, 1533, -1, 1654, 1645, 1652, -1,
 1652, 1645, 1637, -1, 1652, 1637, 1650, -1, 1650, 1637, 1627, -1,
 1650, 1627, 1636, -1, 1636, 1627, 1619, -1, 1636, 1619, 1618, -1,
 1618, 1619, 1597, -1, 1618, 1597, 1579, -1, 1579, 1597, 1562, -1,
 1579, 1562, 1533, -1, 1533, 1562, 1534, -1, 1472, 851, 1516, -1,
 1516, 851, 857, -1, 1516, 857, 1534, -1, 1534, 857, 849, -1,
 1534, 849, 1533, -1, 1533, 849, 841, -1, 1533, 841, 833, -1,
 711, 743, 649, -1, 815, 835, 1472, -1, 1472, 835, 843, -1,
 1472, 843, 851, -1, 813, 781, 1533, -1, 1533, 781, 757, -1,
 1533, 757, 661, -1, 661, 757, 741, -1, 661, 741, 709, -1,
 1428, 1400, 783, -1, 1400, 1388, 783, -1, 783, 1388, 1402, -1,
 783, 1402, 763, -1, 1631, 1599, 1641, -1, 1641, 1599, 1665, -1,
 1641, 1665, 1647, -1, 1631, 1623, 1599, -1, 1599, 1623, 1601, -1,
 1599, 1601, 1566, -1, 1599, 1621, 1665, -1, 1665, 1621, 1629, -1,
 1665, 1629, 1654, -1, 1654, 1629, 1639, -1, 1654, 1639, 1645, -1,
 669, 675, 645, -1, 645, 675, 683, -1, 645, 683, 649, -1,
 649, 683, 691, -1, 649, 691, 711, -1, 815, 1472, 783, -1,
 783, 1472, 1436, -1, 783, 1436, 1428, -1, 1474, 1542, 859, -1,
 859, 1542, 1520, -1, 859, 1520, 1476, -1, 1474, 1518, 1542, -1,
 1542, 1518, 1540, -1, 1542, 1540, 1566, -1, 1566, 1540, 1564, -1,
 1566, 1564, 1599, -1, 771, 787, 1404, -1, 1404, 787, 819, -1,
 1404, 819, 839, -1, 859, 853, 1474, -1, 1474, 853, 845, -1,
 1474, 845, 1438, -1, 677, 671, 649, -1, 709, 689, 661, -1,
 661, 689, 681, -1, 661, 681, 659, -1, 659, 681, 673, -1,
 659, 673, 657, -1, 645, 651, 669, -1, 669, 651, 653, -1,
 669, 653, 673, -1, 673, 653, 655, -1, 673, 655, 657, -1,
 839, 847, 1404, -1, 1404, 847, 855, -1, 1404, 855, 1432, -1,
 1432, 855, 859, -1, 1432, 859, 1440, -1, 1440, 859, 1476, -1,
 763, 765, 743, -1, 743, 765, 745, -1, 1625, 1633, 1665, -1,
 1665, 1633, 1643, -1, 1665, 1643, 1647, -1, 745, 713, 743, -1,
 743, 713, 693, -1, 743, 693, 649, -1, 649, 693, 685, -1,
 649, 685, 677, -1, 671, 679, 649, -1, 649, 679, 687, -1,
 649, 687, 695, -1, 1442, 1478, 649, -1, 649, 1478, 1522, -1,
 649, 1522, 1580, -1, 1438, 845, 1430, -1, 1430, 845, 837, -1,
 1430, 837, 1402, -1, 1402, 837, 817, -1, 1402, 817, 763, -1,
 763, 817, 785, -1, 763, 785, 765, -1, 695, 715, 649, -1,
 649, 715, 747, -1, 649, 747, 771, -1, 1522, 1548, 1580, -1,
 1580, 1548, 1568, -1, 1580, 1568, 1665, -1, 1665, 1568, 1603, -1,
 1665, 1603, 1625, -1, 1404, 1390, 771, -1, 771, 1390, 1406, -1,
 771, 1406, 649, -1, 649, 1406, 1434, -1, 649, 1434, 1442, -1,
 1664, 1580, 1665, -1, 660, 1532, 661, -1, 661, 1532, 1533, -1,
 649, 648, 647, -1, 649, 647, 645, -1, 645, 647, 646, -1,
 645, 646, 644, -1, 729, 737, 647, -1, 793, 801, 1139, -1,
 801, 809, 1139, -1, 1139, 809, 825, -1, 1139, 825, 1145, -1,
 1145, 825, 831, -1, 1145, 831, 827, -1, 648, 705, 647, -1,
 647, 705, 721, -1, 647, 721, 729, -1, 737, 753, 647, -1,
 647, 753, 767, -1, 647, 767, 1139, -1, 1139, 767, 777, -1,
 1139, 777, 793, -1, 827, 811, 1145, -1, 1145, 811, 803, -1,
 1145, 803, 795, -1, 739, 731, 648, -1, 648, 731, 723, -1,
 723, 707, 648, -1, 648, 707, 699, -1, 648, 699, 705, -1,
 795, 779, 1145, -1, 1145, 779, 769, -1, 1145, 769, 648, -1,
 648, 769, 755, -1, 648, 755, 739, -1, 1391, 1390, 1404, -1,
 1391, 1404, 1405, -1, 1405, 1404, 1432, -1, 1405, 1432, 1433, -1,
 1433, 1432, 1440, -1, 1433, 1440, 1441, -1, 1441, 1440, 1476, -1,
 1441, 1476, 1477, -1, 1477, 1476, 1520, -1, 1477, 1520, 1521, -1,
 1521, 1520, 1542, -1, 1521, 1542, 1543, -1, 1543, 1542, 1566, -1,
 1543, 1566, 1567, -1, 1567, 1566, 1601, -1, 1567, 1601, 1602, -1,
 1602, 1601, 1623, -1, 1602, 1623, 1624, -1, 1624, 1623, 1631, -1,
 1624, 1631, 1632, -1, 1632, 1631, 1641, -1, 1632, 1641, 1642, -1,
 1642, 1641, 1647, -1, 1642, 1647, 1648, -1, 1575, 1602, 1586, -1,
 1586, 1602, 1624, -1, 1586, 1624, 1594, -1, 1594, 1624, 1632, -1,
 1594, 1632, 1610, -1, 1610, 1632, 1642, -1, 1610, 1642, 1616, -1,
 1616, 1642, 1648, -1, 1616, 1648, 1612, -1, 1612, 1648, 1644, -1,
 1612, 1644, 1596, -1, 1596, 1644, 1634, -1, 1596, 1634, 1588, -1,
 1588, 1634, 1626, -1, 1588, 1626, 1577, -1, 1577, 1626, 1604, -1,
 1577, 1604, 1557, -1, 1557, 1604, 1569, -1, 1557, 1569, 1547, -1,
 1547, 1569, 1549, -1, 1547, 1549, 1531, -1, 1531, 1549, 1523, -1,
 1531, 1523, 1515, -1, 1515, 1523, 1479, -1, 1515, 1479, 1503, -1,
 1503, 1479, 1443, -1, 1503, 1443, 1487, -1, 1487, 1443, 1435, -1,
 1487, 1435, 1471, -1, 1471, 1435, 1407, -1, 1471, 1407, 1455, -1,
 1455, 1407, 1391, -1, 1455, 1391, 1469, -1, 1469, 1391, 1405, -1,
 1469, 1405, 1485, -1, 1485, 1405, 1433, -1, 1485, 1433, 1501, -1,
 1501, 1433, 1441, -1, 1501, 1441, 1513, -1, 1513, 1441, 1477, -1,
 1513, 1477, 1529, -1, 1529, 1477, 1521, -1, 1529, 1521, 1545, -1,
 1545, 1521, 1543, -1, 1545, 1543, 1555, -1, 1555, 1543, 1567, -1,
 1555, 1567, 1575, -1, 1575, 1567, 1602, -1, 1389, 1388, 1400, -1,
 1389, 1400, 1401, -1, 1401, 1400, 1428, -1, 1401, 1428, 1429, -1,
 1429, 1428, 1436, -1, 1429, 1436, 1437, -1, 1437, 1436, 1472, -1,
 1437, 1472, 1473, -1, 1473, 1472, 1516, -1, 1473, 1516, 1517, -1,
 1517, 1516, 1534, -1, 1517, 1534, 1535, -1, 1535, 1534, 1562, -1,
 1535, 1562, 1563, -1, 1563, 1562, 1597, -1, 1563, 1597, 1598, -1,
 1598, 1597, 1619, -1, 1598, 1619, 1620, -1, 1620, 1619, 1627, -1,
 1620, 1627, 1628, -1, 1628, 1627, 1637, -1, 1628, 1637, 1638, -1,
 1638, 1637, 1645, -1, 1638, 1645, 1646, -1, 1481, 1429, 1497, -1,
 1497, 1429, 1437, -1, 1497, 1437, 1509, -1, 1509, 1437, 1473, -1,
 1509, 1473, 1525, -1, 1525, 1473, 1517, -1, 1525, 1517, 1537, -1,
 1537, 1517, 1535, -1, 1537, 1535, 1551, -1, 1551, 1535, 1563, -1,
 1551, 1563, 1571, -1, 1571, 1563, 1598, -1, 1571, 1598, 1582, -1,
 1582, 1598, 1620, -1, 1582, 1620, 1590, -1, 1590, 1620, 1628, -1,
 1590, 1628, 1606, -1, 1606, 1628, 1638, -1, 1606, 1638, 1614, -1,
 1614, 1638, 1646, -1, 1614, 1646, 1608, -1, 1608, 1646, 1640, -1,
 1608, 1640, 1592, -1, 1592, 1640, 1630, -1, 1592, 1630, 1584, -1,
 1584, 1630, 1622, -1, 1584, 1622, 1573, -1, 1573, 1622, 1600, -1,
 1573, 1600, 1553, -1, 1553, 1600, 1565, -1, 1553, 1565, 1539, -1,
 1539, 1565, 1541, -1, 1539, 1541, 1527, -1, 1527, 1541, 1519, -1,
 1527, 1519, 1511, -1, 1511, 1519, 1475, -1, 1511, 1475, 1499, -1,
 1499, 1475, 1439, -1, 1499, 1439, 1483, -1, 1483, 1439, 1431, -1,
 1483, 1431, 1467, -1, 1467, 1431, 1403, -1, 1467, 1403, 1453, -1,
 1453, 1403, 1389, -1, 1453, 1389, 1465, -1, 1465, 1389, 1401, -1,
 1465, 1401, 1481, -1, 1481, 1401, 1429, -1, 670, 669, 673, -1,
 670, 673, 674, -1, 674, 673, 681, -1, 674, 681, 682, -1,
 682, 681, 689, -1, 682, 689, 690, -1, 690, 689, 709, -1,
 690, 709, 710, -1, 710, 709, 741, -1, 710, 741, 742, -1,
 742, 741, 757, -1, 742, 757, 758, -1, 758, 757, 781, -1,
 758, 781, 782, -1, 782, 781, 813, -1, 782, 813, 814, -1,
 814, 813, 833, -1, 814, 833, 834, -1, 834, 833, 841, -1,
 834, 841, 842, -1, 842, 841, 849, -1, 842, 849, 850, -1,
 850, 849, 857, -1, 850, 857, 858, -1, 824, 852, 808, -1,
 808, 852, 844, -1, 808, 844, 800, -1, 800, 844, 836, -1,
 800, 836, 792, -1, 792, 836, 816, -1, 792, 816, 776, -1,
 776, 816, 784, -1, 776, 784, 762, -1, 762, 784, 764, -1,
 762, 764, 752, -1, 752, 764, 744, -1, 752, 744, 736, -1,
 736, 744, 712, -1, 736, 712, 728, -1, 728, 712, 692, -1,
 728, 692, 720, -1, 720, 692, 684, -1, 720, 684, 704, -1,
 704, 684, 676, -1, 704, 676, 698, -1, 698, 676, 670, -1,
 698, 670, 702, -1, 702, 670, 674, -1, 702, 674, 718, -1,
 718, 674, 682, -1, 718, 682, 726, -1, 726, 682, 690, -1,
 726, 690, 734, -1, 734, 690, 710, -1, 734, 710, 750, -1,
 750, 710, 742, -1, 750, 742, 760, -1, 760, 742, 758, -1,
 760, 758, 774, -1, 774, 758, 782, -1, 774, 782, 790, -1,
 790, 782, 814, -1, 790, 814, 798, -1, 798, 814, 834, -1,
 798, 834, 806, -1, 806, 834, 842, -1, 806, 842, 822, -1,
 822, 842, 850, -1, 822, 850, 830, -1, 830, 850, 858, -1,
 830, 858, 824, -1, 824, 858, 852, -1, 672, 671, 677, -1,
 672, 677, 678, -1, 678, 677, 685, -1, 678, 685, 686, -1,
 686, 685, 693, -1, 686, 693, 694, -1, 694, 693, 713, -1,
 694, 713, 714, -1, 714, 713, 745, -1, 714, 745, 746, -1,
 746, 745, 765, -1, 746, 765, 766, -1, 766, 765, 785, -1,
 766, 785, 786, -1, 786, 785, 817, -1, 786, 817, 818, -1,
 818, 817, 837, -1, 818, 837, 838, -1, 838, 837, 845, -1,
 838, 845, 846, -1, 846, 845, 853, -1, 846, 853, 854, -1,
 854, 853, 859, -1, 854, 859, 860, -1, 756, 748, 740, -1,
 740, 748, 716, -1, 740, 716, 732, -1, 732, 716, 696, -1,
 732, 696, 724, -1, 724, 696, 688, -1, 724, 688, 708, -1,
 708, 688, 680, -1, 708, 680, 700, -1, 700, 680, 672, -1,
 700, 672, 706, -1, 706, 672, 678, -1, 706, 678, 722, -1,
 722, 678, 686, -1, 722, 686, 730, -1, 730, 686, 694, -1,
 730, 694, 738, -1, 738, 694, 714, -1, 738, 714, 754, -1,
 754, 714, 746, -1, 754, 746, 768, -1, 768, 746, 766, -1,
 768, 766, 778, -1, 778, 766, 786, -1, 778, 786, 794, -1,
 794, 786, 818, -1, 794, 818, 802, -1, 802, 818, 838, -1,
 802, 838, 810, -1, 810, 838, 846, -1, 810, 846, 826, -1,
 826, 846, 854, -1, 826, 854, 832, -1, 832, 854, 860, -1,
 832, 860, 828, -1, 828, 860, 856, -1, 828, 856, 812, -1,
 812, 856, 848, -1, 812, 848, 804, -1, 804, 848, 840, -1,
 804, 840, 796, -1, 796, 840, 820, -1, 796, 820, 780, -1,
 780, 820, 788, -1, 780, 788, 770, -1, 770, 788, 772, -1,
 770, 772, 756, -1, 756, 772, 748, -1, 831, 832, 827, -1,
 827, 832, 828, -1, 827, 828, 811, -1, 811, 828, 812, -1,
 811, 812, 803, -1, 803, 812, 804, -1, 803, 804, 795, -1,
 795, 804, 796, -1, 795, 796, 779, -1, 779, 796, 780, -1,
 779, 780, 769, -1, 769, 780, 770, -1, 769, 770, 755, -1,
 755, 770, 756, -1, 755, 756, 739, -1, 739, 756, 740, -1,
 739, 740, 731, -1, 731, 740, 732, -1, 731, 732, 723, -1,
 723, 732, 724, -1, 723, 724, 707, -1, 707, 724, 708, -1,
 707, 708, 699, -1, 699, 708, 700, -1, 829, 830, 823, -1,
 823, 830, 824, -1, 823, 824, 807, -1, 807, 824, 808, -1,
 807, 808, 799, -1, 799, 808, 800, -1, 799, 800, 791, -1,
 791, 800, 792, -1, 791, 792, 775, -1, 775, 792, 776, -1,
 775, 776, 761, -1, 761, 776, 762, -1, 761, 762, 751, -1,
 751, 762, 752, -1, 751, 752, 735, -1, 735, 752, 736, -1,
 735, 736, 727, -1, 727, 736, 728, -1, 727, 728, 719, -1,
 719, 728, 720, -1, 719, 720, 703, -1, 703, 720, 704, -1,
 703, 704, 697, -1, 697, 704, 698, -1, 1613, 1614, 1607, -1,
 1607, 1614, 1608, -1, 1607, 1608, 1591, -1, 1591, 1608, 1592, -1,
 1591, 1592, 1583, -1, 1583, 1592, 1584, -1, 1583, 1584, 1572, -1,
 1572, 1584, 1573, -1, 1572, 1573, 1552, -1, 1552, 1573, 1553, -1,
 1552, 1553, 1538, -1, 1538, 1553, 1539, -1, 1538, 1539, 1526, -1,
 1526, 1539, 1527, -1, 1526, 1527, 1510, -1, 1510, 1527, 1511, -1,
 1510, 1511, 1498, -1, 1498, 1511, 1499, -1, 1498, 1499, 1482, -1,
 1482, 1499, 1483, -1, 1482, 1483, 1466, -1, 1466, 1483, 1467, -1,
 1466, 1467, 1452, -1, 1452, 1467, 1453, -1, 1615, 1616, 1611, -1,
 1611, 1616, 1612, -1, 1611, 1612, 1595, -1, 1595, 1612, 1596, -1,
 1595, 1596, 1587, -1, 1587, 1596, 1588, -1, 1587, 1588, 1576, -1,
 1576, 1588, 1577, -1, 1576, 1577, 1556, -1, 1556, 1577, 1557, -1,
 1556, 1557, 1546, -1, 1546, 1557, 1547, -1, 1546, 1547, 1530, -1,
 1530, 1547, 1531, -1, 1530, 1531, 1514, -1, 1514, 1531, 1515, -1,
 1514, 1515, 1502, -1, 1502, 1515, 1503, -1, 1502, 1503, 1486, -1,
 1486, 1503, 1487, -1, 1486, 1487, 1470, -1, 1470, 1487, 1471, -1,
 1470, 1471, 1454, -1, 1454, 1471, 1455, -1, 1470, 1454, 1615, -1,
 1502, 1486, 1595, -1, 1470, 1615, 1486, -1, 1486, 1615, 1611, -1,
 1486, 1611, 1595, -1, 1554, 1574, 1500, -1, 1454, 1468, 1615, -1,
 1615, 1468, 1484, -1, 1615, 1484, 1609, -1, 1609, 1484, 1593, -1,
 1500, 1574, 1484, -1, 1484, 1574, 1585, -1, 1484, 1585, 1593, -1,
 1556, 1546, 1530, -1, 1502, 1595, 1514, -1, 1514, 1595, 1587, -1,
 1514, 1587, 1530, -1, 1530, 1587, 1576, -1, 1530, 1576, 1556, -1,
 1512, 1528, 1500, -1, 1500, 1528, 1544, -1, 1500, 1544, 1554, -1,
 645, 644, 650, -1, 645, 650, 651, -1, 651, 650, 652, -1,
 651, 652, 653, -1, 653, 652, 654, -1, 653, 654, 655, -1,
 655, 654, 656, -1, 655, 656, 657, -1, 657, 656, 658, -1,
 657, 658, 659, -1, 659, 658, 660, -1, 659, 660, 661, -1,
 1653, 1654, 1652, -1, 1653, 1652, 1651, -1, 1651, 1652, 1650, -1,
 1651, 1650, 1649, -1, 1649, 1650, 1636, -1, 1649, 1636, 1635, -1,
 1635, 1636, 1618, -1, 1635, 1618, 1617, -1, 1617, 1618, 1579, -1,
 1617, 1579, 1578, -1, 1578, 1579, 1533, -1, 1578, 1533, 1532, -1,
 663, 662, 665, -1, 665, 662, 664, -1, 662, 861, 664, -1,
 664, 861, 863, -1, 861, 862, 863, -1, 863, 862, 864, -1,
 862, 663, 864, -1, 864, 663, 665, -1, 862, 861, 663, -1,
 663, 861, 662, -1
]
normalIndex [
 307, 307, 289, -1, 289, 307, 289, -1, 289, 289, 266, -1,
 266, 289, 266, -1, 266, 266, 235, -1, 235, 266, 235, -1,
 235, 235, 205, -1, 205, 235, 205, -1, 205, 205, 166, -1,
 166, 205, 166, -1, 166, 166, 144, -1, 144, 166, 144, -1,
 144, 144, 110, -1, 110, 144, 110, -1, 110, 110, 86, -1,
 86, 110, 86, -1, 86, 86, 61, -1, 61, 86, 61, -1,
 61, 61, 36, -1, 36, 61, 36, -1, 36, 36, 19, -1,
 19, 36, 19, -1, 19, 19, 3, -1, 3, 19, 3, -1,
 307, 307, 289, -1, 289, 307, 289, -1, 289, 289, 266, -1,
 266, 289, 266, -1, 266, 266, 235, -1, 235, 266, 235, -1,
 235, 235, 205, -1, 205, 235, 205, -1, 205, 205, 166, -1,
 166, 205, 166, -1, 166, 166, 144, -1, 144, 166, 144, -1,
 144, 144, 110, -1, 110, 144, 110, -1, 110, 110, 86, -1,
 86, 110, 86, -1, 86, 86, 61, -1, 61, 86, 61, -1,
 61, 61, 36, -1, 36, 61, 36, -1, 36, 36, 19, -1,
 19, 36, 19, -1, 19, 19, 3, -1, 3, 19, 3, -1,
 307, 307, 289, -1, 289, 307, 289, -1, 289, 289, 266, -1,
 266, 289, 266, -1, 266, 266, 235, -1, 235, 266, 235, -1,
 235, 235, 205, -1, 205, 235, 205, -1, 205, 205, 166, -1,
 166, 205, 166, -1, 166, 166, 144, -1, 144, 166, 144, -1,
 144, 144, 110, -1, 110, 144, 110, -1, 110, 110, 86, -1,
 86, 110, 86, -1, 86, 86, 61, -1, 61, 86, 61, -1,
 61, 61, 36, -1, 36, 61, 36, -1, 36, 36, 19, -1,
 19, 36, 19, -1, 19, 19, 3, -1, 3, 19, 3, -1,
 307, 307, 289, -1, 289, 307, 289, -1, 289, 289, 266, -1,
 266, 289, 266, -1, 266, 266, 235, -1, 235, 266, 235, -1,
 235, 235, 205, -1, 205, 235, 205, -1, 205, 205, 166, -1,
 166, 205, 166, -1, 166, 166, 144, -1, 144, 166, 144, -1,
 144, 144, 110, -1, 110, 144, 110, -1, 110, 110, 86, -1,
 86, 110, 86, -1, 86, 86, 61, -1, 61, 86, 61, -1,
 61, 61, 36, -1, 36, 61, 36, -1, 36, 36, 19, -1,
 19, 36, 19, -1, 19, 19, 3, -1, 3, 19, 3, -1,
 307, 307, 289, -1, 307, 289, 289, -1, 289, 289, 266, -1,
 289, 266, 266, -1, 266, 266, 235, -1, 266, 235, 235, -1,
 235, 235, 205, -1, 235, 205, 205, -1, 205, 205, 166, -1,
 205, 166, 166, -1, 166, 166, 144, -1, 166, 144, 144, -1,
 144, 144, 110, -1, 144, 110, 110, -1, 110, 110, 86, -1,
 110, 86, 86, -1, 86, 86, 61, -1, 86, 61, 61, -1,
 61, 61, 36, -1, 61, 36, 36, -1, 36, 36, 19, -1,
 36, 19, 19, -1, 19, 19, 3, -1, 19, 3, 3, -1,
 307, 307, 289, -1, 307, 289, 289, -1, 289, 289, 266, -1,
 289, 266, 266, -1, 266, 266, 235, -1, 266, 235, 235, -1,
 235, 235, 205, -1, 235, 205, 205, -1, 205, 205, 166, -1,
 205, 166, 166, -1, 166, 166, 144, -1, 166, 144, 144, -1,
 144, 144, 110, -1, 144, 110, 110, -1, 110, 110, 86, -1,
 110, 86, 86, -1, 86, 86, 61, -1, 86, 61, 61, -1,
 61, 61, 36, -1, 61, 36, 36, -1, 36, 36, 19, -1,
 36, 19, 19, -1, 19, 19, 3, -1, 19, 3, 3, -1,
 307, 307, 289, -1, 307, 289, 289, -1, 289, 289, 266, -1,
 289, 266, 266, -1, 266, 266, 235, -1, 266, 235, 235, -1,
 235, 235, 205, -1, 235, 205, 205, -1, 205, 205, 166, -1,
 205, 166, 166, -1, 166, 166, 144, -1, 166, 144, 144, -1,
 144, 144, 110, -1, 144, 110, 110, -1, 110, 110, 86, -1,
 110, 86, 86, -1, 86, 86, 61, -1, 86, 61, 61, -1,
 61, 61, 36, -1, 61, 36, 36, -1, 36, 36, 19, -1,
 36, 19, 19, -1, 19, 19, 3, -1, 19, 3, 3, -1,
 307, 307, 289, -1, 307, 289, 289, -1, 289, 289, 266, -1,
 289, 266, 266, -1, 266, 266, 235, -1, 266, 235, 235, -1,
 235, 235, 205, -1, 235, 205, 205, -1, 205, 205, 166, -1,
 205, 166, 166, -1, 166, 166, 144, -1, 166, 144, 144, -1,
 144, 144, 110, -1, 144, 110, 110, -1, 110, 110, 86, -1,
 110, 86, 86, -1, 86, 86, 61, -1, 86, 61, 61, -1,
 61, 61, 36, -1, 61, 36, 36, -1, 36, 36, 19, -1,
 36, 19, 19, -1, 19, 19, 3, -1, 19, 3, 3, -1,
 132, 132, 134, -1, 134, 132, 134, -1, 134, 134, 136, -1,
 136, 134, 136, -1, 136, 136, 138, -1, 138, 136, 138, -1,
 138, 138, 140, -1, 140, 138, 140, -1, 140, 140, 142, -1,
 142, 140, 142, -1, 142, 142, 144, -1, 144, 142, 144, -1,
 144, 144, 143, -1, 143, 144, 143, -1, 143, 143, 141, -1,
 141, 143, 141, -1, 141, 141, 139, -1, 139, 141, 139, -1,
 139, 139, 137, -1, 137, 139, 137, -1, 137, 137, 135, -1,
 135, 137, 135, -1, 135, 135, 133, -1, 133, 135, 133, -1,
 132, 132, 134, -1, 134, 132, 134, -1, 134, 134, 136, -1,
 136, 134, 136, -1, 136, 136, 138, -1, 138, 136, 138, -1,
 138, 138, 140, -1, 140, 138, 140, -1, 140, 140, 142, -1,
 142, 140, 142, -1, 142, 142, 144, -1, 144, 142, 144, -1,
 144, 144, 143, -1, 143, 144, 143, -1, 143, 143, 141, -1,
 141, 143, 141, -1, 141, 141, 139, -1, 139, 141, 139, -1,
 139, 139, 137, -1, 137, 139, 137, -1, 137, 137, 135, -1,
 135, 137, 135, -1, 135, 135, 133, -1, 133, 135, 133, -1,
 133, 133, 165, -1, 133, 165, 165, -1, 165, 165, 204, -1,
 165, 204, 204, -1, 204, 204, 234, -1, 204, 234, 234, -1,
 234, 234, 265, -1, 234, 265, 265, -1, 265, 265, 288, -1,
 265, 288, 288, -1, 288, 288, 307, -1, 288, 307, 307, -1,
 307, 307, 287, -1, 307, 287, 287, -1, 287, 287, 264, -1,
 287, 264, 264, -1, 264, 264, 233, -1, 264, 233, 233, -1,
 233, 233, 203, -1, 233, 203, 203, -1, 203, 203, 164, -1,
 203, 164, 164, -1, 164, 164, 132, -1, 164, 132, 132, -1,
 133, 133, 165, -1, 133, 165, 165, -1, 165, 165, 204, -1,
 165, 204, 204, -1, 204, 204, 234, -1, 204, 234, 234, -1,
 234, 234, 265, -1, 234, 265, 265, -1, 265, 265, 288, -1,
 265, 288, 288, -1, 288, 288, 307, -1, 288, 307, 307, -1,
 307, 307, 287, -1, 307, 287, 287, -1, 287, 287, 264, -1,
 287, 264, 264, -1, 264, 264, 233, -1, 264, 233, 233, -1,
 233, 233, 203, -1, 233, 203, 203, -1, 203, 203, 164, -1,
 203, 164, 164, -1, 164, 164, 132, -1, 164, 132, 132, -1,
 133, 133, 165, -1, 133, 165, 165, -1, 165, 165, 204, -1,
 165, 204, 204, -1, 204, 204, 234, -1, 204, 234, 234, -1,
 234, 234, 265, -1, 234, 265, 265, -1, 265, 265, 288, -1,
 265, 288, 288, -1, 288, 288, 307, -1, 288, 307, 307, -1,
 307, 307, 287, -1, 307, 287, 287, -1, 287, 287, 264, -1,
 287, 264, 264, -1, 264, 264, 233, -1, 264, 233, 233, -1,
 233, 233, 203, -1, 233, 203, 203, -1, 203, 203, 164, -1,
 203, 164, 164, -1, 164, 164, 132, -1, 164, 132, 132, -1,
 133, 133, 165, -1, 133, 165, 165, -1, 165, 165, 204, -1,
 165, 204, 204, -1, 204, 204, 234, -1, 204, 234, 234, -1,
 234, 234, 265, -1, 234, 265, 265, -1, 265, 265, 288, -1,
 265, 288, 288, -1, 288, 288, 307, -1, 288, 307, 307, -1,
 307, 307, 287, -1, 307, 287, 287, -1, 287, 287, 264, -1,
 287, 264, 264, -1, 264, 264, 233, -1, 264, 233, 233, -1,
 233, 233, 203, -1, 233, 203, 203, -1, 203, 203, 164, -1,
 203, 164, 164, -1, 164, 164, 132, -1, 164, 132, 132, -1,
 133, 133, 165, -1, 165, 133, 165, -1, 165, 165, 204, -1,
 204, 165, 204, -1, 204, 204, 234, -1, 234, 204, 234, -1,
 234, 234, 265, -1, 265, 234, 265, -1, 265, 265, 288, -1,
 288, 265, 288, -1, 288, 288, 307, -1, 307, 288, 307, -1,
 307, 307, 287, -1, 287, 307, 287, -1, 287, 287, 264, -1,
 264, 287, 264, -1, 264, 264, 233, -1, 233, 264, 233, -1,
 233, 233, 203, -1, 203, 233, 203, -1, 203, 203, 164, -1,
 164, 203, 164, -1, 164, 164, 132, -1, 132, 164, 132, -1,
 133, 133, 165, -1, 165, 133, 165, -1, 165, 165, 204, -1,
 204, 165, 204, -1, 204, 204, 234, -1, 234, 204, 234, -1,
 234, 234, 265, -1, 265, 234, 265, -1, 265, 265, 288, -1,
 288, 265, 288, -1, 288, 288, 307, -1, 307, 288, 307, -1,
 307, 307, 287, -1, 287, 307, 287, -1, 287, 287, 264, -1,
 264, 287, 264, -1, 264, 264, 233, -1, 233, 264, 233, -1,
 233, 233, 203, -1, 203, 233, 203, -1, 203, 203, 164, -1,
 164, 203, 164, -1, 164, 164, 132, -1, 132, 164, 132, -1,
 133, 133, 165, -1, 165, 133, 165, -1, 165, 165, 204, -1,
 204, 165, 204, -1, 204, 204, 234, -1, 234, 204, 234, -1,
 234, 234, 265, -1, 265, 234, 265, -1, 265, 265, 288, -1,
 288, 265, 288, -1, 288, 288, 307, -1, 307, 288, 307, -1,
 307, 307, 287, -1, 287, 307, 287, -1, 287, 287, 264, -1,
 264, 287, 264, -1, 264, 264, 233, -1, 233, 264, 233, -1,
 233, 233, 203, -1, 203, 233, 203, -1, 203, 203, 164, -1,
 164, 203, 164, -1, 164, 164, 132, -1, 132, 164, 132, -1,
 133, 133, 165, -1, 165, 133, 165, -1, 165, 165, 204, -1,
 204, 165, 204, -1, 204, 204, 234, -1, 234, 204, 234, -1,
 234, 234, 265, -1, 265, 234, 265, -1, 265, 265, 288, -1,
 288, 265, 288, -1, 288, 288, 307, -1, 307, 288, 307, -1,
 307, 307, 287, -1, 287, 307, 287, -1, 287, 287, 264, -1,
 264, 287, 264, -1, 264, 264, 233, -1, 233, 264, 233, -1,
 233, 233, 203, -1, 203, 233, 203, -1, 203, 203, 164, -1,
 164, 203, 164, -1, 164, 164, 132, -1, 132, 164, 132, -1,
 133, 133, 148, -1, 148, 133, 148, -1, 148, 148, 172, -1,
 172, 148, 172, -1, 172, 172, 175, -1, 175, 172, 182, -1,
 207, 206, 215, -1, 215, 206, 172, -1, 172, 206, 192, -1,
 172, 192, 182, -1, 243, 236, 245, -1, 245, 236, 221, -1,
 245, 221, 215, -1, 215, 221, 211, -1, 215, 211, 207, -1,
 271, 269, 255, -1, 271, 255, 245, -1, 245, 255, 254, -1,
 245, 254, 243, -1, 269, 271, 280, -1, 280, 271, 294, -1,
 280, 294, 283, -1, 307, 302, 294, -1, 294, 302, 292, -1,
 294, 292, 283, -1, 132, 132, 147, -1, 147, 132, 147, -1,
 147, 147, 171, -1, 171, 147, 171, -1, 171, 171, 214, -1,
 214, 171, 214, -1, 214, 214, 244, -1, 244, 214, 244, -1,
 244, 244, 270, -1, 270, 244, 270, -1, 270, 270, 293, -1,
 293, 270, 293, -1, 293, 293, 307, -1, 307, 293, 307, -1,
 307, 307, 302, -1, 133, 133, 165, -1, 165, 133, 165, -1,
 165, 165, 204, -1, 204, 165, 204, -1, 204, 204, 234, -1,
 234, 204, 234, -1, 234, 234, 265, -1, 265, 234, 265, -1,
 265, 265, 288, -1, 288, 265, 288, -1, 288, 288, 307, -1,
 307, 288, 307, -1, 307, 307, 287, -1, 287, 307, 287, -1,
 287, 287, 264, -1, 264, 287, 264, -1, 264, 264, 233, -1,
 233, 264, 233, -1, 233, 233, 203, -1, 203, 233, 203, -1,
 203, 203, 164, -1, 164, 203, 164, -1, 164, 164, 132, -1,
 132, 164, 132, -1, 133, 133, 165, -1, 165, 133, 165, -1,
 165, 165, 204, -1, 204, 165, 204, -1, 204, 204, 234, -1,
 234, 204, 234, -1, 234, 234, 265, -1, 265, 234, 265, -1,
 265, 265, 288, -1, 288, 265, 288, -1, 288, 288, 307, -1,
 307, 288, 307, -1, 307, 307, 287, -1, 287, 307, 287, -1,
 287, 287, 264, -1, 264, 287, 264, -1, 264, 264, 233, -1,
 233, 264, 233, -1, 233, 233, 203, -1, 203, 233, 203, -1,
 203, 203, 164, -1, 164, 203, 164, -1, 164, 164, 132, -1,
 132, 164, 132, -1, 273, 281, 293, -1, 293, 281, 291, -1,
 293, 291, 307, -1, 307, 291, 303, -1, 307, 303, 307, -1,
 273, 293, 268, -1, 268, 293, 270, -1, 268, 270, 260, -1,
 260, 270, 244, -1, 260, 244, 242, -1, 208, 212, 214, -1,
 214, 212, 218, -1, 214, 218, 244, -1, 244, 218, 230, -1,
 244, 230, 242, -1, 132, 132, 147, -1, 147, 132, 147, -1,
 147, 147, 171, -1, 171, 147, 171, -1, 171, 171, 214, -1,
 214, 171, 174, -1, 214, 174, 208, -1, 133, 133, 148, -1,
 148, 133, 148, -1, 148, 148, 172, -1, 172, 148, 172, -1,
 172, 172, 215, -1, 215, 172, 215, -1, 215, 215, 245, -1,
 245, 215, 245, -1, 245, 245, 271, -1, 271, 245, 271, -1,
 271, 271, 294, -1, 294, 271, 294, -1, 294, 294, 307, -1,
 307, 294, 307, -1, 307, 307, 293, -1, 132, 132, 134, -1,
 134, 132, 134, -1, 134, 134, 136, -1, 136, 134, 136, -1,
 136, 136, 138, -1, 138, 136, 138, -1, 138, 138, 140, -1,
 140, 138, 140, -1, 140, 140, 142, -1, 142, 140, 142, -1,
 142, 142, 144, -1, 144, 142, 144, -1, 144, 144, 143, -1,
 143, 144, 143, -1, 143, 143, 141, -1, 141, 143, 141, -1,
 141, 141, 139, -1, 139, 141, 139, -1, 139, 139, 137, -1,
 137, 139, 137, -1, 137, 137, 135, -1, 135, 137, 135, -1,
 135, 135, 133, -1, 133, 135, 133, -1, 132, 132, 134, -1,
 134, 132, 134, -1, 134, 134, 136, -1, 136, 134, 136, -1,
 136, 136, 138, -1, 138, 136, 138, -1, 138, 138, 140, -1,
 140, 138, 140, -1, 140, 140, 142, -1, 142, 140, 142, -1,
 142, 142, 144, -1, 144, 142, 144, -1, 144, 144, 143, -1,
 143, 144, 143, -1, 143, 143, 141, -1, 141, 143, 141, -1,
 141, 141, 139, -1, 139, 141, 139, -1, 139, 139, 137, -1,
 137, 139, 137, -1, 137, 137, 135, -1, 135, 137, 135, -1,
 135, 135, 133, -1, 133, 135, 133, -1, 132, 132, 134, -1,
 134, 132, 134, -1, 134, 134, 136, -1, 136, 134, 136, -1,
 136, 136, 138, -1, 138, 136, 138, -1, 138, 138, 140, -1,
 140, 138, 140, -1, 140, 140, 142, -1, 142, 140, 142, -1,
 142, 142, 144, -1, 144, 142, 144, -1, 144, 144, 143, -1,
 143, 144, 143, -1, 143, 143, 141, -1, 141, 143, 141, -1,
 141, 141, 139, -1, 139, 141, 139, -1, 139, 139, 137, -1,
 137, 139, 137, -1, 137, 137, 135, -1, 135, 137, 135, -1,
 135, 135, 133, -1, 133, 135, 133, -1, 132, 132, 134, -1,
 134, 132, 134, -1, 134, 134, 136, -1, 136, 134, 136, -1,
 136, 136, 138, -1, 138, 136, 138, -1, 138, 138, 140, -1,
 140, 138, 140, -1, 140, 140, 142, -1, 142, 140, 142, -1,
 142, 142, 144, -1, 144, 142, 144, -1, 144, 144, 143, -1,
 143, 144, 143, -1, 143, 143, 141, -1, 141, 143, 141, -1,
 141, 141, 139, -1, 139, 141, 139, -1, 139, 139, 137, -1,
 137, 139, 137, -1, 137, 137, 135, -1, 135, 137, 135, -1,
 135, 135, 133, -1, 133, 135, 133, -1, 121, 121, 121, -1,
 121, 121, 121, -1, 121, 121, 121, -1, 121, 121, 121, -1,
 121, 121, 121, -1, 121, 121, 121, -1, 121, 121, 121, -1,
 121, 121, 121, -1, 121, 121, 121, -1, 121, 121, 121, -1,
 121, 121, 121, -1, 121, 121, 121, -1, 121, 121, 121, -1,
 121, 121, 121, -1, 121, 121, 121, -1, 121, 121, 121, -1,
 121, 121, 121, -1, 121, 121, 121, -1, 121, 121, 121, -1,
 121, 121, 121, -1, 121, 121, 121, -1, 121, 121, 121, -1,
 121, 121, 121, -1, 121, 121, 121, -1, 121, 121, 121, -1,
 121, 121, 121, -1, 121, 121, 121, -1, 121, 121, 121, -1,
 121, 121, 121, -1, 121, 121, 121, -1, 121, 121, 121, -1,
 121, 121, 121, -1, 121, 121, 121, -1, 121, 121, 121, -1,
 121, 121, 121, -1, 121, 121, 121, -1, 121, 121, 121, -1,
 121, 121, 121, -1, 121, 121, 121, -1, 121, 121, 121, -1,
 121, 121, 121, -1, 121, 121, 121, -1, 121, 121, 121, -1,
 121, 121, 121, -1, 121, 121, 121, -1, 121, 121, 121, -1,
 121, 121, 121, -1, 121, 121, 121, -1, 121, 121, 121, -1,
 121, 121, 121, -1, 121, 121, 121, -1, 121, 121, 121, -1,
 121, 121, 121, -1, 121, 121, 121, -1, 121, 121, 121, -1,
 121, 121, 121, -1, 121, 121, 121, -1, 121, 121, 121, -1,
 121, 121, 121, -1, 121, 121, 121, -1, 121, 121, 121, -1,
 121, 121, 121, -1, 121, 121, 121, -1, 121, 121, 121, -1,
 121, 121, 121, -1, 121, 121, 121, -1, 121, 121, 121, -1,
 121, 121, 121, -1, 121, 121, 121, -1, 121, 121, 121, -1,
 121, 121, 121, -1, 121, 121, 121, -1, 121, 121, 121, -1,
 121, 121, 121, -1, 121, 121, 121, -1, 121, 121, 121, -1,
 121, 121, 121, -1, 121, 121, 121, -1, 121, 121, 121, -1,
 121, 121, 121, -1, 121, 121, 121, -1, 121, 121, 121, -1,
 121, 121, 121, -1, 121, 121, 121, -1, 121, 121, 121, -1,
 121, 121, 121, -1, 121, 121, 121, -1, 121, 121, 121, -1,
 121, 121, 121, -1, 121, 121, 121, -1, 121, 121, 121, -1,
 121, 121, 121, -1, 121, 121, 121, -1, 121, 121, 121, -1,
 121, 121, 121, -1, 121, 121, 121, -1, 121, 121, 121, -1,
 121, 121, 121, -1, 121, 121, 121, -1, 121, 121, 121, -1,
 121, 121, 121, -1, 121, 121, 121, -1, 121, 121, 121, -1,
 121, 121, 121, -1, 121, 121, 121, -1, 121, 121, 121, -1,
 121, 121, 121, -1, 121, 121, 121, -1, 121, 121, 121, -1,
 121, 121, 121, -1, 121, 121, 121, -1, 121, 121, 121, -1,
 121, 121, 121, -1, 121, 121, 121, -1, 121, 121, 121, -1,
 121, 121, 121, -1, 121, 121, 121, -1, 121, 121, 121, -1,
 121, 121, 121, -1, 121, 121, 121, -1, 121, 121, 121, -1,
 121, 121, 121, -1, 121, 121, 121, -1, 121, 121, 121, -1,
 121, 121, 121, -1, 144, 144, 144, -1, 144, 144, 144, -1,
 144, 144, 144, -1, 144, 144, 144, -1, 144, 144, 144, -1,
 144, 144, 144, -1, 144, 144, 144, -1, 144, 144, 144, -1,
 144, 144, 144, -1, 144, 144, 144, -1, 144, 144, 144, -1,
 144, 144, 144, -1, 144, 144, 144, -1, 144, 144, 144, -1,
 144, 144, 144, -1, 144, 144, 144, -1, 144, 144, 144, -1,
 144, 144, 144, -1, 144, 144, 144, -1, 144, 144, 144, -1,
 144, 144, 144, -1, 144, 144, 144, -1, 144, 144, 144, -1,
 144, 144, 144, -1, 144, 144, 144, -1, 144, 144, 144, -1,
 144, 144, 144, -1, 144, 144, 144, -1, 144, 144, 144, -1,
 144, 144, 144, -1, 144, 144, 144, -1, 144, 144, 144, -1,
 144, 144, 144, -1, 144, 144, 144, -1, 144, 144, 144, -1,
 144, 144, 144, -1, 144, 144, 144, -1, 144, 144, 144, -1,
 144, 144, 144, -1, 144, 144, 144, -1, 144, 144, 144, -1,
 144, 144, 144, -1, 144, 144, 144, -1, 144, 144, 144, -1,
 144, 144, 144, -1, 144, 144, 144, -1, 144, 144, 144, -1,
 144, 144, 144, -1, 144, 144, 144, -1, 144, 144, 144, -1,
 144, 144, 144, -1, 144, 144, 144, -1, 144, 144, 144, -1,
 144, 144, 144, -1, 144, 144, 144, -1, 144, 144, 144, -1,
 144, 144, 144, -1, 144, 144, 144, -1, 144, 144, 144, -1,
 144, 144, 144, -1, 144, 144, 144, -1, 144, 144, 144, -1,
 144, 144, 144, -1, 144, 144, 144, -1, 144, 144, 144, -1,
 144, 144, 144, -1, 144, 144, 144, -1, 144, 144, 144, -1,
 144, 144, 144, -1, 144, 144, 144, -1, 144, 144, 144, -1,
 144, 144, 144, -1, 144, 144, 144, -1, 144, 144, 144, -1,
 144, 144, 144, -1, 144, 144, 144, -1, 144, 144, 144, -1,
 144, 144, 144, -1, 144, 144, 144, -1, 144, 144, 144, -1,
 144, 144, 144, -1, 144, 144, 144, -1, 144, 144, 144, -1,
 144, 144, 144, -1, 144, 144, 144, -1, 144, 144, 144, -1,
 144, 144, 144, -1, 144, 144, 144, -1, 144, 144, 144, -1,
 144, 144, 144, -1, 144, 144, 144, -1, 144, 144, 144, -1,
 144, 144, 144, -1, 144, 144, 144, -1, 144, 144, 144, -1,
 144, 144, 144, -1, 144, 144, 144, -1, 144, 144, 144, -1,
 144, 144, 144, -1, 144, 144, 144, -1, 144, 144, 144, -1,
 144, 144, 144, -1, 144, 144, 144, -1, 144, 144, 144, -1,
 144, 144, 144, -1, 144, 144, 144, -1, 144, 144, 144, -1,
 144, 144, 144, -1, 144, 144, 144, -1, 144, 144, 144, -1,
 144, 144, 144, -1, 144, 144, 144, -1, 121, 121, 121, -1,
 121, 121, 121, -1, 121, 121, 121, -1, 121, 121, 121, -1,
 121, 121, 121, -1, 121, 121, 121, -1, 121, 121, 121, -1,
 121, 121, 121, -1, 121, 121, 121, -1, 121, 121, 121, -1,
 121, 121, 121, -1, 121, 121, 121, -1, 121, 121, 121, -1,
 121, 121, 121, -1, 121, 121, 121, -1, 121, 121, 121, -1,
 121, 121, 121, -1, 121, 121, 121, -1, 121, 121, 121, -1,
 121, 121, 121, -1, 121, 121, 121, -1, 121, 121, 121, -1,
 121, 121, 121, -1, 121, 121, 121, -1, 121, 121, 121, -1,
 121, 121, 121, -1, 121, 121, 121, -1, 121, 121, 121, -1,
 121, 121, 121, -1, 121, 121, 121, -1, 121, 121, 121, -1,
 121, 121, 121, -1, 121, 121, 121, -1, 121, 121, 121, -1,
 121, 121, 121, -1, 121, 121, 121, -1, 121, 121, 121, -1,
 121, 121, 121, -1, 121, 121, 121, -1, 121, 121, 121, -1,
 121, 121, 121, -1, 121, 121, 121, -1, 121, 121, 121, -1,
 121, 121, 121, -1, 121, 121, 121, -1, 121, 121, 121, -1,
 121, 121, 121, -1, 121, 121, 121, -1, 121, 121, 121, -1,
 121, 121, 121, -1, 121, 121, 121, -1, 121, 121, 121, -1,
 121, 121, 121, -1, 121, 121, 121, -1, 121, 121, 121, -1,
 121, 121, 121, -1, 121, 121, 121, -1, 121, 121, 121, -1,
 121, 121, 121, -1, 121, 121, 121, -1, 121, 121, 121, -1,
 121, 121, 121, -1, 121, 121, 121, -1, 121, 121, 121, -1,
 121, 121, 121, -1, 121, 121, 121, -1, 121, 121, 121, -1,
 121, 121, 121, -1, 121, 121, 121, -1, 121, 121, 121, -1,
 121, 121, 121, -1, 121, 121, 121, -1, 121, 121, 121, -1,
 121, 121, 121, -1, 121, 121, 121, -1, 121, 121, 121, -1,
 121, 121, 121, -1, 121, 121, 121, -1, 121, 121, 121, -1,
 121, 121, 121, -1, 121, 121, 121, -1, 121, 121, 121, -1,
 121, 121, 121, -1, 121, 121, 121, -1, 121, 121, 121, -1,
 121, 121, 121, -1, 121, 121, 121, -1, 144, 144, 144, -1,
 144, 144, 144, -1, 144, 144, 144, -1, 144, 144, 144, -1,
 144, 144, 144, -1, 144, 144, 144, -1, 144, 144, 144, -1,
 144, 144, 144, -1, 144, 144, 144, -1, 144, 144, 144, -1,
 144, 144, 144, -1, 144, 144, 144, -1, 144, 144, 144, -1,
 144, 144, 144, -1, 144, 144, 144, -1, 144, 144, 144, -1,
 144, 144, 144, -1, 144, 144, 144, -1, 144, 144, 144, -1,
 144, 144, 144, -1, 144, 144, 144, -1, 144, 144, 144, -1,
 144, 144, 144, -1, 144, 144, 144, -1, 144, 144, 144, -1,
 144, 144, 144, -1, 144, 144, 144, -1, 144, 144, 144, -1,
 144, 144, 144, -1, 144, 144, 144, -1, 144, 144, 144, -1,
 144, 144, 144, -1, 144, 144, 144, -1, 144, 144, 144, -1,
 144, 144, 144, -1, 144, 144, 144, -1, 144, 144, 144, -1,
 144, 144, 144, -1, 144, 144, 144, -1, 144, 144, 144, -1,
 144, 144, 144, -1, 144, 144, 144, -1, 144, 144, 144, -1,
 144, 144, 144, -1, 144, 144, 144, -1, 144, 144, 144, -1,
 144, 144, 144, -1, 144, 144, 144, -1, 144, 144, 144, -1,
 144, 144, 144, -1, 144, 144, 144, -1, 144, 144, 144, -1,
 144, 144, 144, -1, 144, 144, 144, -1, 144, 144, 144, -1,
 144, 144, 144, -1, 144, 144, 144, -1, 144, 144, 144, -1,
 144, 144, 144, -1, 144, 144, 144, -1, 144, 144, 144, -1,
 144, 144, 144, -1, 144, 144, 144, -1, 144, 144, 144, -1,
 144, 144, 144, -1, 144, 144, 144, -1, 144, 144, 144, -1,
 144, 144, 144, -1, 144, 144, 144, -1, 144, 144, 144, -1,
 144, 144, 144, -1, 144, 144, 144, -1, 144, 144, 144, -1,
 144, 144, 144, -1, 144, 144, 144, -1, 144, 144, 144, -1,
 144, 144, 144, -1, 144, 144, 144, -1, 144, 144, 144, -1,
 144, 144, 144, -1, 144, 144, 144, -1, 144, 144, 144, -1,
 144, 144, 144, -1, 144, 144, 144, -1, 144, 144, 144, -1,
 144, 144, 144, -1, 144, 144, 144, -1, 144, 144, 144, -1,
 144, 144, 144, -1, 144, 144, 144, -1, 144, 144, 144, -1,
 144, 144, 144, -1, 144, 144, 144, -1, 144, 144, 144, -1,
 144, 144, 144, -1, 144, 144, 144, -1, 144, 144, 144, -1,
 144, 144, 144, -1, 144, 144, 144, -1, 144, 144, 144, -1,
 144, 144, 144, -1, 144, 144, 144, -1, 144, 144, 144, -1,
 144, 144, 144, -1, 144, 144, 144, -1, 144, 144, 144, -1,
 144, 144, 144, -1, 144, 144, 144, -1, 144, 144, 144, -1,
 144, 144, 144, -1, 144, 144, 144, -1, 144, 144, 144, -1,
 144, 144, 144, -1, 144, 144, 144, -1, 144, 144, 144, -1,
 144, 144, 144, -1, 144, 144, 144, -1, 144, 144, 144, -1,
 144, 144, 144, -1, 144, 144, 144, -1, 144, 144, 144, -1,
 144, 144, 144, -1, 144, 144, 144, -1, 144, 144, 144, -1,
 144, 144, 144, -1, 144, 144, 144, -1, 144, 144, 144, -1,
 144, 144, 144, -1, 144, 144, 144, -1, 307, 307, 307, -1,
 307, 307, 307, -1, 307, 307, 307, -1, 307, 307, 307, -1,
 307, 307, 307, -1, 307, 307, 307, -1, 307, 307, 307, -1,
 307, 307, 307, -1, 307, 307, 307, -1, 307, 307, 307, -1,
 307, 307, 307, -1, 307, 307, 307, -1, 307, 307, 307, -1,
 307, 307, 307, -1, 307, 307, 307, -1, 307, 307, 307, -1,
 307, 307, 307, -1, 307, 307, 307, -1, 307, 307, 307, -1,
 307, 307, 307, -1, 307, 307, 307, -1, 307, 307, 307, -1,
 307, 307, 307, -1, 307, 307, 307, -1, 307, 307, 307, -1,
 307, 307, 307, -1, 307, 307, 307, -1, 307, 307, 307, -1,
 307, 307, 307, -1, 307, 307, 307, -1, 307, 307, 307, -1,
 307, 307, 307, -1, 307, 307, 307, -1, 307, 307, 307, -1,
 307, 307, 307, -1, 307, 307, 307, -1, 307, 307, 307, -1,
 307, 307, 307, -1, 307, 307, 307, -1, 307, 307, 307, -1,
 307, 307, 307, -1, 307, 307, 307, -1, 307, 307, 307, -1,
 307, 307, 307, -1, 307, 307, 307, -1, 307, 307, 307, -1,
 307, 307, 307, -1, 307, 307, 307, -1, 307, 307, 307, -1,
 307, 307, 307, -1, 307, 307, 307, -1, 307, 307, 307, -1,
 307, 307, 307, -1, 307, 307, 307, -1, 307, 307, 307, -1,
 307, 307, 307, -1, 307, 307, 307, -1, 307, 307, 307, -1,
 307, 307, 307, -1, 307, 307, 307, -1, 307, 307, 307, -1,
 307, 307, 307, -1, 307, 307, 307, -1, 307, 307, 307, -1,
 307, 307, 307, -1, 307, 307, 307, -1, 307, 307, 307, -1,
 307, 307, 307, -1, 307, 307, 307, -1, 307, 307, 307, -1,
 307, 307, 307, -1, 307, 307, 307, -1, 307, 307, 307, -1,
 307, 307, 307, -1, 307, 307, 307, -1, 307, 307, 307, -1,
 307, 307, 307, -1, 307, 307, 307, -1, 307, 307, 307, -1,
 307, 307, 307, -1, 307, 307, 307, -1, 307, 307, 307, -1,
 307, 307, 307, -1, 307, 307, 307, -1, 307, 307, 307, -1,
 307, 307, 307, -1, 307, 307, 307, -1, 307, 307, 307, -1,
 307, 307, 307, -1, 307, 307, 307, -1, 307, 307, 307, -1,
 307, 307, 307, -1, 307, 307, 307, -1, 307, 307, 307, -1,
 307, 307, 307, -1, 307, 307, 307, -1, 307, 307, 307, -1,
 307, 307, 307, -1, 307, 307, 307, -1, 307, 307, 307, -1,
 307, 307, 307, -1, 307, 307, 307, -1, 307, 307, 307, -1,
 307, 307, 307, -1, 307, 307, 307, -1, 307, 307, 307, -1,
 307, 307, 307, -1, 307, 307, 307, -1, 307, 307, 307, -1,
 307, 307, 307, -1, 307, 307, 307, -1, 307, 307, 307, -1,
 307, 307, 307, -1, 307, 307, 307, -1, 307, 307, 307, -1,
 307, 307, 307, -1, 133, 133, 133, -1, 133, 133, 133, -1,
 133, 133, 133, -1, 133, 133, 133, -1, 133, 133, 133, -1,
 133, 133, 133, -1, 133, 133, 133, -1, 133, 133, 133, -1,
 133, 133, 133, -1, 307, 307, 307, -1, 307, 307, 307, -1,
 307, 307, 307, -1, 307, 307, 307, -1, 307, 307, 307, -1,
 307, 307, 307, -1, 307, 307, 307, -1, 307, 307, 307, -1,
 307, 307, 307, -1, 307, 307, 307, -1, 307, 307, 307, -1,
 307, 307, 307, -1, 307, 307, 307, -1, 307, 307, 307, -1,
 307, 307, 307, -1, 132, 132, 132, -1, 132, 132, 132, -1,
 132, 132, 132, -1, 132, 132, 132, -1, 3, 3, 3, -1,
 3, 3, 3, -1, 3, 3, 3, -1, 3, 3, 3, -1,
 3, 3, 3, -1, 3, 3, 3, -1, 3, 3, 3, -1,
 3, 3, 3, -1, 3, 3, 3, -1, 3, 3, 3, -1,
 3, 3, 3, -1, 3, 3, 3, -1, 133, 133, 133, -1,
 133, 133, 133, -1, 133, 133, 133, -1, 133, 133, 133, -1,
 132, 132, 132, -1, 132, 132, 132, -1, 132, 132, 132, -1,
 132, 132, 132, -1, 132, 132, 132, -1, 132, 132, 132, -1,
 132, 132, 132, -1, 132, 132, 132, -1, 132, 132, 132, -1,
 132, 132, 132, -1, 132, 132, 132, -1, 132, 132, 132, -1,
 133, 133, 133, -1, 133, 133, 133, -1, 133, 133, 133, -1,
 133, 133, 133, -1, 133, 133, 133, -1, 133, 133, 133, -1,
 133, 133, 133, -1, 133, 133, 133, -1, 133, 133, 133, -1,
 133, 133, 133, -1, 133, 133, 133, -1, 133, 133, 133, -1,
 133, 133, 133, -1, 133, 133, 133, -1, 133, 133, 133, -1,
 133, 133, 133, -1, 133, 133, 133, -1, 132, 132, 132, -1,
 132, 132, 132, -1, 132, 132, 132, -1, 132, 132, 132, -1,
 132, 132, 132, -1, 132, 132, 132, -1, 132, 132, 132, -1,
 132, 132, 132, -1, 132, 132, 132, -1, 132, 132, 132, -1,
 132, 132, 132, -1, 132, 132, 132, -1, 132, 132, 132, -1,
 132, 132, 132, -1, 132, 132, 132, -1, 132, 132, 132, -1,
 133, 133, 133, -1, 133, 133, 133, -1, 133, 133, 133, -1,
 133, 133, 133, -1, 133, 133, 133, -1, 133, 133, 133, -1,
 3, 3, 3, -1, 3, 3, 3, -1, 3, 3, 3, -1,
 3, 3, 3, -1, 3, 3, 3, -1, 3, 3, 3, -1,
 3, 3, 3, -1, 3, 3, 3, -1, 3, 3, 3, -1,
 3, 3, 3, -1, 3, 3, 3, -1, 3, 3, 3, -1,
 3, 3, 3, -1, 3, 3, 3, -1, 3, 3, 3, -1,
 3, 3, 3, -1, 3, 3, 3, -1, 3, 3, 3, -1,
 3, 3, 3, -1, 3, 3, 3, -1, 3, 3, 3, -1,
 3, 3, 3, -1, 3, 3, 3, -1, 3, 3, 3, -1,
 3, 3, 3, -1, 3, 3, 3, -1, 3, 3, 3, -1,
 3, 3, 3, -1, 3, 3, 3, -1, 3, 3, 3, -1,
 3, 3, 3, -1, 3, 3, 3, -1, 3, 3, 3, -1,
 3, 3, 3, -1, 3, 3, 3, -1, 3, 3, 3, -1,
 3, 3, 3, -1, 3, 3, 3, -1, 3, 3, 3, -1,
 3, 3, 3, -1, 3, 3, 3, -1, 3, 3, 3, -1,
 3, 3, 3, -1, 3, 3, 3, -1, 3, 3, 3, -1,
 3, 3, 3, -1, 3, 3, 3, -1, 3, 3, 3, -1,
 3, 3, 3, -1, 3, 3, 3, -1, 3, 3, 3, -1,
 3, 3, 3, -1, 3, 3, 3, -1, 3, 3, 3, -1,
 3, 3, 3, -1, 3, 3, 3, -1, 3, 3, 3, -1,
 3, 3, 3, -1, 144, 144, 144, -1, 144, 144, 144, -1,
 133, 133, 133, -1, 133, 133, 133, -1, 144, 144, 144, -1,
 144, 144, 144, -1, 3, 3, 3, -1, 3, 3, 3, -1,
 3, 3, 3, -1, 3, 3, 3, -1, 3, 3, 3, -1,
 3, 3, 3, -1, 3, 3, 3, -1, 3, 3, 3, -1,
 3, 3, 3, -1, 3, 3, 3, -1, 3, 3, 3, -1,
 3, 3, 3, -1, 3, 3, 3, -1, 3, 3, 3, -1,
 3, 3, 3, -1, 3, 3, 3, -1, 3, 3, 3, -1,
 3, 3, 3, -1, 3, 3, 3, -1, 3, 3, 3, -1,
 3, 3, 3, -1, 3, 3, 3, -1, 3, 3, 3, -1,
 3, 3, 3, -1, 3, 3, 3, -1, 3, 3, 3, -1,
 3, 3, 3, -1, 3, 3, 3, -1, 3, 3, 3, -1,
 3, 3, 3, -1, 3, 3, 3, -1, 3, 3, 3, -1,
 3, 3, 3, -1, 3, 3, 3, -1, 3, 3, 3, -1,
 3, 3, 3, -1, 3, 3, 3, -1, 3, 3, 3, -1,
 3, 3, 3, -1, 3, 3, 3, -1, 3, 3, 3, -1,
 3, 3, 3, -1, 3, 3, 3, -1, 3, 3, 3, -1,
 3, 3, 3, -1, 3, 3, 3, -1, 3, 3, 3, -1,
 3, 3, 3, -1, 3, 3, 3, -1, 3, 3, 3, -1,
 3, 3, 3, -1, 3, 3, 3, -1, 3, 3, 3, -1,
 3, 3, 3, -1, 132, 132, 132, -1, 132, 132, 132, -1,
 133, 133, 131, -1, 131, 133, 131, -1, 131, 131, 129, -1,
 129, 131, 129, -1, 129, 129, 127, -1, 127, 129, 127, -1,
 127, 127, 125, -1, 125, 127, 125, -1, 125, 125, 123, -1,
 123, 125, 123, -1, 123, 123, 121, -1, 121, 123, 121, -1,
 121, 121, 122, -1, 122, 121, 122, -1, 122, 122, 124, -1,
 124, 122, 124, -1, 124, 124, 126, -1, 126, 124, 126, -1,
 126, 126, 128, -1, 128, 126, 128, -1, 128, 128, 130, -1,
 130, 128, 130, -1, 130, 130, 132, -1, 132, 130, 132, -1,
 133, 133, 131, -1, 131, 133, 131, -1, 131, 131, 129, -1,
 129, 131, 129, -1, 129, 129, 127, -1, 127, 129, 127, -1,
 127, 127, 125, -1, 125, 127, 125, -1, 125, 125, 123, -1,
 123, 125, 123, -1, 123, 123, 121, -1, 121, 123, 121, -1,
 121, 121, 122, -1, 122, 121, 122, -1, 122, 122, 124, -1,
 124, 122, 124, -1, 124, 124, 126, -1, 126, 124, 126, -1,
 126, 126, 128, -1, 128, 126, 128, -1, 128, 128, 130, -1,
 130, 128, 130, -1, 130, 130, 132, -1, 132, 130, 132, -1,
 133, 133, 131, -1, 131, 133, 131, -1, 131, 131, 129, -1,
 129, 131, 129, -1, 129, 129, 127, -1, 127, 129, 127, -1,
 127, 127, 125, -1, 125, 127, 125, -1, 125, 125, 123, -1,
 123, 125, 123, -1, 123, 123, 121, -1, 121, 123, 121, -1,
 121, 121, 122, -1, 122, 121, 122, -1, 122, 122, 124, -1,
 124, 122, 124, -1, 124, 124, 126, -1, 126, 124, 126, -1,
 126, 126, 128, -1, 128, 126, 128, -1, 128, 128, 130, -1,
 130, 128, 130, -1, 130, 130, 132, -1, 132, 130, 132, -1,
 133, 133, 131, -1, 131, 133, 131, -1, 131, 131, 129, -1,
 129, 131, 129, -1, 129, 129, 127, -1, 127, 129, 127, -1,
 127, 127, 125, -1, 125, 127, 125, -1, 125, 125, 123, -1,
 123, 125, 123, -1, 123, 123, 121, -1, 121, 123, 121, -1,
 121, 121, 122, -1, 122, 121, 122, -1, 122, 122, 124, -1,
 124, 122, 124, -1, 124, 124, 126, -1, 126, 124, 126, -1,
 126, 126, 128, -1, 128, 126, 128, -1, 128, 128, 130, -1,
 130, 128, 130, -1, 130, 130, 132, -1, 132, 130, 132, -1,
 121, 121, 121, -1, 121, 121, 121, -1, 133, 133, 133, -1,
 133, 133, 133, -1, 144, 144, 144, -1, 144, 144, 144, -1,
 233, 233, 233, -1, 233, 233, 233, -1, 234, 234, 234, -1,
 234, 234, 234, -1, 234, 234, 234, -1, 59, 59, 59, -1,
 59, 59, 59, -1, 60, 60, 60, -1, 60, 60, 60, -1,
 132, 132, 108, -1, 108, 132, 108, -1, 108, 108, 84, -1,
 84, 108, 84, -1, 84, 84, 59, -1, 59, 84, 59, -1,
 59, 59, 34, -1, 34, 59, 34, -1, 34, 34, 17, -1,
 17, 34, 17, -1, 17, 17, 3, -1, 3, 17, 3, -1,
 3, 3, 18, -1, 18, 3, 18, -1, 18, 18, 35, -1,
 35, 18, 35, -1, 35, 35, 60, -1, 60, 35, 60, -1,
 60, 60, 85, -1, 85, 60, 85, -1, 85, 85, 109, -1,
 109, 85, 109, -1, 109, 109, 133, -1, 133, 109, 133, -1,
 132, 132, 108, -1, 108, 132, 108, -1, 108, 108, 84, -1,
 84, 108, 84, -1, 84, 84, 59, -1, 59, 84, 59, -1,
 59, 59, 34, -1, 34, 59, 34, -1, 34, 34, 17, -1,
 17, 34, 17, -1, 17, 17, 3, -1, 3, 17, 3, -1,
 3, 3, 18, -1, 18, 3, 18, -1, 18, 18, 35, -1,
 35, 18, 35, -1, 35, 35, 60, -1, 60, 35, 60, -1,
 60, 60, 85, -1, 85, 60, 85, -1, 85, 85, 109, -1,
 109, 85, 109, -1, 109, 109, 133, -1, 133, 109, 133, -1,
 132, 132, 108, -1, 108, 132, 108, -1, 108, 108, 84, -1,
 84, 108, 84, -1, 84, 84, 59, -1, 59, 84, 59, -1,
 59, 59, 34, -1, 34, 59, 34, -1, 34, 34, 17, -1,
 17, 34, 17, -1, 17, 17, 3, -1, 3, 17, 3, -1,
 3, 3, 18, -1, 18, 3, 18, -1, 18, 18, 35, -1,
 35, 18, 35, -1, 35, 35, 60, -1, 60, 35, 60, -1,
 60, 60, 85, -1, 85, 60, 85, -1, 85, 85, 109, -1,
 109, 85, 109, -1, 109, 109, 133, -1, 133, 109, 133, -1,
 132, 132, 108, -1, 108, 132, 108, -1, 108, 108, 84, -1,
 84, 108, 84, -1, 84, 84, 59, -1, 59, 84, 59, -1,
 59, 59, 34, -1, 34, 59, 34, -1, 34, 34, 17, -1,
 17, 34, 17, -1, 17, 17, 3, -1, 3, 17, 3, -1,
 3, 3, 18, -1, 18, 3, 18, -1, 18, 18, 35, -1,
 35, 18, 35, -1, 35, 35, 60, -1, 60, 35, 60, -1,
 60, 60, 85, -1, 85, 60, 85, -1, 85, 85, 109, -1,
 109, 85, 109, -1, 109, 109, 133, -1, 133, 109, 133, -1,
 3, 3, 3, -1, 3, 3, 3, -1, 132, 132, 132, -1,
 132, 132, 132, -1, 307, 307, 307, -1, 307, 307, 307, -1,
 133, 133, 133, -1, 133, 133, 133, -1, 121, 121, 151, -1,
 151, 121, 155, -1, 151, 155, 152, -1, 181, 180, 186, -1,
 180, 168, 186, -1, 186, 168, 161, -1, 186, 161, 155, -1,
 155, 161, 154, -1, 155, 154, 152, -1, 198, 197, 224, -1,
 224, 197, 193, -1, 224, 190, 186, -1, 186, 190, 185, -1,
 186, 185, 181, -1, 307, 307, 298, -1, 298, 307, 298, -1,
 298, 298, 275, -1, 275, 298, 275, -1, 275, 275, 250, -1,
 250, 275, 250, -1, 250, 250, 224, -1, 224, 250, 224, -1,
 224, 224, 190, -1, 190, 224, 193, -1, 231, 210, 217, -1,
 252, 261, 258, -1, 226, 229, 227, -1, 162, 157, 159, -1,
 263, 256, 259, -1, 295, 301, 300, -1, 305, 299, 300, -1,
 304, 307, 297, -1, 305, 300, 306, -1, 306, 300, 301, -1,
 306, 301, 307, -1, 258, 261, 272, -1, 272, 261, 274, -1,
 272, 274, 276, -1, 284, 290, 295, -1, 246, 248, 267, -1,
 267, 248, 251, -1, 267, 251, 272, -1, 272, 251, 253, -1,
 272, 253, 258, -1, 241, 246, 259, -1, 259, 246, 267, -1,
 259, 267, 282, -1, 282, 267, 272, -1, 282, 272, 284, -1,
 284, 272, 276, -1, 284, 276, 290, -1, 241, 259, 239, -1,
 239, 259, 256, -1, 239, 256, 238, -1, 305, 304, 299, -1,
 299, 304, 297, -1, 299, 297, 279, -1, 279, 297, 286, -1,
 279, 286, 277, -1, 295, 300, 284, -1, 284, 300, 299, -1,
 284, 299, 282, -1, 282, 299, 279, -1, 282, 279, 259, -1,
 259, 279, 277, -1, 259, 277, 263, -1, 157, 121, 159, -1,
 159, 121, 145, -1, 159, 145, 160, -1, 160, 145, 146, -1,
 160, 146, 170, -1, 170, 146, 149, -1, 201, 179, 184, -1,
 189, 191, 216, -1, 216, 191, 194, -1, 216, 194, 219, -1,
 219, 194, 196, -1, 219, 196, 198, -1, 189, 216, 183, -1,
 183, 216, 199, -1, 183, 199, 177, -1, 187, 169, 199, -1,
 199, 169, 176, -1, 199, 176, 177, -1, 149, 150, 170, -1,
 170, 150, 153, -1, 170, 153, 173, -1, 173, 153, 156, -1,
 173, 156, 187, -1, 187, 156, 167, -1, 187, 167, 169, -1,
 210, 201, 217, -1, 217, 201, 184, -1, 217, 184, 220, -1,
 220, 184, 188, -1, 220, 188, 223, -1, 223, 188, 195, -1,
 223, 195, 225, -1, 225, 195, 200, -1, 225, 200, 228, -1,
 228, 200, 213, -1, 228, 213, 240, -1, 240, 213, 222, -1,
 240, 222, 247, -1, 247, 222, 227, -1, 247, 227, 249, -1,
 249, 227, 229, -1, 179, 162, 184, -1, 184, 162, 159, -1,
 184, 159, 188, -1, 188, 159, 160, -1, 188, 160, 195, -1,
 195, 160, 170, -1, 195, 170, 200, -1, 200, 170, 173, -1,
 200, 173, 213, -1, 213, 173, 187, -1, 213, 187, 222, -1,
 222, 187, 199, -1, 222, 199, 227, -1, 227, 199, 216, -1,
 227, 216, 226, -1, 226, 216, 219, -1, 238, 231, 239, -1,
 239, 231, 217, -1, 239, 217, 241, -1, 241, 217, 220, -1,
 241, 220, 246, -1, 246, 220, 223, -1, 246, 223, 248, -1,
 248, 223, 225, -1, 248, 225, 251, -1, 251, 225, 228, -1,
 251, 228, 253, -1, 253, 228, 240, -1, 253, 240, 258, -1,
 258, 240, 247, -1, 258, 247, 252, -1, 252, 247, 249, -1,
 307, 307, 296, -1, 296, 307, 285, -1, 257, 262, 262, -1,
 262, 262, 278, -1, 262, 278, 285, -1, 285, 278, 285, -1,
 285, 285, 296, -1, 257, 262, 237, -1, 237, 262, 232, -1,
 237, 232, 232, -1, 232, 232, 209, -1, 209, 232, 202, -1,
 209, 202, 202, -1, 202, 202, 178, -1, 178, 202, 163, -1,
 178, 163, 163, -1, 163, 163, 158, -1, 158, 163, 121, -1,
 158, 121, 121, -1, 132, 132, 118, -1, 118, 132, 118, -1,
 118, 118, 103, -1, 103, 118, 103, -1, 103, 103, 97, -1,
 97, 103, 75, -1, 97, 75, 89, -1, 53, 68, 75, -1,
 75, 68, 75, -1, 75, 75, 89, -1, 31, 47, 53, -1,
 53, 47, 53, -1, 53, 53, 68, -1, 13, 28, 31, -1,
 31, 28, 31, -1, 31, 31, 47, -1, 3, 4, 13, -1,
 13, 4, 13, -1, 13, 13, 28, -1, 14, 11, 3, -1,
 3, 11, 3, -1, 3, 3, 4, -1, 133, 133, 119, -1,
 119, 133, 119, -1, 119, 119, 104, -1, 104, 119, 104, -1,
 104, 104, 76, -1, 76, 104, 76, -1, 76, 76, 54, -1,
 54, 76, 54, -1, 54, 54, 32, -1, 32, 54, 32, -1,
 32, 32, 14, -1, 14, 32, 14, -1, 14, 14, 11, -1,
 132, 132, 108, -1, 108, 132, 108, -1, 108, 108, 84, -1,
 84, 108, 84, -1, 84, 84, 59, -1, 59, 84, 59, -1,
 59, 59, 34, -1, 34, 59, 34, -1, 34, 34, 17, -1,
 17, 34, 17, -1, 17, 17, 3, -1, 3, 17, 3, -1,
 3, 3, 18, -1, 18, 3, 18, -1, 18, 18, 35, -1,
 35, 18, 35, -1, 35, 35, 60, -1, 60, 35, 60, -1,
 60, 60, 85, -1, 85, 60, 85, -1, 85, 85, 109, -1,
 109, 85, 109, -1, 109, 109, 133, -1, 133, 109, 133, -1,
 132, 132, 108, -1, 108, 132, 108, -1, 108, 108, 84, -1,
 84, 108, 84, -1, 84, 84, 59, -1, 59, 84, 59, -1,
 59, 59, 34, -1, 34, 59, 34, -1, 34, 34, 17, -1,
 17, 34, 17, -1, 17, 17, 3, -1, 3, 17, 3, -1,
 3, 3, 18, -1, 18, 3, 18, -1, 18, 18, 35, -1,
 35, 18, 35, -1, 35, 35, 60, -1, 60, 35, 60, -1,
 60, 60, 85, -1, 85, 60, 85, -1, 85, 85, 109, -1,
 109, 85, 109, -1, 109, 109, 133, -1, 133, 109, 133, -1,
 132, 132, 108, -1, 108, 132, 108, -1, 108, 108, 84, -1,
 84, 108, 84, -1, 84, 84, 59, -1, 59, 84, 59, -1,
 59, 59, 34, -1, 34, 59, 34, -1, 34, 34, 17, -1,
 17, 34, 17, -1, 17, 17, 3, -1, 3, 17, 3, -1,
 3, 3, 18, -1, 18, 3, 18, -1, 18, 18, 35, -1,
 35, 18, 35, -1, 35, 35, 60, -1, 60, 35, 60, -1,
 60, 60, 85, -1, 85, 60, 85, -1, 85, 85, 109, -1,
 109, 85, 109, -1, 109, 109, 133, -1, 133, 109, 133, -1,
 144, 144, 144, -1, 144, 144, 144, -1, 144, 144, 144, -1,
 144, 144, 144, -1, 144, 144, 144, -1, 144, 144, 144, -1,
 144, 144, 144, -1, 144, 144, 144, -1, 144, 144, 144, -1,
 144, 144, 144, -1, 144, 144, 144, -1, 144, 144, 144, -1,
 144, 144, 144, -1, 144, 144, 144, -1, 144, 144, 144, -1,
 144, 144, 144, -1, 144, 144, 144, -1, 144, 144, 144, -1,
 144, 144, 144, -1, 144, 144, 144, -1, 144, 144, 144, -1,
 144, 144, 144, -1, 132, 132, 132, -1, 132, 132, 132, -1,
 3, 3, 3, -1, 3, 3, 3, -1, 144, 144, 144, -1,
 144, 144, 144, -1, 144, 144, 144, -1, 144, 144, 144, -1,
 144, 144, 144, -1, 144, 144, 144, -1, 144, 144, 144, -1,
 144, 144, 144, -1, 144, 144, 144, -1, 144, 144, 144, -1,
 144, 144, 144, -1, 3, 3, 3, -1, 3, 3, 3, -1,
 133, 133, 133, -1, 133, 133, 133, -1, 3, 3, 3, -1,
 3, 3, 3, -1, 3, 3, 3, -1, 3, 3, 3, -1,
 144, 144, 144, -1, 144, 144, 144, -1, 144, 144, 144, -1,
 144, 144, 144, -1, 144, 144, 144, -1, 144, 144, 144, -1,
 144, 144, 144, -1, 144, 144, 144, -1, 144, 144, 144, -1,
 144, 144, 144, -1, 144, 144, 144, -1, 144, 144, 144, -1,
 144, 144, 144, -1, 144, 144, 144, -1, 144, 144, 144, -1,
 144, 144, 144, -1, 144, 144, 144, -1, 144, 144, 144, -1,
 144, 144, 144, -1, 144, 144, 144, -1, 144, 144, 144, -1,
 144, 144, 144, -1, 144, 144, 144, -1, 144, 144, 144, -1,
 144, 144, 144, -1, 144, 144, 144, -1, 144, 144, 144, -1,
 144, 144, 144, -1, 144, 144, 144, -1, 144, 144, 144, -1,
 144, 144, 144, -1, 144, 144, 144, -1, 144, 144, 144, -1,
 144, 144, 144, -1, 144, 144, 144, -1, 144, 144, 144, -1,
 144, 144, 144, -1, 144, 144, 144, -1, 144, 144, 144, -1,
 144, 144, 144, -1, 144, 144, 144, -1, 144, 144, 144, -1,
 144, 144, 144, -1, 144, 144, 144, -1, 144, 144, 144, -1,
 144, 144, 144, -1, 144, 144, 144, -1, 144, 144, 144, -1,
 144, 144, 144, -1, 144, 144, 144, -1, 132, 132, 108, -1,
 132, 108, 108, -1, 108, 108, 84, -1, 108, 84, 84, -1,
 84, 84, 59, -1, 84, 59, 59, -1, 59, 59, 34, -1,
 59, 34, 34, -1, 34, 34, 17, -1, 34, 17, 17, -1,
 17, 17, 3, -1, 17, 3, 3, -1, 3, 3, 18, -1,
 3, 18, 18, -1, 18, 18, 35, -1, 18, 35, 35, -1,
 35, 35, 60, -1, 35, 60, 60, -1, 60, 60, 85, -1,
 60, 85, 85, -1, 85, 85, 109, -1, 85, 109, 109, -1,
 109, 109, 133, -1, 109, 133, 133, -1, 144, 144, 144, -1,
 144, 144, 144, -1, 144, 144, 144, -1, 144, 144, 144, -1,
 144, 144, 144, -1, 144, 144, 144, -1, 144, 144, 144, -1,
 144, 144, 144, -1, 144, 144, 144, -1, 144, 144, 144, -1,
 144, 144, 144, -1, 144, 144, 144, -1, 144, 144, 144, -1,
 144, 144, 144, -1, 144, 144, 144, -1, 144, 144, 144, -1,
 144, 144, 144, -1, 144, 144, 144, -1, 144, 144, 144, -1,
 144, 144, 144, -1, 144, 144, 144, -1, 144, 144, 144, -1,
 144, 144, 144, -1, 144, 144, 144, -1, 144, 144, 144, -1,
 144, 144, 144, -1, 144, 144, 144, -1, 144, 144, 144, -1,
 144, 144, 144, -1, 144, 144, 144, -1, 144, 144, 144, -1,
 144, 144, 144, -1, 144, 144, 144, -1, 144, 144, 144, -1,
 144, 144, 144, -1, 144, 144, 144, -1, 144, 144, 144, -1,
 144, 144, 144, -1, 144, 144, 144, -1, 144, 144, 144, -1,
 144, 144, 144, -1, 144, 144, 144, -1, 144, 144, 144, -1,
 144, 144, 144, -1, 144, 144, 144, -1, 144, 144, 144, -1,
 144, 144, 144, -1, 144, 144, 144, -1, 132, 132, 108, -1,
 132, 108, 108, -1, 108, 108, 84, -1, 108, 84, 84, -1,
 84, 84, 59, -1, 84, 59, 59, -1, 59, 59, 34, -1,
 59, 34, 34, -1, 34, 34, 17, -1, 34, 17, 17, -1,
 17, 17, 3, -1, 17, 3, 3, -1, 3, 3, 18, -1,
 3, 18, 18, -1, 18, 18, 35, -1, 18, 35, 35, -1,
 35, 35, 60, -1, 35, 60, 60, -1, 60, 60, 85, -1,
 60, 85, 85, -1, 85, 85, 109, -1, 85, 109, 109, -1,
 109, 109, 133, -1, 109, 133, 133, -1, 144, 144, 144, -1,
 144, 144, 144, -1, 144, 144, 144, -1, 144, 144, 144, -1,
 144, 144, 144, -1, 144, 144, 144, -1, 144, 144, 144, -1,
 144, 144, 144, -1, 144, 144, 144, -1, 144, 144, 144, -1,
 144, 144, 144, -1, 144, 144, 144, -1, 144, 144, 144, -1,
 144, 144, 144, -1, 144, 144, 144, -1, 144, 144, 144, -1,
 144, 144, 144, -1, 144, 144, 144, -1, 144, 144, 144, -1,
 144, 144, 144, -1, 144, 144, 144, -1, 144, 144, 144, -1,
 144, 144, 144, -1, 144, 144, 144, -1, 144, 144, 144, -1,
 144, 144, 144, -1, 144, 144, 144, -1, 144, 144, 144, -1,
 144, 144, 144, -1, 144, 144, 144, -1, 144, 144, 144, -1,
 144, 144, 144, -1, 144, 144, 144, -1, 144, 144, 144, -1,
 144, 144, 144, -1, 144, 144, 144, -1, 144, 144, 144, -1,
 144, 144, 144, -1, 144, 144, 144, -1, 144, 144, 144, -1,
 144, 144, 144, -1, 144, 144, 144, -1, 144, 144, 144, -1,
 144, 144, 144, -1, 144, 144, 144, -1, 144, 144, 144, -1,
 144, 144, 144, -1, 144, 144, 144, -1, 144, 144, 144, -1,
 144, 144, 144, -1, 132, 132, 108, -1, 132, 108, 108, -1,
 108, 108, 84, -1, 108, 84, 84, -1, 84, 84, 59, -1,
 84, 59, 59, -1, 59, 59, 34, -1, 59, 34, 34, -1,
 34, 34, 17, -1, 34, 17, 17, -1, 17, 17, 3, -1,
 17, 3, 3, -1, 3, 3, 18, -1, 3, 18, 18, -1,
 18, 18, 35, -1, 18, 35, 35, -1, 35, 35, 60, -1,
 35, 60, 60, -1, 60, 60, 85, -1, 60, 85, 85, -1,
 85, 85, 109, -1, 85, 109, 109, -1, 109, 109, 133, -1,
 109, 133, 133, -1, 144, 144, 144, -1, 144, 144, 144, -1,
 144, 144, 144, -1, 144, 144, 144, -1, 144, 144, 144, -1,
 144, 144, 144, -1, 144, 144, 144, -1, 144, 144, 144, -1,
 144, 144, 144, -1, 144, 144, 144, -1, 144, 144, 144, -1,
 144, 144, 144, -1, 144, 144, 144, -1, 144, 144, 144, -1,
 144, 144, 144, -1, 144, 144, 144, -1, 144, 144, 144, -1,
 144, 144, 144, -1, 144, 144, 144, -1, 144, 144, 144, -1,
 144, 144, 144, -1, 144, 144, 144, -1, 144, 144, 144, -1,
 144, 144, 144, -1, 144, 144, 144, -1, 144, 144, 144, -1,
 144, 144, 144, -1, 144, 144, 144, -1, 144, 144, 144, -1,
 144, 144, 144, -1, 144, 144, 144, -1, 144, 144, 144, -1,
 144, 144, 144, -1, 144, 144, 144, -1, 144, 144, 144, -1,
 144, 144, 144, -1, 144, 144, 144, -1, 144, 144, 144, -1,
 144, 144, 144, -1, 144, 144, 144, -1, 144, 144, 144, -1,
 144, 144, 144, -1, 144, 144, 144, -1, 144, 144, 144, -1,
 144, 144, 144, -1, 144, 144, 144, -1, 144, 144, 144, -1,
 144, 144, 144, -1, 132, 132, 108, -1, 132, 108, 108, -1,
 108, 108, 84, -1, 108, 84, 84, -1, 84, 84, 59, -1,
 84, 59, 59, -1, 59, 59, 34, -1, 59, 34, 34, -1,
 34, 34, 17, -1, 34, 17, 17, -1, 17, 17, 3, -1,
 17, 3, 3, -1, 3, 3, 18, -1, 3, 18, 18, -1,
 18, 18, 35, -1, 18, 35, 35, -1, 35, 35, 60, -1,
 35, 60, 60, -1, 60, 60, 85, -1, 60, 85, 85, -1,
 85, 85, 109, -1, 85, 109, 109, -1, 109, 109, 133, -1,
 109, 133, 133, -1, 3, 3, 3, -1, 3, 3, 3, -1,
 3, 3, 3, -1, 3, 3, 3, -1, 3, 3, 3, -1,
 3, 3, 3, -1, 3, 3, 3, -1, 3, 3, 3, -1,
 3, 3, 3, -1, 3, 3, 3, -1, 3, 3, 3, -1,
 3, 3, 3, -1, 3, 3, 3, -1, 3, 3, 3, -1,
 3, 3, 3, -1, 3, 3, 3, -1, 3, 3, 3, -1,
 3, 3, 3, -1, 3, 3, 3, -1, 3, 3, 3, -1,
 3, 3, 3, -1, 3, 3, 3, -1, 3, 3, 3, -1,
 3, 3, 3, -1, 3, 3, 3, -1, 3, 3, 3, -1,
 3, 3, 3, -1, 3, 3, 3, -1, 3, 3, 3, -1,
 3, 3, 3, -1, 3, 3, 3, -1, 3, 3, 3, -1,
 3, 3, 3, -1, 3, 3, 3, -1, 3, 3, 3, -1,
 3, 3, 3, -1, 3, 3, 3, -1, 3, 3, 3, -1,
 3, 3, 3, -1, 3, 3, 3, -1, 3, 3, 3, -1,
 3, 3, 3, -1, 3, 3, 3, -1, 3, 3, 3, -1,
 3, 3, 3, -1, 3, 3, 3, -1, 132, 132, 132, -1,
 132, 132, 132, -1, 132, 132, 132, -1, 132, 132, 132, -1,
 132, 132, 132, -1, 132, 132, 132, -1, 132, 132, 132, -1,
 132, 132, 132, -1, 132, 132, 132, -1, 132, 132, 132, -1,
 132, 132, 132, -1, 132, 132, 132, -1, 132, 132, 132, -1,
 132, 132, 132, -1, 132, 132, 132, -1, 132, 132, 132, -1,
 132, 132, 132, -1, 132, 132, 132, -1, 132, 132, 132, -1,
 132, 132, 132, -1, 307, 307, 307, -1, 307, 307, 307, -1,
 307, 307, 307, -1, 307, 307, 307, -1, 307, 307, 307, -1,
 307, 307, 307, -1, 307, 307, 307, -1, 307, 307, 307, -1,
 307, 307, 307, -1, 307, 307, 307, -1, 307, 307, 307, -1,
 307, 307, 307, -1, 307, 307, 307, -1, 307, 307, 307, -1,
 307, 307, 307, -1, 307, 307, 307, -1, 307, 307, 307, -1,
 307, 307, 307, -1, 307, 307, 307, -1, 307, 307, 307, -1,
 307, 307, 307, -1, 307, 307, 307, -1, 307, 307, 307, -1,
 307, 307, 307, -1, 307, 307, 307, -1, 307, 307, 307, -1,
 307, 307, 307, -1, 307, 307, 307, -1, 307, 307, 307, -1,
 307, 307, 307, -1, 307, 307, 307, -1, 307, 307, 307, -1,
 307, 307, 307, -1, 307, 307, 307, -1, 307, 307, 307, -1,
 307, 307, 307, -1, 307, 307, 307, -1, 307, 307, 307, -1,
 307, 307, 307, -1, 307, 307, 307, -1, 133, 133, 133, -1,
 133, 133, 133, -1, 133, 133, 133, -1, 133, 133, 133, -1,
 133, 133, 133, -1, 133, 133, 133, -1, 133, 133, 133, -1,
 133, 133, 133, -1, 133, 133, 133, -1, 133, 133, 133, -1,
 133, 133, 133, -1, 133, 133, 133, -1, 133, 133, 133, -1,
 133, 133, 133, -1, 121, 121, 121, -1, 121, 121, 121, -1,
 133, 133, 131, -1, 131, 133, 131, -1, 131, 131, 129, -1,
 129, 131, 129, -1, 129, 129, 127, -1, 127, 129, 127, -1,
 127, 127, 125, -1, 125, 127, 125, -1, 125, 125, 123, -1,
 123, 125, 123, -1, 123, 123, 121, -1, 121, 123, 121, -1,
 121, 121, 122, -1, 122, 121, 122, -1, 122, 122, 124, -1,
 124, 122, 124, -1, 124, 124, 126, -1, 126, 124, 126, -1,
 126, 126, 128, -1, 128, 126, 128, -1, 128, 128, 130, -1,
 130, 128, 130, -1, 130, 130, 132, -1, 132, 130, 132, -1,
 3, 3, 3, -1, 3, 3, 3, -1, 3, 3, 3, -1,
 3, 3, 3, -1, 3, 3, 3, -1, 3, 3, 3, -1,
 3, 3, 3, -1, 3, 3, 3, -1, 3, 3, 3, -1,
 3, 3, 3, -1, 3, 3, 3, -1, 3, 3, 3, -1,
 3, 3, 3, -1, 3, 3, 3, -1, 3, 3, 3, -1,
 3, 3, 3, -1, 3, 3, 3, -1, 3, 3, 3, -1,
 3, 3, 3, -1, 3, 3, 3, -1, 3, 3, 3, -1,
 3, 3, 3, -1, 3, 3, 3, -1, 3, 3, 3, -1,
 3, 3, 3, -1, 3, 3, 3, -1, 3, 3, 3, -1,
 3, 3, 3, -1, 3, 3, 3, -1, 3, 3, 3, -1,
 3, 3, 3, -1, 3, 3, 3, -1, 3, 3, 3, -1,
 3, 3, 3, -1, 3, 3, 3, -1, 3, 3, 3, -1,
 3, 3, 3, -1, 3, 3, 3, -1, 3, 3, 3, -1,
 3, 3, 3, -1, 132, 132, 132, -1, 132, 132, 132, -1,
 132, 132, 132, -1, 132, 132, 132, -1, 132, 132, 132, -1,
 132, 132, 132, -1, 132, 132, 132, -1, 132, 132, 132, -1,
 132, 132, 132, -1, 132, 132, 132, -1, 132, 132, 132, -1,
 132, 132, 132, -1, 132, 132, 132, -1, 132, 132, 132, -1,
 307, 307, 307, -1, 307, 307, 307, -1, 307, 307, 307, -1,
 307, 307, 307, -1, 307, 307, 307, -1, 307, 307, 307, -1,
 307, 307, 307, -1, 307, 307, 307, -1, 307, 307, 307, -1,
 307, 307, 307, -1, 307, 307, 307, -1, 307, 307, 307, -1,
 307, 307, 307, -1, 307, 307, 307, -1, 307, 307, 307, -1,
 307, 307, 307, -1, 307, 307, 307, -1, 307, 307, 307, -1,
 307, 307, 307, -1, 307, 307, 307, -1, 307, 307, 307, -1,
 307, 307, 307, -1, 307, 307, 307, -1, 307, 307, 307, -1,
 307, 307, 307, -1, 307, 307, 307, -1, 307, 307, 307, -1,
 307, 307, 307, -1, 307, 307, 307, -1, 307, 307, 307, -1,
 307, 307, 307, -1, 307, 307, 307, -1, 307, 307, 307, -1,
 307, 307, 307, -1, 307, 307, 307, -1, 307, 307, 307, -1,
 307, 307, 307, -1, 307, 307, 307, -1, 307, 307, 307, -1,
 307, 307, 307, -1, 133, 133, 133, -1, 133, 133, 133, -1,
 133, 133, 133, -1, 133, 133, 133, -1, 133, 133, 133, -1,
 133, 133, 133, -1, 133, 133, 133, -1, 133, 133, 133, -1,
 133, 133, 133, -1, 133, 133, 133, -1, 133, 133, 133, -1,
 133, 133, 133, -1, 133, 133, 133, -1, 133, 133, 133, -1,
 121, 121, 121, -1, 121, 121, 121, -1, 133, 133, 131, -1,
 131, 133, 131, -1, 131, 131, 129, -1, 129, 131, 129, -1,
 129, 129, 127, -1, 127, 129, 127, -1, 127, 127, 125, -1,
 125, 127, 125, -1, 125, 125, 123, -1, 123, 125, 123, -1,
 123, 123, 121, -1, 121, 123, 121, -1, 121, 121, 122, -1,
 122, 121, 122, -1, 122, 122, 124, -1, 124, 122, 124, -1,
 124, 124, 126, -1, 126, 124, 126, -1, 126, 126, 128, -1,
 128, 126, 128, -1, 128, 128, 130, -1, 130, 128, 130, -1,
 130, 130, 132, -1, 132, 130, 132, -1, 62, 77, 72, -1,
 8, 23, 22, -1, 12, 6, 5, -1, 8, 1, 3, -1,
 5, 3, 2, -1, 6, 3, 5, -1, 5, 3, 3, -1,
 5, 3, 3, -1, 26, 39, 27, -1, 27, 39, 40, -1,
 27, 40, 30, -1, 30, 40, 41, -1, 71, 66, 65, -1,
 90, 93, 74, -1, 74, 93, 82, -1, 74, 82, 79, -1,
 79, 82, 80, -1, 29, 45, 44, -1, 21, 12, 20, -1,
 20, 12, 5, -1, 20, 5, 7, -1, 7, 5, 2, -1,
 7, 2, 0, -1, 45, 29, 46, -1, 46, 29, 38, -1,
 46, 38, 51, -1, 23, 38, 22, -1, 22, 38, 29, -1,
 22, 29, 26, -1, 26, 29, 44, -1, 26, 44, 39, -1,
 51, 38, 55, -1, 55, 38, 43, -1, 55, 43, 56, -1,
 27, 21, 26, -1, 26, 21, 20, -1, 26, 20, 22, -1,
 22, 20, 7, -1, 22, 7, 8, -1, 8, 7, 0, -1,
 8, 0, 1, -1, 3, 9, 8, -1, 8, 9, 15, -1,
 8, 15, 23, -1, 23, 15, 25, -1, 23, 25, 38, -1,
 38, 25, 37, -1, 38, 37, 43, -1, 102, 116, 112, -1,
 102, 112, 95, -1, 116, 102, 117, -1, 117, 102, 106, -1,
 117, 106, 120, -1, 120, 106, 113, -1, 120, 113, 121, -1,
 99, 111, 113, -1, 113, 111, 115, -1, 113, 115, 121, -1,
 81, 94, 74, -1, 74, 94, 92, -1, 74, 92, 90, -1,
 112, 105, 95, -1, 95, 105, 101, -1, 95, 101, 81, -1,
 81, 101, 98, -1, 81, 98, 94, -1, 77, 87, 72, -1,
 72, 87, 96, -1, 72, 96, 70, -1, 70, 96, 91, -1,
 70, 91, 67, -1, 67, 91, 88, -1, 67, 88, 63, -1,
 63, 88, 73, -1, 63, 73, 52, -1, 52, 73, 69, -1,
 52, 69, 48, -1, 48, 69, 64, -1, 48, 64, 50, -1,
 50, 64, 65, -1, 50, 65, 49, -1, 49, 65, 66, -1,
 87, 99, 96, -1, 96, 99, 113, -1, 96, 113, 91, -1,
 91, 113, 106, -1, 91, 106, 88, -1, 88, 106, 102, -1,
 88, 102, 73, -1, 73, 102, 95, -1, 73, 95, 69, -1,
 69, 95, 81, -1, 69, 81, 64, -1, 64, 81, 74, -1,
 64, 74, 65, -1, 65, 74, 79, -1, 65, 79, 71, -1,
 71, 79, 80, -1, 56, 62, 55, -1, 55, 62, 72, -1,
 55, 72, 51, -1, 51, 72, 70, -1, 51, 70, 46, -1,
 46, 70, 67, -1, 46, 67, 45, -1, 45, 67, 63, -1,
 45, 63, 44, -1, 44, 63, 52, -1, 44, 52, 39, -1,
 39, 52, 48, -1, 39, 48, 40, -1, 40, 48, 50, -1,
 40, 50, 41, -1, 41, 50, 49, -1, 121, 114, 121, -1,
 121, 114, 107, -1, 114, 107, 107, -1, 107, 107, 100, -1,
 107, 100, 83, -1, 100, 83, 83, -1, 83, 83, 78, -1,
 83, 78, 58, -1, 58, 78, 58, -1, 58, 58, 33, -1,
 33, 58, 57, -1, 33, 57, 42, -1, 42, 33, 33, -1,
 33, 33, 24, -1, 33, 24, 16, -1, 3, 3, 10, -1,
 10, 3, 16, -1, 10, 16, 16, -1, 16, 16, 24, -1,
 121, 121, 107, -1, 107, 121, 107, -1, 107, 107, 83, -1,
 83, 107, 83, -1, 83, 83, 58, -1, 58, 83, 58, -1,
 58, 58, 33, -1, 33, 58, 33, -1, 33, 33, 16, -1,
 16, 33, 16, -1, 16, 16, 3, -1, 3, 16, 3, -1,
 121, 121, 163, -1, 163, 121, 163, -1, 163, 163, 202, -1,
 202, 163, 202, -1, 202, 202, 232, -1, 232, 202, 232, -1,
 232, 232, 262, -1, 262, 232, 262, -1, 262, 262, 285, -1,
 285, 262, 285, -1, 285, 285, 307, -1, 307, 285, 307, -1,
 121, 121, 163, -1, 163, 121, 163, -1, 163, 163, 202, -1,
 202, 163, 202, -1, 202, 202, 232, -1, 232, 202, 232, -1,
 232, 232, 262, -1, 262, 232, 262, -1, 262, 262, 285, -1,
 285, 262, 285, -1, 285, 285, 307, -1, 307, 285, 307, -1,
 132, 132, 130, -1, 132, 130, 130, -1, 130, 130, 128, -1,
 130, 128, 128, -1, 128, 128, 126, -1, 128, 126, 126, -1,
 126, 126, 124, -1, 126, 124, 124, -1, 124, 124, 122, -1,
 124, 122, 122, -1, 122, 122, 121, -1, 122, 121, 121, -1,
 133, 133, 131, -1, 133, 131, 131, -1, 131, 131, 129, -1,
 131, 129, 129, -1, 129, 129, 127, -1, 129, 127, 127, -1,
 127, 127, 125, -1, 127, 125, 125, -1, 125, 125, 123, -1,
 125, 123, 123, -1, 123, 123, 121, -1, 123, 121, 121, -1,
 132, 132, 130, -1, 132, 130, 130, -1, 130, 130, 128, -1,
 130, 128, 128, -1, 128, 128, 126, -1, 128, 126, 126, -1,
 126, 126, 124, -1, 126, 124, 124, -1, 124, 124, 122, -1,
 124, 122, 122, -1, 122, 122, 121, -1, 122, 121, 121, -1,
 133, 133, 131, -1, 133, 131, 131, -1, 131, 131, 129, -1,
 131, 129, 129, -1, 129, 129, 127, -1, 129, 127, 127, -1,
 127, 127, 125, -1, 127, 125, 125, -1, 125, 125, 123, -1,
 125, 123, 123, -1, 123, 123, 121, -1, 123, 121, 121, -1,
 132, 132, 132, -1, 132, 132, 132, -1, 132, 132, 132, -1,
 132, 132, 132, -1, 132, 132, 132, -1, 132, 132, 132, -1,
 132, 132, 132, -1, 132, 132, 132, -1, 132, 132, 132, -1,
 132, 132, 132, -1, 132, 132, 132, -1, 132, 132, 132, -1,
 132, 132, 132, -1, 132, 132, 132, -1, 132, 132, 132, -1,
 132, 132, 132, -1, 132, 132, 132, -1, 132, 132, 132, -1,
 132, 132, 132, -1, 132, 132, 132, -1, 132, 132, 132, -1,
 132, 132, 132, -1, 132, 132, 132, -1, 132, 132, 132, -1,
 132, 132, 132, -1, 132, 132, 132, -1, 132, 132, 132, -1,
 132, 132, 132, -1, 132, 132, 132, -1, 132, 132, 132, -1,
 132, 132, 132, -1, 132, 132, 132, -1, 132, 132, 132, -1,
 132, 132, 132, -1, 132, 132, 132, -1, 132, 132, 132, -1,
 132, 132, 132, -1, 132, 132, 132, -1, 132, 132, 132, -1,
 132, 132, 132, -1, 132, 132, 132, -1, 132, 132, 132, -1,
 132, 132, 132, -1, 132, 132, 132, -1, 132, 132, 132, -1,
 132, 132, 132, -1, 132, 132, 132, -1, 132, 132, 132, -1,
 132, 132, 132, -1, 132, 132, 132, -1, 132, 132, 132, -1,
 132, 132, 132, -1, 132, 132, 132, -1, 132, 132, 132, -1,
 132, 132, 132, -1, 132, 132, 132, -1, 132, 132, 132, -1,
 132, 132, 132, -1, 132, 132, 132, -1, 132, 132, 132, -1,
 132, 132, 132, -1, 132, 132, 132, -1, 132, 132, 132, -1,
 132, 132, 132, -1, 132, 132, 132, -1, 132, 132, 132, -1,
 132, 132, 132, -1, 133, 133, 133, -1, 133, 133, 133, -1,
 133, 133, 133, -1, 133, 133, 133, -1, 133, 133, 133, -1,
 133, 133, 133, -1, 133, 133, 133, -1, 133, 133, 133, -1,
 133, 133, 133, -1, 133, 133, 133, -1, 133, 133, 133, -1,
 133, 133, 133, -1, 133, 133, 133, -1, 133, 133, 133, -1,
 133, 133, 133, -1, 133, 133, 133, -1, 133, 133, 133, -1,
 133, 133, 133, -1, 133, 133, 133, -1, 133, 133, 133, -1,
 133, 133, 133, -1, 133, 133, 133, -1, 133, 133, 133, -1,
 133, 133, 133, -1, 133, 133, 133, -1, 133, 133, 133, -1,
 133, 133, 133, -1, 133, 133, 133, -1, 133, 133, 133, -1,
 133, 133, 133, -1, 133, 133, 133, -1, 133, 133, 133, -1,
 133, 133, 133, -1, 133, 133, 133, -1, 133, 133, 133, -1,
 133, 133, 133, -1, 133, 133, 133, -1, 133, 133, 133, -1,
 133, 133, 133, -1, 133, 133, 133, -1, 133, 133, 133, -1,
 133, 133, 133, -1, 133, 133, 133, -1, 133, 133, 133, -1,
 133, 133, 133, -1, 133, 133, 133, -1, 133, 133, 133, -1,
 133, 133, 133, -1, 133, 133, 133, -1, 133, 133, 133, -1,
 133, 133, 133, -1, 133, 133, 133, -1, 133, 133, 133, -1,
 133, 133, 133, -1, 133, 133, 133, -1, 133, 133, 133, -1,
 133, 133, 133, -1, 133, 133, 133, -1, 133, 133, 133, -1,
 133, 133, 133, -1, 133, 133, 133, -1, 133, 133, 133, -1,
 133, 133, 133, -1, 133, 133, 133, -1, 133, 133, 133, -1,
 133, 133, 133, -1, 133, 133, 133, -1, 133, 133, 133, -1,
 133, 133, 133, -1, 133, 133, 133, -1, 133, 133, 133, -1,
 133, 133, 133, -1, 133, 133, 133, -1, 133, 133, 133, -1,
 133, 133, 133, -1, 133, 133, 133, -1, 133, 133, 133, -1,
 133, 133, 133, -1, 133, 133, 133, -1, 133, 133, 133, -1,
 133, 133, 133, -1, 133, 133, 133, -1, 133, 133, 133, -1,
 133, 133, 133, -1, 133, 133, 133, -1, 133, 133, 133, -1,
 133, 133, 133, -1, 133, 133, 133, -1, 133, 133, 133, -1,
 133, 133, 133, -1, 133, 133, 133, -1, 133, 133, 133, -1,
 133, 133, 133, -1, 133, 133, 133, -1, 133, 133, 133, -1,
 133, 133, 133, -1, 133, 133, 133, -1, 133, 133, 133, -1,
 133, 133, 133, -1, 133, 133, 133, -1, 133, 133, 133, -1,
 133, 133, 133, -1, 133, 133, 133, -1, 133, 133, 133, -1,
 133, 133, 133, -1, 133, 133, 133, -1, 133, 133, 133, -1,
 133, 133, 133, -1, 133, 133, 133, -1, 133, 133, 133, -1,
 133, 133, 133, -1, 133, 133, 133, -1, 133, 133, 133, -1,
 133, 133, 133, -1, 133, 133, 133, -1, 133, 133, 133, -1,
 133, 133, 133, -1, 133, 133, 133, -1, 133, 133, 133, -1,
 144, 144, 144, -1, 121, 121, 121, -1, 121, 121, 121, -1,
 3, 3, 3, -1, 3, 3, 3, -1, 3, 3, 3, -1,
 3, 3, 3, -1, 132, 132, 132, -1, 132, 132, 132, -1,
 132, 132, 132, -1, 132, 132, 132, -1, 132, 132, 132, -1,
 132, 132, 132, -1, 132, 132, 132, -1, 132, 132, 132, -1,
 132, 132, 132, -1, 132, 132, 132, -1, 132, 132, 132, -1,
 132, 132, 132, -1, 132, 132, 132, -1, 132, 132, 132, -1,
 132, 132, 132, -1, 132, 132, 132, -1, 132, 132, 132, -1,
 132, 132, 132, -1, 132, 132, 132, -1, 132, 132, 132, -1,
 132, 132, 132, -1, 132, 132, 132, -1, 132, 132, 132, -1,
 132, 132, 132, -1, 132, 132, 132, -1, 132, 132, 132, -1,
 132, 132, 132, -1, 132, 132, 132, -1, 3, 3, 16, -1,
 3, 16, 16, -1, 16, 16, 33, -1, 16, 33, 33, -1,
 33, 33, 58, -1, 33, 58, 58, -1, 58, 58, 83, -1,
 58, 83, 83, -1, 83, 83, 107, -1, 83, 107, 107, -1,
 107, 107, 121, -1, 107, 121, 121, -1, 121, 121, 163, -1,
 121, 163, 163, -1, 163, 163, 202, -1, 163, 202, 202, -1,
 202, 202, 232, -1, 202, 232, 232, -1, 232, 232, 262, -1,
 232, 262, 262, -1, 262, 262, 285, -1, 262, 285, 285, -1,
 285, 285, 307, -1, 285, 307, 307, -1, 133, 133, 133, -1,
 133, 133, 133, -1, 133, 133, 133, -1, 133, 133, 133, -1,
 133, 133, 133, -1, 133, 133, 133, -1, 133, 133, 133, -1,
 133, 133, 133, -1, 133, 133, 133, -1, 133, 133, 133, -1,
 133, 133, 133, -1, 133, 133, 133, -1, 133, 133, 133, -1,
 133, 133, 133, -1, 133, 133, 133, -1, 133, 133, 133, -1,
 133, 133, 133, -1, 133, 133, 133, -1, 133, 133, 133, -1,
 133, 133, 133, -1, 133, 133, 133, -1, 133, 133, 133, -1,
 133, 133, 133, -1, 133, 133, 133, -1, 133, 133, 133, -1,
 133, 133, 133, -1, 133, 133, 133, -1, 133, 133, 133, -1,
 133, 133, 133, -1, 133, 133, 133, -1, 133, 133, 133, -1,
 133, 133, 133, -1, 133, 133, 133, -1, 133, 133, 133, -1,
 133, 133, 133, -1, 133, 133, 133, -1, 133, 133, 133, -1,
 133, 133, 133, -1, 133, 133, 133, -1, 133, 133, 133, -1,
 133, 133, 133, -1, 133, 133, 133, -1, 133, 133, 133, -1,
 133, 133, 133, -1, 133, 133, 133, -1, 133, 133, 133, -1,
 133, 133, 133, -1, 133, 133, 133, -1, 3, 3, 16, -1,
 3, 16, 16, -1, 16, 16, 33, -1, 16, 33, 33, -1,
 33, 33, 58, -1, 33, 58, 58, -1, 58, 58, 83, -1,
 58, 83, 83, -1, 83, 83, 107, -1, 83, 107, 107, -1,
 107, 107, 121, -1, 107, 121, 121, -1, 121, 121, 163, -1,
 121, 163, 163, -1, 163, 163, 202, -1, 163, 202, 202, -1,
 202, 202, 232, -1, 202, 232, 232, -1, 232, 232, 262, -1,
 232, 262, 262, -1, 262, 262, 285, -1, 262, 285, 285, -1,
 285, 285, 307, -1, 285, 307, 307, -1, 133, 133, 133, -1,
 133, 133, 133, -1, 133, 133, 133, -1, 133, 133, 133, -1,
 133, 133, 133, -1, 133, 133, 133, -1, 133, 133, 133, -1,
 133, 133, 133, -1, 133, 133, 133, -1, 133, 133, 133, -1,
 133, 133, 133, -1, 133, 133, 133, -1, 133, 133, 133, -1,
 133, 133, 133, -1, 133, 133, 133, -1, 133, 133, 133, -1,
 133, 133, 133, -1, 133, 133, 133, -1, 133, 133, 133, -1,
 133, 133, 133, -1, 133, 133, 133, -1, 133, 133, 133, -1,
 133, 133, 133, -1, 133, 133, 133, -1, 133, 133, 133, -1,
 133, 133, 133, -1, 133, 133, 133, -1, 133, 133, 133, -1,
 133, 133, 133, -1, 133, 133, 133, -1, 133, 133, 133, -1,
 133, 133, 133, -1, 133, 133, 133, -1, 133, 133, 133, -1,
 133, 133, 133, -1, 133, 133, 133, -1, 133, 133, 133, -1,
 133, 133, 133, -1, 133, 133, 133, -1, 133, 133, 133, -1,
 133, 133, 133, -1, 133, 133, 133, -1, 133, 133, 133, -1,
 133, 133, 133, -1, 133, 133, 133, -1, 133, 133, 133, -1,
 133, 133, 133, -1, 133, 133, 133, -1, 3, 3, 16, -1,
 3, 16, 16, -1, 16, 16, 33, -1, 16, 33, 33, -1,
 33, 33, 58, -1, 33, 58, 58, -1, 58, 58, 83, -1,
 58, 83, 83, -1, 83, 83, 107, -1, 83, 107, 107, -1,
 107, 107, 121, -1, 107, 121, 121, -1, 121, 121, 163, -1,
 121, 163, 163, -1, 163, 163, 202, -1, 163, 202, 202, -1,
 202, 202, 232, -1, 202, 232, 232, -1, 232, 232, 262, -1,
 232, 262, 262, -1, 262, 262, 285, -1, 262, 285, 285, -1,
 285, 285, 307, -1, 285, 307, 307, -1, 133, 133, 133, -1,
 133, 133, 133, -1, 133, 133, 133, -1, 133, 133, 133, -1,
 133, 133, 133, -1, 133, 133, 133, -1, 133, 133, 133, -1,
 133, 133, 133, -1, 133, 133, 133, -1, 133, 133, 133, -1,
 133, 133, 133, -1, 133, 133, 133, -1, 133, 133, 133, -1,
 133, 133, 133, -1, 133, 133, 133, -1, 133, 133, 133, -1,
 133, 133, 133, -1, 133, 133, 133, -1, 133, 133, 133, -1,
 133, 133, 133, -1, 133, 133, 133, -1, 133, 133, 133, -1,
 133, 133, 133, -1, 133, 133, 133, -1, 133, 133, 133, -1,
 133, 133, 133, -1, 133, 133, 133, -1, 133, 133, 133, -1,
 133, 133, 133, -1, 133, 133, 133, -1, 133, 133, 133, -1,
 133, 133, 133, -1, 133, 133, 133, -1, 133, 133, 133, -1,
 133, 133, 133, -1, 133, 133, 133, -1, 133, 133, 133, -1,
 133, 133, 133, -1, 133, 133, 133, -1, 133, 133, 133, -1,
 133, 133, 133, -1, 133, 133, 133, -1, 133, 133, 133, -1,
 133, 133, 133, -1, 133, 133, 133, -1, 133, 133, 133, -1,
 133, 133, 133, -1, 133, 133, 133, -1, 3, 3, 16, -1,
 3, 16, 16, -1, 16, 16, 33, -1, 16, 33, 33, -1,
 33, 33, 58, -1, 33, 58, 58, -1, 58, 58, 83, -1,
 58, 83, 83, -1, 83, 83, 107, -1, 83, 107, 107, -1,
 107, 107, 121, -1, 107, 121, 121, -1, 121, 121, 163, -1,
 121, 163, 163, -1, 163, 163, 202, -1, 163, 202, 202, -1,
 202, 202, 232, -1, 202, 232, 232, -1, 232, 232, 262, -1,
 232, 262, 262, -1, 262, 262, 285, -1, 262, 285, 285, -1,
 285, 285, 307, -1, 285, 307, 307, -1, 133, 133, 133, -1,
 133, 133, 133, -1, 133, 133, 133, -1, 133, 133, 133, -1,
 133, 133, 133, -1, 133, 133, 133, -1, 133, 133, 133, -1,
 133, 133, 133, -1, 133, 133, 133, -1, 133, 133, 133, -1,
 133, 133, 133, -1, 133, 133, 133, -1, 133, 133, 133, -1,
 133, 133, 133, -1, 133, 133, 133, -1, 133, 133, 133, -1,
 133, 133, 133, -1, 133, 133, 133, -1, 133, 133, 133, -1,
 133, 133, 133, -1, 133, 133, 133, -1, 133, 133, 133, -1,
 133, 133, 133, -1, 133, 133, 133, -1, 133, 133, 133, -1,
 133, 133, 133, -1, 133, 133, 133, -1, 133, 133, 133, -1,
 133, 133, 133, -1, 133, 133, 133, -1, 133, 133, 133, -1,
 133, 133, 133, -1, 133, 133, 133, -1, 133, 133, 133, -1,
 133, 133, 133, -1, 133, 133, 133, -1, 133, 133, 133, -1,
 133, 133, 133, -1, 133, 133, 133, -1, 133, 133, 133, -1,
 133, 133, 133, -1, 133, 133, 133, -1, 133, 133, 133, -1,
 133, 133, 133, -1, 133, 133, 133, -1, 133, 133, 133, -1,
 133, 133, 133, -1, 133, 133, 133, -1, 3, 3, 16, -1,
 16, 3, 16, -1, 16, 16, 33, -1, 33, 16, 33, -1,
 33, 33, 58, -1, 58, 33, 58, -1, 58, 58, 83, -1,
 83, 58, 83, -1, 83, 83, 107, -1, 107, 83, 107, -1,
 107, 107, 121, -1, 121, 107, 121, -1, 121, 121, 163, -1,
 163, 121, 163, -1, 163, 163, 202, -1, 202, 163, 202, -1,
 202, 202, 232, -1, 232, 202, 232, -1, 232, 232, 262, -1,
 262, 232, 262, -1, 262, 262, 285, -1, 285, 262, 285, -1,
 285, 285, 307, -1, 307, 285, 307, -1, 3, 3, 16, -1,
 16, 3, 16, -1, 16, 16, 33, -1, 33, 16, 33, -1,
 33, 33, 58, -1, 58, 33, 58, -1, 58, 58, 83, -1,
 83, 58, 83, -1, 83, 83, 107, -1, 107, 83, 107, -1,
 107, 107, 121, -1, 121, 107, 121, -1, 121, 121, 163, -1,
 163, 121, 163, -1, 163, 163, 202, -1, 202, 163, 202, -1,
 202, 202, 232, -1, 232, 202, 232, -1, 232, 232, 262, -1,
 262, 232, 262, -1, 262, 262, 285, -1, 285, 262, 285, -1,
 285, 285, 307, -1, 307, 285, 307, -1, 3, 3, 16, -1,
 16, 3, 16, -1, 16, 16, 33, -1, 33, 16, 33, -1,
 33, 33, 58, -1, 58, 33, 58, -1, 58, 58, 83, -1,
 83, 58, 83, -1, 83, 83, 107, -1, 107, 83, 107, -1,
 107, 107, 121, -1, 121, 107, 121, -1, 121, 121, 163, -1,
 163, 121, 163, -1, 163, 163, 202, -1, 202, 163, 202, -1,
 202, 202, 232, -1, 232, 202, 232, -1, 232, 232, 262, -1,
 262, 232, 262, -1, 262, 262, 285, -1, 285, 262, 285, -1,
 285, 285, 307, -1, 307, 285, 307, -1, 3, 3, 16, -1,
 16, 3, 16, -1, 16, 16, 33, -1, 33, 16, 33, -1,
 33, 33, 58, -1, 58, 33, 58, -1, 58, 58, 83, -1,
 83, 58, 83, -1, 83, 83, 107, -1, 107, 83, 107, -1,
 107, 107, 121, -1, 121, 107, 121, -1, 121, 121, 163, -1,
 163, 121, 163, -1, 163, 163, 202, -1, 202, 163, 202, -1,
 202, 202, 232, -1, 232, 202, 232, -1, 232, 232, 262, -1,
 262, 232, 262, -1, 262, 262, 285, -1, 285, 262, 285, -1,
 285, 285, 307, -1, 307, 285, 307, -1, 133, 133, 133, -1,
 133, 133, 133, -1, 133, 133, 133, -1, 133, 133, 133, -1,
 133, 133, 133, -1, 133, 133, 133, -1, 133, 133, 133, -1,
 133, 133, 133, -1, 133, 133, 133, -1, 133, 133, 133, -1,
 133, 133, 133, -1, 133, 133, 133, -1, 133, 133, 133, -1,
 133, 133, 133, -1, 133, 133, 133, -1, 133, 133, 133, -1,
 133, 133, 133, -1, 133, 133, 133, -1, 133, 133, 133, -1,
 133, 133, 133, -1, 133, 133, 133, -1, 133, 133, 133, -1,
 3, 3, 16, -1, 3, 16, 16, -1, 16, 16, 33, -1,
 16, 33, 33, -1, 33, 33, 58, -1, 33, 58, 58, -1,
 58, 58, 83, -1, 58, 83, 83, -1, 83, 83, 107, -1,
 83, 107, 107, -1, 107, 107, 121, -1, 107, 121, 121, -1,
 307, 307, 285, -1, 307, 285, 285, -1, 285, 285, 262, -1,
 285, 262, 262, -1, 262, 262, 232, -1, 262, 232, 232, -1,
 232, 232, 202, -1, 232, 202, 202, -1, 202, 202, 163, -1,
 202, 163, 163, -1, 163, 163, 121, -1, 163, 121, 121, -1,
 307, 307, 307, -1, 307, 307, 307, -1, 133, 133, 133, -1,
 133, 133, 133, -1, 3, 3, 3, -1, 3, 3, 3, -1,
 132, 132, 132, -1, 132, 132, 132, -1, 144, 144, 144, -1,
 144, 144, 144, -1
]
colorPerVertex FALSE
normalPerVertex TRUE
}
}
]
}
