#VRML V2.0 utf8
Transform {
children [
Shape {
appearance Appearance {
material Material {
ambientIntensity 1.000000
diffuseColor 1.000000 1.000000 1.000000
emissiveColor 0.210000 0.210000 0.210000
specularColor 0.880000 0.880000 0.880000
shininess 0.210000
transparency 0.000000
}
}
geometry IndexedFaceSet {
color Color {
color [
 1.000000 1.000000 1.000000
]
}
coord Coordinate {
point [
 -0.009750 0.013655 0.000000, -0.009745 0.013487 -0.000310, -0.009739 0.000000 -0.000460, -0.009739 0.000000 0.000460, -0.009738 0.013407 0.000460,
 -0.009737 0.013407 -0.000460, -0.009736 0.013375 0.000519, -0.009734 0.013361 0.000546, -0.009732 0.013362 -0.000547, -0.009717 0.013225 -0.000805,
 -0.009697 0.013120 0.001011, -0.009685 0.013066 0.001119, -0.009683 0.013067 -0.001119, -0.009669 0.000000 -0.001252, -0.009669 0.000000 0.001252,
 -0.009669 0.013000 -0.001252, -0.009669 0.013000 0.001252, -0.009093 0.013000 -0.002250, -0.009093 0.013000 0.002250, -0.009044 0.014375 0.000000,
 -0.008798 0.014375 -0.000501, -0.008798 0.014375 0.000501, -0.008547 0.014375 -0.001002, -0.008547 0.014375 0.001002, -0.008444 0.013000 -0.003375,
 -0.008444 0.013000 0.003375, -0.008291 0.014375 -0.001504, -0.008291 0.014375 0.001504, -0.008029 0.014375 -0.002006, -0.008029 0.014375 0.002006,
 -0.007794 0.013000 -0.004500, -0.007794 0.013000 0.004500, -0.007696 0.015750 0.000000, -0.007529 0.015750 -0.000439, -0.007529 0.015750 0.000439,
 -0.007489 0.014375 -0.003006, -0.007489 0.014375 0.003006, -0.007351 0.015750 -0.000879, -0.007351 0.015750 0.000879, -0.007163 0.015750 -0.001320,
 -0.007163 0.015750 0.001320, -0.007145 0.013000 -0.005625, -0.007145 0.013000 0.005625, -0.006964 0.015750 -0.001761, -0.006964 0.015750 0.001761,
 -0.006755 0.015750 -0.002201, -0.006755 0.015750 0.002201, -0.006534 0.015750 -0.002638, -0.006534 0.015750 0.002638, -0.006495 0.013000 -0.006750,
 -0.006495 0.013000 0.006750, -0.006348 0.017125 -0.000000, -0.006348 0.014375 -0.004983, -0.006348 0.014375 0.004983, -0.006306 0.017125 -0.000188,
 -0.006303 0.015750 -0.003071, -0.006303 0.015750 0.003071, -0.006259 0.017125 -0.000377, -0.006259 0.017125 0.000377, -0.006155 0.017125 -0.000756,
 -0.006155 0.017125 0.000756, -0.006150 0.000000 0.000000, -0.006150 0.012000 0.000000, -0.006093 0.000000 -0.000837, -0.006093 0.000000 0.000837,
 -0.006093 0.012000 -0.000837, -0.006093 0.012000 0.000837, -0.006062 0.015750 -0.003500, -0.006062 0.015750 0.003500, -0.006036 0.017125 -0.001137,
 -0.006036 0.017125 0.001137, -0.005922 0.000000 -0.001659, -0.005922 0.000000 0.001659, -0.005922 0.012000 -0.001659, -0.005922 0.012000 0.001659,
 -0.005919 0.000000 -0.007748, -0.005919 0.000000 0.007748, -0.005919 0.013000 -0.007748, -0.005919 0.013000 0.007748, -0.005900 0.017125 -0.001517,
 -0.005900 0.017125 0.001517, -0.005812 0.013066 -0.007828, -0.005811 0.015750 -0.003923, -0.005811 0.015750 0.003923, -0.005811 0.013067 0.007826,
 -0.005751 0.014375 -0.005950, -0.005751 0.014375 0.005950, -0.005748 0.017125 -0.001895, -0.005724 0.013120 -0.007892, -0.005641 0.000000 -0.002450,
 -0.005641 0.000000 0.002450, -0.005641 0.012000 -0.002450, -0.005641 0.012000 0.002450, -0.005555 0.013225 0.008013, -0.005551 0.015750 -0.004340,
 -0.005551 0.015750 0.004340, -0.005448 0.014375 -0.006428, -0.005448 0.014375 0.006428, -0.005340 0.013361 -0.008157, -0.005339 0.013362 0.008154,
 -0.005317 0.013375 -0.008172, -0.005283 0.015750 -0.004749, -0.005283 0.015750 0.004749, -0.005268 0.000000 -0.008204, -0.005268 0.000000 0.008204,
 -0.005267 0.013407 -0.008203, -0.005267 0.013407 0.008202, -0.005255 0.000000 -0.003195, -0.005255 0.000000 0.003195, -0.005255 0.012000 -0.003195,
 -0.005255 0.012000 0.003195, -0.005141 0.014375 -0.006901, -0.005141 0.014375 0.006901, -0.005141 0.013487 0.008285, -0.005007 0.015750 -0.005151,
 -0.005007 0.015750 0.005151, -0.005000 0.018500 -0.000000, -0.004994 0.018500 -0.000157, -0.004989 0.018500 -0.000315, -0.004988 0.018500 0.000315,
 -0.004987 0.018500 -0.000364, -0.004986 0.018500 0.000376, -0.004957 0.018500 -0.000633, -0.004957 0.018500 0.000633, -0.004946 0.018500 -0.000735,
 -0.004944 0.018500 0.000747, -0.004905 0.018500 -0.000952, -0.004905 0.018500 0.000952, -0.004900 0.013700 0.000000, -0.004877 0.018500 -0.001103,
 -0.004875 0.013655 -0.008444, -0.004875 0.013655 0.008444, -0.004874 0.018500 0.001115, -0.004854 0.013700 -0.000667, -0.004854 0.013700 0.000667,
 -0.004833 0.014375 -0.007369, -0.004833 0.014375 0.007369, -0.004832 0.018500 0.001271, -0.004832 0.018500 -0.001271, -0.004780 0.018500 -0.001467,
 -0.004777 0.018500 0.001478, -0.004771 0.000000 -0.003881, -0.004771 0.000000 0.003881, -0.004771 0.012000 -0.003881, -0.004771 0.012000 0.003881,
 -0.004738 0.018500 0.001588, -0.004738 0.018500 -0.001588, -0.004725 0.015750 -0.005543, -0.004725 0.015750 0.005543, -0.004718 0.013700 -0.001322,
 -0.004718 0.013700 0.001322, -0.004657 0.018500 -0.001820, -0.004653 0.018500 0.001831, -0.004623 0.018500 0.001899, -0.004623 0.018500 -0.001899,
 -0.004605 0.013487 -0.008594, -0.004522 0.014375 -0.007833, -0.004522 0.014375 0.007833, -0.004515 0.017125 0.004030, -0.004508 0.018500 -0.002163,
 -0.004503 0.018500 0.002174, -0.004500 0.018500 0.000000, -0.004494 0.013700 -0.001952, -0.004494 0.013700 0.001952, -0.004487 0.018500 0.002204,
 -0.004486 0.018500 -0.002204, -0.004471 0.000000 -0.008664, -0.004471 0.000000 0.008664, -0.004470 0.013407 0.008663, -0.004470 0.013407 -0.008662,
 -0.004439 0.018500 -0.000741, -0.004439 0.018500 0.000741, -0.004437 0.015750 -0.005927, -0.004437 0.015750 0.005927, -0.004419 0.013375 0.008691,
 -0.004394 0.013361 0.008703, -0.004392 0.013362 -0.008701, -0.004333 0.018500 -0.002495, -0.004327 0.018500 0.002505, -0.004263 0.017125 -0.004351,
 -0.004263 0.017125 0.004351, -0.004256 0.018500 -0.001461, -0.004256 0.018500 0.001461, -0.004198 0.000000 -0.004495, -0.004198 0.000000 0.004495,
 -0.004198 0.012000 -0.004495, -0.004198 0.012000 0.004495, -0.004187 0.013700 -0.002546, -0.004187 0.013700 0.002546, -0.004161 0.013225 -0.008817,
 -0.004152 0.018500 -0.002784, -0.004152 0.018500 0.002783, -0.004144 0.015750 -0.006301, -0.004144 0.015750 0.006301, -0.004134 0.018500 -0.002813,
 -0.004127 0.018500 0.002823, -0.004002 0.017125 -0.004659, -0.004002 0.017125 0.004659, -0.003973 0.013120 0.008904, -0.003966 0.014375 -0.007870,
 -0.003966 0.014375 0.007870, -0.003958 0.018500 -0.002142, -0.003958 0.018500 0.002142, -0.003956 0.018500 -0.003054, -0.003956 0.018500 0.003054,
 -0.003912 0.018500 -0.003114, -0.003905 0.018500 0.003123, -0.003873 0.013066 0.008947, -0.003872 0.013067 -0.008946, -0.003848 0.015750 -0.006665,
 -0.003848 0.015750 0.006665, -0.003801 0.013700 -0.003092, -0.003801 0.013700 0.003092, -0.003750 0.000000 -0.009000, -0.003750 0.000000 0.009000,
 -0.003750 0.013000 -0.009000, -0.003750 0.013000 0.009000, -0.003744 0.018500 -0.003310, -0.003744 0.018500 0.003309, -0.003733 0.017125 -0.004953,
 -0.003733 0.017125 0.004953, -0.003668 0.018500 -0.003398, -0.003660 0.018500 0.003406, -0.003551 0.018500 -0.002764, -0.003551 0.018500 0.002764,
 -0.003547 0.000000 -0.005024, -0.003547 0.000000 0.005024, -0.003547 0.012000 -0.005024, -0.003547 0.012000 0.005024, -0.003517 0.018500 -0.003549,
 -0.003517 0.018500 0.003549, -0.003456 0.017125 -0.005232, -0.003456 0.017125 0.005232, -0.003406 0.014375 -0.007903, -0.003406 0.014375 0.007903,
 -0.003402 0.018500 -0.003664, -0.003394 0.018500 0.003672, -0.003384 0.015750 -0.006739, -0.003384 0.015750 0.006739, -0.003345 0.013700 -0.003581,
 -0.003345 0.013700 0.003581, -0.003316 0.017125 0.005367, -0.003277 0.018500 0.003772, -0.003277 0.018500 -0.003772, -0.003200 0.013700 0.000000,
 -0.003200 0.017200 0.000000, -0.003174 0.017125 -0.005498, -0.003174 0.017125 0.005498, -0.003156 0.017200 -0.000527, -0.003156 0.017200 0.000527,
 -0.003139 0.013700 -0.000624, -0.003139 0.013700 0.000624, -0.003132 0.017200 -0.000623, -0.003132 0.017200 0.000623, -0.003119 0.018500 -0.003908,
 -0.003109 0.018500 0.003916, -0.003048 0.018500 -0.003311, -0.003048 0.018500 0.003311, -0.003027 0.018500 0.003977, -0.003027 0.017200 -0.001039,
 -0.003027 0.017200 0.001039, -0.003027 0.018500 -0.003976, -0.002990 0.017125 -0.005555, -0.002956 0.013700 -0.001225, -0.002956 0.013700 0.001225,
 -0.002947 0.017200 -0.001220, -0.002947 0.017200 0.001220, -0.002914 0.015750 -0.006806, -0.002914 0.015750 0.006806, -0.002843 0.014375 -0.007932,
 -0.002843 0.014375 0.007932, -0.002829 0.000000 -0.005460, -0.002829 0.000000 0.005460, -0.002829 0.012000 -0.005460, -0.002829 0.012000 0.005460,
 -0.002826 0.013700 -0.004003, -0.002826 0.013700 0.004003, -0.002818 0.018500 -0.004130, -0.002814 0.017200 -0.001523, -0.002814 0.017200 0.001523,
 -0.002808 0.018500 0.004137, -0.002803 0.017125 -0.005609, -0.002803 0.017125 0.005609, -0.002767 0.018500 0.004163, -0.002767 0.018500 -0.004163,
 -0.002661 0.013700 -0.001778, -0.002661 0.013700 0.001778, -0.002652 0.017200 -0.001772, -0.002652 0.017200 0.001772, -0.002633 0.018500 0.004247,
 -0.002598 0.013000 -0.009000, -0.002598 0.013000 0.009000, -0.002525 0.017200 -0.001965, -0.002525 0.017200 0.001965, -0.002500 0.018500 -0.004330,
 -0.002500 0.018500 0.004330, -0.002461 0.018500 -0.003767, -0.002461 0.018500 0.003767, -0.002438 0.015750 -0.006864, -0.002438 0.015750 0.006864,
 -0.002423 0.017125 -0.005709, -0.002423 0.017125 0.005709, -0.002361 0.018500 -0.004404, -0.002278 0.014375 -0.007956, -0.002278 0.014375 0.007956,
 -0.002263 0.013700 -0.002263, -0.002263 0.013700 0.002263, -0.002257 0.017200 -0.002257, -0.002257 0.017200 0.002257, -0.002254 0.013700 -0.004351,
 -0.002254 0.013700 0.004351, -0.002222 0.018500 -0.004478, -0.002221 0.018500 0.004477, -0.002179 0.018500 -0.004501, -0.002168 0.018500 0.004506,
 -0.002167 0.017200 -0.002354, -0.002167 0.017200 0.002354, -0.002060 0.000000 -0.005795, -0.002060 0.000000 0.005795, -0.002060 0.012000 -0.005795,
 -0.002060 0.012000 0.005795, -0.002034 0.017125 -0.005795, -0.002034 0.017125 0.005795, -0.001957 0.015750 -0.006912, -0.001957 0.015750 0.006912,
 -0.001930 0.018500 -0.004609, -0.001930 0.018500 0.004609, -0.001837 0.018500 -0.004651, -0.001825 0.018500 0.004655, -0.001808 0.018500 -0.004121,
 -0.001808 0.018500 0.004121, -0.001778 0.013700 -0.002661, -0.001778 0.013700 0.002661, -0.001776 0.017200 -0.002659, -0.001776 0.017200 0.002659,
 -0.001750 0.017200 -0.002679, -0.001750 0.017200 0.002679, -0.001641 0.013700 -0.004617, -0.001641 0.013700 0.004617, -0.001637 0.017125 -0.005868,
 -0.001637 0.017125 0.005868, -0.001628 0.018500 -0.004724, -0.001628 0.018500 0.004724, -0.001483 0.018500 -0.004775, -0.001472 0.018500 0.004779,
 -0.001472 0.015750 -0.006950, -0.001472 0.015750 0.006950, -0.001315 0.018500 0.004820, -0.001315 0.018500 -0.004820, -0.001299 0.013000 -0.009000,
 -0.001299 0.013000 0.009000, -0.001285 0.017200 -0.002930, -0.001285 0.017200 0.002930, -0.001251 0.000000 -0.006021, -0.001251 0.000000 0.006021,
 -0.001251 0.012000 -0.006021, -0.001251 0.012000 0.006021, -0.001233 0.017125 -0.005925, -0.001225 0.013700 -0.002956, -0.001225 0.013700 0.002956,
 -0.001223 0.017200 -0.002952, -0.001223 0.017200 0.002952, -0.001141 0.014375 -0.007989, -0.001141 0.014375 0.007989, -0.001120 0.018500 -0.004873,
 -0.001109 0.018500 0.004876, -0.001105 0.018500 -0.004362, -0.001105 0.018500 0.004362, -0.000997 0.013700 -0.004798, -0.000997 0.013700 0.004798,
 -0.000994 0.018500 0.004897, -0.000994 0.018500 -0.004897, -0.000983 0.015750 -0.006978, -0.000983 0.015750 0.006978, -0.000786 0.017200 -0.003102,
 -0.000786 0.017200 0.003102, -0.000753 0.018500 -0.004943, -0.000740 0.018500 0.004945, -0.000667 0.018500 0.004953, -0.000667 0.018500 -0.004953,
 -0.000624 0.013700 -0.003139, -0.000624 0.013700 0.003139, -0.000623 0.017200 -0.003129, -0.000623 0.017200 0.003129, -0.000492 0.015750 -0.006994,
 -0.000492 0.015750 0.006994, -0.000420 0.000000 -0.006136, -0.000420 0.000000 0.006136, -0.000420 0.012000 -0.006136, -0.000420 0.012000 0.006136,
 -0.000381 0.018500 -0.004986, -0.000372 0.018500 -0.004485, -0.000372 0.018500 0.004485, -0.000369 0.018500 0.004986, -0.000334 0.018500 0.004988,
 -0.000334 0.018500 -0.004987, -0.000334 0.013700 -0.004889, -0.000334 0.013700 0.004889, -0.000264 0.017200 -0.003189, -0.000264 0.017200 0.003189,
 -0.000006 0.018500 -0.005000, 0.000000 0.013000 -0.009000, -0.000000 0.013000 0.009000, 0.000000 0.013700 -0.003200, 0.000000 0.013700 0.003200,
 0.000000 0.015750 -0.007000, 0.000000 0.015750 0.007000, 0.000000 0.017200 -0.003189, -0.000000 0.017200 0.003189, 0.000006 0.018500 0.005000,
 0.000264 0.017200 -0.003189, 0.000264 0.017200 0.003189, 0.000334 0.013700 -0.004889, 0.000334 0.013700 0.004889, 0.000334 0.018500 0.004987,
 0.000334 0.018500 -0.004988, 0.000369 0.018500 -0.004986, 0.000372 0.018500 -0.004485, 0.000372 0.018500 0.004485, 0.000381 0.018500 0.004986,
 0.000420 0.000000 -0.006136, 0.000420 0.000000 0.006136, 0.000420 0.012000 -0.006136, 0.000420 0.012000 0.006136, 0.000492 0.015750 -0.006994,
 0.000492 0.015750 0.006994, 0.000623 0.017200 -0.003129, 0.000623 0.017200 0.003129, 0.000624 0.013700 -0.003139, 0.000624 0.013700 0.003139,
 0.000667 0.018500 0.004953, 0.000667 0.018500 -0.004953, 0.000740 0.018500 -0.004945, 0.000753 0.018500 0.004943, 0.000786 0.017200 -0.003102,
 0.000786 0.017200 0.003102, 0.000983 0.015750 -0.006978, 0.000983 0.015750 0.006978, 0.000994 0.018500 0.004897, 0.000994 0.018500 -0.004897,
 0.000997 0.013700 -0.004798, 0.000997 0.013700 0.004798, 0.001105 0.018500 -0.004362, 0.001105 0.018500 0.004362, 0.001109 0.018500 -0.004876,
 0.001120 0.018500 0.004873, 0.001141 0.014375 -0.007989, 0.001141 0.014375 0.007989, 0.001223 0.017200 -0.002952, 0.001223 0.017200 0.002952,
 0.001225 0.013700 -0.002956, 0.001225 0.013700 0.002956, 0.001233 0.017125 0.005925, 0.001251 0.000000 -0.006021, 0.001251 0.000000 0.006021,
 0.001251 0.012000 -0.006021, 0.001251 0.012000 0.006021, 0.001285 0.017200 -0.002930, 0.001285 0.017200 0.002930, 0.001299 0.013000 -0.009000,
 0.001299 0.013000 0.009000, 0.001315 0.018500 0.004820, 0.001315 0.018500 -0.004820, 0.001472 0.015750 -0.006950, 0.001472 0.015750 0.006950,
 0.001472 0.018500 -0.004779, 0.001483 0.018500 0.004775, 0.001628 0.018500 -0.004724, 0.001628 0.018500 0.004724, 0.001637 0.017125 -0.005868,
 0.001637 0.017125 0.005868, 0.001641 0.013700 -0.004617, 0.001641 0.013700 0.004617, 0.001750 0.017200 -0.002679, 0.001750 0.017200 0.002679,
 0.001776 0.017200 -0.002659, 0.001776 0.017200 0.002659, 0.001778 0.013700 -0.002661, 0.001778 0.013700 0.002661, 0.001808 0.018500 -0.004121,
 0.001808 0.018500 0.004121, 0.001825 0.018500 -0.004655, 0.001837 0.018500 0.004651, 0.001930 0.018500 -0.004609, 0.001930 0.018500 0.004609,
 0.001957 0.015750 -0.006912, 0.001957 0.015750 0.006912, 0.002034 0.017125 -0.005795, 0.002034 0.017125 0.005795, 0.002060 0.000000 -0.005795,
 0.002060 0.000000 0.005795, 0.002060 0.012000 -0.005795, 0.002060 0.012000 0.005795, 0.002167 0.017200 -0.002354, 0.002167 0.017200 0.002354,
 0.002168 0.018500 -0.004506, 0.002179 0.018500 0.004501, 0.002221 0.018500 -0.004477, 0.002222 0.018500 0.004478, 0.002254 0.013700 -0.004351,
 0.002254 0.013700 0.004351, 0.002257 0.017200 -0.002257, 0.002257 0.017200 0.002257, 0.002263 0.013700 -0.002263, 0.002263 0.013700 0.002263,
 0.002278 0.014375 -0.007956, 0.002278 0.014375 0.007956, 0.002361 0.018500 0.004404, 0.002423 0.017125 -0.005709, 0.002423 0.017125 0.005709,
 0.002438 0.015750 -0.006864, 0.002438 0.015750 0.006864, 0.002461 0.018500 -0.003767, 0.002461 0.018500 0.003767, 0.002500 0.018500 -0.004330,
 0.002500 0.018500 0.004330, 0.002525 0.017200 -0.001965, 0.002525 0.017200 0.001965, 0.002598 0.013000 -0.009000, 0.002598 0.013000 0.009000,
 0.002633 0.018500 -0.004247, 0.002652 0.017200 -0.001772, 0.002652 0.017200 0.001772, 0.002661 0.013700 -0.001778, 0.002661 0.013700 0.001778,
 0.002767 0.018500 0.004163, 0.002767 0.018500 -0.004163, 0.002803 0.017125 -0.005609, 0.002803 0.017125 0.005609, 0.002808 0.018500 -0.004137,
 0.002814 0.017200 -0.001523, 0.002814 0.017200 0.001523, 0.002818 0.018500 0.004130, 0.002826 0.013700 -0.004003, 0.002826 0.013700 0.004003,
 0.002829 0.000000 -0.005460, 0.002829 0.000000 0.005460, 0.002829 0.012000 -0.005460, 0.002829 0.012000 0.005460, 0.002843 0.014375 -0.007932,
 0.002843 0.014375 0.007932, 0.002914 0.015750 -0.006806, 0.002914 0.015750 0.006806, 0.002947 0.017200 -0.001220, 0.002947 0.017200 0.001220,
 0.002956 0.013700 -0.001225, 0.002956 0.013700 0.001225, 0.002990 0.017125 0.005555, 0.003027 0.018500 0.003976, 0.003027 0.017200 -0.001039,
 0.003027 0.017200 0.001039, 0.003027 0.018500 -0.003977, 0.003048 0.018500 -0.003311, 0.003048 0.018500 0.003311, 0.003109 0.018500 -0.003916,
 0.003119 0.018500 0.003908, 0.003132 0.017200 -0.000623, 0.003132 0.017200 0.000623, 0.003139 0.013700 -0.000624, 0.003139 0.013700 0.000624,
 0.003156 0.017200 -0.000527, 0.003156 0.017200 0.000527, 0.003174 0.017125 -0.005498, 0.003174 0.017125 0.005498, 0.003200 0.013700 0.000000,
 0.003200 0.017200 0.000000, 0.003277 0.018500 0.003772, 0.003277 0.018500 -0.003772, 0.003316 0.017125 -0.005367, 0.003345 0.013700 -0.003581,
 0.003345 0.013700 0.003581, 0.003384 0.015750 -0.006739, 0.003384 0.015750 0.006739, 0.003394 0.018500 -0.003672, 0.003402 0.018500 0.003664,
 0.003406 0.014375 -0.007903, 0.003406 0.014375 0.007903, 0.003456 0.017125 -0.005232, 0.003456 0.017125 0.005232, 0.003517 0.018500 -0.003549,
 0.003517 0.018500 0.003549, 0.003547 0.000000 -0.005024, 0.003547 0.000000 0.005024, 0.003547 0.012000 -0.005024, 0.003547 0.012000 0.005024,
 0.003551 0.018500 -0.002764, 0.003551 0.018500 0.002764, 0.003660 0.018500 -0.003406, 0.003668 0.018500 0.003398, 0.003733 0.017125 -0.004953,
 0.003733 0.017125 0.004953, 0.003744 0.018500 -0.003309, 0.003744 0.018500 0.003310, 0.003750 0.000000 -0.009000, 0.003750 0.000000 0.009000,
 0.003750 0.013000 -0.009000, 0.003750 0.013000 0.009000, 0.003801 0.013700 -0.003092, 0.003801 0.013700 0.003092, 0.003848 0.015750 -0.006665,
 0.003848 0.015750 0.006665, 0.003872 0.013067 0.008946, 0.003873 0.013066 -0.008947, 0.003905 0.018500 -0.003123, 0.003912 0.018500 0.003114,
 0.003956 0.018500 -0.003054, 0.003956 0.018500 0.003054, 0.003958 0.018500 -0.002142, 0.003958 0.018500 0.002142, 0.003966 0.014375 -0.007870,
 0.003966 0.014375 0.007870, 0.003973 0.013120 -0.008904, 0.004002 0.017125 -0.004659, 0.004002 0.017125 0.004659, 0.004127 0.018500 -0.002823,
 0.004134 0.018500 0.002813, 0.004144 0.015750 -0.006301, 0.004144 0.015750 0.006301, 0.004152 0.018500 -0.002783, 0.004152 0.018500 0.002784,
 0.004161 0.013225 0.008817, 0.004187 0.013700 -0.002546, 0.004187 0.013700 0.002546, 0.004198 0.000000 -0.004495, 0.004198 0.000000 0.004495,
 0.004198 0.012000 -0.004495, 0.004198 0.012000 0.004495, 0.004256 0.018500 -0.001461, 0.004256 0.018500 0.001461, 0.004263 0.017125 -0.004351,
 0.004263 0.017125 0.004351, 0.004327 0.018500 -0.002505, 0.004333 0.018500 0.002495, 0.004392 0.013362 0.008701, 0.004394 0.013361 -0.008703,
 0.004419 0.013375 -0.008691, 0.004437 0.015750 -0.005927, 0.004437 0.015750 0.005927, 0.004439 0.018500 -0.000741, 0.004439 0.018500 0.000741,
 0.004470 0.013407 0.008662, 0.004470 0.013407 -0.008663, 0.004471 0.000000 -0.008664, 0.004471 0.000000 0.008664, 0.004486 0.018500 0.002204,
 0.004487 0.018500 -0.002204, 0.004494 0.013700 -0.001952, 0.004494 0.013700 0.001952, 0.004500 0.018500 0.000000, 0.004503 0.018500 -0.002174,
 0.004508 0.018500 0.002163, 0.004515 0.017125 -0.004030, 0.004522 0.014375 -0.007833, 0.004522 0.014375 0.007833, 0.004605 0.013487 0.008594,
 0.004623 0.018500 0.001899, 0.004623 0.018500 -0.001899, 0.004653 0.018500 -0.001831, 0.004657 0.018500 0.001820, 0.004718 0.013700 -0.001322,
 0.004718 0.013700 0.001322, 0.004725 0.015750 -0.005543, 0.004725 0.015750 0.005543, 0.004738 0.018500 0.001588, 0.004738 0.018500 -0.001588,
 0.004771 0.000000 -0.003881, 0.004771 0.000000 0.003881, 0.004771 0.012000 -0.003881, 0.004771 0.012000 0.003881, 0.004777 0.018500 -0.001478,
 0.004780 0.018500 0.001467, 0.004832 0.018500 0.001271, 0.004832 0.018500 -0.001271, 0.004833 0.014375 -0.007369, 0.004833 0.014375 0.007369,
 0.004854 0.013700 -0.000667, 0.004854 0.013700 0.000667, 0.004874 0.018500 -0.001115, 0.004875 0.013655 -0.008444, 0.004875 0.013655 0.008444,
 0.004877 0.018500 0.001103, 0.004900 0.013700 0.000000, 0.004905 0.018500 -0.000952, 0.004905 0.018500 0.000952, 0.004944 0.018500 -0.000747,
 0.004946 0.018500 0.000735, 0.004957 0.018500 -0.000633, 0.004957 0.018500 0.000633, 0.004986 0.018500 -0.000376, 0.004987 0.018500 0.000364,
 0.004988 0.018500 -0.000315, 0.004989 0.018500 0.000315, 0.004994 0.018500 0.000157, 0.005000 0.018500 -0.000000, 0.005007 0.015750 -0.005151,
 0.005007 0.015750 0.005151, 0.005141 0.013487 -0.008285, 0.005141 0.014375 -0.006901, 0.005141 0.014375 0.006901, 0.005255 0.000000 -0.003195,
 0.005255 0.000000 0.003195, 0.005255 0.012000 -0.003195, 0.005255 0.012000 0.003195, 0.005267 0.013407 -0.008202, 0.005267 0.013407 0.008203,
 0.005268 0.000000 -0.008204, 0.005268 0.000000 0.008204, 0.005283 0.015750 -0.004749, 0.005283 0.015750 0.004749, 0.005317 0.013375 0.008172,
 0.005339 0.013362 -0.008154, 0.005340 0.013361 0.008157, 0.005448 0.014375 -0.006428, 0.005448 0.014375 0.006428, 0.005551 0.015750 -0.004340,
 0.005551 0.015750 0.004340, 0.005555 0.013225 -0.008013, 0.005641 0.000000 -0.002450, 0.005641 0.000000 0.002450, 0.005641 0.012000 -0.002450,
 0.005641 0.012000 0.002450, 0.005724 0.013120 0.007892, 0.005748 0.017125 0.001895, 0.005751 0.014375 -0.005950, 0.005751 0.014375 0.005950,
 0.005811 0.013067 -0.007826, 0.005811 0.015750 -0.003923, 0.005811 0.015750 0.003923, 0.005812 0.013066 0.007828, 0.005900 0.017125 -0.001517,
 0.005900 0.017125 0.001517, 0.005919 0.000000 -0.007748, 0.005919 0.000000 0.007748, 0.005919 0.013000 -0.007748, 0.005919 0.013000 0.007748,
 0.005922 0.000000 -0.001659, 0.005922 0.000000 0.001659, 0.005922 0.012000 -0.001659, 0.005922 0.012000 0.001659, 0.006036 0.017125 -0.001137,
 0.006036 0.017125 0.001137, 0.006062 0.015750 -0.003500, 0.006062 0.015750 0.003500, 0.006093 0.000000 -0.000837, 0.006093 0.000000 0.000837,
 0.006093 0.012000 -0.000837, 0.006093 0.012000 0.000837, 0.006150 -0.000000 0.000000, 0.006150 0.012000 0.000000, 0.006155 0.017125 -0.000756,
 0.006155 0.017125 0.000756, 0.006259 0.017125 -0.000377, 0.006259 0.017125 0.000377, 0.006303 0.015750 -0.003071, 0.006303 0.015750 0.003071,
 0.006306 0.017125 0.000188, 0.006348 0.014375 -0.004983, 0.006348 0.014375 0.004983, 0.006348 0.017125 -0.000000, 0.006495 0.013000 -0.006750,
 0.006495 0.013000 0.006750, 0.006534 0.015750 -0.002638, 0.006534 0.015750 0.002638, 0.006755 0.015750 -0.002201, 0.006755 0.015750 0.002201,
 0.006964 0.015750 -0.001761, 0.006964 0.015750 0.001761, 0.007145 0.013000 -0.005625, 0.007145 0.013000 0.005625, 0.007163 0.015750 -0.001320,
 0.007163 0.015750 0.001320, 0.007351 0.015750 -0.000879, 0.007351 0.015750 0.000879, 0.007489 0.014375 -0.003006, 0.007489 0.014375 0.003006,
 0.007529 0.015750 -0.000439, 0.007529 0.015750 0.000439, 0.007696 0.015750 -0.000000, 0.007794 0.013000 -0.004500, 0.007794 0.013000 0.004500,
 0.008029 0.014375 -0.002006, 0.008029 0.014375 0.002006, 0.008291 0.014375 -0.001504, 0.008291 0.014375 0.001504, 0.008444 0.013000 -0.003375,
 0.008444 0.013000 0.003375, 0.008547 0.014375 -0.001002, 0.008547 0.014375 0.001002, 0.008798 0.014375 -0.000501, 0.008798 0.014375 0.000501,
 0.009044 0.014375 -0.000000, 0.009093 0.013000 -0.002250, 0.009093 0.013000 0.002250, 0.009669 0.000000 -0.001252, 0.009669 0.000000 0.001252,
 0.009669 0.013000 -0.001252, 0.009669 0.013000 0.001252, 0.009683 0.013067 0.001119, 0.009685 0.013066 -0.001119, 0.009697 0.013120 -0.001011,
 0.009717 0.013225 0.000805, 0.009732 0.013362 0.000547, 0.009734 0.013361 -0.000546, 0.009736 0.013375 -0.000519, 0.009737 0.013407 0.000460,
 0.009738 0.013407 -0.000460, 0.009739 0.000000 -0.000460, 0.009739 0.000000 0.000460, 0.009745 0.013487 0.000310, 0.009750 0.013655 -0.000000
]
}
normal Normal {
vector [
 -1.000000 0.000000 -0.000000, -0.999496 0.000000 -0.031749, -0.998886 0.000000 -0.047195, -0.998886 0.000000 0.047199, -0.998885 0.000000 -0.047212,
 -0.998885 0.000000 0.047212, -0.998583 0.000000 0.053209, -0.998429 0.000000 0.056038, -0.998426 0.000000 -0.056089, -0.996587 0.000000 -0.082543,
 -0.994606 0.000000 0.103725, -0.993389 0.000000 0.114794, -0.993386 0.000000 -0.114820, -0.991716 0.000000 -0.128452, -0.991716 0.000000 0.128452,
 -0.990686 0.000000 -0.136167, -0.990686 0.000000 0.136167, -0.986361 0.000000 -0.164595, -0.986361 0.000000 0.164595, -0.980806 0.000000 -0.194985,
 -0.980806 0.000000 0.194985, -0.980785 0.000000 -0.195090, -0.980785 0.000000 0.195090, -0.962917 0.000000 -0.269797, -0.962917 0.000000 0.269797,
 -0.945817 0.000000 -0.324699, -0.945817 0.000000 0.324699, -0.923905 0.000000 -0.382622, -0.923905 0.000000 0.382622, -0.923880 0.000000 -0.382683,
 -0.923880 0.000000 0.382683, -0.917211 0.000000 -0.398401, -0.917211 0.000000 0.398401, -0.879474 0.000000 -0.475947, -0.879474 0.000000 0.475947,
 -0.866025 0.000000 -0.500000, -0.866025 0.000000 0.500000, -0.854419 0.000000 -0.519584, -0.854419 0.000000 0.519584, -0.831470 0.000000 -0.555570,
 -0.831470 0.000000 0.555570, -0.831450 0.000000 -0.555599, -0.831450 0.000000 0.555599, -0.805651 -0.592390 0.000000, -0.798147 -0.592390 -0.109703,
 -0.798147 -0.592390 0.109703, -0.789141 0.000000 -0.614213, -0.789141 0.000000 0.614213, -0.775775 -0.592390 -0.217362, -0.775775 -0.592390 0.217362,
 -0.775711 0.000000 -0.631088, -0.775711 0.000000 0.631088, -0.757422 0.621781 -0.199250, -0.757422 0.621781 0.199250, -0.757190 0.629887 0.172935,
 -0.757109 0.630506 -0.171024, -0.755449 0.612714 -0.232116, -0.755284 0.638847 -0.146360, -0.755284 0.638847 0.146360, -0.755261 0.612227 0.234005,
 -0.752963 0.607626 -0.252662, -0.752963 0.607626 0.252662, -0.750563 0.651010 0.113322, -0.750196 0.651775 -0.111335, -0.746891 0.658075 -0.095347,
 -0.746891 0.658075 0.095347, -0.745512 0.599404 -0.291422, -0.745037 0.599041 0.293374, -0.742044 0.597013 -0.304873, -0.742044 0.597013 0.304873,
 -0.738952 -0.592390 -0.320972, -0.738952 -0.592390 0.320972, -0.735992 0.674697 0.055674, -0.735399 0.675491 -0.053852, -0.734729 0.618376 -0.278897,
 -0.734729 0.618376 0.278897, -0.733150 0.634009 -0.246015, -0.733150 0.634009 0.246015, -0.732922 0.678721 -0.046510, -0.732922 0.678721 0.046510,
 -0.732164 0.605560 -0.311821, -0.727548 0.651856 -0.213912, -0.727548 0.651856 0.213912, -0.727400 0.591083 -0.348583, -0.726671 0.590902 0.350406,
 -0.724556 0.590417 -0.355565, -0.724556 0.590417 0.355565, -0.724061 0.689354 -0.022961, -0.718267 0.671328 -0.182785, -0.718267 0.671328 0.182785,
 -0.716323 0.602784 -0.351473, -0.716323 0.602784 0.351473, -0.716319 0.613606 -0.332226, -0.716319 0.613606 0.332226, -0.714063 0.700081 0.000000,
 -0.713692 0.594783 -0.369970, -0.713692 0.594783 0.369970, -0.713577 0.626878 -0.312782, -0.713577 0.626878 0.312782, -0.712363 0.681496 -0.167637,
 -0.708392 0.589848 -0.387634, -0.708392 0.589848 0.387634, -0.708172 0.642126 -0.293540, -0.708172 0.642126 0.293540, -0.707107 0.000000 -0.707107,
 -0.707107 0.000000 0.707107, -0.707107 0.707107 -0.000000, -0.707032 0.000000 -0.707182, -0.707032 0.000000 0.707182, -0.705680 0.691862 -0.152784,
 -0.705680 0.691862 0.152784, -0.704687 0.593559 -0.388721, -0.704687 0.593559 0.388721, -0.701594 0.608938 -0.370083, -0.701594 0.608938 0.370083,
 -0.700871 0.588172 -0.403526, -0.700386 0.588172 -0.404368, -0.700386 0.588172 0.404368, -0.700315 0.658890 -0.274634, -0.700315 0.658890 0.274634,
 -0.699899 0.588172 0.405209, -0.697669 0.592461 -0.402800, -0.697669 0.592461 0.402800, -0.697463 0.707107 -0.116386, -0.697463 0.707107 0.116386,
 -0.697298 0.619833 -0.359977, -0.697298 0.619833 0.359977, -0.693535 0.707107 -0.137875, -0.693535 0.707107 0.137875, -0.691240 0.632416 -0.349624,
 -0.691240 0.632416 0.349624, -0.690234 0.676718 -0.256183, -0.690234 0.676718 0.256183, -0.689897 0.589848 -0.419668, -0.689897 0.589848 0.419668,
 -0.689719 0.604746 -0.398209, -0.689719 0.604746 0.398209, -0.688986 0.593559 -0.415916, -0.688986 0.593559 0.415916, -0.688364 -0.592390 -0.418603,
 -0.688364 -0.592390 0.418603, -0.683564 0.646329 -0.339116, -0.683564 0.646329 0.339116, -0.682553 0.000000 -0.730836, -0.682553 0.000000 0.730836,
 -0.678620 0.621263 -0.391801, -0.678620 0.621263 0.391801, -0.677588 0.624074 -0.389109, -0.677585 0.624073 0.389116, -0.677282 0.000000 -0.735724,
 -0.677282 0.000000 0.735724, -0.677249 0.594783 -0.433090, -0.677249 0.594783 0.433090, -0.676717 0.626449 0.386802, -0.675777 0.624073 -0.392248,
 -0.675772 0.624074 0.392254, -0.674972 0.631276 -0.381973, -0.674426 0.661220 -0.328539, -0.674426 0.661220 0.328539, -0.673339 0.626449 -0.392653,
 -0.672606 0.637836 0.375188, -0.672605 0.637836 -0.375190, -0.672340 0.638568 0.374419, -0.671789 0.640159 -0.372686, -0.671778 0.640154 0.372716,
 -0.671298 0.608938 -0.422556, -0.671298 0.608938 0.422556, -0.670222 0.644363 -0.368237, -0.670206 0.590417 -0.449701, -0.670206 0.590417 0.449701,
 -0.668794 0.707107 -0.229597, -0.668794 0.707107 0.229597, -0.668285 0.631276 0.393556, -0.666796 0.590902 -0.454113, -0.666726 0.653671 -0.358037,
 -0.666726 0.653671 0.358037, -0.665582 0.591083 0.455655, -0.662546 0.602784 -0.444618, -0.662546 0.602784 0.444618, -0.661227 0.637836 0.394898,
 -0.661225 0.637836 -0.394900, -0.660427 0.638568 -0.395054, -0.660398 0.619833 -0.423889, -0.660398 0.619833 0.423889, -0.658670 0.640154 -0.395419,
 -0.658651 0.640159 0.395443, -0.654014 0.644363 0.396311, -0.653299 0.707107 -0.270555, -0.653299 0.707107 0.270555, -0.648403 0.632416 -0.423819,
 -0.648403 0.632416 0.423819, -0.645876 0.613606 -0.454237, -0.645876 0.613606 0.454237, -0.643433 0.653671 -0.398383, -0.643433 0.653671 0.398383,
 -0.636127 0.605560 0.478162, -0.635465 0.646329 -0.422426, -0.635465 0.646329 0.422426, -0.635049 0.597013 -0.490192, -0.635049 0.597013 0.490192,
 -0.627666 0.626878 -0.461585, -0.627666 0.626878 0.461585, -0.626588 0.599041 -0.498534, -0.625135 0.599404 0.499921, -0.624953 -0.592390 -0.508437,
 -0.624953 -0.592390 0.508437, -0.621882 0.707107 -0.336546, -0.621882 0.707107 0.336546, -0.621736 0.661220 -0.419800, -0.621736 0.661220 0.419800,
 -0.608897 0.618376 -0.496846, -0.608897 0.618376 0.496846, -0.608299 0.642126 -0.466525, -0.608299 0.642126 0.466525, -0.607100 0.000000 -0.794625,
 -0.607100 0.000000 0.794625, -0.596130 0.000000 0.802888, -0.596109 0.000000 -0.802904, -0.595293 0.607626 -0.525754, -0.595293 0.607626 0.525754,
 -0.587998 0.658890 -0.469173, -0.587998 0.658890 0.469173, -0.587924 0.707107 -0.392868, -0.587924 0.707107 0.392868, -0.587131 0.000000 -0.809492,
 -0.580285 0.612227 -0.537073, -0.579630 0.634009 -0.511919, -0.579630 0.634009 0.511919, -0.578743 0.612714 0.538180, -0.576680 0.000000 -0.816970,
 -0.576680 0.000000 0.816970, -0.569778 0.000000 0.821798, -0.566978 0.676718 -0.469669, -0.566978 0.676718 0.469669, -0.558007 0.707107 -0.434314,
 -0.558007 0.707107 0.434314, -0.555570 0.000000 -0.831470, -0.555570 0.000000 0.831470, -0.555522 0.000000 -0.831502, -0.555522 0.000000 0.831502,
 -0.551267 0.621781 -0.556321, -0.551267 0.621781 0.556321, -0.549900 -0.592390 -0.588799, -0.549900 -0.592390 0.588799, -0.549027 0.651856 -0.523119,
 -0.549027 0.651856 0.523119, -0.547787 0.000000 0.836618, -0.547745 0.000000 -0.836645, -0.546948 0.000000 -0.837166, -0.546948 0.000000 0.837166,
 -0.545372 0.000000 -0.838194, -0.540329 0.000000 -0.841454, -0.540329 0.000000 0.841454, -0.540318 0.000000 -0.841461, -0.540315 0.000000 0.841463,
 -0.528360 0.629887 -0.569278, -0.527243 0.000000 0.849715, -0.526666 0.630506 0.570163, -0.517430 0.671328 -0.530645, -0.517430 0.671328 0.530645,
 -0.504393 0.638847 -0.580915, -0.504393 0.638847 0.580915, -0.501359 0.681496 0.533106, -0.500000 0.000000 -0.866025, -0.500000 0.000000 0.866025,
 -0.499947 0.707107 -0.500053, -0.499947 0.707107 0.500053, -0.485155 0.691862 -0.534745, -0.485155 0.691862 0.534745, -0.478910 0.707107 -0.520235,
 -0.478910 0.707107 0.520235, -0.473421 0.651010 -0.593346, -0.472253 0.000000 -0.881463, -0.471517 0.651775 0.594021, -0.464603 -0.592390 -0.658193,
 -0.464603 -0.592390 0.658193, -0.460065 0.000000 -0.887885, -0.460065 0.000000 0.887885, -0.458570 0.000000 -0.888658, -0.458567 0.000000 0.888660,
 -0.458556 0.000000 -0.888666, -0.458556 0.000000 0.888666, -0.456018 0.658075 -0.599153, -0.456018 0.658075 0.599153, -0.453211 0.000000 0.891403,
 -0.450684 0.000000 0.892684, -0.450639 0.000000 -0.892707, -0.426809 0.000000 -0.904342, -0.416211 0.674697 -0.609551, -0.414337 0.675491 0.609948,
 -0.407475 0.000000 0.913216, -0.406740 0.678721 -0.611474, -0.406740 0.678721 0.611474, -0.401695 0.000000 -0.915773, -0.401695 0.000000 0.915773,
 -0.397281 0.000000 0.917697, -0.397256 0.000000 -0.917708, -0.392813 0.707107 -0.587961, -0.392813 0.707107 0.587961, -0.386751 0.707107 -0.591966,
 -0.386751 0.707107 0.591966, -0.384615 0.000000 -0.923077, -0.384615 0.000000 0.923077, -0.382769 0.000000 -0.923844, -0.382769 0.000000 0.923844,
 -0.382683 0.000000 -0.923880, -0.382683 0.000000 0.923880, -0.381915 0.689354 0.615575, -0.370652 -0.592390 -0.715326, -0.370652 -0.592390 0.715326,
 -0.357032 0.700081 -0.618397, -0.357032 0.700081 0.618397, -0.342146 0.689354 -0.638536, -0.334880 0.000000 -0.942261, -0.334880 0.000000 0.942261,
 -0.326182 0.678721 -0.657984, -0.326182 0.678721 0.657984, -0.321062 0.675491 -0.663800, -0.319782 0.674697 0.665225, -0.290873 0.658075 -0.694500,
 -0.290873 0.658075 0.694500, -0.284042 0.707107 -0.647550, -0.284042 0.707107 0.647550, -0.278679 0.651775 -0.705356, -0.277142 0.651010 0.706667,
 -0.270659 0.707107 -0.653256, -0.270659 0.707107 0.653256, -0.269796 -0.592390 -0.759133, -0.269796 -0.592390 0.759133, -0.250890 0.638847 -0.727275,
 -0.250890 0.638847 0.727275, -0.245485 0.000000 -0.969400, -0.245485 0.000000 0.969400, -0.230443 0.630506 -0.741187, -0.228829 0.629887 0.742213,
 -0.220525 0.691862 -0.687529, -0.220525 0.691862 0.687529, -0.211004 0.681496 -0.700743, -0.206155 0.621781 -0.755572, -0.206155 0.621781 0.755572,
 -0.203456 0.000000 -0.979084, -0.203456 0.000000 0.979084, -0.200837 0.671328 -0.713430, -0.200837 0.671328 0.713430, -0.195180 0.000000 -0.980767,
 -0.195180 0.000000 0.980767, -0.195090 0.000000 -0.980785, -0.195090 0.000000 0.980785, -0.178521 0.651856 -0.737031, -0.178521 0.651856 0.737031,
 -0.176706 0.612714 -0.770296, -0.174977 0.612227 0.771078, -0.173584 0.707107 -0.685470, -0.173584 0.707107 0.685470, -0.163915 -0.592390 -0.788800,
 -0.163915 -0.592390 0.788800, -0.157669 0.607626 -0.778416, -0.157669 0.607626 0.778416, -0.153520 0.634009 -0.757934, -0.153520 0.634009 0.757934,
 -0.138013 0.707107 -0.693507, -0.138013 0.707107 0.693507, -0.125833 0.618376 -0.775743, -0.125833 0.618376 0.775743, -0.123256 0.676718 -0.725851,
 -0.123256 0.676718 0.725851, -0.120377 0.599404 -0.791343, -0.118449 0.599041 0.791909, -0.112317 0.658890 -0.743807, -0.112317 0.658890 0.743807,
 -0.106994 0.597013 -0.795065, -0.106994 0.597013 0.795065, -0.099873 0.642126 -0.760065, -0.099873 0.642126 0.760065, -0.096037 0.605560 -0.789983,
 -0.085911 0.626878 -0.774367, -0.085911 0.626878 0.774367, -0.082579 0.000000 -0.996584, -0.082579 0.000000 0.996584, -0.070443 0.613606 -0.786464,
 -0.070443 0.613606 0.786464, -0.068242 0.000000 -0.997669, -0.068242 0.000000 0.997669, -0.061818 0.591083 -0.804238, -0.059875 0.590902 0.804519,
 -0.058392 0.707107 -0.704692, -0.058392 0.707107 0.704692, -0.054980 -0.592390 -0.803773, -0.054980 -0.592390 0.803773, -0.054350 0.590417 -0.805266,
 -0.054350 0.590417 0.805266, -0.053777 0.602784 -0.796090, -0.053777 0.602784 0.796090, -0.052690 0.661220 -0.748340, -0.052690 0.661220 0.748340,
 -0.048099 0.646329 -0.761542, -0.048099 0.646329 0.761542, -0.042837 0.632416 -0.773444, -0.042837 0.632416 0.773444, -0.036900 0.619833 -0.783866,
 -0.036900 0.619833 0.783866, -0.036442 0.594783 -0.803060, -0.036442 0.594783 0.803060, -0.030296 0.608938 -0.792639, -0.030296 0.608938 0.792639,
 -0.023293 0.653671 -0.756420, -0.023293 0.653671 0.756420, -0.018495 0.589848 -0.807302, -0.018495 0.589848 0.807302, -0.016208 0.644363 -0.764548,
 -0.015701 0.593559 -0.804638, -0.015701 0.593559 0.804638, -0.013139 0.640159 -0.768130, -0.013108 0.640154 0.768135, -0.011914 0.638568 0.769473,
 -0.011380 0.637836 0.770088, -0.011378 0.637836 -0.770088, -0.006688 0.631276 -0.775530, -0.003378 0.626449 0.779455, -0.001816 0.624074 -0.781363,
 -0.001808 0.624073 0.781364, -0.000972 0.588172 -0.808735, 0.000000 -1.000000 0.000000, 0.000000 0.000000 -1.000000, -0.000000 0.000000 1.000000,
 0.000000 0.588172 -0.808736, 0.000000 0.588172 0.808736, 0.000000 0.592461 -0.805599, 0.000000 0.592461 0.805599, 0.000000 0.604746 -0.796418,
 0.000000 0.604746 0.796418, 0.000000 0.621263 -0.783602, 0.000000 0.621263 0.783602, 0.000000 0.707107 -0.707107, -0.000000 0.707107 0.707107,
 0.000000 1.000000 0.000000, 0.000972 0.588172 0.808735, 0.001808 0.624073 -0.781364, 0.001816 0.624074 0.781363, 0.003378 0.626449 -0.779455,
 0.006688 0.631276 0.775530, 0.011378 0.637836 0.770088, 0.011380 0.637836 -0.770088, 0.011914 0.638568 -0.769473, 0.013108 0.640154 -0.768135,
 0.013139 0.640159 0.768130, 0.015701 0.593559 -0.804638, 0.015701 0.593559 0.804638, 0.016208 0.644363 0.764548, 0.018495 0.589848 -0.807302,
 0.018495 0.589848 0.807302, 0.023293 0.653671 -0.756420, 0.023293 0.653671 0.756420, 0.030296 0.608938 -0.792639, 0.030296 0.608938 0.792639,
 0.036442 0.594783 -0.803060, 0.036442 0.594783 0.803060, 0.036900 0.619833 -0.783866, 0.036900 0.619833 0.783866, 0.042837 0.632416 -0.773444,
 0.042837 0.632416 0.773444, 0.048099 0.646329 -0.761542, 0.048099 0.646329 0.761542, 0.052690 0.661220 -0.748340, 0.052690 0.661220 0.748340,
 0.053777 0.602784 -0.796090, 0.053777 0.602784 0.796090, 0.054350 0.590417 -0.805266, 0.054350 0.590417 0.805266, 0.054980 -0.592390 -0.803773,
 0.054980 -0.592390 0.803773, 0.058392 0.707107 -0.704692, 0.058392 0.707107 0.704692, 0.059875 0.590902 -0.804519, 0.061818 0.591083 0.804238,
 0.068242 0.000000 -0.997669, 0.068242 0.000000 0.997669, 0.070443 0.613606 -0.786464, 0.070443 0.613606 0.786464, 0.082579 0.000000 -0.996584,
 0.082579 0.000000 0.996584, 0.085911 0.626878 -0.774367, 0.085911 0.626878 0.774367, 0.096037 0.605560 0.789983, 0.099873 0.642126 -0.760065,
 0.099873 0.642126 0.760065, 0.106994 0.597013 -0.795065, 0.106994 0.597013 0.795065, 0.112317 0.658890 -0.743807, 0.112317 0.658890 0.743807,
 0.118449 0.599041 -0.791909, 0.120377 0.599404 0.791343, 0.123256 0.676718 -0.725851, 0.123256 0.676718 0.725851, 0.125833 0.618376 -0.775743,
 0.125833 0.618376 0.775743, 0.138013 0.707107 -0.693507, 0.138013 0.707107 0.693507, 0.153520 0.634009 -0.757934, 0.153520 0.634009 0.757934,
 0.157669 0.607626 -0.778416, 0.157669 0.607626 0.778416, 0.163915 -0.592390 -0.788800, 0.163915 -0.592390 0.788800, 0.173584 0.707107 -0.685470,
 0.173584 0.707107 0.685470, 0.174977 0.612227 -0.771078, 0.176706 0.612714 0.770296, 0.178521 0.651856 -0.737031, 0.178521 0.651856 0.737031,
 0.195090 0.000000 -0.980785, 0.195090 0.000000 0.980785, 0.195180 0.000000 -0.980767, 0.195180 0.000000 0.980767, 0.200837 0.671328 -0.713430,
 0.200837 0.671328 0.713430, 0.203456 0.000000 -0.979084, 0.203456 0.000000 0.979084, 0.206155 0.621781 -0.755572, 0.206155 0.621781 0.755572,
 0.211004 0.681496 0.700743, 0.220525 0.691862 -0.687529, 0.220525 0.691862 0.687529, 0.228829 0.629887 -0.742213, 0.230443 0.630506 0.741187,
 0.245485 0.000000 -0.969400, 0.245485 0.000000 0.969400, 0.250890 0.638847 -0.727275, 0.250890 0.638847 0.727275, 0.269796 -0.592390 -0.759133,
 0.269796 -0.592390 0.759133, 0.270659 0.707107 -0.653256, 0.270659 0.707107 0.653256, 0.277142 0.651010 -0.706667, 0.278679 0.651775 0.705356,
 0.284042 0.707107 -0.647550, 0.284042 0.707107 0.647550, 0.290873 0.658075 -0.694500, 0.290873 0.658075 0.694500, 0.319782 0.674697 -0.665225,
 0.321062 0.675491 0.663800, 0.326182 0.678721 -0.657984, 0.326182 0.678721 0.657984, 0.334880 0.000000 -0.942261, 0.334880 0.000000 0.942261,
 0.342146 0.689354 0.638536, 0.357032 0.700081 -0.618397, 0.357032 0.700081 0.618397, 0.370652 -0.592390 -0.715326, 0.370652 -0.592390 0.715326,
 0.381915 0.689354 -0.615575, 0.382683 0.000000 -0.923880, 0.382683 0.000000 0.923880, 0.382769 0.000000 -0.923844, 0.382769 0.000000 0.923844,
 0.384615 0.000000 -0.923077, 0.384615 0.000000 0.923077, 0.386751 0.707107 -0.591966, 0.386751 0.707107 0.591966, 0.392813 0.707107 -0.587961,
 0.392813 0.707107 0.587961, 0.397256 0.000000 0.917708, 0.397281 0.000000 -0.917697, 0.401695 0.000000 -0.915773, 0.401695 0.000000 0.915773,
 0.406740 0.678721 -0.611474, 0.406740 0.678721 0.611474, 0.407475 0.000000 -0.913216, 0.414337 0.675491 -0.609948, 0.416211 0.674697 0.609551,
 0.426809 0.000000 0.904342, 0.450639 0.000000 0.892707, 0.450684 0.000000 -0.892684, 0.453211 0.000000 -0.891403, 0.456018 0.658075 -0.599153,
 0.456018 0.658075 0.599153, 0.458556 0.000000 -0.888666, 0.458556 0.000000 0.888666, 0.458567 0.000000 -0.888660, 0.458570 0.000000 0.888658,
 0.460065 0.000000 -0.887885, 0.460065 0.000000 0.887885, 0.464603 -0.592390 -0.658193, 0.464603 -0.592390 0.658193, 0.471517 0.651775 -0.594021,
 0.472253 0.000000 0.881463, 0.473421 0.651010 0.593346, 0.478910 0.707107 -0.520235, 0.478910 0.707107 0.520235, 0.485155 0.691862 -0.534745,
 0.485155 0.691862 0.534745, 0.499947 0.707107 -0.500053, 0.499947 0.707107 0.500053, 0.500000 0.000000 -0.866025, 0.500000 0.000000 0.866025,
 0.501359 0.681496 -0.533106, 0.504393 0.638847 -0.580915, 0.504393 0.638847 0.580915, 0.517430 0.671328 -0.530645, 0.517430 0.671328 0.530645,
 0.526666 0.630506 -0.570163, 0.527243 0.000000 -0.849715, 0.528360 0.629887 0.569278, 0.540315 0.000000 -0.841463, 0.540318 0.000000 0.841461,
 0.540329 0.000000 -0.841454, 0.540329 0.000000 0.841454, 0.545372 0.000000 0.838194, 0.546948 0.000000 -0.837166, 0.546948 0.000000 0.837166,
 0.547745 0.000000 0.836645, 0.547787 0.000000 -0.836618, 0.549027 0.651856 -0.523119, 0.549027 0.651856 0.523119, 0.549900 -0.592390 -0.588799,
 0.549900 -0.592390 0.588799, 0.551267 0.621781 -0.556321, 0.551267 0.621781 0.556321, 0.555522 0.000000 -0.831502, 0.555522 0.000000 0.831502,
 0.555570 0.000000 -0.831470, 0.555570 0.000000 0.831470, 0.558007 0.707107 -0.434314, 0.558007 0.707107 0.434314, 0.566978 0.676718 -0.469669,
 0.566978 0.676718 0.469669, 0.569778 0.000000 -0.821798, 0.576680 0.000000 -0.816970, 0.576680 0.000000 0.816970, 0.578743 0.612714 -0.538180,
 0.579630 0.634009 -0.511919, 0.579630 0.634009 0.511919, 0.580285 0.612227 0.537073, 0.587131 0.000000 0.809492, 0.587924 0.707107 -0.392868,
 0.587924 0.707107 0.392868, 0.587998 0.658890 -0.469173, 0.587998 0.658890 0.469173, 0.595293 0.607626 -0.525754, 0.595293 0.607626 0.525754,
 0.596109 0.000000 0.802904, 0.596130 0.000000 -0.802888, 0.607100 0.000000 -0.794625, 0.607100 0.000000 0.794625, 0.608299 0.642126 -0.466525,
 0.608299 0.642126 0.466525, 0.608897 0.618376 -0.496846, 0.608897 0.618376 0.496846, 0.621736 0.661220 -0.419800, 0.621736 0.661220 0.419800,
 0.621882 0.707107 -0.336546, 0.621882 0.707107 0.336546, 0.624953 -0.592390 -0.508437, 0.624953 -0.592390 0.508437, 0.625135 0.599404 -0.499921,
 0.626588 0.599041 0.498534, 0.627666 0.626878 -0.461585, 0.627666 0.626878 0.461585, 0.635049 0.597013 -0.490192, 0.635049 0.597013 0.490192,
 0.635465 0.646329 -0.422426, 0.635465 0.646329 0.422426, 0.636127 0.605560 -0.478162, 0.643433 0.653671 -0.398383, 0.643433 0.653671 0.398383,
 0.645876 0.613606 -0.454237, 0.645876 0.613606 0.454237, 0.648403 0.632416 -0.423819, 0.648403 0.632416 0.423819, 0.653299 0.707107 -0.270555,
 0.653299 0.707107 0.270555, 0.654014 0.644363 -0.396311, 0.658651 0.640159 -0.395443, 0.658670 0.640154 0.395419, 0.660398 0.619833 -0.423889,
 0.660398 0.619833 0.423889, 0.660427 0.638568 0.395054, 0.661225 0.637836 0.394900, 0.661227 0.637836 -0.394898, 0.662546 0.602784 -0.444618,
 0.662546 0.602784 0.444618, 0.665582 0.591083 -0.455655, 0.666726 0.653671 -0.358037, 0.666726 0.653671 0.358037, 0.666796 0.590902 0.454113,
 0.668285 0.631276 -0.393556, 0.668794 0.707107 -0.229597, 0.668794 0.707107 0.229597, 0.670206 0.590417 -0.449701, 0.670206 0.590417 0.449701,
 0.670222 0.644363 0.368237, 0.671298 0.608938 -0.422556, 0.671298 0.608938 0.422556, 0.671778 0.640154 -0.372716, 0.671789 0.640159 0.372686,
 0.672340 0.638568 -0.374419, 0.672605 0.637836 0.375190, 0.672606 0.637836 -0.375188, 0.673339 0.626449 0.392653, 0.674426 0.661220 -0.328539,
 0.674426 0.661220 0.328539, 0.674972 0.631276 0.381973, 0.675772 0.624074 -0.392254, 0.675777 0.624073 0.392248, 0.676717 0.626449 -0.386802,
 0.677249 0.594783 -0.433090, 0.677249 0.594783 0.433090, 0.677282 0.000000 -0.735724, 0.677282 0.000000 0.735724, 0.677585 0.624073 -0.389116,
 0.677588 0.624074 0.389109, 0.678620 0.621263 -0.391801, 0.678620 0.621263 0.391801, 0.682553 0.000000 -0.730836, 0.682553 0.000000 0.730836,
 0.683564 0.646329 -0.339116, 0.683564 0.646329 0.339116, 0.688364 -0.592390 -0.418603, 0.688364 -0.592390 0.418603, 0.688986 0.593559 -0.415916,
 0.688986 0.593559 0.415916, 0.689719 0.604746 -0.398209, 0.689719 0.604746 0.398209, 0.689897 0.589848 -0.419668, 0.689897 0.589848 0.419668,
 0.690234 0.676718 -0.256183, 0.690234 0.676718 0.256183, 0.691240 0.632416 -0.349624, 0.691240 0.632416 0.349624, 0.693535 0.707107 -0.137875,
 0.693535 0.707107 0.137875, 0.697298 0.619833 -0.359977, 0.697298 0.619833 0.359977, 0.697463 0.707107 -0.116386, 0.697463 0.707107 0.116386,
 0.697669 0.592461 -0.402800, 0.697669 0.592461 0.402800, 0.699899 0.588172 -0.405209, 0.700315 0.658890 -0.274634, 0.700315 0.658890 0.274634,
 0.700386 0.588172 -0.404368, 0.700386 0.588172 0.404368, 0.700871 0.588172 0.403526, 0.701594 0.608938 -0.370083, 0.701594 0.608938 0.370083,
 0.704687 0.593559 -0.388721, 0.704687 0.593559 0.388721, 0.705680 0.691862 -0.152784, 0.705680 0.691862 0.152784, 0.707032 0.000000 -0.707182,
 0.707032 0.000000 0.707182, 0.707107 0.000000 -0.707107, 0.707107 0.000000 0.707107, 0.707107 0.707107 0.000000, 0.708172 0.642126 -0.293540,
 0.708172 0.642126 0.293540, 0.708392 0.589848 -0.387634, 0.708392 0.589848 0.387634, 0.712363 0.681496 0.167637, 0.713577 0.626878 -0.312782,
 0.713577 0.626878 0.312782, 0.713692 0.594783 -0.369970, 0.713692 0.594783 0.369970, 0.714063 0.700081 0.000000, 0.716319 0.613606 -0.332226,
 0.716319 0.613606 0.332226, 0.716323 0.602784 -0.351473, 0.716323 0.602784 0.351473, 0.718267 0.671328 -0.182785, 0.718267 0.671328 0.182785,
 0.724061 0.689354 0.022961, 0.724556 0.590417 -0.355565, 0.724556 0.590417 0.355565, 0.726671 0.590902 -0.350406, 0.727400 0.591083 0.348583,
 0.727548 0.651856 -0.213912, 0.727548 0.651856 0.213912, 0.732164 0.605560 0.311821, 0.732922 0.678721 -0.046510, 0.732922 0.678721 0.046510,
 0.733150 0.634009 -0.246015, 0.733150 0.634009 0.246015, 0.734729 0.618376 -0.278897, 0.734729 0.618376 0.278897, 0.735399 0.675491 0.053852,
 0.735992 0.674697 -0.055674, 0.738952 -0.592390 -0.320972, 0.738952 -0.592390 0.320972, 0.742044 0.597013 -0.304873, 0.742044 0.597013 0.304873,
 0.745037 0.599041 -0.293374, 0.745512 0.599404 0.291422, 0.746891 0.658075 -0.095347, 0.746891 0.658075 0.095347, 0.750196 0.651775 0.111335,
 0.750563 0.651010 -0.113322, 0.752963 0.607626 -0.252662, 0.752963 0.607626 0.252662, 0.755261 0.612227 -0.234005, 0.755284 0.638847 -0.146360,
 0.755284 0.638847 0.146360, 0.755449 0.612714 0.232116, 0.757109 0.630506 0.171024, 0.757190 0.629887 -0.172935, 0.757422 0.621781 -0.199250,
 0.757422 0.621781 0.199250, 0.775711 0.000000 -0.631088, 0.775711 0.000000 0.631088, 0.775775 -0.592390 -0.217362, 0.775775 -0.592390 0.217362,
 0.789141 0.000000 -0.614213, 0.789141 0.000000 0.614213, 0.798147 -0.592390 -0.109703, 0.798147 -0.592390 0.109703, 0.805651 -0.592390 -0.000000,
 0.831450 0.000000 -0.555599, 0.831450 0.000000 0.555599, 0.831470 0.000000 -0.555570, 0.831470 0.000000 0.555570, 0.854419 0.000000 -0.519584,
 0.854419 0.000000 0.519584, 0.866025 0.000000 -0.500000, 0.866025 0.000000 0.500000, 0.879474 0.000000 -0.475947, 0.879474 0.000000 0.475947,
 0.917211 0.000000 -0.398401, 0.917211 0.000000 0.398401, 0.923880 0.000000 -0.382683, 0.923880 0.000000 0.382683, 0.923905 0.000000 -0.382622,
 0.923905 0.000000 0.382622, 0.945817 0.000000 -0.324699, 0.945817 0.000000 0.324699, 0.962917 0.000000 -0.269797, 0.962917 0.000000 0.269797,
 0.980785 0.000000 -0.195090, 0.980785 0.000000 0.195090, 0.980806 0.000000 -0.194985, 0.980806 0.000000 0.194985, 0.986361 0.000000 -0.164595,
 0.986361 0.000000 0.164595, 0.990686 0.000000 -0.136167, 0.990686 0.000000 0.136167, 0.991716 0.000000 -0.128452, 0.991716 0.000000 0.128452,
 0.993386 0.000000 0.114820, 0.993389 0.000000 -0.114794, 0.994606 0.000000 -0.103725, 0.996587 0.000000 0.082543, 0.998426 0.000000 0.056089,
 0.998429 0.000000 -0.056038, 0.998583 0.000000 -0.053209, 0.998885 0.000000 -0.047212, 0.998885 0.000000 0.047212, 0.998886 0.000000 -0.047199,
 0.998886 0.000000 0.047195, 0.999496 0.000000 0.031749, 1.000000 0.000000 0.000000
]
}
coordIndex [
 170, 161, 245, -1, 245, 248, 170, -1, 170, 248, 252, -1,
 170, 252, 181, -1, 252, 259, 181, -1, 181, 259, 265, -1,
 181, 265, 201, -1, 265, 278, 201, -1, 201, 278, 287, -1,
 201, 287, 223, -1, 287, 292, 223, -1, 223, 292, 307, -1,
 223, 307, 256, -1, 307, 315, 256, -1, 256, 315, 333, -1,
 256, 333, 296, -1, 296, 333, 335, -1, 296, 335, 329, -1,
 335, 351, 329, -1, 329, 351, 360, -1, 329, 360, 366, -1,
 360, 374, 366, -1, 366, 374, 382, -1, 366, 382, 391, -1,
 382, 398, 391, -1, 391, 398, 407, -1, 391, 407, 417, -1,
 407, 410, 417, -1, 417, 410, 426, -1, 417, 426, 442, -1,
 426, 434, 442, -1, 442, 434, 448, -1, 442, 448, 479, -1,
 479, 448, 457, -1, 479, 457, 512, -1, 457, 473, 512, -1,
 512, 473, 475, -1, 512, 475, 552, -1, 475, 493, 552, -1,
 552, 493, 501, -1, 552, 501, 585, -1, 501, 516, 585, -1,
 585, 516, 521, -1, 585, 521, 607, -1, 521, 530, 607, -1,
 607, 530, 543, -1, 607, 543, 627, -1, 565, 648, 560, -1,
 560, 648, 638, -1, 560, 638, 556, -1, 556, 638, 627, -1,
 556, 627, 549, -1, 549, 627, 543, -1, 565, 560, 564, -1,
 564, 560, 558, -1, 560, 556, 558, -1, 558, 556, 549, -1,
 558, 549, 545, -1, 549, 543, 545, -1, 545, 543, 530, -1,
 545, 530, 523, -1, 530, 521, 523, -1, 523, 521, 516, -1,
 523, 516, 503, -1, 475, 477, 493, -1, 493, 477, 503, -1,
 493, 503, 501, -1, 501, 503, 516, -1, 475, 473, 477, -1,
 477, 473, 457, -1, 477, 457, 450, -1, 457, 448, 450, -1,
 450, 448, 434, -1, 450, 434, 428, -1, 434, 426, 428, -1,
 428, 426, 410, -1, 428, 410, 403, -1, 410, 407, 403, -1,
 403, 407, 398, -1, 403, 398, 380, -1, 360, 358, 374, -1,
 374, 358, 380, -1, 374, 380, 382, -1, 382, 380, 398, -1,
 360, 351, 358, -1, 358, 351, 335, -1, 358, 335, 331, -1,
 335, 333, 331, -1, 331, 333, 315, -1, 331, 315, 305, -1,
 315, 307, 305, -1, 305, 307, 292, -1, 305, 292, 285, -1,
 292, 287, 285, -1, 285, 287, 278, -1, 285, 278, 263, -1,
 278, 265, 263, -1, 263, 265, 259, -1, 263, 259, 250, -1,
 245, 244, 248, -1, 248, 244, 250, -1, 248, 250, 252, -1,
 252, 250, 259, -1, 128, 62, 133, -1, 133, 62, 65, -1,
 133, 65, 149, -1, 149, 65, 73, -1, 149, 73, 162, -1,
 162, 73, 91, -1, 162, 91, 187, -1, 187, 91, 109, -1,
 187, 109, 211, -1, 211, 109, 143, -1, 211, 143, 239, -1,
 239, 143, 185, -1, 239, 185, 275, -1, 275, 185, 227, -1,
 275, 227, 309, -1, 309, 227, 273, -1, 309, 273, 337, -1,
 337, 273, 319, -1, 337, 319, 368, -1, 368, 319, 355, -1,
 368, 355, 396, -1, 396, 355, 388, -1, 396, 388, 412, -1,
 412, 388, 422, -1, 412, 422, 440, -1, 440, 422, 455, -1,
 440, 455, 471, -1, 471, 455, 491, -1, 471, 491, 499, -1,
 499, 491, 537, -1, 499, 537, 533, -1, 533, 537, 583, -1,
 533, 583, 569, -1, 569, 583, 625, -1, 569, 625, 597, -1,
 597, 625, 667, -1, 597, 667, 621, -1, 621, 667, 701, -1,
 621, 701, 646, -1, 646, 701, 719, -1, 646, 719, 659, -1,
 659, 719, 737, -1, 659, 737, 675, -1, 675, 737, 745, -1,
 675, 745, 681, -1, 681, 745, 748, -1, 747, 748, 743, -1,
 743, 748, 745, -1, 743, 745, 735, -1, 735, 745, 737, -1,
 735, 737, 717, -1, 717, 737, 719, -1, 717, 719, 699, -1,
 699, 719, 701, -1, 699, 701, 665, -1, 665, 701, 667, -1,
 665, 667, 623, -1, 623, 667, 625, -1, 623, 625, 581, -1,
 581, 625, 583, -1, 581, 583, 535, -1, 535, 583, 537, -1,
 535, 537, 489, -1, 489, 537, 491, -1, 489, 491, 453, -1,
 453, 491, 455, -1, 453, 455, 420, -1, 420, 455, 422, -1,
 420, 422, 386, -1, 386, 422, 388, -1, 386, 388, 353, -1,
 353, 388, 355, -1, 353, 355, 317, -1, 317, 355, 319, -1,
 317, 319, 271, -1, 271, 319, 273, -1, 271, 273, 225, -1,
 225, 273, 227, -1, 225, 227, 183, -1, 183, 227, 185, -1,
 183, 185, 141, -1, 141, 185, 143, -1, 141, 143, 107, -1,
 107, 143, 109, -1, 107, 109, 89, -1, 89, 109, 91, -1,
 89, 91, 71, -1, 71, 91, 73, -1, 71, 73, 63, -1,
 63, 73, 65, -1, 63, 65, 61, -1, 61, 65, 62, -1,
 733, 759, 731, -1, 731, 759, 767, -1, 731, 767, 793, -1,
 793, 767, 778, -1, 778, 784, 793, -1, 793, 784, 791, -1,
 793, 791, 795, -1, 215, 290, 213, -1, 213, 290, 349, -1,
 213, 349, 593, -1, 593, 349, 401, -1, 401, 459, 593, -1,
 593, 459, 518, -1, 593, 518, 595, -1, 15, 17, 13, -1,
 13, 17, 24, -1, 13, 24, 75, -1, 75, 24, 30, -1,
 30, 41, 75, -1, 75, 41, 49, -1, 75, 49, 77, -1,
 78, 50, 76, -1, 76, 50, 42, -1, 76, 42, 14, -1,
 14, 42, 31, -1, 31, 25, 14, -1, 14, 25, 18, -1,
 14, 18, 16, -1, 596, 519, 594, -1, 594, 519, 460, -1,
 594, 460, 214, -1, 214, 460, 402, -1, 402, 350, 214, -1,
 214, 350, 291, -1, 214, 291, 216, -1, 796, 792, 794, -1,
 794, 792, 785, -1, 794, 785, 732, -1, 732, 785, 779, -1,
 779, 768, 732, -1, 732, 768, 760, -1, 732, 760, 734, -1,
 593, 420, 213, -1, 213, 420, 386, -1, 718, 794, 700, -1,
 700, 794, 732, -1, 700, 732, 666, -1, 89, 13, 107, -1,
 107, 13, 75, -1, 107, 75, 141, -1, 386, 353, 213, -1,
 213, 353, 317, -1, 213, 317, 166, -1, 166, 317, 271, -1,
 166, 271, 103, -1, 103, 271, 225, -1, 103, 225, 75, -1,
 75, 225, 183, -1, 75, 183, 141, -1, 61, 64, 14, -1,
 64, 72, 14, -1, 14, 72, 90, -1, 14, 90, 76, -1,
 76, 90, 108, -1, 76, 108, 142, -1, 272, 318, 214, -1,
 718, 736, 794, -1, 794, 736, 744, -1, 794, 744, 807, -1,
 807, 744, 747, -1, 807, 747, 806, -1, 806, 747, 743, -1,
 806, 743, 793, -1, 535, 489, 593, -1, 593, 489, 453, -1,
 593, 453, 420, -1, 89, 71, 13, -1, 13, 71, 63, -1,
 13, 63, 2, -1, 2, 63, 61, -1, 2, 61, 3, -1,
 3, 61, 14, -1, 142, 184, 76, -1, 76, 184, 226, -1,
 76, 226, 104, -1, 104, 226, 272, -1, 104, 272, 167, -1,
 167, 272, 214, -1, 318, 354, 214, -1, 214, 354, 387, -1,
 214, 387, 594, -1, 594, 387, 421, -1, 743, 735, 793, -1,
 793, 735, 717, -1, 793, 717, 731, -1, 731, 717, 699, -1,
 731, 699, 665, -1, 593, 642, 535, -1, 535, 642, 705, -1,
 535, 705, 581, -1, 581, 705, 731, -1, 581, 731, 623, -1,
 623, 731, 665, -1, 421, 454, 594, -1, 594, 454, 490, -1,
 594, 490, 643, -1, 643, 490, 536, -1, 643, 536, 706, -1,
 706, 536, 582, -1, 706, 582, 732, -1, 732, 582, 624, -1,
 732, 624, 666, -1, 97, 112, 173, -1, 93, 99, 136, -1,
 136, 99, 106, -1, 136, 106, 113, -1, 112, 84, 93, -1,
 84, 112, 78, -1, 78, 112, 97, -1, 78, 97, 50, -1,
 10, 23, 21, -1, 19, 0, 21, -1, 21, 0, 4, -1,
 4, 6, 21, -1, 21, 6, 7, -1, 21, 7, 10, -1,
 93, 136, 112, -1, 112, 136, 193, -1, 112, 193, 173, -1,
 102, 53, 115, -1, 115, 53, 86, -1, 115, 86, 148, -1,
 32, 19, 34, -1, 34, 19, 21, -1, 34, 21, 38, -1,
 38, 21, 23, -1, 38, 23, 40, -1, 40, 23, 27, -1,
 40, 27, 44, -1, 44, 27, 29, -1, 44, 29, 46, -1,
 46, 29, 36, -1, 46, 36, 48, -1, 145, 46, 152, -1,
 152, 46, 48, -1, 152, 48, 153, -1, 153, 48, 160, -1,
 10, 11, 23, -1, 23, 11, 16, -1, 23, 16, 27, -1,
 27, 16, 18, -1, 27, 18, 29, -1, 29, 18, 25, -1,
 29, 25, 36, -1, 36, 25, 31, -1, 36, 31, 48, -1,
 48, 31, 56, -1, 48, 56, 160, -1, 60, 123, 58, -1,
 58, 123, 121, -1, 121, 119, 58, -1, 58, 119, 116, -1,
 58, 116, 51, -1, 140, 137, 80, -1, 80, 137, 132, -1,
 80, 132, 70, -1, 70, 132, 127, -1, 70, 127, 60, -1,
 60, 127, 125, -1, 60, 125, 123, -1, 289, 283, 232, -1,
 232, 283, 280, -1, 232, 280, 220, -1, 295, 241, 247, -1,
 247, 241, 193, -1, 247, 193, 210, -1, 210, 193, 136, -1,
 210, 136, 157, -1, 157, 136, 113, -1, 157, 113, 131, -1,
 280, 258, 220, -1, 220, 258, 255, -1, 220, 255, 197, -1,
 197, 255, 242, -1, 197, 242, 180, -1, 242, 236, 180, -1,
 180, 236, 230, -1, 180, 230, 158, -1, 158, 230, 222, -1,
 222, 218, 158, -1, 158, 218, 206, -1, 158, 206, 95, -1,
 95, 206, 204, -1, 95, 204, 83, -1, 173, 148, 97, -1,
 97, 148, 86, -1, 97, 86, 50, -1, 50, 86, 53, -1,
 50, 53, 42, -1, 42, 53, 31, -1, 295, 289, 241, -1,
 241, 289, 232, -1, 241, 232, 193, -1, 193, 232, 220, -1,
 193, 220, 173, -1, 173, 220, 197, -1, 173, 197, 148, -1,
 148, 197, 180, -1, 148, 180, 115, -1, 115, 180, 158, -1,
 115, 158, 102, -1, 102, 158, 95, -1, 102, 95, 53, -1,
 53, 95, 83, -1, 53, 83, 31, -1, 31, 83, 68, -1,
 31, 68, 56, -1, 145, 140, 46, -1, 46, 140, 80, -1,
 46, 80, 44, -1, 44, 80, 70, -1, 44, 70, 40, -1,
 40, 70, 60, -1, 40, 60, 38, -1, 38, 60, 58, -1,
 38, 58, 34, -1, 34, 58, 51, -1, 34, 51, 32, -1,
 204, 195, 83, -1, 83, 195, 191, -1, 83, 191, 68, -1,
 68, 191, 178, -1, 68, 178, 56, -1, 56, 178, 164, -1,
 56, 164, 160, -1, 26, 22, 37, -1, 9, 8, 20, -1,
 20, 8, 5, -1, 20, 5, 1, -1, 22, 12, 9, -1,
 12, 22, 15, -1, 15, 22, 26, -1, 15, 26, 17, -1,
 88, 111, 135, -1, 156, 130, 135, -1, 135, 130, 105, -1,
 105, 100, 135, -1, 135, 100, 98, -1, 135, 98, 88, -1,
 9, 20, 22, -1, 22, 20, 33, -1, 22, 33, 37, -1,
 45, 35, 43, -1, 43, 35, 28, -1, 43, 28, 39, -1,
 209, 156, 192, -1, 192, 156, 135, -1, 192, 135, 172, -1,
 172, 135, 111, -1, 172, 111, 147, -1, 147, 111, 96, -1,
 147, 96, 114, -1, 114, 96, 85, -1, 114, 85, 101, -1,
 101, 85, 52, -1, 101, 52, 94, -1, 217, 101, 205, -1,
 205, 101, 94, -1, 205, 94, 203, -1, 203, 94, 194, -1,
 88, 81, 111, -1, 111, 81, 77, -1, 111, 77, 96, -1,
 96, 77, 49, -1, 96, 49, 85, -1, 85, 49, 41, -1,
 85, 41, 52, -1, 52, 41, 30, -1, 52, 30, 94, -1,
 94, 30, 82, -1, 94, 82, 194, -1, 219, 261, 231, -1,
 231, 261, 277, -1, 277, 284, 231, -1, 231, 284, 294, -1,
 231, 294, 246, -1, 221, 229, 179, -1, 179, 229, 235, -1,
 179, 235, 196, -1, 196, 235, 243, -1, 196, 243, 219, -1,
 219, 243, 254, -1, 219, 254, 261, -1, 117, 118, 57, -1,
 57, 118, 120, -1, 57, 120, 59, -1, 116, 54, 51, -1,
 51, 54, 33, -1, 51, 33, 32, -1, 32, 33, 20, -1,
 32, 20, 19, -1, 19, 20, 1, -1, 19, 1, 0, -1,
 120, 122, 59, -1, 59, 122, 124, -1, 59, 124, 69, -1,
 69, 124, 126, -1, 69, 126, 79, -1, 126, 129, 79, -1,
 79, 129, 138, -1, 79, 138, 87, -1, 87, 138, 139, -1,
 139, 146, 87, -1, 87, 146, 151, -1, 87, 151, 47, -1,
 47, 151, 154, -1, 47, 154, 55, -1, 37, 39, 26, -1,
 26, 39, 28, -1, 26, 28, 17, -1, 17, 28, 35, -1,
 17, 35, 24, -1, 24, 35, 30, -1, 116, 117, 54, -1,
 54, 117, 57, -1, 54, 57, 33, -1, 33, 57, 59, -1,
 33, 59, 37, -1, 37, 59, 69, -1, 37, 69, 39, -1,
 39, 69, 79, -1, 39, 79, 43, -1, 43, 79, 87, -1,
 43, 87, 45, -1, 45, 87, 47, -1, 45, 47, 35, -1,
 35, 47, 55, -1, 35, 55, 30, -1, 30, 55, 67, -1,
 30, 67, 82, -1, 217, 221, 101, -1, 101, 221, 179, -1,
 101, 179, 114, -1, 114, 179, 196, -1, 114, 196, 147, -1,
 147, 196, 219, -1, 147, 219, 172, -1, 172, 219, 231, -1,
 172, 231, 192, -1, 192, 231, 246, -1, 192, 246, 209, -1,
 154, 159, 55, -1, 55, 159, 165, -1, 55, 165, 67, -1,
 67, 165, 177, -1, 67, 177, 82, -1, 82, 177, 190, -1,
 82, 190, 194, -1, 540, 576, 542, -1, 620, 633, 610, -1,
 610, 633, 640, -1, 610, 640, 654, -1, 576, 601, 620, -1,
 601, 576, 596, -1, 596, 576, 540, -1, 596, 540, 519, -1,
 198, 234, 200, -1, 157, 131, 200, -1, 200, 131, 168, -1,
 168, 174, 200, -1, 200, 174, 175, -1, 200, 175, 198, -1,
 620, 610, 576, -1, 576, 610, 572, -1, 576, 572, 542, -1,
 464, 447, 486, -1, 486, 447, 506, -1, 486, 506, 511, -1,
 210, 157, 238, -1, 238, 157, 200, -1, 238, 200, 268, -1,
 268, 200, 234, -1, 268, 234, 299, -1, 299, 234, 270, -1,
 299, 270, 324, -1, 324, 270, 304, -1, 324, 304, 346, -1,
 346, 304, 363, -1, 346, 363, 373, -1, 370, 346, 377, -1,
 377, 346, 373, -1, 377, 373, 378, -1, 378, 373, 393, -1,
 198, 207, 234, -1, 234, 207, 216, -1, 234, 216, 270, -1,
 270, 216, 291, -1, 270, 291, 304, -1, 304, 291, 350, -1,
 304, 350, 363, -1, 363, 350, 402, -1, 363, 402, 373, -1,
 373, 402, 385, -1, 373, 385, 393, -1, 301, 326, 282, -1,
 282, 326, 314, -1, 314, 312, 282, -1, 282, 312, 295, -1,
 282, 295, 247, -1, 365, 347, 340, -1, 340, 347, 344, -1,
 340, 344, 322, -1, 322, 344, 342, -1, 322, 342, 301, -1,
 301, 342, 328, -1, 301, 328, 326, -1, 507, 498, 528, -1,
 528, 498, 496, -1, 528, 496, 509, -1, 515, 547, 563, -1,
 563, 547, 572, -1, 563, 572, 600, -1, 600, 572, 610, -1,
 600, 610, 653, -1, 653, 610, 654, -1, 653, 654, 679, -1,
 496, 484, 509, -1, 509, 484, 482, -1, 509, 482, 488, -1,
 488, 482, 468, -1, 488, 468, 470, -1, 468, 466, 470, -1,
 470, 466, 461, -1, 470, 461, 452, -1, 452, 461, 445, -1,
 445, 438, 452, -1, 452, 438, 433, -1, 452, 433, 437, -1,
 437, 433, 430, -1, 437, 430, 425, -1, 542, 511, 540, -1,
 540, 511, 506, -1, 540, 506, 519, -1, 519, 506, 447, -1,
 519, 447, 460, -1, 460, 447, 402, -1, 515, 507, 547, -1,
 547, 507, 528, -1, 547, 528, 572, -1, 572, 528, 509, -1,
 572, 509, 542, -1, 542, 509, 488, -1, 542, 488, 511, -1,
 511, 488, 470, -1, 511, 470, 486, -1, 486, 470, 452, -1,
 486, 452, 464, -1, 464, 452, 437, -1, 464, 437, 447, -1,
 447, 437, 425, -1, 447, 425, 402, -1, 402, 425, 406, -1,
 402, 406, 385, -1, 370, 365, 346, -1, 346, 365, 340, -1,
 346, 340, 324, -1, 324, 340, 322, -1, 324, 322, 299, -1,
 299, 322, 301, -1, 299, 301, 268, -1, 268, 301, 282, -1,
 268, 282, 238, -1, 238, 282, 247, -1, 238, 247, 210, -1,
 430, 419, 425, -1, 425, 419, 414, -1, 425, 414, 406, -1,
 406, 414, 409, -1, 406, 409, 385, -1, 385, 409, 394, -1,
 385, 394, 393, -1, 269, 233, 267, -1, 189, 176, 199, -1,
 199, 176, 169, -1, 199, 169, 155, -1, 233, 208, 189, -1,
 208, 233, 215, -1, 215, 233, 269, -1, 215, 269, 290, -1,
 611, 575, 609, -1, 652, 678, 609, -1, 609, 678, 641, -1,
 641, 635, 609, -1, 609, 635, 634, -1, 609, 634, 611, -1,
 189, 199, 233, -1, 233, 199, 237, -1, 233, 237, 267, -1,
 345, 362, 323, -1, 323, 362, 303, -1, 323, 303, 298, -1,
 599, 652, 571, -1, 571, 652, 609, -1, 571, 609, 541, -1,
 541, 609, 575, -1, 541, 575, 510, -1, 510, 575, 539, -1,
 510, 539, 485, -1, 485, 539, 505, -1, 485, 505, 463, -1,
 463, 505, 446, -1, 463, 446, 436, -1, 439, 463, 432, -1,
 432, 463, 436, -1, 432, 436, 431, -1, 431, 436, 416, -1,
 611, 602, 575, -1, 575, 602, 595, -1, 575, 595, 539, -1,
 539, 595, 518, -1, 539, 518, 505, -1, 505, 518, 459, -1,
 505, 459, 446, -1, 446, 459, 401, -1, 446, 401, 436, -1,
 436, 401, 424, -1, 436, 424, 416, -1, 508, 483, 527, -1,
 527, 483, 495, -1, 495, 497, 527, -1, 527, 497, 514, -1,
 527, 514, 562, -1, 444, 462, 469, -1, 469, 462, 465, -1,
 469, 465, 487, -1, 487, 465, 467, -1, 487, 467, 508, -1,
 508, 467, 481, -1, 508, 481, 483, -1, 302, 311, 281, -1,
 281, 311, 313, -1, 281, 313, 300, -1, 294, 262, 246, -1,
 246, 262, 237, -1, 246, 237, 209, -1, 209, 237, 199, -1,
 209, 199, 156, -1, 156, 199, 155, -1, 156, 155, 130, -1,
 313, 325, 300, -1, 300, 325, 327, -1, 300, 327, 321, -1,
 321, 327, 341, -1, 321, 341, 339, -1, 341, 343, 339, -1,
 339, 343, 348, -1, 339, 348, 357, -1, 357, 348, 364, -1,
 364, 371, 357, -1, 357, 371, 376, -1, 357, 376, 372, -1,
 372, 376, 379, -1, 372, 379, 384, -1, 267, 298, 269, -1,
 269, 298, 303, -1, 269, 303, 290, -1, 290, 303, 362, -1,
 290, 362, 349, -1, 349, 362, 401, -1, 294, 302, 262, -1,
 262, 302, 281, -1, 262, 281, 237, -1, 237, 281, 300, -1,
 237, 300, 267, -1, 267, 300, 321, -1, 267, 321, 298, -1,
 298, 321, 339, -1, 298, 339, 323, -1, 323, 339, 357, -1,
 323, 357, 345, -1, 345, 357, 372, -1, 345, 372, 362, -1,
 362, 372, 384, -1, 362, 384, 401, -1, 401, 384, 405, -1,
 401, 405, 424, -1, 439, 444, 463, -1, 463, 444, 469, -1,
 463, 469, 485, -1, 485, 469, 487, -1, 485, 487, 510, -1,
 510, 487, 508, -1, 510, 508, 541, -1, 541, 508, 527, -1,
 541, 527, 571, -1, 571, 527, 562, -1, 571, 562, 599, -1,
 379, 390, 384, -1, 384, 390, 395, -1, 384, 395, 405, -1,
 405, 395, 400, -1, 405, 400, 424, -1, 424, 400, 415, -1,
 424, 415, 416, -1, 712, 697, 636, -1, 716, 710, 673, -1,
 673, 710, 703, -1, 673, 703, 696, -1, 697, 725, 716, -1,
 725, 697, 733, -1, 733, 697, 712, -1, 733, 712, 759, -1,
 799, 786, 788, -1, 790, 809, 788, -1, 788, 809, 805, -1,
 805, 803, 788, -1, 788, 803, 802, -1, 788, 802, 799, -1,
 716, 673, 697, -1, 697, 673, 616, -1, 697, 616, 636, -1,
 707, 756, 694, -1, 694, 756, 723, -1, 694, 723, 661, -1,
 777, 790, 775, -1, 775, 790, 788, -1, 775, 788, 771, -1,
 771, 788, 786, -1, 771, 786, 769, -1, 769, 786, 782, -1,
 769, 782, 765, -1, 765, 782, 780, -1, 765, 780, 763, -1,
 763, 780, 773, -1, 763, 773, 761, -1, 664, 763, 657, -1,
 657, 763, 761, -1, 657, 761, 656, -1, 656, 761, 649, -1,
 799, 798, 786, -1, 786, 798, 795, -1, 786, 795, 782, -1,
 782, 795, 791, -1, 782, 791, 780, -1, 780, 791, 784, -1,
 780, 784, 773, -1, 773, 784, 778, -1, 773, 778, 761, -1,
 761, 778, 753, -1, 761, 753, 649, -1, 749, 686, 751, -1,
 751, 686, 688, -1, 688, 690, 751, -1, 751, 690, 693, -1,
 751, 693, 758, -1, 669, 672, 729, -1, 729, 672, 677, -1,
 729, 677, 739, -1, 739, 677, 682, -1, 739, 682, 749, -1,
 749, 682, 684, -1, 749, 684, 686, -1, 520, 526, 577, -1,
 577, 526, 529, -1, 577, 529, 589, -1, 514, 568, 562, -1,
 562, 568, 616, -1, 562, 616, 599, -1, 599, 616, 673, -1,
 599, 673, 652, -1, 652, 673, 696, -1, 652, 696, 678, -1,
 529, 551, 589, -1, 589, 551, 554, -1, 589, 554, 612, -1,
 612, 554, 567, -1, 612, 567, 629, -1, 567, 573, 629, -1,
 629, 573, 579, -1, 629, 579, 651, -1, 651, 579, 587, -1,
 587, 591, 651, -1, 651, 591, 603, -1, 651, 603, 714, -1,
 714, 603, 605, -1, 714, 605, 726, -1, 636, 661, 712, -1,
 712, 661, 723, -1, 712, 723, 759, -1, 759, 723, 756, -1,
 759, 756, 767, -1, 767, 756, 778, -1, 514, 520, 568, -1,
 568, 520, 577, -1, 568, 577, 616, -1, 616, 577, 589, -1,
 616, 589, 636, -1, 636, 589, 612, -1, 636, 612, 661, -1,
 661, 612, 629, -1, 661, 629, 694, -1, 694, 629, 651, -1,
 694, 651, 707, -1, 707, 651, 714, -1, 707, 714, 756, -1,
 756, 714, 726, -1, 756, 726, 778, -1, 778, 726, 741, -1,
 778, 741, 753, -1, 664, 669, 763, -1, 763, 669, 729, -1,
 763, 729, 765, -1, 765, 729, 739, -1, 765, 739, 769, -1,
 769, 739, 749, -1, 769, 749, 771, -1, 771, 749, 751, -1,
 771, 751, 775, -1, 775, 751, 758, -1, 775, 758, 777, -1,
 605, 614, 726, -1, 726, 614, 618, -1, 726, 618, 741, -1,
 741, 618, 631, -1, 741, 631, 753, -1, 753, 631, 645, -1,
 753, 645, 649, -1, 783, 787, 772, -1, 800, 801, 789, -1,
 789, 801, 804, -1, 789, 804, 808, -1, 787, 797, 800, -1,
 797, 787, 796, -1, 796, 787, 783, -1, 796, 783, 792, -1,
 721, 698, 674, -1, 653, 679, 674, -1, 674, 679, 704, -1,
 704, 709, 674, -1, 674, 709, 711, -1, 674, 711, 721, -1,
 800, 789, 787, -1, 787, 789, 776, -1, 787, 776, 772, -1,
 764, 774, 766, -1, 766, 774, 781, -1, 766, 781, 770, -1,
 600, 653, 617, -1, 617, 653, 674, -1, 617, 674, 637, -1,
 637, 674, 698, -1, 637, 698, 662, -1, 662, 698, 713, -1,
 662, 713, 695, -1, 695, 713, 724, -1, 695, 724, 708, -1,
 708, 724, 757, -1, 708, 757, 715, -1, 592, 708, 604, -1,
 604, 708, 715, -1, 604, 715, 606, -1, 606, 715, 615, -1,
 721, 728, 698, -1, 698, 728, 734, -1, 698, 734, 713, -1,
 713, 734, 760, -1, 713, 760, 724, -1, 724, 760, 768, -1,
 724, 768, 757, -1, 757, 768, 779, -1, 757, 779, 715, -1,
 715, 779, 727, -1, 715, 727, 615, -1, 590, 548, 578, -1,
 578, 548, 532, -1, 532, 525, 578, -1, 578, 525, 515, -1,
 578, 515, 563, -1, 588, 580, 630, -1, 630, 580, 574, -1,
 630, 574, 613, -1, 613, 574, 566, -1, 613, 566, 590, -1,
 590, 566, 555, -1, 590, 555, 548, -1, 692, 691, 752, -1,
 752, 691, 689, -1, 752, 689, 750, -1, 693, 755, 758, -1,
 758, 755, 776, -1, 758, 776, 777, -1, 777, 776, 789, -1,
 777, 789, 790, -1, 790, 789, 808, -1, 790, 808, 809, -1,
 689, 687, 750, -1, 750, 687, 685, -1, 750, 685, 740, -1,
 740, 685, 683, -1, 740, 683, 730, -1, 683, 680, 730, -1,
 730, 680, 671, -1, 730, 671, 722, -1, 722, 671, 670, -1,
 670, 663, 722, -1, 722, 663, 658, -1, 722, 658, 762, -1,
 762, 658, 655, -1, 762, 655, 754, -1, 772, 770, 783, -1,
 783, 770, 781, -1, 783, 781, 792, -1, 792, 781, 774, -1,
 792, 774, 785, -1, 785, 774, 779, -1, 693, 692, 755, -1,
 755, 692, 752, -1, 755, 752, 776, -1, 776, 752, 750, -1,
 776, 750, 772, -1, 772, 750, 740, -1, 772, 740, 770, -1,
 770, 740, 730, -1, 770, 730, 766, -1, 766, 730, 722, -1,
 766, 722, 764, -1, 764, 722, 762, -1, 764, 762, 774, -1,
 774, 762, 754, -1, 774, 754, 779, -1, 779, 754, 742, -1,
 779, 742, 727, -1, 592, 588, 708, -1, 708, 588, 630, -1,
 708, 630, 695, -1, 695, 630, 613, -1, 695, 613, 662, -1,
 662, 613, 590, -1, 662, 590, 637, -1, 637, 590, 578, -1,
 637, 578, 617, -1, 617, 578, 563, -1, 617, 563, 600, -1,
 655, 650, 754, -1, 754, 650, 644, -1, 754, 644, 742, -1,
 742, 644, 632, -1, 742, 632, 727, -1, 727, 632, 619, -1,
 727, 619, 615, -1, 445, 461, 443, -1, 123, 125, 171, -1,
 414, 419, 418, -1, 579, 573, 552, -1, 195, 204, 224, -1,
 658, 663, 628, -1, 566, 574, 553, -1, 392, 393, 394, -1,
 314, 326, 330, -1, 604, 606, 586, -1, 280, 283, 297, -1,
 123, 171, 121, -1, 121, 171, 161, -1, 121, 161, 119, -1,
 495, 483, 479, -1, 585, 607, 631, -1, 632, 608, 619, -1,
 619, 608, 586, -1, 619, 586, 615, -1, 615, 586, 606, -1,
 392, 394, 418, -1, 418, 394, 409, -1, 418, 409, 414, -1,
 230, 236, 257, -1, 205, 203, 223, -1, 395, 390, 391, -1,
 529, 526, 512, -1, 631, 618, 585, -1, 585, 618, 614, -1,
 585, 614, 605, -1, 669, 664, 627, -1, 627, 664, 657, -1,
 140, 145, 182, -1, 182, 145, 152, -1, 152, 153, 182, -1,
 182, 153, 160, -1, 182, 160, 202, -1, 118, 117, 161, -1,
 161, 117, 116, -1, 161, 116, 119, -1, 146, 181, 151, -1,
 151, 181, 154, -1, 243, 235, 256, -1, 657, 656, 627, -1,
 627, 656, 649, -1, 627, 649, 607, -1, 607, 649, 645, -1,
 607, 645, 631, -1, 693, 648, 692, -1, 692, 648, 691, -1,
 480, 484, 496, -1, 496, 498, 480, -1, 480, 498, 507, -1,
 480, 507, 513, -1, 513, 507, 515, -1, 513, 515, 525, -1,
 160, 164, 202, -1, 202, 164, 178, -1, 202, 178, 224, -1,
 224, 178, 191, -1, 224, 191, 195, -1, 125, 127, 171, -1,
 171, 127, 132, -1, 171, 132, 182, -1, 182, 132, 137, -1,
 182, 137, 140, -1, 154, 181, 159, -1, 159, 181, 201, -1,
 159, 201, 165, -1, 364, 348, 366, -1, 684, 682, 638, -1,
 638, 682, 677, -1, 638, 677, 627, -1, 627, 677, 672, -1,
 627, 672, 669, -1, 663, 670, 628, -1, 628, 670, 671, -1,
 628, 671, 639, -1, 639, 671, 680, -1, 639, 680, 683, -1,
 632, 644, 608, -1, 608, 644, 650, -1, 608, 650, 628, -1,
 628, 650, 655, -1, 628, 655, 658, -1, 574, 580, 553, -1,
 553, 580, 588, -1, 553, 588, 586, -1, 586, 588, 592, -1,
 586, 592, 604, -1, 525, 532, 513, -1, 513, 532, 548, -1,
 513, 548, 553, -1, 553, 548, 555, -1, 553, 555, 566, -1,
 461, 466, 443, -1, 443, 466, 468, -1, 443, 468, 480, -1,
 480, 468, 482, -1, 480, 482, 484, -1, 367, 347, 365, -1,
 365, 370, 367, -1, 367, 370, 377, -1, 367, 377, 392, -1,
 392, 377, 378, -1, 392, 378, 393, -1, 326, 328, 330, -1,
 330, 328, 342, -1, 330, 342, 367, -1, 367, 342, 344, -1,
 367, 344, 347, -1, 283, 289, 297, -1, 297, 289, 295, -1,
 297, 295, 330, -1, 330, 295, 312, -1, 330, 312, 314, -1,
 236, 242, 257, -1, 257, 242, 255, -1, 257, 255, 297, -1,
 297, 255, 258, -1, 297, 258, 280, -1, 126, 124, 170, -1,
 170, 124, 122, -1, 170, 122, 161, -1, 161, 122, 120, -1,
 161, 120, 118, -1, 146, 139, 181, -1, 181, 139, 138, -1,
 181, 138, 170, -1, 170, 138, 129, -1, 170, 129, 126, -1,
 203, 194, 223, -1, 223, 194, 190, -1, 223, 190, 201, -1,
 201, 190, 177, -1, 201, 177, 165, -1, 526, 520, 512, -1,
 512, 520, 514, -1, 512, 514, 479, -1, 479, 514, 497, -1,
 479, 497, 495, -1, 693, 690, 648, -1, 648, 690, 688, -1,
 648, 688, 638, -1, 638, 688, 686, -1, 638, 686, 684, -1,
 683, 685, 639, -1, 639, 685, 687, -1, 639, 687, 648, -1,
 648, 687, 689, -1, 648, 689, 691, -1, 419, 430, 418, -1,
 418, 430, 433, -1, 418, 433, 443, -1, 443, 433, 438, -1,
 443, 438, 445, -1, 204, 206, 224, -1, 224, 206, 218, -1,
 224, 218, 257, -1, 257, 218, 222, -1, 257, 222, 230, -1,
 329, 325, 313, -1, 313, 311, 329, -1, 329, 311, 302, -1,
 329, 302, 296, -1, 296, 302, 294, -1, 296, 294, 284, -1,
 348, 343, 366, -1, 366, 343, 341, -1, 366, 341, 329, -1,
 329, 341, 327, -1, 329, 327, 325, -1, 442, 462, 444, -1,
 431, 417, 432, -1, 432, 417, 442, -1, 432, 442, 439, -1,
 439, 442, 444, -1, 483, 481, 479, -1, 479, 481, 467, -1,
 479, 467, 442, -1, 442, 467, 465, -1, 442, 465, 462, -1,
 573, 567, 552, -1, 552, 567, 554, -1, 552, 554, 512, -1,
 512, 554, 551, -1, 512, 551, 529, -1, 605, 603, 585, -1,
 585, 603, 591, -1, 585, 591, 552, -1, 552, 591, 587, -1,
 552, 587, 579, -1, 235, 229, 256, -1, 256, 229, 221, -1,
 256, 221, 223, -1, 223, 221, 217, -1, 223, 217, 205, -1,
 284, 277, 296, -1, 296, 277, 261, -1, 296, 261, 256, -1,
 256, 261, 254, -1, 256, 254, 243, -1, 390, 379, 391, -1,
 391, 379, 376, -1, 391, 376, 366, -1, 366, 376, 371, -1,
 366, 371, 364, -1, 431, 416, 417, -1, 417, 416, 415, -1,
 417, 415, 391, -1, 391, 415, 400, -1, 391, 400, 395, -1,
 807, 804, 801, -1, 796, 794, 797, -1, 797, 794, 807, -1,
 797, 807, 800, -1, 800, 807, 801, -1, 804, 807, 808, -1,
 808, 807, 806, -1, 808, 806, 809, -1, 802, 803, 806, -1,
 806, 803, 805, -1, 806, 805, 809, -1, 793, 795, 798, -1,
 793, 798, 806, -1, 806, 798, 799, -1, 806, 799, 802, -1,
 643, 640, 633, -1, 596, 594, 601, -1, 601, 594, 643, -1,
 601, 643, 620, -1, 620, 643, 633, -1, 640, 643, 654, -1,
 654, 643, 706, -1, 654, 706, 679, -1, 711, 709, 706, -1,
 706, 709, 704, -1, 706, 704, 679, -1, 732, 734, 728, -1,
 732, 728, 706, -1, 706, 728, 721, -1, 706, 721, 711, -1,
 705, 703, 710, -1, 733, 731, 725, -1, 725, 731, 705, -1,
 725, 705, 716, -1, 716, 705, 710, -1, 703, 705, 696, -1,
 696, 705, 642, -1, 696, 642, 678, -1, 634, 635, 642, -1,
 642, 635, 641, -1, 642, 641, 678, -1, 593, 595, 602, -1,
 593, 602, 642, -1, 642, 602, 611, -1, 642, 611, 634, -1,
 166, 169, 176, -1, 215, 213, 208, -1, 208, 213, 166, -1,
 208, 166, 189, -1, 189, 166, 176, -1, 169, 166, 155, -1,
 155, 166, 103, -1, 155, 103, 130, -1, 98, 100, 103, -1,
 103, 100, 105, -1, 103, 105, 130, -1, 75, 77, 81, -1,
 75, 81, 103, -1, 103, 81, 88, -1, 103, 88, 98, -1,
 104, 106, 99, -1, 78, 76, 84, -1, 84, 76, 104, -1,
 84, 104, 93, -1, 93, 104, 99, -1, 106, 104, 113, -1,
 113, 104, 167, -1, 113, 167, 131, -1, 175, 174, 167, -1,
 167, 174, 168, -1, 167, 168, 131, -1, 214, 216, 207, -1,
 214, 207, 167, -1, 167, 207, 198, -1, 167, 198, 175, -1,
 2, 5, 8, -1, 15, 13, 12, -1, 12, 13, 2, -1,
 12, 2, 9, -1, 9, 2, 8, -1, 5, 2, 1, -1,
 1, 2, 3, -1, 1, 3, 0, -1, 7, 6, 3, -1,
 3, 6, 4, -1, 3, 4, 0, -1, 14, 16, 11, -1,
 14, 11, 3, -1, 3, 11, 10, -1, 3, 10, 7, -1,
 61, 62, 64, -1, 64, 62, 66, -1, 64, 66, 72, -1,
 72, 66, 74, -1, 72, 74, 90, -1, 90, 74, 92, -1,
 90, 92, 108, -1, 108, 92, 110, -1, 108, 110, 142, -1,
 142, 110, 144, -1, 142, 144, 184, -1, 184, 144, 186, -1,
 184, 186, 226, -1, 226, 186, 228, -1, 226, 228, 272, -1,
 272, 228, 274, -1, 272, 274, 318, -1, 318, 274, 320, -1,
 318, 320, 354, -1, 354, 320, 356, -1, 354, 356, 387, -1,
 387, 356, 389, -1, 387, 389, 421, -1, 421, 389, 423, -1,
 421, 423, 454, -1, 454, 423, 456, -1, 454, 456, 490, -1,
 490, 456, 492, -1, 490, 492, 536, -1, 536, 492, 538, -1,
 536, 538, 582, -1, 582, 538, 584, -1, 582, 584, 624, -1,
 624, 584, 626, -1, 624, 626, 666, -1, 666, 626, 668, -1,
 666, 668, 700, -1, 700, 668, 702, -1, 700, 702, 718, -1,
 718, 702, 720, -1, 718, 720, 736, -1, 736, 720, 738, -1,
 736, 738, 744, -1, 744, 738, 746, -1, 744, 746, 747, -1,
 747, 746, 748, -1, 681, 748, 676, -1, 676, 748, 746, -1,
 676, 746, 660, -1, 660, 746, 738, -1, 660, 738, 647, -1,
 647, 738, 720, -1, 647, 720, 622, -1, 622, 720, 702, -1,
 622, 702, 598, -1, 598, 702, 668, -1, 598, 668, 570, -1,
 570, 668, 626, -1, 570, 626, 534, -1, 534, 626, 584, -1,
 534, 584, 500, -1, 500, 584, 538, -1, 500, 538, 472, -1,
 472, 538, 492, -1, 472, 492, 441, -1, 441, 492, 456, -1,
 441, 456, 413, -1, 413, 456, 423, -1, 413, 423, 397, -1,
 397, 423, 389, -1, 397, 389, 369, -1, 369, 389, 356, -1,
 369, 356, 338, -1, 338, 356, 320, -1, 338, 320, 310, -1,
 310, 320, 274, -1, 310, 274, 276, -1, 276, 274, 228, -1,
 276, 228, 240, -1, 240, 228, 186, -1, 240, 186, 212, -1,
 212, 186, 144, -1, 212, 144, 188, -1, 188, 144, 110, -1,
 188, 110, 163, -1, 163, 110, 92, -1, 163, 92, 150, -1,
 150, 92, 74, -1, 150, 74, 134, -1, 134, 74, 66, -1,
 134, 66, 128, -1, 128, 66, 62, -1, 306, 212, 286, -1,
 286, 212, 188, -1, 286, 188, 264, -1, 188, 163, 264, -1,
 264, 163, 150, -1, 264, 150, 251, -1, 251, 150, 134, -1,
 251, 134, 244, -1, 244, 134, 128, -1, 244, 128, 250, -1,
 545, 659, 558, -1, 558, 659, 675, -1, 558, 675, 564, -1,
 564, 675, 681, -1, 564, 681, 559, -1, 429, 413, 404, -1,
 404, 413, 397, -1, 404, 397, 381, -1, 381, 397, 369, -1,
 381, 369, 359, -1, 503, 597, 523, -1, 523, 597, 621, -1,
 523, 621, 545, -1, 545, 621, 646, -1, 545, 646, 659, -1,
 369, 338, 359, -1, 359, 338, 310, -1, 359, 310, 332, -1,
 332, 310, 276, -1, 332, 276, 306, -1, 306, 276, 240, -1,
 306, 240, 212, -1, 450, 499, 477, -1, 477, 499, 533, -1,
 477, 533, 503, -1, 503, 533, 569, -1, 503, 569, 597, -1,
 331, 309, 358, -1, 358, 309, 337, -1, 358, 337, 380, -1,
 380, 337, 368, -1, 380, 368, 403, -1, 478, 500, 451, -1,
 451, 500, 472, -1, 451, 472, 429, -1, 429, 472, 441, -1,
 429, 441, 413, -1, 681, 676, 559, -1, 559, 676, 660, -1,
 559, 660, 546, -1, 546, 660, 647, -1, 546, 647, 524, -1,
 368, 396, 403, -1, 403, 396, 412, -1, 403, 412, 428, -1,
 428, 412, 440, -1, 428, 440, 450, -1, 450, 440, 471, -1,
 450, 471, 499, -1, 647, 622, 524, -1, 524, 622, 598, -1,
 524, 598, 504, -1, 504, 598, 570, -1, 504, 570, 478, -1,
 478, 570, 534, -1, 478, 534, 500, -1, 285, 211, 305, -1,
 305, 211, 239, -1, 305, 239, 331, -1, 331, 239, 275, -1,
 331, 275, 309, -1, 128, 133, 250, -1, 250, 133, 149, -1,
 250, 149, 263, -1, 263, 149, 162, -1, 263, 162, 285, -1,
 285, 162, 187, -1, 285, 187, 211, -1, 245, 249, 244, -1,
 244, 249, 251, -1, 249, 253, 251, -1, 251, 253, 260, -1,
 251, 260, 264, -1, 260, 266, 264, -1, 264, 266, 279, -1,
 264, 279, 286, -1, 279, 288, 286, -1, 286, 288, 293, -1,
 286, 293, 306, -1, 334, 332, 316, -1, 316, 332, 306, -1,
 316, 306, 308, -1, 308, 306, 293, -1, 334, 336, 332, -1,
 332, 336, 352, -1, 332, 352, 359, -1, 352, 361, 359, -1,
 359, 361, 375, -1, 359, 375, 381, -1, 375, 383, 381, -1,
 381, 383, 399, -1, 381, 399, 404, -1, 399, 408, 404, -1,
 404, 408, 411, -1, 404, 411, 429, -1, 449, 451, 435, -1,
 435, 451, 429, -1, 435, 429, 427, -1, 427, 429, 411, -1,
 449, 458, 451, -1, 451, 458, 474, -1, 451, 474, 478, -1,
 474, 476, 478, -1, 478, 476, 494, -1, 478, 494, 504, -1,
 494, 502, 504, -1, 504, 502, 517, -1, 504, 517, 524, -1,
 517, 522, 524, -1, 524, 522, 531, -1, 524, 531, 546, -1,
 531, 544, 546, -1, 546, 544, 550, -1, 546, 550, 559, -1,
 565, 564, 561, -1, 561, 564, 559, -1, 561, 559, 557, -1,
 557, 559, 550, -1, 639, 648, 565, -1, 565, 561, 639, -1,
 639, 561, 557, -1, 639, 557, 628, -1, 557, 550, 628, -1,
 628, 550, 544, -1, 628, 544, 608, -1, 544, 531, 608, -1,
 608, 531, 522, -1, 608, 522, 586, -1, 522, 517, 586, -1,
 586, 517, 502, -1, 586, 502, 553, -1, 502, 494, 553, -1,
 553, 494, 476, -1, 553, 476, 513, -1, 513, 476, 474, -1,
 513, 474, 480, -1, 474, 458, 480, -1, 480, 458, 449, -1,
 480, 449, 443, -1, 449, 435, 443, -1, 443, 435, 427, -1,
 443, 427, 418, -1, 427, 411, 418, -1, 418, 411, 408, -1,
 418, 408, 392, -1, 408, 399, 392, -1, 392, 399, 383, -1,
 392, 383, 367, -1, 383, 375, 367, -1, 367, 375, 361, -1,
 367, 361, 330, -1, 330, 361, 352, -1, 330, 352, 297, -1,
 352, 336, 297, -1, 297, 336, 334, -1, 297, 334, 257, -1,
 334, 316, 257, -1, 257, 316, 308, -1, 257, 308, 224, -1,
 308, 293, 224, -1, 224, 293, 288, -1, 224, 288, 202, -1,
 288, 279, 202, -1, 202, 279, 266, -1, 202, 266, 182, -1,
 245, 161, 249, -1, 249, 161, 171, -1, 249, 171, 253, -1,
 253, 171, 182, -1, 253, 182, 260, -1, 260, 182, 266, -1
]
normalIndex [
 734, 753, 753, -1, 753, 734, 734, -1, 734, 734, 730, -1,
 734, 730, 687, -1, 730, 687, 687, -1, 687, 687, 670, -1,
 687, 670, 651, -1, 670, 651, 651, -1, 651, 651, 635, -1,
 651, 635, 623, -1, 635, 623, 623, -1, 623, 623, 592, -1,
 623, 592, 588, -1, 592, 588, 588, -1, 588, 588, 560, -1,
 588, 560, 558, -1, 558, 560, 558, -1, 558, 558, 536, -1,
 558, 536, 536, -1, 536, 536, 532, -1, 536, 532, 505, -1,
 532, 505, 505, -1, 505, 505, 497, -1, 505, 497, 472, -1,
 497, 472, 472, -1, 472, 472, 434, -1, 472, 434, 386, -1,
 434, 386, 386, -1, 386, 386, 361, -1, 386, 361, 353, -1,
 361, 353, 353, -1, 353, 353, 326, -1, 353, 326, 322, -1,
 322, 326, 322, -1, 322, 322, 300, -1, 322, 300, 300, -1,
 300, 300, 298, -1, 300, 298, 270, -1, 298, 270, 270, -1,
 270, 270, 266, -1, 270, 266, 235, -1, 266, 235, 235, -1,
 235, 235, 223, -1, 235, 223, 207, -1, 223, 207, 207, -1,
 207, 207, 188, -1, 207, 188, 171, -1, 106, 106, 124, -1,
 124, 106, 124, -1, 124, 124, 128, -1, 128, 124, 171, -1,
 128, 171, 171, -1, 171, 171, 188, -1, 0, 18, 0, -1,
 0, 18, 22, -1, 18, 20, 22, -1, 22, 20, 26, -1,
 22, 26, 30, -1, 26, 28, 30, -1, 30, 28, 34, -1,
 30, 34, 40, -1, 34, 42, 40, -1, 40, 42, 47, -1,
 40, 47, 105, -1, 239, 237, 150, -1, 150, 237, 105, -1,
 150, 105, 108, -1, 108, 105, 47, -1, 239, 249, 237, -1,
 237, 249, 294, -1, 237, 294, 306, -1, 294, 304, 306, -1,
 306, 304, 332, -1, 306, 332, 347, -1, 332, 345, 347, -1,
 347, 345, 378, -1, 347, 378, 424, -1, 378, 424, 424, -1,
 424, 424, 480, -1, 424, 480, 511, -1, 554, 552, 526, -1,
 526, 552, 511, -1, 526, 511, 513, -1, 513, 511, 480, -1,
 554, 564, 552, -1, 552, 564, 609, -1, 552, 609, 621, -1,
 609, 619, 621, -1, 621, 619, 708, -1, 621, 708, 752, -1,
 708, 750, 752, -1, 752, 750, 811, -1, 752, 811, 818, -1,
 811, 816, 818, -1, 818, 816, 824, -1, 818, 824, 828, -1,
 824, 830, 828, -1, 828, 830, 832, -1, 828, 832, 836, -1,
 857, 857, 840, -1, 840, 857, 836, -1, 840, 836, 838, -1,
 838, 836, 832, -1, 814, 814, 813, -1, 813, 814, 813, -1,
 813, 813, 809, -1, 809, 813, 809, -1, 809, 809, 787, -1,
 787, 809, 787, -1, 787, 787, 718, -1, 718, 787, 718, -1,
 718, 718, 653, -1, 653, 718, 653, -1, 653, 653, 615, -1,
 615, 653, 615, -1, 615, 615, 583, -1, 583, 615, 583, -1,
 583, 583, 549, -1, 549, 583, 549, -1, 549, 549, 530, -1,
 530, 549, 530, -1, 530, 530, 503, -1, 503, 530, 503, -1,
 503, 503, 470, -1, 470, 503, 470, -1, 470, 470, 388, -1,
 388, 470, 388, -1, 388, 388, 355, -1, 355, 388, 355, -1,
 355, 355, 328, -1, 328, 355, 328, -1, 328, 328, 309, -1,
 309, 328, 309, -1, 309, 309, 275, -1, 275, 309, 275, -1,
 275, 275, 243, -1, 243, 275, 243, -1, 243, 243, 205, -1,
 205, 243, 205, -1, 205, 205, 140, -1, 140, 205, 140, -1,
 140, 140, 71, -1, 71, 140, 71, -1, 71, 71, 49, -1,
 49, 71, 49, -1, 49, 49, 45, -1, 45, 49, 45, -1,
 45, 45, 43, -1, 43, 45, 43, -1, 0, 0, 16, -1,
 16, 0, 16, -1, 16, 16, 24, -1, 24, 16, 24, -1,
 24, 24, 32, -1, 32, 24, 32, -1, 32, 32, 38, -1,
 38, 32, 38, -1, 38, 38, 51, -1, 51, 38, 51, -1,
 51, 51, 144, -1, 144, 51, 144, -1, 144, 144, 230, -1,
 230, 144, 230, -1, 230, 230, 277, -1, 277, 230, 277, -1,
 277, 277, 314, -1, 314, 277, 314, -1, 314, 314, 341, -1,
 341, 314, 341, -1, 341, 341, 382, -1, 382, 341, 382, -1,
 382, 382, 476, -1, 476, 382, 476, -1, 476, 476, 517, -1,
 517, 476, 517, -1, 517, 517, 544, -1, 544, 517, 544, -1,
 544, 544, 581, -1, 581, 544, 581, -1, 581, 581, 628, -1,
 628, 581, 628, -1, 628, 628, 714, -1, 714, 628, 714, -1,
 714, 714, 807, -1, 807, 714, 807, -1, 807, 807, 820, -1,
 820, 807, 820, -1, 820, 820, 826, -1, 826, 820, 826, -1,
 826, 826, 834, -1, 834, 826, 834, -1, 834, 834, 842, -1,
 842, 834, 842, -1, 842, 842, 857, -1, 857, 842, 857, -1,
 821, 821, 821, -1, 821, 821, 821, -1, 821, 821, 821, -1,
 821, 821, 821, -1, 821, 821, 821, -1, 821, 821, 821, -1,
 821, 821, 821, -1, 423, 423, 423, -1, 423, 423, 423, -1,
 423, 423, 423, -1, 423, 423, 423, -1, 423, 423, 423, -1,
 423, 423, 423, -1, 423, 423, 423, -1, 35, 35, 35, -1,
 35, 35, 35, -1, 35, 35, 35, -1, 35, 35, 35, -1,
 35, 35, 35, -1, 35, 35, 35, -1, 35, 35, 35, -1,
 36, 36, 36, -1, 36, 36, 36, -1, 36, 36, 36, -1,
 36, 36, 36, -1, 36, 36, 36, -1, 36, 36, 36, -1,
 36, 36, 36, -1, 424, 424, 424, -1, 424, 424, 424, -1,
 424, 424, 424, -1, 424, 424, 424, -1, 424, 424, 424, -1,
 424, 424, 424, -1, 424, 424, 424, -1, 822, 822, 822, -1,
 822, 822, 822, -1, 822, 822, 822, -1, 822, 822, 822, -1,
 822, 822, 822, -1, 822, 822, 822, -1, 822, 822, 822, -1,
 422, 422, 422, -1, 422, 422, 422, -1, 422, 422, 422, -1,
 422, 422, 422, -1, 422, 422, 422, -1, 422, 422, 422, -1,
 422, 422, 422, -1, 422, 422, 422, -1, 422, 422, 422, -1,
 422, 422, 422, -1, 422, 422, 422, -1, 422, 422, 422, -1,
 422, 422, 422, -1, 422, 422, 422, -1, 422, 422, 422, -1,
 422, 422, 422, -1, 422, 422, 422, -1, 422, 422, 422, -1,
 422, 422, 422, -1, 422, 422, 422, -1, 422, 422, 422, -1,
 422, 422, 422, -1, 422, 422, 422, -1, 422, 422, 422, -1,
 422, 422, 422, -1, 422, 422, 422, -1, 422, 422, 422, -1,
 422, 422, 422, -1, 422, 422, 422, -1, 422, 422, 422, -1,
 422, 422, 422, -1, 422, 422, 422, -1, 422, 422, 422, -1,
 422, 422, 422, -1, 422, 422, 422, -1, 422, 422, 422, -1,
 422, 422, 422, -1, 422, 422, 422, -1, 422, 422, 422, -1,
 422, 422, 422, -1, 422, 422, 422, -1, 422, 422, 422, -1,
 422, 422, 422, -1, 422, 422, 422, -1, 422, 422, 422, -1,
 422, 422, 422, -1, 422, 422, 422, -1, 422, 422, 422, -1,
 422, 422, 422, -1, 422, 422, 422, -1, 422, 422, 422, -1,
 422, 422, 422, -1, 422, 422, 422, -1, 422, 422, 422, -1,
 422, 422, 422, -1, 422, 422, 422, -1, 422, 422, 422, -1,
 422, 422, 422, -1, 422, 422, 422, -1, 422, 422, 422, -1,
 422, 422, 422, -1, 422, 422, 422, -1, 422, 422, 422, -1,
 422, 422, 422, -1, 422, 422, 422, -1, 422, 422, 422, -1,
 422, 422, 422, -1, 422, 422, 422, -1, 422, 422, 422, -1,
 422, 422, 422, -1, 183, 190, 213, -1, 172, 179, 197, -1,
 197, 179, 185, -1, 197, 185, 186, -1, 190, 155, 172, -1,
 155, 190, 146, -1, 146, 190, 183, -1, 146, 183, 136, -1,
 153, 130, 142, -1, 158, 175, 142, -1, 142, 175, 164, -1,
 164, 162, 142, -1, 142, 162, 160, -1, 142, 160, 153, -1,
 172, 197, 190, -1, 190, 197, 221, -1, 190, 221, 213, -1,
 178, 138, 192, -1, 192, 138, 166, -1, 192, 166, 201, -1,
 132, 158, 119, -1, 119, 158, 142, -1, 119, 142, 103, -1,
 103, 142, 130, -1, 103, 130, 98, -1, 98, 130, 126, -1,
 98, 126, 93, -1, 93, 126, 114, -1, 93, 114, 91, -1,
 91, 114, 112, -1, 91, 112, 96, -1, 61, 91, 67, -1,
 67, 91, 96, -1, 67, 96, 69, -1, 69, 96, 84, -1,
 153, 148, 130, -1, 130, 148, 146, -1, 130, 146, 126, -1,
 126, 146, 136, -1, 126, 136, 114, -1, 114, 136, 122, -1,
 114, 122, 112, -1, 112, 122, 117, -1, 112, 117, 96, -1,
 96, 117, 101, -1, 96, 101, 84, -1, 82, 65, 89, -1,
 89, 65, 72, -1, 72, 79, 89, -1, 89, 79, 94, -1,
 89, 94, 110, -1, 59, 53, 75, -1, 75, 53, 54, -1,
 75, 54, 77, -1, 77, 54, 58, -1, 77, 58, 82, -1,
 82, 58, 62, -1, 82, 62, 65, -1, 307, 292, 259, -1,
 259, 292, 289, -1, 259, 289, 245, -1, 311, 262, 268, -1,
 268, 262, 221, -1, 268, 221, 233, -1, 233, 221, 197, -1,
 233, 197, 209, -1, 209, 197, 186, -1, 209, 186, 194, -1,
 289, 283, 245, -1, 245, 283, 273, -1, 245, 273, 227, -1,
 227, 273, 261, -1, 227, 261, 211, -1, 261, 257, 211, -1,
 211, 257, 241, -1, 211, 241, 195, -1, 195, 241, 228, -1,
 228, 219, 195, -1, 195, 219, 203, -1, 195, 203, 152, -1,
 152, 203, 199, -1, 152, 199, 134, -1, 213, 201, 183, -1,
 183, 201, 166, -1, 183, 166, 136, -1, 136, 166, 138, -1,
 136, 138, 122, -1, 122, 138, 117, -1, 311, 307, 262, -1,
 262, 307, 259, -1, 262, 259, 221, -1, 221, 259, 245, -1,
 221, 245, 213, -1, 213, 245, 227, -1, 213, 227, 201, -1,
 201, 227, 211, -1, 201, 211, 192, -1, 192, 211, 195, -1,
 192, 195, 178, -1, 178, 195, 152, -1, 178, 152, 138, -1,
 138, 152, 134, -1, 138, 134, 117, -1, 117, 134, 117, -1,
 117, 117, 101, -1, 61, 59, 91, -1, 91, 59, 75, -1,
 91, 75, 93, -1, 93, 75, 77, -1, 93, 77, 98, -1,
 98, 77, 82, -1, 98, 82, 103, -1, 103, 82, 89, -1,
 103, 89, 119, -1, 119, 89, 110, -1, 119, 110, 132, -1,
 199, 176, 134, -1, 134, 176, 169, -1, 134, 169, 117, -1,
 117, 169, 120, -1, 117, 120, 101, -1, 101, 120, 86, -1,
 101, 86, 84, -1, 125, 129, 102, -1, 156, 161, 141, -1,
 141, 161, 163, -1, 141, 163, 167, -1, 129, 147, 156, -1,
 147, 129, 145, -1, 145, 129, 125, -1, 145, 125, 135, -1,
 159, 189, 196, -1, 208, 193, 196, -1, 196, 193, 184, -1,
 184, 181, 196, -1, 196, 181, 180, -1, 196, 180, 159, -1,
 156, 141, 129, -1, 129, 141, 118, -1, 129, 118, 102, -1,
 90, 111, 92, -1, 92, 111, 113, -1, 92, 113, 97, -1,
 232, 208, 220, -1, 220, 208, 196, -1, 220, 196, 212, -1,
 212, 196, 189, -1, 212, 189, 200, -1, 200, 189, 182, -1,
 200, 182, 191, -1, 191, 182, 165, -1, 191, 165, 177, -1,
 177, 165, 137, -1, 177, 137, 151, -1, 218, 177, 202, -1,
 202, 177, 151, -1, 202, 151, 198, -1, 198, 151, 173, -1,
 159, 154, 189, -1, 189, 154, 145, -1, 189, 145, 182, -1,
 182, 145, 135, -1, 182, 135, 165, -1, 165, 135, 121, -1,
 165, 121, 137, -1, 137, 121, 116, -1, 137, 116, 151, -1,
 151, 116, 133, -1, 151, 133, 173, -1, 244, 282, 258, -1,
 258, 282, 288, -1, 288, 291, 258, -1, 258, 291, 310, -1,
 258, 310, 267, -1, 225, 240, 210, -1, 210, 240, 255, -1,
 210, 255, 226, -1, 226, 255, 260, -1, 226, 260, 244, -1,
 244, 260, 271, -1, 244, 271, 282, -1, 87, 78, 88, -1,
 88, 78, 73, -1, 88, 73, 81, -1, 94, 99, 109, -1,
 109, 99, 118, -1, 109, 118, 131, -1, 131, 118, 141, -1,
 131, 141, 157, -1, 157, 141, 167, -1, 157, 167, 174, -1,
 73, 64, 81, -1, 81, 64, 63, -1, 81, 63, 76, -1,
 76, 63, 57, -1, 76, 57, 74, -1, 57, 55, 74, -1,
 74, 55, 52, -1, 74, 52, 80, -1, 80, 52, 56, -1,
 56, 60, 80, -1, 80, 60, 66, -1, 80, 66, 95, -1,
 95, 66, 68, -1, 95, 68, 100, -1, 102, 97, 125, -1,
 125, 97, 113, -1, 125, 113, 135, -1, 135, 113, 111, -1,
 135, 111, 121, -1, 121, 111, 116, -1, 94, 87, 99, -1,
 99, 87, 88, -1, 99, 88, 118, -1, 118, 88, 81, -1,
 118, 81, 102, -1, 102, 81, 76, -1, 102, 76, 97, -1,
 97, 76, 74, -1, 97, 74, 92, -1, 92, 74, 80, -1,
 92, 80, 90, -1, 90, 80, 95, -1, 90, 95, 111, -1,
 111, 95, 100, -1, 111, 100, 116, -1, 116, 100, 116, -1,
 116, 116, 133, -1, 218, 225, 177, -1, 177, 225, 210, -1,
 177, 210, 191, -1, 191, 210, 226, -1, 191, 226, 200, -1,
 200, 226, 244, -1, 200, 244, 212, -1, 212, 244, 258, -1,
 212, 258, 220, -1, 220, 258, 267, -1, 220, 267, 232, -1,
 68, 83, 100, -1, 100, 83, 85, -1, 100, 85, 116, -1,
 116, 85, 115, -1, 116, 115, 133, -1, 133, 115, 168, -1,
 133, 168, 173, -1, 458, 460, 485, -1, 440, 441, 462, -1,
 462, 441, 445, -1, 462, 445, 448, -1, 460, 438, 440, -1,
 438, 460, 432, -1, 432, 460, 458, -1, 432, 458, 430, -1,
 418, 398, 396, -1, 394, 406, 396, -1, 396, 406, 413, -1,
 413, 414, 396, -1, 396, 414, 415, -1, 396, 415, 418, -1,
 440, 462, 460, -1, 460, 462, 489, -1, 460, 489, 485, -1,
 466, 447, 478, -1, 478, 447, 454, -1, 478, 454, 482, -1,
 365, 394, 369, -1, 369, 394, 396, -1, 369, 396, 373, -1,
 373, 396, 398, -1, 373, 398, 376, -1, 376, 398, 400, -1,
 376, 400, 380, -1, 380, 400, 404, -1, 380, 404, 392, -1,
 392, 404, 411, -1, 392, 411, 402, -1, 357, 392, 367, -1,
 367, 392, 402, -1, 367, 402, 371, -1, 371, 402, 384, -1,
 418, 420, 398, -1, 398, 420, 432, -1, 398, 432, 400, -1,
 400, 432, 430, -1, 400, 430, 404, -1, 404, 430, 428, -1,
 404, 428, 411, -1, 411, 428, 426, -1, 411, 426, 402, -1,
 402, 426, 408, -1, 402, 408, 384, -1, 349, 320, 343, -1,
 343, 320, 318, -1, 318, 316, 343, -1, 343, 316, 311, -1,
 343, 311, 336, -1, 351, 339, 363, -1, 363, 339, 334, -1,
 363, 334, 359, -1, 359, 334, 330, -1, 359, 330, 349, -1,
 349, 330, 324, -1, 349, 324, 320, -1, 545, 542, 515, -1,
 515, 542, 540, -1, 515, 540, 509, -1, 547, 520, 522, -1,
 522, 520, 489, -1, 522, 489, 493, -1, 493, 489, 462, -1,
 493, 462, 464, -1, 464, 462, 448, -1, 464, 448, 452, -1,
 540, 538, 509, -1, 509, 538, 534, -1, 509, 534, 499, -1,
 499, 534, 528, -1, 499, 528, 495, -1, 528, 524, 495, -1,
 495, 524, 519, -1, 495, 519, 483, -1, 483, 519, 507, -1,
 507, 501, 483, -1, 483, 501, 491, -1, 483, 491, 456, -1,
 456, 491, 487, -1, 456, 487, 450, -1, 485, 482, 458, -1,
 458, 482, 454, -1, 458, 454, 430, -1, 430, 454, 447, -1,
 430, 447, 428, -1, 428, 447, 426, -1, 547, 545, 520, -1,
 520, 545, 515, -1, 520, 515, 489, -1, 489, 515, 509, -1,
 489, 509, 485, -1, 485, 509, 499, -1, 485, 499, 482, -1,
 482, 499, 495, -1, 482, 495, 478, -1, 478, 495, 483, -1,
 478, 483, 466, -1, 466, 483, 456, -1, 466, 456, 447, -1,
 447, 456, 450, -1, 447, 450, 426, -1, 426, 450, 426, -1,
 426, 426, 408, -1, 357, 351, 392, -1, 392, 351, 363, -1,
 392, 363, 380, -1, 380, 363, 359, -1, 380, 359, 376, -1,
 376, 359, 349, -1, 376, 349, 373, -1, 373, 349, 343, -1,
 373, 343, 369, -1, 369, 343, 336, -1, 369, 336, 365, -1,
 487, 474, 450, -1, 450, 474, 468, -1, 450, 468, 426, -1,
 426, 468, 436, -1, 426, 436, 408, -1, 408, 436, 390, -1,
 408, 390, 384, -1, 399, 397, 372, -1, 417, 416, 395, -1,
 395, 416, 412, -1, 395, 412, 409, -1, 397, 419, 417, -1,
 419, 397, 431, -1, 431, 397, 399, -1, 431, 399, 429, -1,
 439, 459, 461, -1, 463, 451, 461, -1, 461, 451, 444, -1,
 444, 443, 461, -1, 461, 443, 442, -1, 461, 442, 439, -1,
 417, 395, 397, -1, 397, 395, 368, -1, 397, 368, 372, -1,
 391, 410, 379, -1, 379, 410, 403, -1, 379, 403, 375, -1,
 492, 463, 488, -1, 488, 463, 461, -1, 488, 461, 484, -1,
 484, 461, 459, -1, 484, 459, 481, -1, 481, 459, 457, -1,
 481, 457, 477, -1, 477, 457, 453, -1, 477, 453, 465, -1,
 465, 453, 446, -1, 465, 446, 455, -1, 500, 465, 490, -1,
 490, 465, 455, -1, 490, 455, 486, -1, 486, 455, 473, -1,
 439, 437, 459, -1, 459, 437, 431, -1, 459, 431, 457, -1,
 457, 431, 429, -1, 457, 429, 453, -1, 453, 429, 427, -1,
 453, 427, 446, -1, 446, 427, 425, -1, 446, 425, 455, -1,
 455, 425, 449, -1, 455, 449, 473, -1, 508, 537, 514, -1,
 514, 537, 539, -1, 539, 541, 514, -1, 514, 541, 546, -1,
 514, 546, 521, -1, 506, 518, 494, -1, 494, 518, 523, -1,
 494, 523, 498, -1, 498, 523, 527, -1, 498, 527, 508, -1,
 508, 527, 533, -1, 508, 533, 537, -1, 312, 315, 342, -1,
 342, 315, 317, -1, 342, 317, 348, -1, 310, 337, 335, -1,
 335, 337, 368, -1, 335, 368, 364, -1, 364, 368, 395, -1,
 364, 395, 393, -1, 393, 395, 409, -1, 393, 409, 405, -1,
 317, 319, 348, -1, 348, 319, 323, -1, 348, 323, 358, -1,
 358, 323, 329, -1, 358, 329, 362, -1, 329, 333, 362, -1,
 362, 333, 338, -1, 362, 338, 374, -1, 374, 338, 350, -1,
 350, 356, 374, -1, 374, 356, 366, -1, 374, 366, 401, -1,
 401, 366, 370, -1, 401, 370, 407, -1, 372, 375, 399, -1,
 399, 375, 403, -1, 399, 403, 429, -1, 429, 403, 410, -1,
 429, 410, 427, -1, 427, 410, 425, -1, 310, 312, 337, -1,
 337, 312, 342, -1, 337, 342, 368, -1, 368, 342, 348, -1,
 368, 348, 372, -1, 372, 348, 358, -1, 372, 358, 375, -1,
 375, 358, 362, -1, 375, 362, 379, -1, 379, 362, 374, -1,
 379, 374, 391, -1, 391, 374, 401, -1, 391, 401, 410, -1,
 410, 401, 407, -1, 410, 407, 425, -1, 425, 407, 425, -1,
 425, 425, 449, -1, 500, 506, 465, -1, 465, 506, 494, -1,
 465, 494, 477, -1, 477, 494, 498, -1, 477, 498, 481, -1,
 481, 498, 508, -1, 481, 508, 484, -1, 484, 508, 514, -1,
 484, 514, 488, -1, 488, 514, 521, -1, 488, 521, 492, -1,
 370, 383, 407, -1, 407, 383, 389, -1, 407, 389, 425, -1,
 425, 389, 421, -1, 425, 421, 449, -1, 449, 421, 467, -1,
 449, 467, 473, -1, 674, 667, 644, -1, 685, 678, 660, -1,
 660, 678, 672, -1, 660, 672, 671, -1, 667, 702, 685, -1,
 702, 667, 711, -1, 711, 667, 674, -1, 711, 674, 721, -1,
 704, 727, 715, -1, 699, 682, 715, -1, 715, 682, 693, -1,
 693, 695, 715, -1, 715, 695, 697, -1, 715, 697, 704, -1,
 685, 660, 667, -1, 667, 660, 636, -1, 667, 636, 644, -1,
 679, 719, 665, -1, 665, 719, 691, -1, 665, 691, 656, -1,
 725, 699, 738, -1, 738, 699, 715, -1, 738, 715, 754, -1,
 754, 715, 727, -1, 754, 727, 759, -1, 759, 727, 731, -1,
 759, 731, 764, -1, 764, 731, 743, -1, 764, 743, 766, -1,
 766, 743, 745, -1, 766, 745, 761, -1, 796, 766, 790, -1,
 790, 766, 761, -1, 790, 761, 788, -1, 788, 761, 773, -1,
 704, 709, 727, -1, 727, 709, 711, -1, 727, 711, 731, -1,
 731, 711, 721, -1, 731, 721, 743, -1, 743, 721, 735, -1,
 743, 735, 745, -1, 745, 735, 740, -1, 745, 740, 761, -1,
 761, 740, 756, -1, 761, 756, 773, -1, 775, 792, 768, -1,
 768, 792, 785, -1, 785, 778, 768, -1, 768, 778, 763, -1,
 768, 763, 747, -1, 798, 804, 782, -1, 782, 804, 803, -1,
 782, 803, 780, -1, 780, 803, 799, -1, 780, 799, 775, -1,
 775, 799, 795, -1, 775, 795, 792, -1, 550, 565, 598, -1,
 598, 565, 568, -1, 598, 568, 612, -1, 546, 595, 589, -1,
 589, 595, 636, -1, 589, 636, 624, -1, 624, 636, 660, -1,
 624, 660, 648, -1, 648, 660, 671, -1, 648, 671, 663, -1,
 568, 574, 612, -1, 612, 574, 584, -1, 612, 584, 630, -1,
 630, 584, 596, -1, 630, 596, 646, -1, 596, 600, 646, -1,
 646, 600, 616, -1, 646, 616, 662, -1, 662, 616, 629, -1,
 629, 638, 662, -1, 662, 638, 654, -1, 662, 654, 705, -1,
 705, 654, 658, -1, 705, 658, 723, -1, 644, 656, 674, -1,
 674, 656, 691, -1, 674, 691, 721, -1, 721, 691, 719, -1,
 721, 719, 735, -1, 735, 719, 740, -1, 546, 550, 595, -1,
 595, 550, 598, -1, 595, 598, 636, -1, 636, 598, 612, -1,
 636, 612, 644, -1, 644, 612, 630, -1, 644, 630, 656, -1,
 656, 630, 646, -1, 656, 646, 665, -1, 665, 646, 662, -1,
 665, 662, 679, -1, 679, 662, 705, -1, 679, 705, 719, -1,
 719, 705, 723, -1, 719, 723, 740, -1, 740, 723, 740, -1,
 740, 740, 756, -1, 796, 798, 766, -1, 766, 798, 782, -1,
 766, 782, 764, -1, 764, 782, 780, -1, 764, 780, 759, -1,
 759, 780, 775, -1, 759, 775, 754, -1, 754, 775, 768, -1,
 754, 768, 738, -1, 738, 768, 747, -1, 738, 747, 725, -1,
 658, 681, 723, -1, 723, 681, 688, -1, 723, 688, 740, -1,
 740, 688, 737, -1, 740, 737, 756, -1, 756, 737, 771, -1,
 756, 771, 773, -1, 732, 728, 755, -1, 701, 696, 716, -1,
 716, 696, 694, -1, 716, 694, 690, -1, 728, 710, 701, -1,
 710, 728, 712, -1, 712, 728, 732, -1, 712, 732, 722, -1,
 698, 668, 661, -1, 649, 664, 661, -1, 661, 664, 673, -1,
 673, 676, 661, -1, 661, 676, 677, -1, 661, 677, 698, -1,
 701, 716, 728, -1, 728, 716, 739, -1, 728, 739, 755, -1,
 767, 746, 765, -1, 765, 746, 744, -1, 765, 744, 760, -1,
 625, 649, 637, -1, 637, 649, 661, -1, 637, 661, 645, -1,
 645, 661, 668, -1, 645, 668, 657, -1, 657, 668, 675, -1,
 657, 675, 666, -1, 666, 675, 692, -1, 666, 692, 680, -1,
 680, 692, 720, -1, 680, 720, 706, -1, 639, 680, 655, -1,
 655, 680, 706, -1, 655, 706, 659, -1, 659, 706, 684, -1,
 698, 703, 668, -1, 668, 703, 712, -1, 668, 712, 675, -1,
 675, 712, 722, -1, 675, 722, 692, -1, 692, 722, 736, -1,
 692, 736, 720, -1, 720, 736, 741, -1, 720, 741, 706, -1,
 706, 741, 724, -1, 706, 724, 684, -1, 613, 575, 599, -1,
 599, 575, 569, -1, 569, 566, 599, -1, 599, 566, 547, -1,
 599, 547, 590, -1, 632, 617, 647, -1, 647, 617, 602, -1,
 647, 602, 631, -1, 631, 602, 597, -1, 631, 597, 613, -1,
 613, 597, 586, -1, 613, 586, 575, -1, 770, 779, 769, -1,
 769, 779, 784, -1, 769, 784, 776, -1, 763, 758, 748, -1,
 748, 758, 739, -1, 748, 739, 726, -1, 726, 739, 716, -1,
 726, 716, 700, -1, 700, 716, 690, -1, 700, 690, 683, -1,
 784, 793, 776, -1, 776, 793, 794, -1, 776, 794, 781, -1,
 781, 794, 800, -1, 781, 800, 783, -1, 800, 802, 783, -1,
 783, 802, 805, -1, 783, 805, 777, -1, 777, 805, 801, -1,
 801, 797, 777, -1, 777, 797, 791, -1, 777, 791, 762, -1,
 762, 791, 789, -1, 762, 789, 757, -1, 755, 760, 732, -1,
 732, 760, 744, -1, 732, 744, 722, -1, 722, 744, 746, -1,
 722, 746, 736, -1, 736, 746, 741, -1, 763, 770, 758, -1,
 758, 770, 769, -1, 758, 769, 739, -1, 739, 769, 776, -1,
 739, 776, 755, -1, 755, 776, 781, -1, 755, 781, 760, -1,
 760, 781, 783, -1, 760, 783, 765, -1, 765, 783, 777, -1,
 765, 777, 767, -1, 767, 777, 762, -1, 767, 762, 746, -1,
 746, 762, 757, -1, 746, 757, 741, -1, 741, 757, 741, -1,
 741, 741, 724, -1, 639, 632, 680, -1, 680, 632, 647, -1,
 680, 647, 666, -1, 666, 647, 631, -1, 666, 631, 657, -1,
 657, 631, 613, -1, 657, 613, 645, -1, 645, 613, 599, -1,
 645, 599, 637, -1, 637, 599, 590, -1, 637, 590, 625, -1,
 789, 774, 757, -1, 757, 774, 772, -1, 757, 772, 741, -1,
 741, 772, 742, -1, 741, 742, 724, -1, 724, 742, 689, -1,
 724, 689, 684, -1, 435, 435, 435, -1, 435, 435, 435, -1,
 435, 435, 435, -1, 435, 435, 435, -1, 435, 435, 435, -1,
 435, 435, 435, -1, 435, 435, 435, -1, 435, 435, 435, -1,
 435, 435, 435, -1, 435, 435, 435, -1, 435, 435, 435, -1,
 435, 435, 435, -1, 435, 435, 435, -1, 435, 435, 435, -1,
 435, 435, 435, -1, 435, 435, 435, -1, 435, 435, 435, -1,
 435, 435, 435, -1, 435, 435, 435, -1, 435, 435, 435, -1,
 435, 435, 435, -1, 435, 435, 435, -1, 435, 435, 435, -1,
 435, 435, 435, -1, 435, 435, 435, -1, 435, 435, 435, -1,
 435, 435, 435, -1, 435, 435, 435, -1, 435, 435, 435, -1,
 435, 435, 435, -1, 435, 435, 435, -1, 435, 435, 435, -1,
 435, 435, 435, -1, 435, 435, 435, -1, 435, 435, 435, -1,
 435, 435, 435, -1, 435, 435, 435, -1, 435, 435, 435, -1,
 435, 435, 435, -1, 435, 435, 435, -1, 435, 435, 435, -1,
 435, 435, 435, -1, 435, 435, 435, -1, 435, 435, 435, -1,
 435, 435, 435, -1, 435, 435, 435, -1, 435, 435, 435, -1,
 435, 435, 435, -1, 435, 435, 435, -1, 435, 435, 435, -1,
 435, 435, 435, -1, 435, 435, 435, -1, 435, 435, 435, -1,
 435, 435, 435, -1, 435, 435, 435, -1, 435, 435, 435, -1,
 435, 435, 435, -1, 435, 435, 435, -1, 435, 435, 435, -1,
 435, 435, 435, -1, 435, 435, 435, -1, 435, 435, 435, -1,
 435, 435, 435, -1, 435, 435, 435, -1, 435, 435, 435, -1,
 435, 435, 435, -1, 435, 435, 435, -1, 435, 435, 435, -1,
 435, 435, 435, -1, 435, 435, 435, -1, 435, 435, 435, -1,
 435, 435, 435, -1, 435, 435, 435, -1, 435, 435, 435, -1,
 435, 435, 435, -1, 435, 435, 435, -1, 435, 435, 435, -1,
 435, 435, 435, -1, 435, 435, 435, -1, 435, 435, 435, -1,
 435, 435, 435, -1, 435, 435, 435, -1, 435, 435, 435, -1,
 435, 435, 435, -1, 435, 435, 435, -1, 435, 435, 435, -1,
 435, 435, 435, -1, 435, 435, 435, -1, 435, 435, 435, -1,
 435, 435, 435, -1, 435, 435, 435, -1, 435, 435, 435, -1,
 435, 435, 435, -1, 435, 435, 435, -1, 435, 435, 435, -1,
 435, 435, 435, -1, 435, 435, 435, -1, 435, 435, 435, -1,
 435, 435, 435, -1, 435, 435, 435, -1, 435, 435, 435, -1,
 435, 435, 435, -1, 435, 435, 435, -1, 435, 435, 435, -1,
 435, 435, 435, -1, 435, 435, 435, -1, 435, 435, 435, -1,
 435, 435, 435, -1, 435, 435, 435, -1, 435, 435, 435, -1,
 435, 435, 435, -1, 435, 435, 435, -1, 435, 435, 435, -1,
 435, 435, 435, -1, 435, 435, 435, -1, 435, 435, 435, -1,
 435, 435, 435, -1, 435, 435, 435, -1, 435, 435, 435, -1,
 435, 435, 435, -1, 435, 435, 435, -1, 435, 435, 435, -1,
 435, 435, 435, -1, 435, 435, 435, -1, 435, 435, 435, -1,
 435, 435, 435, -1, 435, 435, 435, -1, 435, 435, 435, -1,
 435, 435, 435, -1, 435, 435, 435, -1, 435, 435, 435, -1,
 435, 435, 435, -1, 435, 435, 435, -1, 435, 435, 435, -1,
 435, 435, 435, -1, 435, 435, 435, -1, 435, 435, 435, -1,
 435, 435, 435, -1, 435, 435, 435, -1, 435, 435, 435, -1,
 435, 435, 435, -1, 435, 435, 435, -1, 435, 435, 435, -1,
 435, 435, 435, -1, 435, 435, 435, -1, 435, 435, 435, -1,
 435, 435, 435, -1, 435, 435, 435, -1, 435, 435, 435, -1,
 435, 435, 435, -1, 435, 435, 435, -1, 435, 435, 435, -1,
 435, 435, 435, -1, 435, 435, 435, -1, 435, 435, 435, -1,
 435, 435, 435, -1, 435, 435, 435, -1, 435, 435, 435, -1,
 435, 435, 435, -1, 435, 435, 435, -1, 435, 435, 435, -1,
 435, 435, 435, -1, 435, 435, 435, -1, 435, 435, 435, -1,
 435, 435, 435, -1, 435, 435, 435, -1, 435, 435, 435, -1,
 435, 435, 435, -1, 435, 435, 435, -1, 435, 435, 435, -1,
 435, 435, 435, -1, 435, 435, 435, -1, 435, 435, 435, -1,
 435, 435, 435, -1, 435, 435, 435, -1, 435, 435, 435, -1,
 435, 435, 435, -1, 435, 435, 435, -1, 435, 435, 435, -1,
 435, 435, 435, -1, 435, 435, 435, -1, 435, 435, 435, -1,
 435, 435, 435, -1, 435, 435, 435, -1, 435, 435, 435, -1,
 435, 435, 435, -1, 435, 435, 435, -1, 435, 435, 435, -1,
 435, 435, 435, -1, 435, 435, 435, -1, 435, 435, 435, -1,
 435, 435, 435, -1, 435, 435, 435, -1, 435, 435, 435, -1,
 435, 435, 435, -1, 435, 435, 435, -1, 435, 435, 435, -1,
 435, 435, 435, -1, 435, 435, 435, -1, 435, 435, 435, -1,
 435, 435, 435, -1, 435, 435, 435, -1, 435, 435, 435, -1,
 435, 435, 435, -1, 435, 435, 435, -1, 435, 435, 435, -1,
 435, 435, 435, -1, 435, 435, 435, -1, 435, 435, 435, -1,
 435, 435, 435, -1, 435, 435, 435, -1, 435, 435, 435, -1,
 853, 855, 849, -1, 844, 844, 845, -1, 845, 844, 853, -1,
 845, 853, 848, -1, 848, 853, 849, -1, 855, 853, 856, -1,
 856, 853, 852, -1, 856, 852, 857, -1, 850, 851, 852, -1,
 852, 851, 854, -1, 852, 854, 857, -1, 843, 843, 846, -1,
 843, 846, 852, -1, 852, 846, 847, -1, 852, 847, 850, -1,
 577, 579, 571, -1, 556, 556, 561, -1, 561, 556, 577, -1,
 561, 577, 570, -1, 570, 577, 571, -1, 579, 577, 585, -1,
 585, 577, 606, -1, 585, 606, 594, -1, 610, 607, 606, -1,
 606, 607, 604, -1, 606, 604, 594, -1, 643, 643, 640, -1,
 643, 640, 606, -1, 606, 640, 633, -1, 606, 633, 610, -1,
 605, 603, 611, -1, 642, 642, 641, -1, 641, 642, 605, -1,
 641, 605, 626, -1, 626, 605, 611, -1, 603, 605, 601, -1,
 601, 605, 576, -1, 601, 576, 593, -1, 572, 573, 576, -1,
 576, 573, 578, -1, 576, 578, 593, -1, 555, 555, 562, -1,
 555, 562, 576, -1, 576, 562, 567, -1, 576, 567, 572, -1,
 280, 278, 286, -1, 301, 301, 296, -1, 296, 301, 280, -1,
 296, 280, 287, -1, 287, 280, 286, -1, 278, 280, 272, -1,
 272, 280, 251, -1, 272, 251, 263, -1, 247, 250, 251, -1,
 251, 250, 253, -1, 251, 253, 263, -1, 214, 214, 217, -1,
 214, 217, 251, -1, 251, 217, 224, -1, 251, 224, 247, -1,
 252, 254, 246, -1, 215, 215, 216, -1, 216, 215, 252, -1,
 216, 252, 231, -1, 231, 252, 246, -1, 254, 252, 256, -1,
 256, 252, 281, -1, 256, 281, 264, -1, 285, 284, 281, -1,
 281, 284, 279, -1, 281, 279, 264, -1, 302, 302, 295, -1,
 302, 295, 281, -1, 281, 295, 290, -1, 281, 290, 285, -1,
 4, 2, 8, -1, 13, 13, 12, -1, 12, 13, 4, -1,
 12, 4, 9, -1, 9, 4, 8, -1, 2, 4, 1, -1,
 1, 4, 5, -1, 1, 5, 0, -1, 7, 6, 5, -1,
 5, 6, 3, -1, 5, 3, 0, -1, 14, 14, 11, -1,
 14, 11, 5, -1, 5, 11, 10, -1, 5, 10, 7, -1,
 857, 857, 841, -1, 841, 857, 841, -1, 841, 841, 833, -1,
 833, 841, 833, -1, 833, 833, 825, -1, 825, 833, 825, -1,
 825, 825, 819, -1, 819, 825, 819, -1, 819, 819, 806, -1,
 806, 819, 806, -1, 806, 806, 713, -1, 713, 806, 713, -1,
 713, 713, 627, -1, 627, 713, 627, -1, 627, 627, 580, -1,
 580, 627, 580, -1, 580, 580, 543, -1, 543, 580, 543, -1,
 543, 543, 516, -1, 516, 543, 516, -1, 516, 516, 475, -1,
 475, 516, 475, -1, 475, 475, 381, -1, 381, 475, 381, -1,
 381, 381, 340, -1, 340, 381, 340, -1, 340, 340, 313, -1,
 313, 340, 313, -1, 313, 313, 276, -1, 276, 313, 276, -1,
 276, 276, 229, -1, 229, 276, 229, -1, 229, 229, 143, -1,
 143, 229, 143, -1, 143, 143, 50, -1, 50, 143, 50, -1,
 50, 50, 37, -1, 37, 50, 37, -1, 37, 37, 31, -1,
 31, 37, 31, -1, 31, 31, 23, -1, 23, 31, 23, -1,
 23, 23, 15, -1, 15, 23, 15, -1, 15, 15, 0, -1,
 0, 15, 0, -1, 43, 43, 44, -1, 44, 43, 44, -1,
 44, 44, 48, -1, 48, 44, 48, -1, 48, 48, 70, -1,
 70, 48, 70, -1, 70, 70, 139, -1, 139, 70, 139, -1,
 139, 139, 204, -1, 204, 139, 204, -1, 204, 204, 242, -1,
 242, 204, 242, -1, 242, 242, 274, -1, 274, 242, 274, -1,
 274, 274, 308, -1, 308, 274, 308, -1, 308, 308, 327, -1,
 327, 308, 327, -1, 327, 327, 354, -1, 354, 327, 354, -1,
 354, 354, 387, -1, 387, 354, 387, -1, 387, 387, 469, -1,
 469, 387, 469, -1, 469, 469, 502, -1, 502, 469, 502, -1,
 502, 502, 529, -1, 529, 502, 529, -1, 529, 529, 548, -1,
 548, 529, 548, -1, 548, 548, 582, -1, 582, 548, 582, -1,
 582, 582, 614, -1, 614, 582, 614, -1, 614, 614, 652, -1,
 652, 614, 652, -1, 652, 652, 717, -1, 717, 652, 717, -1,
 717, 717, 786, -1, 786, 717, 786, -1, 786, 786, 808, -1,
 808, 786, 808, -1, 808, 808, 812, -1, 812, 808, 812, -1,
 812, 812, 814, -1, 814, 812, 814, -1, 422, 422, 422, -1,
 422, 422, 422, -1, 422, 422, 422, -1, 422, 422, 422, -1,
 422, 422, 422, -1, 422, 422, 422, -1, 422, 422, 422, -1,
 422, 422, 422, -1, 422, 422, 422, -1, 422, 422, 422, -1,
 422, 422, 422, -1, 422, 422, 422, -1, 422, 422, 422, -1,
 422, 422, 422, -1, 422, 422, 422, -1, 422, 422, 422, -1,
 422, 422, 422, -1, 422, 422, 422, -1, 422, 422, 422, -1,
 422, 422, 422, -1, 422, 422, 422, -1, 422, 422, 422, -1,
 422, 422, 422, -1, 422, 422, 422, -1, 422, 422, 422, -1,
 422, 422, 422, -1, 422, 422, 422, -1, 422, 422, 422, -1,
 422, 422, 422, -1, 422, 422, 422, -1, 422, 422, 422, -1,
 422, 422, 422, -1, 422, 422, 422, -1, 422, 422, 422, -1,
 422, 422, 422, -1, 422, 422, 422, -1, 422, 422, 422, -1,
 422, 422, 422, -1, 422, 422, 422, -1, 422, 422, 422, -1,
 422, 422, 422, -1, 422, 422, 422, -1, 422, 422, 422, -1,
 422, 422, 422, -1, 422, 422, 422, -1, 422, 422, 422, -1,
 422, 422, 422, -1, 422, 422, 422, -1, 422, 422, 422, -1,
 422, 422, 422, -1, 422, 422, 422, -1, 422, 422, 422, -1,
 422, 422, 422, -1, 422, 422, 422, -1, 422, 422, 422, -1,
 422, 422, 422, -1, 422, 422, 422, -1, 422, 422, 422, -1,
 422, 422, 422, -1, 422, 422, 422, -1, 422, 422, 422, -1,
 422, 422, 422, -1, 422, 422, 422, -1, 422, 422, 422, -1,
 422, 422, 422, -1, 422, 422, 422, -1, 422, 422, 422, -1,
 422, 422, 422, -1, 422, 422, 422, -1, 422, 422, 422, -1,
 422, 422, 422, -1, 422, 422, 422, -1, 422, 422, 422, -1,
 422, 422, 422, -1, 422, 422, 422, -1, 422, 422, 422, -1,
 422, 422, 422, -1, 422, 422, 422, -1, 857, 839, 857, -1,
 857, 839, 835, -1, 839, 837, 835, -1, 835, 837, 831, -1,
 835, 831, 827, -1, 831, 829, 827, -1, 827, 829, 823, -1,
 827, 823, 817, -1, 823, 815, 817, -1, 817, 815, 810, -1,
 817, 810, 751, -1, 618, 620, 707, -1, 707, 620, 751, -1,
 707, 751, 749, -1, 749, 751, 810, -1, 618, 608, 620, -1,
 620, 608, 563, -1, 620, 563, 551, -1, 563, 553, 551, -1,
 551, 553, 525, -1, 551, 525, 510, -1, 525, 512, 510, -1,
 510, 512, 479, -1, 510, 479, 423, -1, 479, 423, 423, -1,
 423, 423, 377, -1, 423, 377, 346, -1, 303, 305, 331, -1,
 331, 305, 346, -1, 331, 346, 344, -1, 344, 346, 377, -1,
 303, 293, 305, -1, 305, 293, 248, -1, 305, 248, 236, -1,
 248, 238, 236, -1, 236, 238, 149, -1, 236, 149, 104, -1,
 149, 107, 104, -1, 104, 107, 46, -1, 104, 46, 39, -1,
 46, 41, 39, -1, 39, 41, 33, -1, 39, 33, 29, -1,
 33, 27, 29, -1, 29, 27, 25, -1, 29, 25, 21, -1,
 0, 0, 17, -1, 17, 0, 21, -1, 17, 21, 19, -1,
 19, 21, 25, -1, 123, 106, 106, -1, 106, 123, 123, -1,
 123, 123, 127, -1, 123, 127, 170, -1, 127, 170, 170, -1,
 170, 170, 187, -1, 170, 187, 206, -1, 187, 206, 206, -1,
 206, 206, 222, -1, 206, 222, 234, -1, 222, 234, 234, -1,
 234, 234, 265, -1, 234, 265, 269, -1, 265, 269, 269, -1,
 269, 269, 297, -1, 269, 297, 299, -1, 299, 297, 299, -1,
 299, 299, 321, -1, 299, 321, 321, -1, 321, 321, 325, -1,
 321, 325, 352, -1, 325, 352, 352, -1, 352, 352, 360, -1,
 352, 360, 385, -1, 360, 385, 385, -1, 385, 385, 433, -1,
 385, 433, 471, -1, 433, 471, 471, -1, 471, 471, 496, -1,
 471, 496, 504, -1, 496, 504, 504, -1, 504, 504, 531, -1,
 504, 531, 535, -1, 535, 531, 535, -1, 535, 535, 557, -1,
 535, 557, 557, -1, 557, 557, 559, -1, 557, 559, 587, -1,
 559, 587, 587, -1, 587, 587, 591, -1, 587, 591, 622, -1,
 591, 622, 622, -1, 622, 622, 634, -1, 622, 634, 650, -1,
 634, 650, 650, -1, 650, 650, 669, -1, 650, 669, 686, -1,
 753, 753, 733, -1, 733, 753, 733, -1, 733, 733, 729, -1,
 729, 733, 686, -1, 729, 686, 686, -1, 686, 686, 669, -1
]
colorPerVertex FALSE
normalPerVertex TRUE
}
}
]
}
