#VRML V2.0 utf8
Transform {
children [
Shape {
appearance Appearance {
material Material {
ambientIntensity 1.000000
diffuseColor 1.000000 1.000000 1.000000
emissiveColor 0.210000 0.210000 0.210000
specularColor 0.880000 0.880000 0.880000
shininess 0.210000
transparency 0.000000
}
}
geometry IndexedFaceSet {
color Color {
color [
 1.000000 1.000000 1.000000, 0.403922 1.000000 0.949020
]
}
coord Coordinate {
point [
 -0.032000 0.000000 0.004000, -0.032000 0.000000 0.025000, -0.032000 0.011000 0.008000, -0.032000 0.011000 0.025000, -0.032000 0.011270 0.008000,
 -0.032000 0.015518 0.008000, -0.032000 0.018998 0.008000, -0.032000 0.023670 -0.019900, -0.032000 0.023670 0.004000, -0.032000 0.029250 0.008000,
 -0.032000 0.033380 0.008000, -0.032000 0.036880 0.008000, -0.032000 0.053000 -0.019900, -0.032000 0.053000 0.008000, -0.031969 0.023423 -0.019900,
 -0.031969 0.023423 0.004000, -0.031879 0.023192 -0.019900, -0.031879 0.023192 0.004000, -0.031784 -0.003715 0.004000, -0.031784 -0.003715 0.025000,
 -0.031734 0.022990 -0.019900, -0.031734 0.022990 0.004000, -0.031544 0.022831 -0.019900, -0.031544 0.022831 0.004000, -0.031320 0.022722 -0.019900,
 -0.031320 0.022722 0.004000, -0.031137 -0.007380 0.004000, -0.031137 -0.007380 0.025000, -0.031077 0.022673 -0.019900, -0.031077 0.022673 0.004000,
 -0.030829 0.022684 -0.019900, -0.030829 0.022684 0.004000, -0.030592 0.022757 -0.019900, -0.030592 0.022757 0.004000, -0.030379 0.022886 -0.019900,
 -0.030379 0.022886 0.004000, -0.030243 0.013540 0.004000, -0.030243 0.013540 0.008000, -0.030208 0.013281 0.004000, -0.030208 0.013281 0.008000,
 -0.030208 0.013799 0.004000, -0.030208 0.013799 0.008000, -0.030205 0.023063 -0.019900, -0.030205 0.023063 0.004000, -0.030109 0.013040 0.004000,
 -0.030109 0.013040 0.008000, -0.030109 0.014040 0.004000, -0.030109 0.014040 0.008000, -0.030070 -0.010945 0.004000, -0.030070 -0.010945 0.025000,
 -0.029950 0.012833 0.004000, -0.029950 0.012833 0.008000, -0.029950 0.014247 0.004000, -0.029950 0.014247 0.008000, -0.029742 0.012674 0.004000,
 -0.029742 0.012674 0.008000, -0.029742 0.014406 0.004000, -0.029742 0.014406 0.008000, -0.029501 0.012574 0.004000, -0.029501 0.012574 0.008000,
 -0.029501 0.014506 0.004000, -0.029501 0.014506 0.008000, -0.029243 0.012540 0.004000, -0.029243 0.012540 0.008000, -0.029243 0.014540 0.004000,
 -0.029243 0.014540 0.008000, -0.029000 0.056000 -0.019900, -0.029000 0.056000 0.008000, -0.028984 0.012574 0.004000, -0.028984 0.012574 0.008000,
 -0.028984 0.014506 0.004000, -0.028984 0.014506 0.008000, -0.028742 0.012674 0.004000, -0.028742 0.012674 0.008000, -0.028742 0.014406 0.004000,
 -0.028742 0.014406 0.008000, -0.028596 -0.014362 0.004000, -0.028596 -0.014362 0.025000, -0.028535 0.012833 0.004000, -0.028535 0.012833 0.008000,
 -0.028535 0.014247 0.004000, -0.028535 0.014247 0.008000, -0.028398 0.044075 -0.011500, -0.028398 0.044075 0.004000, -0.028376 0.013040 0.004000,
 -0.028376 0.013040 0.008000, -0.028376 0.014040 0.004000, -0.028376 0.014040 0.008000, -0.028277 0.013281 0.004000, -0.028277 0.013281 0.008000,
 -0.028277 0.013799 0.004000, -0.028277 0.013799 0.008000, -0.028249 0.041454 -0.011500, -0.028249 0.041454 0.004000, -0.028243 0.013540 0.004000,
 -0.028243 0.013540 0.008000, -0.028164 0.046689 -0.011500, -0.028164 0.046689 0.004000, -0.028081 0.025607 -0.019900, -0.028081 0.025607 0.004000,
 -0.027720 0.038882 -0.011500, -0.027720 0.038882 0.004000, -0.027552 0.049242 -0.011500, -0.027552 0.049242 0.004000, -0.027064 0.011000 0.008000,
 -0.027064 0.011270 0.008000, -0.027064 0.015518 0.008000, -0.027064 0.018998 0.008000, -0.027064 0.029250 0.008000, -0.027064 0.033380 0.008000,
 -0.027064 0.036880 0.008000, -0.027064 0.056000 0.008000, -0.027000 -0.008000 0.008000, -0.027000 -0.008000 0.025000, -0.027000 -0.007153 0.008000,
 -0.027000 -0.003400 0.008000, -0.027000 0.007153 0.008000, -0.027000 0.008000 0.008000, -0.027000 0.008000 0.025000, -0.026824 0.036415 -0.011500,
 -0.026824 0.036415 0.004000, -0.026736 -0.017584 0.004000, -0.026736 -0.017584 0.025000, -0.026575 0.051679 -0.011500, -0.026575 0.051679 0.004000,
 -0.026316 0.027380 0.004000, -0.025885 0.024000 0.006000, -0.025885 0.024000 0.008000, -0.025800 0.023353 0.006000, -0.025800 0.023353 0.008000,
 -0.025800 0.024647 0.006000, -0.025800 0.024647 0.008000, -0.025743 0.027956 -0.019900, -0.025743 0.027956 0.004000, -0.025577 0.034105 -0.011500,
 -0.025577 0.034105 0.004000, -0.025550 0.022750 0.006000, -0.025550 0.022750 0.008000, -0.025550 0.025250 0.006000, -0.025550 0.025250 0.008000,
 -0.025450 0.038782 -0.019900, -0.025450 0.038782 -0.011500, -0.025450 0.048782 -0.019900, -0.025450 0.048782 -0.011500, -0.025401 0.038406 -0.019900,
 -0.025401 0.038406 -0.011500, -0.025401 0.039157 -0.019900, -0.025401 0.039157 -0.011500, -0.025401 0.048406 -0.019900, -0.025401 0.048406 -0.011500,
 -0.025401 0.049157 -0.019900, -0.025401 0.049157 -0.011500, -0.025256 0.038057 -0.019900, -0.025256 0.038057 -0.011500, -0.025256 0.039507 -0.019900,
 -0.025256 0.039507 -0.011500, -0.025256 0.048057 -0.019900, -0.025256 0.048057 -0.011500, -0.025256 0.049507 -0.019900, -0.025256 0.049507 -0.011500,
 -0.025255 0.053947 -0.011500, -0.025255 0.053947 0.004000, -0.025153 0.022232 0.006000, -0.025153 0.022232 0.008000, -0.025153 0.025768 0.006000,
 -0.025153 0.025768 0.008000, -0.025025 0.037756 -0.019900, -0.025025 0.037756 -0.011500, -0.025025 0.039807 -0.019900, -0.025025 0.039807 -0.011500,
 -0.025025 0.047756 -0.019900, -0.025025 0.047756 -0.011500, -0.025025 0.049807 -0.019900, -0.025025 0.049807 -0.011500, -0.024725 0.037526 -0.019900,
 -0.024725 0.037526 -0.011500, -0.024725 0.040037 -0.019900, -0.024725 0.040037 -0.011500, -0.024725 0.047526 -0.019900, -0.024725 0.047526 -0.011500,
 -0.024725 0.050037 -0.019900, -0.024725 0.050037 -0.011500, -0.024635 0.021835 0.006000, -0.024635 0.021835 0.008000, -0.024635 0.026165 0.006000,
 -0.024635 0.026165 0.008000, -0.024513 -0.020569 0.004000, -0.024513 -0.020569 0.025000, -0.024375 0.037381 -0.019900, -0.024375 0.037381 -0.011500,
 -0.024375 0.040182 -0.019900, -0.024375 0.040182 -0.011500, -0.024375 0.047381 -0.019900, -0.024375 0.047381 -0.011500, -0.024375 0.050182 -0.019900,
 -0.024375 0.050182 -0.011500, -0.024032 0.021585 0.006000, -0.024032 0.021585 0.008000, -0.024032 0.026415 0.006000, -0.024032 0.026415 0.008000,
 -0.024008 0.032000 -0.011500, -0.024008 0.032000 0.004000, -0.024000 0.037332 -0.019900, -0.024000 0.037332 -0.011500, -0.024000 0.040232 -0.019900,
 -0.024000 0.040232 -0.011500, -0.024000 0.047332 -0.019900, -0.024000 0.047332 -0.011500, -0.024000 0.050232 -0.019900, -0.024000 0.050232 -0.011500,
 -0.023625 0.037381 -0.019900, -0.023625 0.037381 -0.011500, -0.023625 0.040182 -0.019900, -0.023625 0.040182 -0.011500, -0.023625 0.047381 -0.019900,
 -0.023625 0.047381 -0.011500, -0.023625 0.050182 -0.019900, -0.023625 0.050182 -0.011500, -0.023618 0.056000 -0.011500, -0.023618 0.056000 0.004000,
 -0.023385 0.021500 0.006000, -0.023385 0.021500 0.008000, -0.023385 0.026500 0.006000, -0.023385 0.026500 0.008000, -0.023275 0.037526 -0.019900,
 -0.023275 0.037526 -0.011500, -0.023275 0.040037 -0.019900, -0.023275 0.040037 -0.011500, -0.023275 0.047526 -0.019900, -0.023275 0.047526 -0.011500,
 -0.023275 0.050037 -0.019900, -0.023275 0.050037 -0.011500, -0.023210 0.030092 -0.019900, -0.023210 0.030092 0.004000, -0.022975 0.037756 -0.019900,
 -0.022975 0.037756 -0.011500, -0.022975 0.039807 -0.019900, -0.022975 0.039807 -0.011500, -0.022975 0.047756 -0.019900, -0.022975 0.047756 -0.011500,
 -0.022975 0.049807 -0.019900, -0.022975 0.049807 -0.011500, -0.022744 0.038057 -0.019900, -0.022744 0.038057 -0.011500, -0.022744 0.039507 -0.019900,
 -0.022744 0.039507 -0.011500, -0.022744 0.048057 -0.019900, -0.022744 0.048057 -0.011500, -0.022744 0.049507 -0.019900, -0.022744 0.049507 -0.011500,
 -0.022738 0.021585 0.006000, -0.022738 0.021585 0.008000, -0.022738 0.026415 0.006000, -0.022738 0.026415 0.008000, -0.022599 0.038406 -0.019900,
 -0.022599 0.038406 -0.011500, -0.022599 0.039157 -0.019900, -0.022599 0.039157 -0.011500, -0.022599 0.048406 -0.019900, -0.022599 0.048406 -0.011500,
 -0.022599 0.049157 -0.019900, -0.022599 0.049157 -0.011500, -0.022550 0.038782 -0.019900, -0.022550 0.038782 -0.011500, -0.022550 0.048782 -0.019900,
 -0.022550 0.048782 -0.011500, -0.022500 0.043132 -0.019900, -0.022500 0.043132 -0.017900, -0.022500 0.044432 -0.019900, -0.022500 0.044432 -0.017900,
 -0.022135 0.021835 0.006000, -0.022135 0.021835 0.008000, -0.022135 0.026165 0.006000, -0.022135 0.026165 0.008000, -0.021960 -0.023276 0.004000,
 -0.021960 -0.023276 0.025000, -0.021617 0.022232 0.006000, -0.021617 0.022232 0.008000, -0.021617 0.025768 0.006000, -0.021617 0.025768 0.008000,
 -0.021350 0.008000 0.014100, -0.021350 0.008000 0.019900, -0.021350 0.011000 0.014100, -0.021350 0.011000 0.019900, -0.021220 0.022750 0.006000,
 -0.021220 0.022750 0.008000, -0.021220 0.025250 0.006000, -0.021220 0.025250 0.008000, -0.020970 0.023353 0.006000, -0.020970 0.023353 0.008000,
 -0.020970 0.024647 0.006000, -0.020970 0.024647 0.008000, -0.020885 0.024000 0.006000, -0.020885 0.024000 0.008000, -0.020500 0.032000 -0.019900,
 -0.020500 0.032000 -0.011500, -0.020500 0.032000 0.004000, -0.020500 0.043132 -0.019900, -0.020500 0.043132 -0.017900, -0.020500 0.044432 -0.019900,
 -0.020500 0.044432 -0.017900, -0.020500 0.054000 -0.019900, -0.020500 0.054000 -0.011500, -0.020000 0.000000 0.000000, -0.020000 0.000000 0.004000,
 -0.019935 -0.008000 0.008000, -0.019935 -0.007153 0.008000, -0.019935 -0.003400 0.008000, -0.019935 0.007153 0.008000, -0.019935 0.008000 0.008000,
 -0.019935 0.011000 0.008000, -0.019935 0.011270 0.008000, -0.019935 0.015518 0.008000, -0.019935 0.018998 0.008000, -0.019935 0.029250 0.008000,
 -0.019935 0.033380 0.008000, -0.019935 0.036880 0.008000, -0.019935 0.056000 0.008000, -0.019777 -0.002981 0.000000, -0.019777 -0.002981 0.004000,
 -0.019777 0.002981 0.000000, -0.019777 0.002981 0.004000, -0.019111 -0.005895 0.000000, -0.019111 -0.005895 0.004000, -0.019111 0.005895 0.000000,
 -0.019111 0.005895 0.004000, -0.019109 -0.025668 0.004000, -0.019109 -0.025668 0.025000, -0.018985 0.034500 0.006000, -0.018985 0.034500 0.008000,
 -0.018950 -0.006306 0.000000, -0.018900 0.033853 0.006000, -0.018900 0.033853 0.008000, -0.018900 0.035147 0.006000, -0.018900 0.035147 0.008000,
 -0.018704 0.033380 0.008000, -0.018650 0.033250 0.006000, -0.018650 0.033250 0.008000, -0.018650 0.035750 0.006000, -0.018650 0.035750 0.008000,
 -0.018550 0.008000 0.014100, -0.018550 0.008000 0.019900, -0.018550 0.011000 0.014100, -0.018550 0.011000 0.019900, -0.018253 0.032732 0.006000,
 -0.018253 0.032732 0.008000, -0.018253 0.036268 0.006000, -0.018253 0.036268 0.008000, -0.018019 -0.008678 0.000000, -0.018019 -0.008678 0.004000,
 -0.018019 0.008678 0.000000, -0.018019 0.008678 0.004000, -0.017735 0.032335 0.006000, -0.017735 0.032335 0.008000, -0.017735 0.036665 0.006000,
 -0.017735 0.036665 0.008000, -0.017249 0.001212 0.008000, -0.017216 0.036880 0.008000, -0.017133 0.000332 0.008000, -0.017133 0.002092 0.008000,
 -0.017132 0.032085 0.006000, -0.017132 0.032085 0.008000, -0.017132 0.036915 0.006000, -0.017132 0.036915 0.008000, -0.016793 -0.000488 0.008000,
 -0.016793 0.002912 0.008000, -0.016525 -0.011266 0.000000, -0.016525 -0.011266 0.004000, -0.016525 0.011266 0.000000, -0.016525 0.011266 0.004000,
 -0.016485 0.032000 0.006000, -0.016485 0.032000 0.008000, -0.016485 0.037000 0.006000, -0.016485 0.037000 0.008000, -0.016253 -0.001193 0.008000,
 -0.016253 0.003616 0.008000, -0.016125 -0.008000 0.008000, -0.016125 -0.008000 0.025000, -0.016125 0.008000 0.008000, -0.016125 0.008000 0.025000,
 -0.016025 -0.027696 0.004000, -0.016025 -0.011893 0.004000, -0.016025 0.011893 0.004000, -0.016025 0.027380 0.004000, -0.016025 0.056000 0.004000,
 -0.016000 -0.027713 0.004000, -0.016000 -0.027713 0.025000, -0.015838 0.032085 0.006000, -0.015838 0.032085 0.008000, -0.015838 0.036915 0.006000,
 -0.015838 0.036915 0.008000, -0.015754 0.036880 0.008000, -0.015549 -0.001733 0.008000, -0.015549 0.004156 0.008000, -0.015260 0.009546 0.008000,
 -0.015260 0.009546 0.025000, -0.015249 0.001212 0.000000, -0.015249 0.001212 0.006000, -0.015235 0.032335 0.006000, -0.015235 0.032335 0.008000,
 -0.015235 0.036665 0.006000, -0.015235 0.036665 0.008000, -0.015201 0.000849 0.000000, -0.015201 0.000849 0.006000, -0.015201 0.001574 0.000000,
 -0.015201 0.001574 0.006000, -0.015061 0.000512 0.000000, -0.015061 0.000512 0.006000, -0.015061 0.001912 0.000000, -0.015061 0.001912 0.006000,
 -0.014838 0.000222 0.000000, -0.014838 0.000222 0.006000, -0.014838 0.002202 0.000000, -0.014838 0.002202 0.006000, -0.014729 -0.002073 0.008000,
 -0.014729 0.004496 0.008000, -0.014717 0.032732 0.006000, -0.014717 0.032732 0.008000, -0.014717 0.036268 0.006000, -0.014717 0.036268 0.008000,
 -0.014661 -0.013603 0.000000, -0.014661 -0.013603 0.004000, -0.014661 0.013603 0.000000, -0.014661 0.013603 0.004000, -0.014659 -0.010446 0.008000,
 -0.014659 -0.010446 0.025000, -0.014549 -0.000001 0.000000, -0.014549 -0.000001 0.006000, -0.014549 0.002424 0.000000, -0.014549 0.002424 0.006000,
 -0.014320 0.033250 0.006000, -0.014320 0.033250 0.008000, -0.014320 0.035750 0.006000, -0.014320 0.035750 0.008000, -0.014266 0.033380 0.008000,
 -0.014248 0.011000 0.008000, -0.014248 0.011000 0.025000, -0.014211 -0.000141 0.000000, -0.014211 -0.000141 0.006000, -0.014211 0.002564 0.000000,
 -0.014211 0.002564 0.006000, -0.014070 0.033853 0.006000, -0.014070 0.033853 0.008000, -0.014070 0.035147 0.006000, -0.014070 0.035147 0.008000,
 -0.013985 0.034500 0.006000, -0.013985 0.034500 0.008000, -0.013849 -0.002188 0.008000, -0.013849 -0.000188 0.000000, -0.013849 -0.000188 0.006000,
 -0.013849 0.002612 0.000000, -0.013849 0.002612 0.006000, -0.013849 0.004612 0.008000, -0.013486 -0.000141 0.000000, -0.013486 -0.000141 0.006000,
 -0.013486 0.002564 0.000000, -0.013486 0.002564 0.006000, -0.013149 -0.000001 0.000000, -0.013149 -0.000001 0.006000, -0.013149 0.002424 0.000000,
 -0.013149 0.002424 0.006000, -0.013017 -0.012401 0.008000, -0.013017 -0.007153 0.008000, -0.013017 -0.003400 0.008000, -0.013017 -0.002079 0.008000,
 -0.013017 0.004502 0.008000, -0.013017 0.007153 0.008000, -0.013017 0.011270 0.008000, -0.013017 0.015518 0.008000, -0.013017 0.018998 0.008000,
 -0.013017 0.029250 0.008000, -0.013017 0.033380 0.008000, -0.013017 0.036880 0.008000, -0.013017 0.056000 0.008000, -0.012969 -0.002073 0.008000,
 -0.012969 0.004496 0.008000, -0.012859 0.000222 0.000000, -0.012859 0.000222 0.006000, -0.012859 0.002202 0.000000, -0.012859 0.002202 0.006000,
 -0.012825 -0.012630 0.008000, -0.012825 -0.012630 0.025000, -0.012675 -0.029383 0.004000, -0.012675 -0.029383 0.025000, -0.012636 0.000512 0.000000,
 -0.012636 0.000512 0.006000, -0.012636 0.001912 0.000000, -0.012636 0.001912 0.006000, -0.012496 0.000849 0.000000, -0.012496 0.000849 0.006000,
 -0.012496 0.001574 0.000000, -0.012496 0.001574 0.006000, -0.012470 -0.015637 0.000000, -0.012470 -0.015637 0.004000, -0.012470 0.015637 0.000000,
 -0.012470 0.015637 0.004000, -0.012449 0.001212 0.000000, -0.012449 0.001212 0.006000, -0.012149 -0.001733 0.008000, -0.012149 0.004156 0.008000,
 -0.012112 -0.013248 0.008000, -0.012050 0.043782 0.004000, -0.012050 0.043782 0.008000, -0.011994 0.043355 0.004000, -0.011994 0.043355 0.008000,
 -0.011994 0.044209 0.004000, -0.011994 0.044209 0.008000, -0.011839 -0.013484 0.008000, -0.011839 -0.013248 0.008000, -0.011839 -0.007153 0.008000,
 -0.011839 -0.003400 0.008000, -0.011839 -0.001495 0.008000, -0.011839 0.003918 0.008000, -0.011839 0.007153 0.008000, -0.011839 0.011270 0.008000,
 -0.011839 0.015518 0.008000, -0.011839 0.018998 0.008000, -0.011839 0.029250 0.008000, -0.011839 0.033380 0.008000, -0.011839 0.036880 0.008000,
 -0.011839 0.042980 0.008000, -0.011839 0.044583 0.008000, -0.011839 0.056000 0.008000, -0.011829 0.042957 0.004000, -0.011829 0.042957 0.008000,
 -0.011829 0.044607 0.004000, -0.011829 0.044607 0.008000, -0.011627 0.013540 0.003000, -0.011627 0.013540 0.008000, -0.011627 0.035760 0.004000,
 -0.011627 0.035760 0.008000, -0.011593 0.013281 0.003000, -0.011593 0.013281 0.008000, -0.011593 0.013799 0.003000, -0.011593 0.013799 0.008000,
 -0.011593 0.035501 0.004000, -0.011593 0.035501 0.008000, -0.011593 0.036019 0.004000, -0.011593 0.036019 0.008000, -0.011567 0.042615 0.004000,
 -0.011567 0.042615 0.008000, -0.011567 0.044948 0.004000, -0.011567 0.044948 0.008000, -0.011494 0.013040 0.003000, -0.011494 0.013040 0.008000,
 -0.011494 0.014040 0.003000, -0.011494 0.014040 0.008000, -0.011494 0.035260 0.004000, -0.011494 0.035260 0.008000, -0.011494 0.036260 0.004000,
 -0.011494 0.036260 0.008000, -0.011444 -0.001193 0.008000, -0.011444 0.003616 0.008000, -0.011335 0.012833 0.003000, -0.011335 0.012833 0.008000,
 -0.011335 0.014247 0.003000, -0.011335 0.014247 0.008000, -0.011335 0.035053 0.004000, -0.011335 0.035053 0.008000, -0.011335 0.036467 0.004000,
 -0.011335 0.036467 0.008000, -0.011225 0.042353 0.004000, -0.011225 0.042353 0.008000, -0.011225 0.045211 0.004000, -0.011225 0.045211 0.008000,
 -0.011127 0.012674 0.003000, -0.011127 0.012674 0.008000, -0.011127 0.014406 0.003000, -0.011127 0.014406 0.008000, -0.011127 0.034894 0.004000,
 -0.011127 0.034894 0.008000, -0.011127 0.036626 0.004000, -0.011127 0.036626 0.008000, -0.010904 -0.000488 0.008000, -0.010904 0.002912 0.008000,
 -0.010886 0.012574 0.003000, -0.010886 0.012574 0.008000, -0.010886 0.014506 0.003000, -0.010886 0.014506 0.008000, -0.010886 0.034794 0.004000,
 -0.010886 0.034794 0.008000, -0.010886 0.036726 0.004000, -0.010886 0.036726 0.008000, -0.010827 0.042188 0.004000, -0.010827 0.042188 0.008000,
 -0.010827 0.045376 0.004000, -0.010827 0.045376 0.008000, -0.010669 -0.014497 0.008000, -0.010669 -0.014497 0.025000, -0.010627 0.012540 0.003000,
 -0.010627 0.012540 0.008000, -0.010627 0.014540 0.003000, -0.010627 0.014540 0.008000, -0.010627 0.034760 0.004000, -0.010627 0.034760 0.008000,
 -0.010627 0.036760 0.004000, -0.010627 0.036760 0.008000, -0.010564 0.000332 0.008000, -0.010564 0.002092 0.008000, -0.010449 0.001212 0.008000,
 -0.010400 0.042132 0.004000, -0.010400 0.042132 0.008000, -0.010400 0.045432 0.004000, -0.010400 0.045432 0.008000, -0.010369 0.012574 0.003000,
 -0.010369 0.012574 0.008000, -0.010369 0.014506 0.003000, -0.010369 0.014506 0.008000, -0.010369 0.034794 0.004000, -0.010369 0.034794 0.008000,
 -0.010369 0.036726 0.004000, -0.010369 0.036726 0.008000, -0.010224 -0.014773 0.008000, -0.010224 -0.013248 0.008000, -0.010224 -0.007153 0.008000,
 -0.010224 -0.003400 0.008000, -0.010224 0.007153 0.008000, -0.010224 0.011270 0.008000, -0.010224 0.012634 0.008000, -0.010224 0.014446 0.008000,
 -0.010224 0.015518 0.008000, -0.010224 0.018998 0.008000, -0.010224 0.029250 0.008000, -0.010224 0.033380 0.008000, -0.010224 0.034854 0.008000,
 -0.010224 0.036666 0.008000, -0.010224 0.036880 0.008000, -0.010224 0.042155 0.008000, -0.010224 0.045409 0.008000, -0.010224 0.056000 0.008000,
 -0.010127 0.012674 0.003000, -0.010127 0.012674 0.008000, -0.010127 0.014406 0.003000, -0.010127 0.014406 0.008000, -0.010127 0.034894 0.004000,
 -0.010127 0.034894 0.008000, -0.010127 0.036626 0.004000, -0.010127 0.036626 0.008000, -0.010000 -0.017321 0.000000, -0.010000 -0.017321 0.004000,
 -0.010000 0.000000 0.000000, -0.010000 0.000000 0.008000, -0.010000 0.017321 0.000000, -0.010000 0.017321 0.004000, -0.009973 0.042188 0.004000,
 -0.009973 0.042188 0.008000, -0.009973 0.045376 0.004000, -0.009973 0.045376 0.008000, -0.009920 0.012833 0.003000, -0.009920 0.012833 0.008000,
 -0.009920 0.014247 0.003000, -0.009920 0.014247 0.008000, -0.009920 0.035053 0.004000, -0.009920 0.035053 0.008000, -0.009920 0.036467 0.004000,
 -0.009920 0.036467 0.008000, -0.009781 -0.002079 0.000000, -0.009781 -0.002079 0.008000, -0.009781 0.002079 0.000000, -0.009781 0.002079 0.008000,
 -0.009761 0.013040 0.003000, -0.009761 0.013040 0.008000, -0.009761 0.014040 0.003000, -0.009761 0.014040 0.008000, -0.009761 0.035260 0.004000,
 -0.009761 0.035260 0.008000, -0.009761 0.036260 0.004000, -0.009761 0.036260 0.008000, -0.009662 0.013281 0.003000, -0.009662 0.013281 0.008000,
 -0.009662 0.013799 0.003000, -0.009662 0.013799 0.008000, -0.009662 0.035501 0.004000, -0.009662 0.035501 0.008000, -0.009662 0.036019 0.004000,
 -0.009662 0.036019 0.008000, -0.009627 0.013540 0.003000, -0.009627 0.013540 0.008000, -0.009627 0.035760 0.004000, -0.009627 0.035760 0.008000,
 -0.009575 0.042353 0.004000, -0.009575 0.042353 0.008000, -0.009575 0.045211 0.004000, -0.009575 0.045211 0.008000, -0.009352 -0.003400 0.008000,
 -0.009233 0.042615 0.004000, -0.009233 0.042615 0.008000, -0.009233 0.044948 0.004000, -0.009233 0.044948 0.008000, -0.009178 -0.030656 0.004000,
 -0.009178 -0.030656 0.025000, -0.009135 -0.004067 0.000000, -0.009135 -0.004067 0.008000, -0.009135 0.004067 0.000000, -0.009135 0.004067 0.008000,
 -0.008971 0.042957 0.004000, -0.008971 0.042957 0.008000, -0.008971 0.044607 0.004000, -0.008971 0.044607 0.008000, -0.008806 0.043355 0.004000,
 -0.008806 0.043355 0.008000, -0.008806 0.044209 0.004000, -0.008806 0.044209 0.008000, -0.008750 0.043782 0.004000, -0.008750 0.043782 0.008000,
 -0.008408 -0.015900 0.008000, -0.008408 -0.013248 0.008000, -0.008408 -0.007153 0.008000, -0.008408 -0.005327 0.008000, -0.008408 0.005327 0.008000,
 -0.008408 0.007153 0.008000, -0.008408 0.011270 0.008000, -0.008408 0.015518 0.008000, -0.008408 0.018998 0.008000, -0.008408 0.029250 0.008000,
 -0.008408 0.033380 0.008000, -0.008408 0.036880 0.008000, -0.008408 0.056000 0.008000, -0.008245 -0.016001 0.008000, -0.008245 -0.016001 0.025000,
 -0.008090 -0.005878 0.000000, -0.008090 -0.005878 0.008000, -0.008090 0.005878 0.000000, -0.008090 0.005878 0.008000, -0.008066 -0.013095 0.008000,
 -0.008046 -0.013248 0.008000, -0.008033 -0.018268 0.000000, -0.008033 -0.006306 0.000000, -0.008033 -0.005941 0.000000, -0.008033 0.005941 0.000000,
 -0.008033 0.018268 0.000000, -0.007950 -0.013975 0.008000, -0.007950 -0.012215 0.008000, -0.007705 -0.006306 0.000000, -0.007610 -0.014795 0.008000,
 -0.007610 -0.011395 0.008000, -0.007307 -0.018617 0.000000, -0.007307 -0.018617 0.004000, -0.007307 0.018617 0.000000, -0.007307 0.018617 0.004000,
 -0.007070 -0.015499 0.008000, -0.007070 -0.010691 0.008000, -0.006942 -0.007153 0.008000, -0.006942 0.007153 0.008000, -0.006691 -0.007431 0.000000,
 -0.006691 -0.007431 0.008000, -0.006691 0.007431 0.000000, -0.006691 0.007431 0.008000, -0.006366 -0.016040 0.008000, -0.006366 -0.010151 0.008000,
 -0.006066 -0.013095 0.000000, -0.006066 -0.013095 0.006000, -0.006018 -0.013457 0.000000, -0.006018 -0.013457 0.006000, -0.006018 -0.012733 0.000000,
 -0.006018 -0.012733 0.006000, -0.005878 -0.013795 0.000000, -0.005878 -0.013795 0.006000, -0.005878 -0.012395 0.000000, -0.005878 -0.012395 0.006000,
 -0.005656 -0.014085 0.000000, -0.005656 -0.014085 0.006000, -0.005656 -0.012105 0.000000, -0.005656 -0.012105 0.006000, -0.005615 -0.017102 0.008000,
 -0.005615 -0.017102 0.025000, -0.005557 -0.031514 0.004000, -0.005557 -0.031514 0.025000, -0.005546 -0.016379 0.008000, -0.005546 -0.009811 0.008000,
 -0.005366 -0.014307 0.000000, -0.005366 -0.014307 0.006000, -0.005366 -0.011883 0.000000, -0.005366 -0.011883 0.006000, -0.005028 -0.014447 0.000000,
 -0.005028 -0.014447 0.006000, -0.005028 -0.011743 0.000000, -0.005028 -0.011743 0.006000, -0.005000 -0.008660 0.000000, -0.005000 -0.008660 0.008000,
 -0.005000 0.008660 0.000000, -0.005000 0.008660 0.008000, -0.004666 -0.016495 0.008000, -0.004666 -0.014495 0.000000, -0.004666 -0.014495 0.006000,
 -0.004666 -0.011695 0.000000, -0.004666 -0.011695 0.006000, -0.004666 -0.009695 0.008000, -0.004450 -0.019499 0.000000, -0.004450 -0.019499 0.004000,
 -0.004450 0.019499 0.000000, -0.004450 0.019499 0.004000, -0.004304 -0.014447 0.000000, -0.004304 -0.014447 0.006000, -0.004304 -0.011743 0.000000,
 -0.004304 -0.011743 0.006000, -0.003966 -0.014307 0.000000, -0.003966 -0.014307 0.006000, -0.003966 -0.011883 0.000000, -0.003966 -0.011883 0.006000,
 -0.003786 -0.016379 0.008000, -0.003786 -0.009811 0.008000, -0.003676 -0.014085 0.000000, -0.003676 -0.014085 0.006000, -0.003676 -0.012105 0.000000,
 -0.003676 -0.012105 0.006000, -0.003453 -0.013795 0.000000, -0.003453 -0.013795 0.006000, -0.003453 -0.012395 0.000000, -0.003453 -0.012395 0.006000,
 -0.003314 -0.013457 0.000000, -0.003314 -0.013457 0.006000, -0.003314 -0.012733 0.000000, -0.003314 -0.012733 0.006000, -0.003266 -0.013095 0.000000,
 -0.003266 -0.013095 0.006000, -0.003090 -0.009511 0.000000, -0.003090 -0.009511 0.008000, -0.003090 0.009511 0.000000, -0.003090 0.009511 0.008000,
 -0.002966 -0.016040 0.008000, -0.002966 -0.010151 0.008000, -0.002843 -0.017774 0.008000, -0.002843 -0.017774 0.025000, -0.002262 -0.015499 0.008000,
 -0.002262 -0.010691 0.008000, -0.001861 -0.031946 0.004000, -0.001861 -0.031946 0.025000, -0.001721 -0.014795 0.008000, -0.001721 -0.011395 0.008000,
 -0.001495 -0.019944 0.000000, -0.001495 -0.019944 0.004000, -0.001495 0.019944 0.000000, -0.001495 0.019944 0.004000, -0.001382 -0.013975 0.008000,
 -0.001382 -0.012215 0.008000, -0.001286 -0.013248 0.008000, -0.001266 -0.013095 0.008000, -0.001045 -0.009945 0.000000, -0.001045 -0.009945 0.008000,
 -0.001045 0.009945 0.000000, -0.001045 0.009945 0.008000, 0.000000 -0.018000 0.008000, 0.000000 -0.018000 0.025000, 0.000000 -0.013248 0.008000,
 0.000000 -0.009945 0.008000, 0.000000 0.009945 0.008000, 0.000000 0.011270 0.008000, 0.000000 0.015518 0.008000, 0.000000 0.018998 0.008000,
 0.000000 0.029250 0.008000, 0.000000 0.033380 0.008000, 0.000000 0.036880 0.008000, 0.000000 0.056000 0.008000, 0.001045 -0.009945 0.000000,
 0.001045 -0.009945 0.008000, 0.001045 0.009945 0.000000, 0.001045 0.009945 0.008000, 0.001266 0.013095 0.008000, 0.001382 0.012215 0.008000,
 0.001382 0.013975 0.008000, 0.001495 -0.019944 0.000000, 0.001495 -0.019944 0.004000, 0.001495 0.019944 0.000000, 0.001495 0.019944 0.004000,
 0.001721 0.011395 0.008000, 0.001721 0.014795 0.008000, 0.001817 0.011270 0.008000, 0.001861 -0.031946 0.004000, 0.001861 -0.031946 0.025000,
 0.002262 0.010691 0.008000, 0.002262 0.015499 0.008000, 0.002286 0.015518 0.008000, 0.002818 0.056000 -0.011500, 0.002818 0.056000 0.004000,
 0.002843 -0.017774 0.008000, 0.002843 -0.017774 0.025000, 0.002966 0.010151 0.008000, 0.002966 0.016040 0.008000, 0.003090 -0.009511 0.000000,
 0.003090 -0.009511 0.008000, 0.003090 0.009511 0.000000, 0.003090 0.009511 0.008000, 0.003266 0.013095 0.000000, 0.003266 0.013095 0.006000,
 0.003314 0.012733 0.000000, 0.003314 0.012733 0.006000, 0.003314 0.013457 0.000000, 0.003314 0.013457 0.006000, 0.003453 0.012395 0.000000,
 0.003453 0.012395 0.006000, 0.003453 0.013795 0.000000, 0.003453 0.013795 0.006000, 0.003676 0.012105 0.000000, 0.003676 0.012105 0.006000,
 0.003676 0.014085 0.000000, 0.003676 0.014085 0.006000, 0.003786 0.009811 0.008000, 0.003786 0.016379 0.008000, 0.003966 0.011883 0.000000,
 0.003966 0.011883 0.006000, 0.003966 0.014307 0.000000, 0.003966 0.014307 0.006000, 0.004304 0.011743 0.000000, 0.004304 0.011743 0.006000,
 0.004304 0.014447 0.000000, 0.004304 0.014447 0.006000, 0.004418 0.054000 -0.011500, 0.004418 0.054000 0.004000, 0.004450 -0.019499 0.000000,
 0.004450 -0.019499 0.004000, 0.004450 0.019499 0.000000, 0.004450 0.019499 0.004000, 0.004666 0.009695 0.008000, 0.004666 0.011695 0.000000,
 0.004666 0.011695 0.006000, 0.004666 0.014495 0.000000, 0.004666 0.014495 0.006000, 0.004666 0.016495 0.008000, 0.005000 -0.008660 0.000000,
 0.005000 -0.008660 0.008000, 0.005000 0.008660 0.000000, 0.005000 0.008660 0.008000, 0.005028 0.011743 0.000000, 0.005028 0.011743 0.006000,
 0.005028 0.014447 0.000000, 0.005028 0.014447 0.006000, 0.005366 0.011883 0.000000, 0.005366 0.011883 0.006000, 0.005366 0.014307 0.000000,
 0.005366 0.014307 0.006000, 0.005546 0.009811 0.008000, 0.005546 0.016379 0.008000, 0.005557 -0.031514 0.004000, 0.005557 -0.031514 0.025000,
 0.005615 -0.017102 0.008000, 0.005615 -0.017102 0.025000, 0.005656 0.012105 0.000000, 0.005656 0.012105 0.006000, 0.005656 0.014085 0.000000,
 0.005656 0.014085 0.006000, 0.005878 0.012395 0.000000, 0.005878 0.012395 0.006000, 0.005878 0.013795 0.000000, 0.005878 0.013795 0.006000,
 0.006018 0.012733 0.000000, 0.006018 0.012733 0.006000, 0.006018 0.013457 0.000000, 0.006018 0.013457 0.006000, 0.006066 0.013095 0.000000,
 0.006066 0.013095 0.006000, 0.006366 0.010151 0.008000, 0.006366 0.016040 0.008000, 0.006691 -0.007431 0.000000, 0.006691 -0.007431 0.008000,
 0.006691 0.007431 0.000000, 0.006691 0.007431 0.008000, 0.006942 -0.007153 0.008000, 0.006942 0.007153 0.008000, 0.007046 0.015518 0.008000,
 0.007070 0.010691 0.008000, 0.007070 0.015499 0.008000, 0.007307 -0.018617 0.000000, 0.007307 -0.018617 0.004000, 0.007307 0.018617 0.000000,
 0.007307 0.018617 0.004000, 0.007514 0.011270 0.008000, 0.007610 0.011395 0.008000, 0.007610 0.014795 0.008000, 0.007705 -0.006306 0.000000,
 0.007950 0.012215 0.008000, 0.007950 0.013975 0.008000, 0.008066 0.013095 0.008000, 0.008090 -0.005878 0.000000, 0.008090 -0.005878 0.008000,
 0.008090 0.005878 0.000000, 0.008090 0.005878 0.008000, 0.008245 -0.016001 0.008000, 0.008245 -0.016001 0.025000, 0.008847 -0.015627 0.008000,
 0.008847 -0.013248 0.008000, 0.008847 -0.007153 0.008000, 0.008847 -0.004568 0.008000, 0.008847 0.004568 0.008000, 0.008847 0.007153 0.008000,
 0.008847 0.011270 0.008000, 0.008847 0.015518 0.008000, 0.008847 0.018998 0.008000, 0.008847 0.029250 0.008000, 0.008847 0.033380 0.008000,
 0.008847 0.036880 0.008000, 0.008847 0.056000 0.008000, 0.009135 -0.004067 0.000000, 0.009135 -0.004067 0.008000, 0.009135 0.004067 0.000000,
 0.009135 0.004067 0.008000, 0.009178 -0.030656 0.004000, 0.009178 -0.030656 0.025000, 0.009352 -0.003400 0.008000, 0.009627 0.013540 0.003000,
 0.009627 0.013540 0.008000, 0.009662 0.013281 0.003000, 0.009662 0.013281 0.008000, 0.009662 0.013799 0.003000, 0.009662 0.013799 0.008000,
 0.009761 0.013040 0.003000, 0.009761 0.013040 0.008000, 0.009761 0.014040 0.003000, 0.009761 0.014040 0.008000, 0.009781 -0.002079 0.000000,
 0.009781 -0.002079 0.008000, 0.009781 0.002079 0.000000, 0.009781 0.002079 0.008000, 0.009920 0.012833 0.003000, 0.009920 0.012833 0.008000,
 0.009920 0.014247 0.003000, 0.009920 0.014247 0.008000, 0.010000 -0.017321 0.000000, 0.010000 -0.017321 0.004000, 0.010000 0.000000 0.000000,
 0.010000 0.000000 0.008000, 0.010000 0.017321 0.000000, 0.010000 0.017321 0.004000, 0.010127 0.012674 0.003000, 0.010127 0.012674 0.008000,
 0.010127 0.014406 0.003000, 0.010127 0.014406 0.008000, 0.010224 -0.014773 0.008000, 0.010224 -0.013248 0.008000, 0.010224 -0.007153 0.008000,
 0.010224 -0.003400 0.008000, 0.010224 0.007153 0.008000, 0.010224 0.011270 0.008000, 0.010224 0.012634 0.008000, 0.010224 0.014446 0.008000,
 0.010224 0.015518 0.008000, 0.010224 0.018998 0.008000, 0.010224 0.029250 0.008000, 0.010224 0.033380 0.008000, 0.010224 0.036880 0.008000,
 0.010224 0.056000 0.008000, 0.010369 0.012574 0.003000, 0.010369 0.012574 0.008000, 0.010369 0.014506 0.003000, 0.010369 0.014506 0.008000,
 0.010449 -0.001212 0.008000, 0.010564 -0.002092 0.008000, 0.010564 -0.000332 0.008000, 0.010627 0.012540 0.003000, 0.010627 0.012540 0.008000,
 0.010627 0.014540 0.003000, 0.010627 0.014540 0.008000, 0.010669 -0.014497 0.008000, 0.010669 -0.014497 0.025000, 0.010886 0.012574 0.003000,
 0.010886 0.012574 0.008000, 0.010886 0.014506 0.003000, 0.010886 0.014506 0.008000, 0.010904 -0.002912 0.008000, 0.010904 0.000488 0.008000,
 0.011127 0.012674 0.003000, 0.011127 0.012674 0.008000, 0.011127 0.014406 0.003000, 0.011127 0.014406 0.008000, 0.011279 -0.003400 0.008000,
 0.011335 0.012833 0.003000, 0.011335 0.012833 0.008000, 0.011335 0.014247 0.003000, 0.011335 0.014247 0.008000, 0.011444 -0.003616 0.008000,
 0.011444 0.001193 0.008000, 0.011494 0.013040 0.003000, 0.011494 0.013040 0.008000, 0.011494 0.014040 0.003000, 0.011494 0.014040 0.008000,
 0.011593 0.013281 0.003000, 0.011593 0.013281 0.008000, 0.011593 0.013799 0.003000, 0.011593 0.013799 0.008000, 0.011627 0.013540 0.003000,
 0.011627 0.013540 0.008000, 0.012112 -0.013248 0.008000, 0.012149 -0.004156 0.008000, 0.012149 0.001733 0.008000, 0.012449 -0.001212 0.000000,
 0.012449 -0.001212 0.006000, 0.012470 -0.015637 0.000000, 0.012470 -0.015637 0.004000, 0.012470 0.015637 0.000000, 0.012470 0.015637 0.004000,
 0.012496 -0.001574 0.000000, 0.012496 -0.001574 0.006000, 0.012496 -0.000849 0.000000, 0.012496 -0.000849 0.006000, 0.012636 -0.001912 0.000000,
 0.012636 -0.001912 0.006000, 0.012636 -0.000512 0.000000, 0.012636 -0.000512 0.006000, 0.012675 -0.029383 0.004000, 0.012675 -0.029383 0.025000,
 0.012806 -0.012646 0.008000, 0.012806 -0.007153 0.008000, 0.012806 -0.004429 0.008000, 0.012806 0.002005 0.008000, 0.012806 0.007153 0.008000,
 0.012806 0.011270 0.008000, 0.012806 0.015518 0.008000, 0.012806 0.018998 0.008000, 0.012806 0.029250 0.008000, 0.012806 0.033380 0.008000,
 0.012806 0.036880 0.008000, 0.012806 0.056000 0.008000, 0.012825 -0.012630 0.008000, 0.012825 -0.012630 0.025000, 0.012859 -0.002202 0.000000,
 0.012859 -0.002202 0.006000, 0.012859 -0.000222 0.000000, 0.012859 -0.000222 0.006000, 0.012969 -0.004496 0.008000, 0.012969 0.002073 0.008000,
 0.013149 -0.002424 0.000000, 0.013149 -0.002424 0.006000, 0.013149 0.000001 0.000000, 0.013149 0.000001 0.006000, 0.013486 -0.002564 0.000000,
 0.013486 -0.002564 0.006000, 0.013486 0.000141 0.000000, 0.013486 0.000141 0.006000, 0.013849 -0.004612 0.008000, 0.013849 -0.002612 0.000000,
 0.013849 -0.002612 0.006000, 0.013849 0.000188 0.000000, 0.013849 0.000188 0.006000, 0.013849 0.002188 0.008000, 0.013985 0.024000 0.006000,
 0.013985 0.024000 0.008000, 0.014070 0.023353 0.006000, 0.014070 0.023353 0.008000, 0.014070 0.024647 0.006000, 0.014070 0.024647 0.008000,
 0.014211 -0.002564 0.000000, 0.014211 -0.002564 0.006000, 0.014211 0.000141 0.000000, 0.014211 0.000141 0.006000, 0.014248 0.011000 0.008000,
 0.014248 0.011000 0.025000, 0.014320 0.022750 0.006000, 0.014320 0.022750 0.008000, 0.014320 0.025250 0.006000, 0.014320 0.025250 0.008000,
 0.014549 -0.002424 0.000000, 0.014549 -0.002424 0.006000, 0.014549 0.000001 0.000000, 0.014549 0.000001 0.006000, 0.014659 -0.010446 0.008000,
 0.014659 -0.010446 0.025000, 0.014661 -0.013603 0.000000, 0.014661 -0.013603 0.004000, 0.014661 0.013603 0.000000, 0.014661 0.013603 0.004000,
 0.014717 0.022232 0.006000, 0.014717 0.022232 0.008000, 0.014717 0.025768 0.006000, 0.014717 0.025768 0.008000, 0.014729 -0.004496 0.008000,
 0.014729 0.002073 0.008000, 0.014838 -0.002202 0.000000, 0.014838 -0.002202 0.006000, 0.014838 -0.000222 0.000000, 0.014838 -0.000222 0.006000,
 0.015061 -0.001912 0.000000, 0.015061 -0.001912 0.006000, 0.015061 -0.000512 0.000000, 0.015061 -0.000512 0.006000, 0.015201 -0.001574 0.000000,
 0.015201 -0.001574 0.006000, 0.015201 -0.000849 0.000000, 0.015201 -0.000849 0.006000, 0.015235 0.021835 0.006000, 0.015235 0.021835 0.008000,
 0.015235 0.026165 0.006000, 0.015235 0.026165 0.008000, 0.015249 -0.001212 0.000000, 0.015249 -0.001212 0.006000, 0.015260 0.009546 0.008000,
 0.015260 0.009546 0.025000, 0.015549 -0.004156 0.008000, 0.015549 0.001733 0.008000, 0.015838 0.021585 0.006000, 0.015838 0.021585 0.008000,
 0.015838 0.026415 0.006000, 0.015838 0.026415 0.008000, 0.016000 -0.027713 0.004000, 0.016000 -0.027713 0.025000, 0.016125 -0.008000 0.008000,
 0.016125 -0.008000 0.025000, 0.016125 0.008000 0.008000, 0.016125 0.008000 0.025000, 0.016253 -0.003616 0.008000, 0.016253 0.001193 0.008000,
 0.016418 -0.003400 0.008000, 0.016485 0.021500 0.006000, 0.016485 0.021500 0.008000, 0.016485 0.026500 0.006000, 0.016485 0.026500 0.008000,
 0.016525 -0.011266 0.000000, 0.016525 -0.011266 0.004000, 0.016525 0.011266 0.000000, 0.016525 0.011266 0.004000, 0.016793 -0.002912 0.008000,
 0.016793 0.000488 0.008000, 0.017132 0.021585 0.006000, 0.017132 0.021585 0.008000, 0.017132 0.026415 0.006000, 0.017132 0.026415 0.008000,
 0.017133 -0.002092 0.008000, 0.017133 -0.000332 0.008000, 0.017249 -0.001212 0.008000, 0.017735 0.021835 0.006000, 0.017735 0.021835 0.008000,
 0.017735 0.026165 0.006000, 0.017735 0.026165 0.008000, 0.018019 -0.008678 0.000000, 0.018019 -0.008678 0.004000, 0.018019 0.008678 0.000000,
 0.018019 0.008678 0.004000, 0.018253 0.022232 0.006000, 0.018253 0.022232 0.008000, 0.018253 0.025768 0.006000, 0.018253 0.025768 0.008000,
 0.018550 0.008000 0.014100, 0.018550 0.008000 0.019900, 0.018550 0.011000 0.014100, 0.018550 0.011000 0.019900, 0.018650 0.022750 0.006000,
 0.018650 0.022750 0.008000, 0.018650 0.025250 0.006000, 0.018650 0.025250 0.008000, 0.018900 0.023353 0.006000, 0.018900 0.023353 0.008000,
 0.018900 0.024647 0.006000, 0.018900 0.024647 0.008000, 0.018950 -0.006306 0.000000, 0.018985 0.024000 0.006000, 0.018985 0.024000 0.008000,
 0.019109 -0.025668 0.004000, 0.019109 -0.025668 0.025000, 0.019111 -0.005895 0.000000, 0.019111 -0.005895 0.004000, 0.019111 0.005895 0.000000,
 0.019111 0.005895 0.004000, 0.019777 -0.002981 0.000000, 0.019777 -0.002981 0.004000, 0.019777 0.002981 0.000000, 0.019777 0.002981 0.004000,
 0.019935 -0.008000 0.008000, 0.019935 -0.007153 0.008000, 0.019935 -0.003400 0.008000, 0.019935 0.007153 0.008000, 0.019935 0.008000 0.008000,
 0.019935 0.011000 0.008000, 0.019935 0.011270 0.008000, 0.019935 0.015518 0.008000, 0.019935 0.018998 0.008000, 0.019935 0.029250 0.008000,
 0.019935 0.033380 0.008000, 0.019935 0.036880 0.008000, 0.019935 0.056000 0.008000, 0.020000 0.000000 0.000000, 0.020000 0.000000 0.004000,
 0.020500 0.032000 -0.019900, 0.020500 0.032000 0.004000, 0.020500 0.043132 -0.019900, 0.020500 0.043132 -0.017900, 0.020500 0.044432 -0.019900,
 0.020500 0.044432 -0.017900, 0.020500 0.054000 -0.019900, 0.020500 0.054000 0.004000, 0.020885 0.034500 0.006000, 0.020885 0.034500 0.008000,
 0.020970 0.033853 0.006000, 0.020970 0.033853 0.008000, 0.020970 0.035147 0.006000, 0.020970 0.035147 0.008000, 0.021166 0.033380 0.008000,
 0.021220 0.033250 0.006000, 0.021220 0.033250 0.008000, 0.021220 0.035750 0.006000, 0.021220 0.035750 0.008000, 0.021350 0.008000 0.014100,
 0.021350 0.008000 0.019900, 0.021350 0.011000 0.014100, 0.021350 0.011000 0.019900, 0.021617 0.032732 0.006000, 0.021617 0.032732 0.008000,
 0.021617 0.036268 0.006000, 0.021617 0.036268 0.008000, 0.021960 -0.023276 0.004000, 0.021960 -0.023276 0.025000, 0.022135 0.032335 0.006000,
 0.022135 0.032335 0.008000, 0.022135 0.036665 0.006000, 0.022135 0.036665 0.008000, 0.022500 0.043132 -0.019900, 0.022500 0.043132 -0.017900,
 0.022500 0.044432 -0.019900, 0.022500 0.044432 -0.017900, 0.022550 0.038782 -0.019900, 0.022550 0.038782 -0.009900, 0.022550 0.048782 -0.019900,
 0.022550 0.048782 -0.009900, 0.022599 0.038406 -0.019900, 0.022599 0.038406 -0.009900, 0.022599 0.039157 -0.019900, 0.022599 0.039157 -0.009900,
 0.022599 0.048406 -0.019900, 0.022599 0.048406 -0.009900, 0.022599 0.049157 -0.019900, 0.022599 0.049157 -0.009900, 0.022654 0.036880 0.008000,
 0.022738 0.032085 0.006000, 0.022738 0.032085 0.008000, 0.022738 0.036915 0.006000, 0.022738 0.036915 0.008000, 0.022744 0.038057 -0.019900,
 0.022744 0.038057 -0.009900, 0.022744 0.039507 -0.019900, 0.022744 0.039507 -0.009900, 0.022744 0.048057 -0.019900, 0.022744 0.048057 -0.009900,
 0.022744 0.049507 -0.019900, 0.022744 0.049507 -0.009900, 0.022975 0.037756 -0.019900, 0.022975 0.037756 -0.009900, 0.022975 0.039807 -0.019900,
 0.022975 0.039807 -0.009900, 0.022975 0.047756 -0.019900, 0.022975 0.047756 -0.009900, 0.022975 0.049807 -0.019900, 0.022975 0.049807 -0.009900,
 0.023210 0.030092 -0.019900, 0.023210 0.030092 0.004000, 0.023275 0.037526 -0.019900, 0.023275 0.037526 -0.009900, 0.023275 0.040037 -0.019900,
 0.023275 0.040037 -0.009900, 0.023275 0.047526 -0.019900, 0.023275 0.047526 -0.009900, 0.023275 0.050037 -0.019900, 0.023275 0.050037 -0.009900,
 0.023385 0.032000 0.006000, 0.023385 0.032000 0.008000, 0.023385 0.037000 0.006000, 0.023385 0.037000 0.008000, 0.023625 0.037381 -0.019900,
 0.023625 0.037381 -0.009900, 0.023625 0.040182 -0.019900, 0.023625 0.040182 -0.009900, 0.023625 0.047381 -0.019900, 0.023625 0.047381 -0.009900,
 0.023625 0.050182 -0.019900, 0.023625 0.050182 -0.009900, 0.024000 0.037332 -0.019900, 0.024000 0.037332 -0.009900, 0.024000 0.040232 -0.019900,
 0.024000 0.040232 -0.009900, 0.024000 0.047332 -0.019900, 0.024000 0.047332 -0.009900, 0.024000 0.050232 -0.019900, 0.024000 0.050232 -0.009900,
 0.024032 0.032085 0.006000, 0.024032 0.032085 0.008000, 0.024032 0.036915 0.006000, 0.024032 0.036915 0.008000, 0.024116 0.036880 0.008000,
 0.024375 0.037381 -0.019900, 0.024375 0.037381 -0.009900, 0.024375 0.040182 -0.019900, 0.024375 0.040182 -0.009900, 0.024375 0.047381 -0.019900,
 0.024375 0.047381 -0.009900, 0.024375 0.050182 -0.019900, 0.024375 0.050182 -0.009900, 0.024513 -0.020569 0.004000, 0.024513 -0.020569 0.025000,
 0.024635 0.032335 0.006000, 0.024635 0.032335 0.008000, 0.024635 0.036665 0.006000, 0.024635 0.036665 0.008000, 0.024725 0.037526 -0.019900,
 0.024725 0.037526 -0.009900, 0.024725 0.040037 -0.019900, 0.024725 0.040037 -0.009900, 0.024725 0.047526 -0.019900, 0.024725 0.047526 -0.009900,
 0.024725 0.050037 -0.019900, 0.024725 0.050037 -0.009900, 0.025025 0.037756 -0.019900, 0.025025 0.037756 -0.009900, 0.025025 0.039807 -0.019900,
 0.025025 0.039807 -0.009900, 0.025025 0.047756 -0.019900, 0.025025 0.047756 -0.009900, 0.025025 0.049807 -0.019900, 0.025025 0.049807 -0.009900,
 0.025153 0.032732 0.006000, 0.025153 0.032732 0.008000, 0.025153 0.036268 0.006000, 0.025153 0.036268 0.008000, 0.025256 0.038057 -0.019900,
 0.025256 0.038057 -0.009900, 0.025256 0.039507 -0.019900, 0.025256 0.039507 -0.009900, 0.025256 0.048057 -0.019900, 0.025256 0.048057 -0.009900,
 0.025256 0.049507 -0.019900, 0.025256 0.049507 -0.009900, 0.025401 0.038406 -0.019900, 0.025401 0.038406 -0.009900, 0.025401 0.039157 -0.019900,
 0.025401 0.039157 -0.009900, 0.025401 0.048406 -0.019900, 0.025401 0.048406 -0.009900, 0.025401 0.049157 -0.019900, 0.025401 0.049157 -0.009900,
 0.025450 0.038782 -0.019900, 0.025450 0.038782 -0.009900, 0.025450 0.048782 -0.019900, 0.025450 0.048782 -0.009900, 0.025550 0.033250 0.006000,
 0.025550 0.033250 0.008000, 0.025550 0.035750 0.006000, 0.025550 0.035750 0.008000, 0.025604 0.033380 0.008000, 0.025743 0.027956 -0.019900,
 0.025743 0.027956 0.004000, 0.025800 0.033853 0.006000, 0.025800 0.033853 0.008000, 0.025800 0.035147 0.006000, 0.025800 0.035147 0.008000,
 0.025885 0.034500 0.006000, 0.025885 0.034500 0.008000, 0.026316 0.027380 0.004000, 0.026736 -0.017584 0.004000, 0.026736 -0.017584 0.025000,
 0.027000 -0.008000 0.008000, 0.027000 -0.008000 0.025000, 0.027000 -0.007153 0.008000, 0.027000 -0.003400 0.008000, 0.027000 0.007153 0.008000,
 0.027000 0.008000 0.008000, 0.027000 0.008000 0.025000, 0.027064 0.011000 0.008000, 0.027064 0.011270 0.008000, 0.027064 0.015518 0.008000,
 0.027064 0.018998 0.008000, 0.027064 0.029250 0.008000, 0.027064 0.033380 0.008000, 0.027064 0.036880 0.008000, 0.027064 0.056000 0.008000,
 0.028081 0.025607 -0.019900, 0.028081 0.025607 0.004000, 0.028243 0.013540 0.004000, 0.028243 0.013540 0.008000, 0.028243 0.035760 0.003000,
 0.028243 0.035760 0.008000, 0.028277 0.013281 0.004000, 0.028277 0.013281 0.008000, 0.028277 0.013799 0.004000, 0.028277 0.013799 0.008000,
 0.028277 0.035501 0.003000, 0.028277 0.035501 0.008000, 0.028277 0.036019 0.003000, 0.028277 0.036019 0.008000, 0.028376 0.013040 0.004000,
 0.028376 0.013040 0.008000, 0.028376 0.014040 0.004000, 0.028376 0.014040 0.008000, 0.028376 0.035260 0.003000, 0.028376 0.035260 0.008000,
 0.028376 0.036260 0.003000, 0.028376 0.036260 0.008000, 0.028535 0.012833 0.004000, 0.028535 0.012833 0.008000, 0.028535 0.014247 0.004000,
 0.028535 0.014247 0.008000, 0.028535 0.035053 0.003000, 0.028535 0.035053 0.008000, 0.028535 0.036467 0.003000, 0.028535 0.036467 0.008000,
 0.028596 -0.014362 0.004000, 0.028596 -0.014362 0.025000, 0.028742 0.012674 0.004000, 0.028742 0.012674 0.008000, 0.028742 0.014406 0.004000,
 0.028742 0.014406 0.008000, 0.028742 0.034894 0.003000, 0.028742 0.034894 0.008000, 0.028742 0.036626 0.003000, 0.028742 0.036626 0.008000,
 0.028984 0.012574 0.004000, 0.028984 0.012574 0.008000, 0.028984 0.014506 0.004000, 0.028984 0.014506 0.008000, 0.028984 0.034794 0.003000,
 0.028984 0.034794 0.008000, 0.028984 0.036726 0.003000, 0.028984 0.036726 0.008000, 0.029000 0.056000 -0.019900, 0.029000 0.056000 0.008000,
 0.029243 0.012540 0.004000, 0.029243 0.012540 0.008000, 0.029243 0.014540 0.004000, 0.029243 0.014540 0.008000, 0.029243 0.034760 0.003000,
 0.029243 0.034760 0.008000, 0.029243 0.036760 0.003000, 0.029243 0.036760 0.008000, 0.029501 0.012574 0.004000, 0.029501 0.012574 0.008000,
 0.029501 0.014506 0.004000, 0.029501 0.014506 0.008000, 0.029501 0.034794 0.003000, 0.029501 0.034794 0.008000, 0.029501 0.036726 0.003000,
 0.029501 0.036726 0.008000, 0.029742 0.012674 0.004000, 0.029742 0.012674 0.008000, 0.029742 0.014406 0.004000, 0.029742 0.014406 0.008000,
 0.029742 0.034894 0.003000, 0.029742 0.034894 0.008000, 0.029742 0.036626 0.003000, 0.029742 0.036626 0.008000, 0.029950 0.012833 0.004000,
 0.029950 0.012833 0.008000, 0.029950 0.014247 0.004000, 0.029950 0.014247 0.008000, 0.029950 0.035053 0.003000, 0.029950 0.035053 0.008000,
 0.029950 0.036467 0.003000, 0.029950 0.036467 0.008000, 0.030070 -0.010945 0.004000, 0.030070 -0.010945 0.025000, 0.030109 0.013040 0.004000,
 0.030109 0.013040 0.008000, 0.030109 0.014040 0.004000, 0.030109 0.014040 0.008000, 0.030109 0.035260 0.003000, 0.030109 0.035260 0.008000,
 0.030109 0.036260 0.003000, 0.030109 0.036260 0.008000, 0.030205 0.023063 -0.019900, 0.030205 0.023063 0.004000, 0.030208 0.013281 0.004000,
 0.030208 0.013281 0.008000, 0.030208 0.013799 0.004000, 0.030208 0.013799 0.008000, 0.030208 0.035501 0.003000, 0.030208 0.035501 0.008000,
 0.030208 0.036019 0.003000, 0.030208 0.036019 0.008000, 0.030243 0.013540 0.004000, 0.030243 0.013540 0.008000, 0.030243 0.035760 0.003000,
 0.030243 0.035760 0.008000, 0.030379 0.022886 -0.019900, 0.030379 0.022886 0.004000, 0.030592 0.022757 -0.019900, 0.030592 0.022757 0.004000,
 0.030829 0.022684 -0.019900, 0.030829 0.022684 0.004000, 0.031077 0.022673 -0.019900, 0.031077 0.022673 0.004000, 0.031137 -0.007380 0.004000,
 0.031137 -0.007380 0.025000, 0.031320 0.022722 -0.019900, 0.031320 0.022722 0.004000, 0.031544 0.022831 -0.019900, 0.031544 0.022831 0.004000,
 0.031734 0.022990 -0.019900, 0.031734 0.022990 0.004000, 0.031784 -0.003715 0.004000, 0.031784 -0.003715 0.025000, 0.031879 0.023192 -0.019900,
 0.031879 0.023192 0.004000, 0.031969 0.023423 -0.019900, 0.031969 0.023423 0.004000, 0.032000 0.000000 0.004000, 0.032000 0.000000 0.025000,
 0.032000 0.011000 0.008000, 0.032000 0.011000 0.025000, 0.032000 0.011270 0.008000, 0.032000 0.015518 0.008000, 0.032000 0.018998 0.008000,
 0.032000 0.023670 -0.019900, 0.032000 0.023670 0.004000, 0.032000 0.029250 0.008000, 0.032000 0.033380 0.008000, 0.032000 0.036880 0.008000,
 0.032000 0.053000 -0.019900, 0.032000 0.053000 0.008000
]
}
normal Normal {
vector [
 -1.000000 0.000000 0.000000, -0.993238 -0.116093 0.000000, -0.988831 -0.149042 0.000000, -0.988831 0.149042 0.000000, -0.978148 -0.207912 0.000000,
 -0.978148 0.207912 0.000000, -0.973045 -0.230616 0.000000, -0.969172 -0.246385 0.000000, -0.965926 -0.258819 0.000000, -0.965926 0.258819 0.000000,
 -0.955573 -0.294755 0.000000, -0.955573 0.294755 0.000000, -0.948848 -0.315734 0.000000, -0.939820 0.341669 0.000000, -0.939693 -0.342020 0.000000,
 -0.913545 -0.406737 0.000000, -0.913545 0.406737 0.000000, -0.900969 -0.433884 0.000000, -0.900969 0.433884 0.000000, -0.895806 -0.444444 0.000000,
 -0.895806 0.444444 0.000000, -0.893633 -0.448799 0.000000, -0.892724 0.450604 0.000000, -0.888560 -0.458760 0.000000, -0.888560 0.458760 0.000000,
 -0.878589 -0.477578 0.000000, -0.866025 -0.500000 0.000000, -0.866025 0.500000 0.000000, -0.847781 -0.530346 0.000000, -0.835488 -0.549509 0.000000,
 -0.826239 -0.563320 0.000000, -0.826239 0.563320 0.000000, -0.823248 -0.567682 0.000000, -0.814366 0.580351 0.000000, -0.809017 -0.587785 0.000000,
 -0.809017 0.587785 0.000000, -0.803012 -0.595963 0.000000, -0.803012 0.595963 0.000000, -0.794805 -0.606865 0.000000, -0.791545 -0.611111 0.000000,
 -0.773867 0.633348 0.000000, -0.766044 -0.642788 0.000000, -0.738912 -0.673802 0.000000, -0.734330 -0.678793 0.000000, -0.733836 -0.679327 0.000000,
 -0.733052 -0.680173 0.000000, -0.733052 0.680173 0.000000, -0.712483 0.701690 0.000000, -0.711534 0.702652 0.000000, -0.707107 -0.707107 0.000000,
 -0.707107 0.000000 0.707107, -0.707107 0.707107 0.000000, -0.706388 0.031870 0.707107, -0.696415 -0.717639 0.000000, -0.696415 0.717639 0.000000,
 -0.692965 -0.720971 0.000000, -0.686242 -0.727374 0.000000, -0.683013 -0.183013 0.707107, -0.683013 0.183013 0.707107, -0.677399 -0.735616 0.000000,
 -0.674773 0.738025 0.000000, -0.669131 -0.743145 0.000000, -0.669131 0.743145 0.000000, -0.623490 -0.781832 0.000000, -0.623490 0.781832 0.000000,
 -0.620780 -0.783985 0.000000, -0.612372 -0.353553 0.707107, -0.612372 0.353553 0.707107, -0.610735 -0.791835 0.000000, -0.597159 -0.802123 0.000000,
 -0.595392 0.381456 0.707107, -0.592714 0.805413 0.000000, -0.569086 0.822278 0.000000, -0.543838 -0.839190 0.000000, -0.539427 -0.842032 0.000000,
 -0.538343 0.458461 0.707107, -0.500808 -0.865558 0.000000, -0.500000 -0.866025 0.000000, -0.500000 -0.500000 0.707107, -0.500000 0.500000 0.707107,
 -0.500000 0.866025 0.000000, -0.495586 -0.504375 0.707107, -0.492638 0.870234 0.000000, -0.458066 0.888918 0.000000, -0.421535 -0.567722 0.707107,
 -0.421535 0.567722 0.707107, -0.408481 -0.912767 0.000000, -0.406572 -0.913619 0.000000, -0.406572 0.913619 0.000000, -0.402534 -0.915405 0.000000,
 -0.402534 0.915405 0.000000, -0.396080 -0.918216 0.000000, -0.365341 -0.930874 0.000000, -0.365341 0.930874 0.000000, -0.353553 -0.612372 0.707107,
 -0.353553 0.612372 0.707107, -0.320309 -0.947313 0.000000, -0.311919 0.950109 0.000000, -0.309017 -0.951057 0.000000, -0.309017 0.951057 0.000000,
 -0.293642 -0.955916 0.000000, -0.286803 -0.957990 0.000000, -0.258819 -0.965926 0.000000, -0.258819 0.965926 0.000000, -0.222521 -0.974928 0.000000,
 -0.222521 0.974928 0.000000, -0.183013 -0.683013 0.707107, -0.183013 0.683013 0.707107, -0.173648 -0.984808 0.000000, -0.173144 -0.685581 0.707107,
 -0.173144 0.685581 0.707107, -0.170997 -0.985272 0.000000, -0.157942 0.987448 0.000000, -0.107393 -0.994217 0.000000, -0.107393 0.994217 0.000000,
 -0.104528 -0.994522 0.000000, -0.104528 0.994522 0.000000, -0.077031 -0.997029 0.000000, -0.074730 -0.997204 0.000000, -0.074730 0.997204 0.000000,
 -0.058145 -0.998308 0.000000, 0.000000 -1.000000 0.000000, -0.000000 -0.707107 0.707107, 0.000000 0.000000 -1.000000, 0.000000 0.000000 1.000000,
 0.000000 0.707107 0.707107, 0.000000 1.000000 0.000000, 0.058145 -0.998308 0.000000, 0.074730 -0.997204 0.000000, 0.074730 0.997204 0.000000,
 0.077031 -0.997029 0.000000, 0.104528 -0.994522 0.000000, 0.104528 0.994522 0.000000, 0.157942 0.987448 0.000000, 0.170997 -0.985272 0.000000,
 0.173648 -0.984808 0.000000, 0.183013 -0.683013 0.707107, 0.183013 0.683013 0.707107, 0.217950 -0.672680 0.707107, 0.217950 0.672680 0.707107,
 0.222521 -0.974928 0.000000, 0.222521 0.974928 0.000000, 0.258819 -0.965926 0.000000, 0.258819 0.965926 0.000000, 0.286803 -0.957990 0.000000,
 0.293642 -0.955916 0.000000, 0.309017 -0.951057 0.000000, 0.309017 0.951057 0.000000, 0.311919 0.950109 0.000000, 0.320309 -0.947313 0.000000,
 0.353553 -0.612372 0.707107, 0.353553 0.612372 0.707107, 0.365341 -0.930874 0.000000, 0.365341 0.930874 0.000000, 0.396080 -0.918216 0.000000,
 0.406572 -0.913619 0.000000, 0.406572 0.913619 0.000000, 0.408481 -0.912767 0.000000, 0.458066 0.888918 0.000000, 0.467476 0.884006 0.000000,
 0.495586 -0.504375 0.707107, 0.500000 -0.866025 0.000000, 0.500000 -0.500000 0.707107, 0.500000 0.500000 0.707107, 0.500000 0.866025 0.000000,
 0.538343 0.458461 0.707107, 0.539427 -0.842032 0.000000, 0.543838 -0.839190 0.000000, 0.569086 0.822278 0.000000, 0.592714 0.805413 0.000000,
 0.595392 0.381456 0.707107, 0.597159 -0.802123 0.000000, 0.610735 -0.791835 0.000000, 0.612372 -0.353553 0.707107, 0.612372 0.353553 0.707107,
 0.620780 -0.783985 0.000000, 0.623490 -0.781832 0.000000, 0.623490 0.781832 0.000000, 0.659767 0.751470 0.000000, 0.669131 -0.743145 0.000000,
 0.669131 0.743145 0.000000, 0.674773 0.738025 0.000000, 0.677399 -0.735616 0.000000, 0.683013 -0.183013 0.707107, 0.683013 0.183013 0.707107,
 0.686242 -0.727374 0.000000, 0.692965 -0.720971 0.000000, 0.696415 -0.717639 0.000000, 0.696415 0.717639 0.000000, 0.706388 0.031870 0.707107,
 0.707107 -0.707107 0.000000, 0.707107 -0.000000 0.707107, 0.707107 0.707107 0.000000, 0.712483 0.701690 0.000000, 0.724050 0.689748 0.000000,
 0.733052 -0.680173 0.000000, 0.733052 0.680173 0.000000, 0.733836 -0.679327 0.000000, 0.734330 -0.678793 0.000000, 0.738912 -0.673802 0.000000,
 0.756027 0.654541 0.000000, 0.766044 -0.642788 0.000000, 0.773867 0.633348 0.000000, 0.791545 -0.611111 0.000000, 0.794805 -0.606865 0.000000,
 0.803984 -0.594651 0.000000, 0.803984 0.594651 0.000000, 0.809017 -0.587785 0.000000, 0.809017 0.587785 0.000000, 0.814366 0.580351 0.000000,
 0.825252 -0.564765 0.000000, 0.826239 -0.563320 0.000000, 0.826239 0.563320 0.000000, 0.835488 -0.549509 0.000000, 0.843191 0.537615 0.000000,
 0.844709 -0.535225 0.000000, 0.844709 0.535225 0.000000, 0.847781 -0.530346 0.000000, 0.866025 -0.500000 0.000000, 0.866025 0.500000 0.000000,
 0.873637 -0.486578 0.000000, 0.873637 0.486578 0.000000, 0.878589 -0.477578 0.000000, 0.892724 0.450604 0.000000, 0.893633 -0.448799 0.000000,
 0.895806 -0.444444 0.000000, 0.895806 0.444444 0.000000, 0.898622 -0.438725 0.000000, 0.900969 -0.433884 0.000000, 0.900969 0.433884 0.000000,
 0.912420 0.409254 0.000000, 0.913545 -0.406737 0.000000, 0.913545 0.406737 0.000000, 0.939693 -0.342020 0.000000, 0.939820 0.341669 0.000000,
 0.948848 -0.315734 0.000000, 0.952878 -0.303353 0.000000, 0.955573 -0.294755 0.000000, 0.955573 0.294755 0.000000, 0.962244 0.272189 0.000000,
 0.965926 -0.258819 0.000000, 0.965926 0.258819 0.000000, 0.969172 -0.246385 0.000000, 0.973045 -0.230616 0.000000, 0.978148 -0.207912 0.000000,
 0.978148 0.207912 0.000000, 0.986868 -0.161530 0.000000, 0.988831 -0.149042 0.000000, 0.988831 0.149042 0.000000, 0.991601 0.129335 0.000000,
 0.993238 -0.116093 0.000000, 0.999868 -0.016271 0.000000, 1.000000 0.000000 0.000000
]
}
coordIndex [
 1464, 1465, 1470, -1, 1470, 1465, 1471, -1, 1470, 1471, 1478, -1,
 1478, 1471, 1479, -1, 1478, 1479, 1486, -1, 1486, 1479, 1487, -1,
 1486, 1487, 1496, -1, 1496, 1487, 1497, -1, 1496, 1497, 1504, -1,
 1504, 1497, 1505, -1, 1504, 1505, 1514, -1, 1514, 1505, 1515, -1,
 1514, 1515, 1522, -1, 1522, 1515, 1523, -1, 1522, 1523, 1530, -1,
 1530, 1523, 1531, -1, 1530, 1531, 1538, -1, 1538, 1531, 1539, -1,
 1538, 1539, 1548, -1, 1548, 1539, 1549, -1, 1548, 1549, 1558, -1,
 1558, 1549, 1559, -1, 1558, 1559, 1564, -1, 1564, 1559, 1565, -1,
 1462, 1463, 1466, -1, 1466, 1463, 1467, -1, 1466, 1467, 1474, -1,
 1474, 1467, 1475, -1, 1474, 1475, 1482, -1, 1482, 1475, 1483, -1,
 1482, 1483, 1492, -1, 1492, 1483, 1493, -1, 1492, 1493, 1500, -1,
 1500, 1493, 1501, -1, 1500, 1501, 1510, -1, 1510, 1501, 1511, -1,
 1510, 1511, 1518, -1, 1518, 1511, 1519, -1, 1518, 1519, 1526, -1,
 1526, 1519, 1527, -1, 1526, 1527, 1534, -1, 1534, 1527, 1535, -1,
 1534, 1535, 1544, -1, 1544, 1535, 1545, -1, 1544, 1545, 1554, -1,
 1554, 1545, 1555, -1, 1554, 1555, 1562, -1, 1562, 1555, 1563, -1,
 999, 1000, 1001, -1, 1001, 1000, 1002, -1, 1001, 1002, 1005, -1,
 1005, 1002, 1006, -1, 1005, 1006, 1013, -1, 1013, 1006, 1014, -1,
 1013, 1014, 1023, -1, 1014, 1024, 1023, -1, 1023, 1024, 1033, -1,
 1023, 1033, 1041, -1, 1041, 1033, 1042, -1, 1041, 1042, 1048, -1,
 1048, 1042, 1049, -1, 1048, 1049, 1054, -1, 1054, 1049, 1055, -1,
 1054, 1055, 1060, -1, 1060, 1055, 1061, -1, 1060, 1061, 1065, -1,
 1065, 1061, 1066, -1, 1065, 1066, 1071, -1, 1071, 1066, 1072, -1,
 1071, 1072, 1075, -1, 1075, 1072, 1076, -1, 1075, 1076, 1079, -1,
 1079, 1076, 1080, -1, 36, 37, 38, -1, 38, 37, 39, -1,
 38, 39, 44, -1, 44, 39, 45, -1, 44, 45, 50, -1,
 50, 45, 51, -1, 50, 51, 54, -1, 54, 51, 55, -1,
 54, 55, 58, -1, 58, 55, 59, -1, 58, 59, 62, -1,
 62, 59, 63, -1, 62, 63, 68, -1, 68, 63, 69, -1,
 68, 69, 72, -1, 72, 69, 73, -1, 72, 73, 78, -1,
 78, 73, 79, -1, 78, 79, 84, -1, 84, 79, 85, -1,
 84, 85, 88, -1, 88, 85, 89, -1, 88, 89, 94, -1,
 94, 89, 95, -1, 527, 528, 531, -1, 531, 528, 532, -1,
 531, 532, 543, -1, 543, 532, 544, -1, 543, 544, 553, -1,
 553, 544, 554, -1, 553, 554, 565, -1, 565, 554, 566, -1,
 565, 566, 575, -1, 575, 566, 576, -1, 575, 576, 589, -1,
 589, 576, 590, -1, 589, 590, 604, -1, 590, 605, 604, -1,
 604, 605, 618, -1, 604, 618, 630, -1, 630, 618, 631, -1,
 630, 631, 648, -1, 648, 631, 649, -1, 648, 649, 660, -1,
 660, 649, 661, -1, 660, 661, 668, -1, 668, 661, 669, -1,
 668, 669, 676, -1, 676, 669, 677, -1, 529, 530, 535, -1,
 535, 530, 536, -1, 535, 536, 547, -1, 547, 536, 548, -1,
 547, 548, 557, -1, 557, 548, 558, -1, 557, 558, 569, -1,
 569, 558, 570, -1, 569, 570, 579, -1, 579, 570, 580, -1,
 579, 580, 593, -1, 593, 580, 594, -1, 593, 594, 608, -1,
 594, 609, 608, -1, 608, 609, 624, -1, 608, 624, 634, -1,
 634, 624, 635, -1, 634, 635, 652, -1, 652, 635, 653, -1,
 652, 653, 664, -1, 664, 653, 665, -1, 664, 665, 672, -1,
 672, 665, 673, -1, 672, 673, 678, -1, 678, 673, 679, -1,
 126, 127, 128, -1, 128, 127, 129, -1, 128, 129, 136, -1,
 136, 129, 137, -1, 136, 137, 162, -1, 162, 137, 163, -1,
 162, 163, 182, -1, 182, 163, 183, -1, 182, 183, 196, -1,
 196, 183, 197, -1, 196, 197, 220, -1, 220, 197, 221, -1,
 220, 221, 250, -1, 250, 221, 251, -1, 250, 251, 270, -1,
 270, 251, 271, -1, 270, 271, 276, -1, 276, 271, 277, -1,
 276, 277, 284, -1, 284, 277, 285, -1, 284, 285, 288, -1,
 288, 285, 289, -1, 288, 289, 292, -1, 292, 289, 293, -1,
 331, 328, 329, -1, 329, 332, 331, -1, 331, 332, 335, -1,
 331, 335, 336, -1, 336, 335, 337, -1, 336, 337, 344, -1,
 344, 337, 345, -1, 344, 345, 352, -1, 352, 345, 353, -1,
 352, 353, 360, -1, 360, 353, 361, -1, 360, 361, 370, -1,
 370, 361, 371, -1, 370, 371, 387, -1, 387, 371, 388, -1,
 387, 388, 398, -1, 398, 388, 399, -1, 398, 399, 416, -1,
 416, 399, 417, -1, 416, 417, 430, -1, 417, 431, 430, -1,
 430, 431, 434, -1, 430, 434, 441, -1, 441, 434, 442, -1,
 441, 442, 445, -1, 445, 442, 446, -1, 1134, 1135, 1136, -1,
 1136, 1135, 1137, -1, 1136, 1137, 1146, -1, 1146, 1137, 1147, -1,
 1146, 1147, 1160, -1, 1160, 1147, 1161, -1, 1160, 1161, 1178, -1,
 1178, 1161, 1179, -1, 1178, 1179, 1188, -1, 1188, 1179, 1189, -1,
 1188, 1189, 1201, -1, 1201, 1189, 1202, -1, 1201, 1202, 1211, -1,
 1211, 1202, 1212, -1, 1211, 1212, 1218, -1, 1218, 1212, 1219, -1,
 1218, 1219, 1226, -1, 1226, 1219, 1227, -1, 1226, 1227, 1234, -1,
 1234, 1227, 1235, -1, 1234, 1235, 1238, -1, 1238, 1235, 1239, -1,
 1238, 1239, 1243, -1, 1243, 1239, 1244, -1, 1280, 1278, 1279, -1,
 1279, 1281, 1280, -1, 1280, 1281, 1284, -1, 1280, 1284, 1285, -1,
 1285, 1284, 1286, -1, 1285, 1286, 1293, -1, 1293, 1286, 1294, -1,
 1293, 1294, 1299, -1, 1299, 1294, 1300, -1, 1299, 1300, 1320, -1,
 1320, 1300, 1321, -1, 1320, 1321, 1350, -1, 1350, 1321, 1351, -1,
 1350, 1351, 1370, -1, 1370, 1351, 1371, -1, 1370, 1371, 1385, -1,
 1385, 1371, 1386, -1, 1385, 1386, 1405, -1, 1405, 1386, 1406, -1,
 1405, 1406, 1429, -1, 1406, 1430, 1429, -1, 1429, 1430, 1433, -1,
 1429, 1433, 1436, -1, 1436, 1433, 1437, -1, 1436, 1437, 1440, -1,
 1440, 1437, 1441, -1, 1428, 1427, 1422, -1, 1422, 1427, 1421, -1,
 1422, 1421, 1414, -1, 1414, 1421, 1413, -1, 1414, 1413, 1402, -1,
 1402, 1413, 1401, -1, 1402, 1401, 1394, -1, 1394, 1401, 1393, -1,
 1394, 1393, 1380, -1, 1380, 1393, 1379, -1, 1380, 1379, 1367, -1,
 1367, 1379, 1366, -1, 1367, 1366, 1359, -1, 1359, 1366, 1358, -1,
 1359, 1358, 1347, -1, 1347, 1358, 1346, -1, 1347, 1346, 1337, -1,
 1337, 1346, 1336, -1, 1337, 1336, 1329, -1, 1329, 1336, 1328, -1,
 1329, 1328, 1316, -1, 1316, 1328, 1315, -1, 1316, 1315, 1310, -1,
 1310, 1315, 1309, -1, 1426, 1425, 1418, -1, 1418, 1425, 1417, -1,
 1418, 1417, 1410, -1, 1410, 1417, 1409, -1, 1410, 1409, 1398, -1,
 1398, 1409, 1397, -1, 1398, 1397, 1390, -1, 1390, 1397, 1389, -1,
 1390, 1389, 1376, -1, 1376, 1389, 1375, -1, 1376, 1375, 1363, -1,
 1363, 1375, 1362, -1, 1363, 1362, 1355, -1, 1355, 1362, 1354, -1,
 1355, 1354, 1343, -1, 1343, 1354, 1342, -1, 1343, 1342, 1333, -1,
 1333, 1342, 1332, -1, 1333, 1332, 1325, -1, 1325, 1332, 1324, -1,
 1325, 1324, 1312, -1, 1312, 1324, 1311, -1, 1312, 1311, 1308, -1,
 1308, 1311, 1307, -1, 263, 262, 255, -1, 255, 262, 254, -1,
 255, 254, 243, -1, 243, 254, 242, -1, 243, 242, 235, -1,
 235, 242, 234, -1, 235, 234, 225, -1, 225, 234, 224, -1,
 225, 224, 211, -1, 211, 224, 210, -1, 211, 210, 203, -1,
 203, 210, 202, -1, 203, 202, 189, -1, 189, 202, 188, -1,
 189, 188, 175, -1, 175, 188, 174, -1, 175, 174, 167, -1,
 167, 174, 166, -1, 167, 166, 153, -1, 153, 166, 152, -1,
 153, 152, 145, -1, 145, 152, 144, -1, 145, 144, 141, -1,
 141, 144, 140, -1, 265, 264, 259, -1, 259, 264, 258, -1,
 259, 258, 247, -1, 247, 258, 246, -1, 247, 246, 239, -1,
 239, 246, 238, -1, 239, 238, 229, -1, 229, 238, 228, -1,
 229, 228, 215, -1, 215, 228, 214, -1, 215, 214, 207, -1,
 207, 214, 206, -1, 207, 206, 193, -1, 193, 206, 192, -1,
 193, 192, 179, -1, 179, 192, 178, -1, 179, 178, 171, -1,
 171, 178, 170, -1, 171, 170, 157, -1, 157, 170, 156, -1,
 157, 156, 149, -1, 149, 156, 148, -1, 149, 148, 143, -1,
 143, 148, 142, -1, 503, 501, 502, -1, 502, 504, 503, -1,
 503, 504, 520, -1, 503, 520, 523, -1, 523, 520, 524, -1,
 523, 524, 539, -1, 539, 524, 540, -1, 539, 540, 561, -1,
 561, 540, 562, -1, 561, 562, 583, -1, 583, 562, 584, -1,
 583, 584, 600, -1, 584, 601, 600, -1, 600, 601, 627, -1,
 600, 627, 644, -1, 644, 627, 645, -1, 644, 645, 680, -1,
 680, 645, 681, -1, 680, 681, 685, -1, 685, 681, 686, -1,
 685, 686, 695, -1, 695, 686, 696, -1, 695, 696, 699, -1,
 699, 696, 700, -1, 699, 700, 703, -1, 703, 700, 704, -1,
 1217, 1183, 1215, -1, 1215, 1183, 1175, -1, 1215, 1175, 1209, -1,
 1209, 1175, 1171, -1, 1209, 1171, 1200, -1, 1200, 1171, 1167, -1,
 1121, 1102, 1125, -1, 1125, 1102, 1118, -1, 1125, 1118, 1130, -1,
 1130, 1118, 1128, -1, 1130, 1128, 1141, -1, 1141, 1128, 1164, -1,
 1141, 1164, 1151, -1, 1151, 1164, 1186, -1, 1151, 1186, 1167, -1,
 1167, 1186, 1198, -1, 1167, 1198, 1200, -1, 1095, 1064, 1115, -1,
 1115, 1064, 1069, -1, 1115, 1069, 1121, -1, 1121, 1069, 1082, -1,
 1121, 1082, 1102, -1, 1085, 1045, 1091, -1, 1091, 1045, 1046, -1,
 1091, 1046, 1095, -1, 1095, 1046, 1058, -1, 1095, 1058, 1064, -1,
 837, 815, 836, -1, 836, 815, 811, -1, 836, 811, 834, -1,
 834, 811, 828, -1, 828, 811, 807, -1, 828, 807, 824, -1,
 824, 807, 803, -1, 824, 803, 820, -1, 820, 803, 797, -1,
 820, 797, 800, -1, 800, 797, 793, -1, 800, 793, 782, -1,
 782, 793, 784, -1, 782, 784, 768, -1, 768, 784, 775, -1,
 768, 775, 748, -1, 748, 775, 771, -1, 748, 771, 740, -1,
 740, 771, 761, -1, 740, 761, 734, -1, 734, 761, 757, -1,
 734, 757, 731, -1, 731, 757, 753, -1, 731, 753, 725, -1,
 725, 753, 751, -1, 725, 751, 724, -1, 599, 497, 597, -1,
 597, 497, 489, -1, 597, 489, 573, -1, 573, 489, 485, -1,
 573, 485, 551, -1, 551, 485, 477, -1, 551, 477, 511, -1,
 511, 477, 458, -1, 449, 464, 454, -1, 454, 464, 474, -1,
 454, 474, 458, -1, 458, 474, 498, -1, 458, 498, 511, -1,
 397, 356, 403, -1, 403, 356, 358, -1, 403, 358, 407, -1,
 407, 358, 364, -1, 407, 364, 411, -1, 411, 364, 374, -1,
 411, 374, 427, -1, 427, 374, 392, -1, 427, 392, 438, -1,
 438, 392, 414, -1, 438, 414, 449, -1, 449, 414, 447, -1,
 449, 447, 464, -1, 972, 950, 970, -1, 970, 950, 946, -1,
 970, 946, 967, -1, 967, 946, 942, -1, 967, 942, 966, -1,
 966, 942, 938, -1, 890, 867, 894, -1, 894, 867, 870, -1,
 894, 870, 900, -1, 900, 870, 877, -1, 900, 877, 904, -1,
 904, 877, 897, -1, 904, 897, 915, -1, 915, 897, 913, -1,
 915, 913, 924, -1, 924, 913, 931, -1, 924, 931, 928, -1,
 928, 931, 951, -1, 928, 951, 938, -1, 938, 951, 960, -1,
 938, 960, 966, -1, 884, 858, 886, -1, 886, 858, 859, -1,
 886, 859, 890, -1, 890, 859, 865, -1, 890, 865, 867, -1,
 883, 884, 885, -1, 885, 884, 886, -1, 885, 886, 889, -1,
 889, 886, 890, -1, 889, 890, 893, -1, 893, 890, 894, -1,
 893, 894, 899, -1, 899, 894, 900, -1, 899, 900, 903, -1,
 903, 900, 904, -1, 903, 904, 914, -1, 914, 904, 915, -1,
 914, 915, 923, -1, 923, 915, 924, -1, 923, 924, 927, -1,
 927, 924, 928, -1, 927, 928, 937, -1, 937, 928, 938, -1,
 937, 938, 941, -1, 941, 938, 942, -1, 941, 942, 945, -1,
 945, 942, 946, -1, 945, 946, 949, -1, 949, 946, 950, -1,
 1084, 1085, 1090, -1, 1090, 1085, 1091, -1, 1090, 1091, 1094, -1,
 1094, 1091, 1095, -1, 1094, 1095, 1114, -1, 1114, 1095, 1115, -1,
 1114, 1115, 1120, -1, 1120, 1115, 1121, -1, 1120, 1121, 1124, -1,
 1124, 1121, 1125, -1, 1124, 1125, 1129, -1, 1129, 1125, 1130, -1,
 1129, 1130, 1140, -1, 1140, 1130, 1141, -1, 1140, 1141, 1150, -1,
 1150, 1141, 1151, -1, 1150, 1151, 1166, -1, 1166, 1151, 1167, -1,
 1166, 1167, 1170, -1, 1170, 1167, 1171, -1, 1170, 1171, 1174, -1,
 1174, 1171, 1175, -1, 1174, 1175, 1182, -1, 1182, 1175, 1183, -1,
 750, 751, 752, -1, 752, 751, 753, -1, 752, 753, 756, -1,
 756, 753, 757, -1, 756, 757, 760, -1, 760, 757, 761, -1,
 760, 761, 770, -1, 770, 761, 771, -1, 770, 771, 774, -1,
 774, 771, 775, -1, 774, 775, 783, -1, 783, 775, 784, -1,
 783, 784, 792, -1, 792, 784, 793, -1, 792, 793, 796, -1,
 796, 793, 797, -1, 796, 797, 802, -1, 802, 797, 803, -1,
 802, 803, 806, -1, 806, 803, 807, -1, 806, 807, 810, -1,
 810, 807, 811, -1, 810, 811, 814, -1, 814, 811, 815, -1,
 396, 397, 402, -1, 402, 397, 403, -1, 402, 403, 406, -1,
 406, 403, 407, -1, 406, 407, 410, -1, 410, 407, 411, -1,
 410, 411, 426, -1, 426, 411, 427, -1, 426, 427, 437, -1,
 437, 427, 438, -1, 437, 438, 448, -1, 448, 438, 449, -1,
 448, 449, 453, -1, 453, 449, 454, -1, 453, 454, 457, -1,
 457, 454, 458, -1, 457, 458, 476, -1, 476, 458, 477, -1,
 476, 477, 484, -1, 484, 477, 485, -1, 484, 485, 488, -1,
 488, 485, 489, -1, 488, 489, 496, -1, 496, 489, 497, -1,
 656, 640, 641, -1, 641, 657, 656, -1, 656, 657, 684, -1,
 656, 684, 691, -1, 684, 692, 691, -1, 691, 692, 708, -1,
 691, 708, 720, -1, 720, 708, 721, -1, 720, 721, 728, -1,
 728, 721, 733, -1, 733, 721, 742, -1, 733, 742, 744, -1,
 744, 742, 745, -1, 744, 745, 778, -1, 778, 745, 779, -1,
 778, 779, 816, -1, 816, 779, 817, -1, 816, 817, 838, -1,
 817, 839, 838, -1, 838, 839, 845, -1, 838, 845, 854, -1,
 854, 845, 855, -1, 854, 855, 879, -1, 879, 855, 880, -1,
 879, 880, 919, -1, 919, 880, 920, -1, 919, 920, 953, -1,
 920, 954, 953, -1, 953, 954, 957, -1, 953, 957, 969, -1,
 969, 957, 974, -1, 969, 974, 973, -1, 973, 974, 982, -1,
 973, 982, 992, -1, 982, 993, 992, -1, 992, 993, 998, -1,
 992, 998, 1009, -1, 1009, 998, 1010, -1, 1009, 1010, 1019, -1,
 1019, 1010, 1020, -1, 1269, 1268, 1253, -1, 1269, 1253, 1254, -1,
 1254, 1253, 1249, -1, 1254, 1249, 1250, -1, 1250, 1249, 1224, -1,
 1250, 1224, 1225, -1, 1225, 1224, 1207, -1, 1225, 1207, 1208, -1,
 1208, 1207, 1158, -1, 1208, 1158, 1159, -1, 1159, 1158, 1088, -1,
 1159, 1088, 1089, -1, 1089, 1088, 1021, -1, 1089, 1021, 1022, -1,
 1022, 1021, 964, -1, 1022, 964, 965, -1, 965, 964, 911, -1,
 965, 911, 912, -1, 912, 911, 863, -1, 912, 863, 864, -1,
 864, 863, 832, -1, 864, 832, 833, -1, 833, 832, 790, -1,
 833, 790, 791, -1, 791, 790, 738, -1, 791, 738, 739, -1,
 739, 738, 730, -1, 739, 730, 643, -1, 730, 642, 643, -1,
 643, 642, 494, -1, 643, 494, 495, -1, 495, 494, 422, -1,
 495, 422, 423, -1, 423, 422, 382, -1, 382, 422, 368, -1,
 382, 368, 369, -1, 369, 368, 350, -1, 369, 350, 351, -1,
 351, 350, 324, -1, 351, 324, 325, -1, 325, 324, 320, -1,
 325, 320, 321, -1, 321, 320, 303, -1, 321, 303, 304, -1,
 1197, 1196, 1230, -1, 1230, 1196, 1259, -1, 1230, 1259, 1289, -1,
 1289, 1259, 1450, -1, 1289, 1450, 1290, -1, 1290, 1450, 1451, -1,
 1290, 1451, 1231, -1, 1231, 1451, 1197, -1, 1231, 1197, 1230, -1,
 1591, 1590, 1452, -1, 1232, 1144, 1233, -1, 1233, 1144, 1145, -1,
 1233, 1145, 1292, -1, 1292, 1145, 1591, -1, 1292, 1591, 1291, -1,
 1291, 1591, 1452, -1, 1291, 1452, 1232, -1, 1232, 1452, 1260, -1,
 1232, 1260, 1144, -1, 1272, 1270, 1273, -1, 1273, 1270, 1271, -1,
 1273, 1271, 1275, -1, 1275, 1271, 1277, -1, 1275, 1277, 1274, -1,
 1274, 1277, 1276, -1, 299, 301, 300, -1, 300, 301, 302, -1,
 300, 302, 298, -1, 298, 302, 295, -1, 298, 295, 297, -1,
 297, 295, 294, -1, 38, 44, 0, -1, 0, 44, 50, -1,
 0, 50, 54, -1, 48, 26, 62, -1, 52, 46, 15, -1,
 15, 46, 40, -1, 15, 40, 36, -1, 72, 78, 321, -1,
 90, 86, 383, -1, 383, 86, 80, -1, 383, 80, 74, -1,
 23, 25, 60, -1, 125, 70, 99, -1, 99, 70, 64, -1,
 99, 64, 43, -1, 43, 64, 35, -1, 8, 15, 0, -1,
 0, 15, 36, -1, 0, 36, 38, -1, 26, 18, 62, -1,
 62, 18, 0, -1, 62, 0, 58, -1, 58, 0, 54, -1,
 68, 326, 274, -1, 52, 15, 56, -1, 56, 15, 17, -1,
 56, 17, 60, -1, 60, 17, 21, -1, 60, 21, 23, -1,
 25, 29, 60, -1, 60, 29, 31, -1, 60, 31, 64, -1,
 64, 31, 33, -1, 64, 33, 35, -1, 274, 186, 68, -1,
 68, 186, 121, -1, 68, 121, 62, -1, 62, 121, 76, -1,
 62, 76, 48, -1, 381, 380, 367, -1, 367, 380, 326, -1,
 94, 382, 88, -1, 88, 382, 369, -1, 88, 369, 84, -1,
 84, 369, 351, -1, 84, 351, 78, -1, 78, 351, 325, -1,
 78, 325, 321, -1, 321, 304, 72, -1, 72, 304, 319, -1,
 72, 319, 68, -1, 68, 319, 323, -1, 68, 323, 326, -1,
 326, 323, 349, -1, 326, 349, 367, -1, 1494, 1484, 383, -1,
 1528, 1520, 1581, -1, 1484, 1476, 383, -1, 383, 1476, 1468, -1,
 383, 1468, 1462, -1, 1546, 1536, 1587, -1, 1587, 1536, 1528, -1,
 1587, 1528, 1585, -1, 1585, 1528, 1581, -1, 1492, 1252, 1269, -1,
 1500, 1383, 1297, -1, 1582, 1574, 1510, -1, 1573, 1577, 1520, -1,
 1520, 1577, 1579, -1, 1520, 1579, 1581, -1, 1492, 1269, 1482, -1,
 1574, 1542, 1510, -1, 1510, 1542, 1490, -1, 1510, 1490, 1500, -1,
 1500, 1490, 1443, -1, 1500, 1443, 1383, -1, 1526, 1534, 1588, -1,
 1588, 1534, 1544, -1, 1502, 1442, 1512, -1, 1512, 1442, 1461, -1,
 1512, 1461, 1553, -1, 1553, 1567, 1512, -1, 1512, 1567, 1569, -1,
 1512, 1569, 1520, -1, 1520, 1569, 1571, -1, 1520, 1571, 1573, -1,
 1269, 1254, 1482, -1, 1482, 1254, 1250, -1, 1482, 1250, 1474, -1,
 1474, 1250, 1225, -1, 1474, 1225, 1466, -1, 1466, 1225, 1208, -1,
 1466, 1208, 1462, -1, 1462, 1208, 1159, -1, 1462, 1159, 1089, -1,
 383, 864, 833, -1, 383, 643, 495, -1, 381, 421, 380, -1,
 380, 421, 493, -1, 380, 493, 385, -1, 385, 493, 639, -1,
 385, 639, 482, -1, 482, 639, 737, -1, 482, 737, 689, -1,
 689, 737, 789, -1, 1087, 1157, 1245, -1, 1245, 1157, 1206, -1,
 1245, 1206, 1223, -1, 1582, 1510, 1588, -1, 1588, 1510, 1518, -1,
 1588, 1518, 1526, -1, 1587, 1596, 1588, -1, 1089, 1022, 1462, -1,
 1462, 1022, 965, -1, 1462, 965, 383, -1, 383, 965, 912, -1,
 383, 912, 864, -1, 833, 791, 383, -1, 383, 791, 739, -1,
 383, 739, 643, -1, 94, 90, 382, -1, 382, 90, 383, -1,
 382, 383, 423, -1, 423, 383, 495, -1, 1087, 1245, 1018, -1,
 1018, 1245, 1192, -1, 1018, 1192, 963, -1, 1297, 1245, 1500, -1,
 1500, 1245, 1223, -1, 1500, 1223, 1492, -1, 1492, 1223, 1248, -1,
 1492, 1248, 1252, -1, 1192, 1098, 963, -1, 963, 1098, 996, -1,
 963, 996, 910, -1, 910, 996, 933, -1, 910, 933, 862, -1,
 862, 933, 868, -1, 862, 868, 831, -1, 831, 868, 826, -1,
 831, 826, 789, -1, 789, 826, 766, -1, 789, 766, 689, -1,
 1544, 1554, 1588, -1, 1588, 1554, 1562, -1, 1588, 1562, 1587, -1,
 1587, 1562, 1556, -1, 1587, 1556, 1546, -1, 1502, 1494, 1442, -1,
 1442, 1494, 383, -1, 1442, 383, 1435, -1, 1435, 383, 1341, -1,
 593, 608, 383, -1, 678, 674, 908, -1, 908, 674, 666, -1,
 384, 585, 563, -1, 561, 583, 581, -1, 535, 547, 383, -1,
 383, 547, 557, -1, 1341, 383, 1271, -1, 1271, 383, 608, -1,
 1271, 608, 634, -1, 634, 652, 1271, -1, 1271, 652, 664, -1,
 1271, 664, 1277, -1, 1277, 664, 908, -1, 908, 664, 672, -1,
 908, 672, 678, -1, 561, 581, 539, -1, 559, 384, 571, -1,
 571, 384, 581, -1, 559, 549, 384, -1, 384, 549, 537, -1,
 384, 537, 383, -1, 383, 537, 529, -1, 383, 529, 535, -1,
 557, 569, 383, -1, 383, 569, 579, -1, 383, 579, 593, -1,
 687, 682, 874, -1, 874, 682, 646, -1, 874, 646, 384, -1,
 384, 646, 602, -1, 384, 602, 585, -1, 600, 644, 610, -1,
 610, 644, 680, -1, 610, 680, 685, -1, 563, 541, 384, -1,
 384, 541, 525, -1, 384, 525, 505, -1, 600, 610, 583, -1,
 583, 610, 595, -1, 583, 595, 581, -1, 505, 501, 384, -1,
 384, 501, 503, -1, 384, 503, 581, -1, 581, 503, 523, -1,
 581, 523, 539, -1, 666, 654, 908, -1, 908, 654, 636, -1,
 908, 636, 610, -1, 687, 874, 697, -1, 697, 874, 908, -1,
 697, 908, 701, -1, 685, 695, 610, -1, 610, 695, 699, -1,
 610, 699, 908, -1, 908, 699, 703, -1, 908, 703, 701, -1,
 133, 383, 125, -1, 125, 383, 74, -1, 125, 74, 70, -1,
 133, 233, 383, -1, 383, 233, 296, -1, 383, 296, 384, -1,
 384, 296, 201, -1, 384, 201, 135, -1, 135, 120, 384, -1,
 384, 120, 101, -1, 384, 101, 93, -1, 93, 83, 384, -1,
 384, 83, 97, -1, 384, 97, 103, -1, 103, 124, 384, -1,
 384, 124, 161, -1, 384, 161, 219, -1, 1593, 1594, 1455, -1,
 587, 612, 613, -1, 1052, 1081, 1028, -1, 967, 966, 985, -1,
 474, 464, 463, -1, 551, 511, 510, -1, 1118, 1102, 1101, -1,
 694, 709, 710, -1, 659, 616, 641, -1, 641, 616, 615, -1,
 641, 615, 657, -1, 657, 615, 684, -1, 684, 615, 692, -1,
 692, 615, 614, -1, 692, 614, 708, -1, 707, 742, 721, -1,
 735, 707, 732, -1, 732, 707, 706, -1, 732, 706, 724, -1,
 817, 821, 839, -1, 839, 821, 825, -1, 839, 825, 845, -1,
 837, 844, 835, -1, 835, 844, 845, -1, 835, 845, 829, -1,
 829, 845, 825, -1, 735, 741, 707, -1, 707, 741, 749, -1,
 707, 749, 769, -1, 742, 707, 745, -1, 745, 707, 769, -1,
 745, 769, 779, -1, 779, 769, 787, -1, 779, 787, 817, -1,
 817, 787, 801, -1, 817, 801, 821, -1, 957, 954, 980, -1,
 954, 920, 980, -1, 980, 920, 880, -1, 980, 880, 844, -1,
 844, 880, 855, -1, 844, 855, 845, -1, 957, 981, 974, -1,
 974, 981, 982, -1, 982, 981, 993, -1, 993, 981, 1029, -1,
 993, 1029, 998, -1, 998, 1029, 1030, -1, 998, 1030, 1010, -1,
 1010, 1030, 1020, -1, 1020, 1030, 1031, -1, 1020, 1031, 1012, -1,
 958, 976, 984, -1, 984, 976, 983, -1, 984, 983, 1031, -1,
 1031, 983, 995, -1, 1031, 995, 1012, -1, 966, 960, 984, -1,
 984, 960, 951, -1, 984, 951, 931, -1, 958, 984, 956, -1,
 956, 984, 931, -1, 956, 931, 922, -1, 922, 931, 913, -1,
 922, 913, 882, -1, 913, 897, 882, -1, 882, 897, 877, -1,
 882, 877, 857, -1, 819, 841, 847, -1, 847, 841, 846, -1,
 847, 846, 857, -1, 709, 723, 710, -1, 710, 723, 743, -1,
 710, 743, 711, -1, 711, 743, 747, -1, 711, 747, 781, -1,
 1210, 1216, 1258, -1, 1133, 1165, 1258, -1, 1258, 1216, 1257, -1,
 1257, 1216, 1217, -1, 1257, 1217, 1215, -1, 1104, 1119, 1133, -1,
 1165, 1187, 1258, -1, 1258, 1187, 1199, -1, 1258, 1199, 1210, -1,
 1059, 1070, 1031, -1, 1031, 1070, 1083, -1, 1031, 1083, 1104, -1,
 1104, 1083, 1103, -1, 1104, 1103, 1119, -1, 1058, 1046, 1030, -1,
 1030, 1046, 1045, -1, 1030, 1045, 1031, -1, 1031, 1045, 1047, -1,
 1031, 1047, 1059, -1, 1101, 1102, 1029, -1, 1102, 1082, 1029, -1,
 1029, 1082, 1069, -1, 1029, 1069, 1030, -1, 1030, 1069, 1064, -1,
 1030, 1064, 1058, -1, 1215, 1209, 1257, -1, 1257, 1209, 1200, -1,
 1257, 1200, 1256, -1, 1256, 1200, 1198, -1, 1198, 1186, 1256, -1,
 1256, 1186, 1164, -1, 1256, 1164, 1101, -1, 1101, 1164, 1128, -1,
 1101, 1128, 1118, -1, 800, 782, 822, -1, 705, 731, 706, -1,
 706, 731, 725, -1, 706, 725, 724, -1, 837, 836, 844, -1,
 844, 836, 834, -1, 844, 834, 842, -1, 822, 782, 764, -1,
 764, 782, 768, -1, 764, 768, 718, -1, 768, 748, 718, -1,
 718, 748, 740, -1, 718, 740, 705, -1, 705, 740, 734, -1,
 705, 734, 731, -1, 834, 828, 842, -1, 842, 828, 824, -1,
 842, 824, 822, -1, 822, 824, 820, -1, 822, 820, 800, -1,
 552, 574, 616, -1, 552, 616, 512, -1, 574, 598, 616, -1,
 616, 598, 599, -1, 616, 599, 615, -1, 615, 599, 597, -1,
 615, 597, 573, -1, 475, 499, 513, -1, 475, 513, 465, -1,
 365, 375, 308, -1, 308, 375, 393, -1, 308, 393, 466, -1,
 466, 393, 415, -1, 466, 415, 452, -1, 447, 414, 307, -1,
 414, 392, 307, -1, 307, 392, 374, -1, 307, 374, 364, -1,
 364, 358, 307, -1, 307, 358, 356, -1, 307, 356, 308, -1,
 308, 356, 359, -1, 308, 359, 365, -1, 474, 463, 498, -1,
 961, 968, 986, -1, 968, 971, 986, -1, 986, 971, 972, -1,
 986, 972, 985, -1, 985, 972, 970, -1, 985, 970, 967, -1,
 898, 918, 987, -1, 918, 932, 987, -1, 987, 932, 952, -1,
 987, 952, 986, -1, 986, 952, 959, -1, 986, 959, 961, -1,
 877, 870, 857, -1, 857, 870, 867, -1, 857, 867, 847, -1,
 847, 867, 865, -1, 878, 849, 872, -1, 872, 849, 848, -1,
 872, 848, 871, -1, 871, 848, 866, -1, 865, 859, 847, -1,
 847, 859, 858, -1, 847, 858, 848, -1, 848, 858, 860, -1,
 848, 860, 866, -1, 601, 584, 519, -1, 584, 562, 519, -1,
 519, 562, 540, -1, 519, 540, 524, -1, 717, 629, 628, -1,
 716, 696, 686, -1, 717, 704, 716, -1, 716, 704, 700, -1,
 716, 700, 696, -1, 686, 681, 716, -1, 716, 681, 645, -1,
 716, 645, 626, -1, 626, 645, 627, -1, 626, 627, 601, -1,
 628, 647, 717, -1, 717, 647, 683, -1, 717, 683, 688, -1,
 688, 698, 717, -1, 717, 698, 702, -1, 717, 702, 704, -1,
 526, 542, 522, -1, 542, 564, 522, -1, 522, 564, 586, -1,
 522, 586, 629, -1, 629, 586, 603, -1, 629, 603, 628, -1,
 520, 504, 472, -1, 472, 504, 502, -1, 472, 502, 473, -1,
 473, 502, 506, -1, 473, 506, 522, -1, 522, 506, 521, -1,
 522, 521, 526, -1, 1288, 1296, 1266, -1, 1284, 1281, 1265, -1,
 1265, 1281, 1279, -1, 1265, 1279, 1266, -1, 1266, 1279, 1283, -1,
 1266, 1283, 1288, -1, 1264, 1351, 1321, -1, 1351, 1264, 1371, -1,
 1371, 1264, 1456, -1, 1371, 1456, 1386, -1, 1321, 1300, 1264, -1,
 1264, 1300, 1294, -1, 1264, 1294, 1265, -1, 1265, 1294, 1286, -1,
 1265, 1286, 1284, -1, 1437, 1433, 1457, -1, 1457, 1433, 1430, -1,
 1457, 1430, 1456, -1, 1456, 1430, 1406, -1, 1456, 1406, 1386, -1,
 1388, 1408, 1458, -1, 1408, 1432, 1458, -1, 1458, 1432, 1439, -1,
 1458, 1439, 1457, -1, 1457, 1439, 1441, -1, 1457, 1441, 1437, -1,
 1296, 1302, 1266, -1, 1266, 1302, 1319, -1, 1266, 1319, 1267, -1,
 1319, 1323, 1267, -1, 1267, 1323, 1353, -1, 1267, 1353, 1459, -1,
 1459, 1353, 1373, -1, 1459, 1373, 1458, -1, 1458, 1373, 1374, -1,
 1458, 1374, 1388, -1, 339, 347, 316, -1, 335, 332, 315, -1,
 315, 332, 329, -1, 315, 329, 316, -1, 316, 329, 334, -1,
 316, 334, 339, -1, 442, 434, 471, -1, 471, 434, 431, -1,
 471, 431, 470, -1, 470, 431, 417, -1, 470, 417, 399, -1,
 388, 371, 314, -1, 314, 371, 361, -1, 361, 353, 314, -1,
 314, 353, 345, -1, 314, 345, 315, -1, 315, 345, 337, -1,
 315, 337, 335, -1, 401, 419, 472, -1, 419, 433, 472, -1,
 472, 433, 444, -1, 472, 444, 471, -1, 471, 444, 446, -1,
 471, 446, 442, -1, 347, 355, 316, -1, 316, 355, 357, -1,
 316, 357, 317, -1, 357, 363, 317, -1, 317, 363, 373, -1,
 317, 373, 473, -1, 473, 373, 390, -1, 473, 390, 472, -1,
 472, 390, 391, -1, 472, 391, 401, -1, 635, 624, 623, -1,
 623, 624, 609, -1, 594, 580, 518, -1, 601, 519, 626, -1,
 626, 519, 596, -1, 626, 596, 611, -1, 519, 550, 560, -1,
 560, 572, 519, -1, 519, 572, 582, -1, 519, 582, 596, -1,
 580, 570, 518, -1, 518, 570, 558, -1, 518, 558, 548, -1,
 548, 536, 518, -1, 518, 536, 530, -1, 518, 530, 519, -1,
 519, 530, 538, -1, 519, 538, 550, -1, 611, 625, 626, -1,
 626, 625, 637, -1, 626, 637, 716, -1, 716, 637, 655, -1,
 716, 655, 667, -1, 715, 665, 653, -1, 667, 675, 716, -1,
 716, 675, 679, -1, 716, 679, 715, -1, 715, 679, 673, -1,
 715, 673, 665, -1, 631, 618, 617, -1, 617, 618, 605, -1,
 578, 592, 620, -1, 620, 592, 607, -1, 590, 576, 514, -1,
 576, 566, 514, -1, 514, 566, 554, -1, 514, 554, 544, -1,
 568, 515, 556, -1, 556, 515, 546, -1, 544, 532, 514, -1,
 514, 532, 528, -1, 514, 528, 515, -1, 515, 528, 534, -1,
 515, 534, 546, -1, 619, 633, 712, -1, 712, 633, 651, -1,
 712, 651, 663, -1, 661, 649, 711, -1, 663, 671, 712, -1,
 712, 671, 677, -1, 712, 677, 711, -1, 711, 677, 669, -1,
 711, 669, 661, -1, 1014, 1006, 985, -1, 986, 1008, 1016, -1,
 1006, 1002, 985, -1, 985, 1002, 1000, -1, 985, 1000, 986, -1,
 986, 1000, 1004, -1, 986, 1004, 1008, -1, 1026, 1034, 1035, -1,
 1035, 1034, 1044, -1, 1068, 1074, 1106, -1, 1106, 1074, 1078, -1,
 1106, 1078, 1080, -1, 1049, 1042, 1032, -1, 1032, 1042, 1033, -1,
 1032, 1033, 985, -1, 985, 1033, 1024, -1, 985, 1024, 1014, -1,
 1051, 1057, 1106, -1, 1106, 1057, 1063, -1, 1106, 1063, 1068, -1,
 1049, 1032, 1055, -1, 1055, 1032, 1105, -1, 1055, 1105, 1061, -1,
 1080, 1076, 1105, -1, 1076, 1072, 1105, -1, 1105, 1072, 1066, -1,
 1105, 1066, 1061, -1, 1261, 1452, 1453, -1, 1453, 1452, 1590, -1,
 1453, 1590, 1592, -1, 1105, 1144, 1261, -1, 1261, 1144, 1260, -1,
 1261, 1260, 1452, -1, 1258, 1259, 1196, -1, 1133, 1258, 1104, -1,
 1104, 1258, 1196, -1, 1104, 1196, 1184, -1, 1450, 1259, 1449, -1,
 1449, 1259, 1258, -1, 1449, 1258, 1448, -1, 1448, 1258, 1257, -1,
 1448, 1257, 1447, -1, 1447, 1257, 1256, -1, 1447, 1256, 1445, -1,
 1112, 1154, 1101, -1, 1101, 1154, 1194, -1, 1101, 1194, 1256, -1,
 1256, 1194, 1255, -1, 1256, 1255, 1445, -1, 1052, 1028, 1027, -1,
 1027, 1028, 980, -1, 1027, 980, 979, -1, 842, 875, 844, -1,
 844, 875, 935, -1, 844, 935, 980, -1, 980, 935, 977, -1,
 980, 977, 979, -1, 587, 613, 507, -1, 500, 508, 480, -1,
 480, 508, 509, -1, 480, 509, 461, -1, 462, 376, 424, -1,
 112, 305, 114, -1, 114, 305, 306, -1, 114, 306, 115, -1,
 115, 306, 307, -1, 115, 307, 116, -1, 116, 307, 308, -1,
 116, 308, 117, -1, 435, 394, 466, -1, 466, 394, 378, -1,
 466, 378, 308, -1, 308, 378, 309, -1, 308, 309, 117, -1,
 466, 467, 435, -1, 435, 467, 311, -1, 435, 311, 310, -1,
 310, 311, 105, -1, 310, 105, 104, -1, 110, 111, 67, -1,
 1509, 1459, 1601, -1, 1601, 1459, 1458, -1, 1601, 1458, 1599, -1,
 1599, 1458, 1517, -1, 1599, 1517, 1525, -1, 1551, 1561, 1599, -1,
 1599, 1561, 1565, -1, 1599, 1565, 1598, -1, 1598, 1565, 1559, -1,
 1559, 1549, 1598, -1, 1598, 1549, 1539, -1, 1598, 1539, 1531, -1,
 1523, 1515, 1457, -1, 1525, 1533, 1599, -1, 1599, 1533, 1541, -1,
 1599, 1541, 1551, -1, 1515, 1505, 1457, -1, 1457, 1505, 1497, -1,
 1457, 1497, 1487, -1, 1473, 1481, 1458, -1, 1458, 1481, 1489, -1,
 1489, 1499, 1458, -1, 1458, 1499, 1507, -1, 1458, 1507, 1517, -1,
 1487, 1479, 1457, -1, 1457, 1479, 1471, -1, 1457, 1471, 1458, -1,
 1458, 1471, 1465, -1, 1458, 1465, 1473, -1, 1531, 1523, 1598, -1,
 1598, 1523, 1457, -1, 1598, 1457, 1597, -1, 1597, 1457, 1456, -1,
 1597, 1456, 1594, -1, 1267, 1111, 1266, -1, 1266, 1111, 1110, -1,
 1266, 1110, 1265, -1, 1265, 1110, 1109, -1, 1265, 1109, 1264, -1,
 1264, 1109, 1108, -1, 317, 111, 316, -1, 316, 111, 110, -1,
 316, 110, 315, -1, 315, 110, 109, -1, 315, 109, 314, -1,
 314, 109, 108, -1, 1594, 1456, 1455, -1, 1455, 1456, 1264, -1,
 1455, 1264, 1263, -1, 1263, 1264, 1244, -1, 1263, 1244, 1239, -1,
 1239, 1235, 1263, -1, 1263, 1235, 1227, -1, 1263, 1227, 1219, -1,
 1189, 1107, 1202, -1, 1202, 1107, 1263, -1, 1202, 1263, 1212, -1,
 1212, 1263, 1219, -1, 1108, 1149, 1163, -1, 1204, 1264, 1191, -1,
 1191, 1264, 1108, -1, 1191, 1108, 1181, -1, 1181, 1108, 1163, -1,
 1204, 1214, 1264, -1, 1264, 1214, 1221, -1, 1264, 1221, 1229, -1,
 1229, 1237, 1264, -1, 1264, 1237, 1241, -1, 1264, 1241, 1244, -1,
 1189, 1179, 1107, -1, 1107, 1179, 1161, -1, 1107, 1161, 1147, -1,
 1147, 1137, 1107, -1, 1107, 1137, 1135, -1, 1107, 1135, 1108, -1,
 1108, 1135, 1139, -1, 1108, 1139, 1149, -1, 991, 853, 990, -1,
 990, 853, 852, -1, 990, 852, 989, -1, 989, 852, 851, -1,
 989, 851, 988, -1, 988, 851, 850, -1, 988, 850, 987, -1,
 987, 850, 849, -1, 987, 849, 898, -1, 898, 849, 878, -1,
 271, 251, 313, -1, 139, 165, 108, -1, 314, 293, 313, -1,
 313, 293, 289, -1, 221, 197, 107, -1, 165, 185, 108, -1,
 108, 185, 199, -1, 108, 199, 314, -1, 314, 199, 223, -1,
 289, 285, 313, -1, 313, 285, 277, -1, 313, 277, 271, -1,
 223, 253, 314, -1, 314, 253, 273, -1, 314, 273, 279, -1,
 279, 287, 314, -1, 314, 287, 291, -1, 314, 291, 293, -1,
 197, 183, 107, -1, 107, 183, 163, -1, 107, 163, 137, -1,
 137, 129, 107, -1, 107, 129, 127, -1, 107, 127, 108, -1,
 108, 127, 131, -1, 108, 131, 139, -1, 1593, 1455, 1454, -1,
 1454, 1455, 1263, -1, 1454, 1263, 1262, -1, 1262, 1263, 1107, -1,
 1262, 1107, 1106, -1, 1111, 1040, 1110, -1, 1110, 1040, 1039, -1,
 1110, 1039, 1109, -1, 1109, 1039, 1038, -1, 1109, 1038, 1108, -1,
 1108, 1038, 1037, -1, 1108, 1037, 1107, -1, 1107, 1037, 1036, -1,
 1107, 1036, 1106, -1, 1106, 1036, 1035, -1, 1106, 1035, 1051, -1,
 1051, 1035, 1044, -1, 1040, 991, 1039, -1, 1039, 991, 990, -1,
 1039, 990, 1038, -1, 1038, 990, 989, -1, 1038, 989, 1037, -1,
 1037, 989, 988, -1, 1037, 988, 1036, -1, 1036, 988, 987, -1,
 1036, 987, 1035, -1, 1035, 987, 986, -1, 1035, 986, 1026, -1,
 1026, 986, 1016, -1, 653, 635, 715, -1, 715, 635, 623, -1,
 715, 623, 714, -1, 714, 623, 622, -1, 714, 622, 713, -1,
 713, 622, 621, -1, 713, 621, 712, -1, 712, 621, 620, -1,
 712, 620, 619, -1, 619, 620, 607, -1, 609, 594, 623, -1,
 623, 594, 518, -1, 623, 518, 622, -1, 622, 518, 517, -1,
 622, 517, 621, -1, 621, 517, 516, -1, 621, 516, 620, -1,
 620, 516, 515, -1, 620, 515, 578, -1, 578, 515, 568, -1,
 399, 388, 470, -1, 470, 388, 314, -1, 470, 314, 469, -1,
 469, 314, 313, -1, 469, 313, 468, -1, 468, 313, 312, -1,
 468, 312, 467, -1, 251, 221, 313, -1, 313, 221, 107, -1,
 313, 107, 312, -1, 312, 107, 106, -1, 1501, 1493, 1453, -1,
 1547, 1593, 1537, -1, 1537, 1593, 1529, -1, 1545, 1535, 1592, -1,
 1535, 1527, 1592, -1, 1592, 1527, 1519, -1, 1592, 1519, 1453, -1,
 1453, 1519, 1511, -1, 1453, 1511, 1501, -1, 1485, 1495, 1454, -1,
 1547, 1557, 1593, -1, 1593, 1557, 1563, -1, 1593, 1563, 1592, -1,
 1592, 1563, 1555, -1, 1592, 1555, 1545, -1, 1493, 1483, 1453, -1,
 1453, 1483, 1475, -1, 1453, 1475, 1467, -1, 1495, 1503, 1454, -1,
 1454, 1503, 1513, -1, 1454, 1513, 1593, -1, 1593, 1513, 1521, -1,
 1593, 1521, 1529, -1, 1463, 1469, 1454, -1, 1454, 1469, 1477, -1,
 1454, 1477, 1485, -1, 1080, 1105, 1106, -1, 1106, 1105, 1261, -1,
 1106, 1261, 1262, -1, 1262, 1261, 1453, -1, 1262, 1453, 1454, -1,
 1454, 1453, 1467, -1, 1454, 1467, 1463, -1, 853, 717, 852, -1,
 852, 717, 716, -1, 852, 716, 851, -1, 851, 716, 715, -1,
 851, 715, 850, -1, 850, 715, 714, -1, 850, 714, 849, -1,
 849, 714, 713, -1, 849, 713, 848, -1, 848, 713, 712, -1,
 848, 712, 847, -1, 847, 712, 711, -1, 847, 711, 819, -1,
 819, 711, 781, -1, 105, 73, 69, -1, 69, 63, 105, -1,
 105, 63, 4, -1, 105, 4, 104, -1, 104, 4, 2, -1,
 65, 71, 106, -1, 106, 71, 75, -1, 106, 75, 81, -1,
 81, 87, 106, -1, 106, 87, 91, -1, 106, 91, 95, -1,
 89, 85, 105, -1, 105, 85, 79, -1, 105, 79, 73, -1,
 63, 59, 4, -1, 4, 59, 55, -1, 4, 55, 51, -1,
 5, 57, 61, -1, 467, 312, 311, -1, 311, 312, 106, -1,
 311, 106, 105, -1, 105, 106, 95, -1, 105, 95, 89, -1,
 67, 13, 110, -1, 110, 13, 11, -1, 110, 11, 109, -1,
 109, 11, 10, -1, 109, 10, 108, -1, 108, 10, 9, -1,
 108, 9, 107, -1, 107, 9, 6, -1, 107, 6, 106, -1,
 106, 6, 5, -1, 106, 5, 65, -1, 65, 5, 61, -1,
 51, 45, 4, -1, 4, 45, 39, -1, 4, 39, 5, -1,
 5, 39, 37, -1, 5, 37, 41, -1, 41, 47, 5, -1,
 5, 47, 53, -1, 5, 53, 57, -1, 966, 984, 985, -1,
 985, 984, 1031, -1, 985, 1031, 1032, -1, 1032, 1031, 1104, -1,
 1032, 1104, 1105, -1, 1105, 1104, 1184, -1, 1105, 1184, 1144, -1,
 649, 631, 711, -1, 711, 631, 617, -1, 711, 617, 710, -1,
 710, 617, 616, -1, 710, 616, 694, -1, 694, 616, 659, -1,
 605, 590, 617, -1, 617, 590, 514, -1, 617, 514, 616, -1,
 616, 514, 513, -1, 616, 513, 512, -1, 512, 513, 499, -1,
 524, 520, 519, -1, 519, 520, 472, -1, 519, 472, 518, -1,
 518, 472, 471, -1, 518, 471, 517, -1, 517, 471, 470, -1,
 517, 470, 516, -1, 516, 470, 469, -1, 516, 469, 515, -1,
 515, 469, 468, -1, 515, 468, 514, -1, 514, 468, 467, -1,
 514, 467, 513, -1, 513, 467, 466, -1, 513, 466, 465, -1,
 465, 466, 452, -1, 511, 498, 510, -1, 510, 498, 463, -1,
 510, 463, 509, -1, 509, 463, 462, -1, 509, 462, 461, -1,
 461, 462, 424, -1, 464, 447, 463, -1, 463, 447, 307, -1,
 463, 307, 462, -1, 462, 307, 306, -1, 462, 306, 376, -1,
 376, 306, 305, -1, 957, 980, 981, -1, 981, 980, 1028, -1,
 981, 1028, 1029, -1, 1029, 1028, 1081, -1, 1029, 1081, 1101, -1,
 1101, 1081, 1100, -1, 1101, 1100, 1112, -1, 721, 708, 707, -1,
 707, 708, 614, -1, 707, 614, 706, -1, 706, 614, 613, -1,
 706, 613, 705, -1, 705, 613, 612, -1, 573, 551, 615, -1,
 615, 551, 510, -1, 615, 510, 614, -1, 614, 510, 509, -1,
 614, 509, 613, -1, 613, 509, 508, -1, 613, 508, 507, -1,
 507, 508, 500, -1, 1194, 1195, 1255, -1, 1255, 1195, 1446, -1,
 1255, 1446, 1445, -1, 112, 113, 305, -1, 305, 113, 377, -1,
 305, 377, 376, -1, 340, 378, 341, -1, 341, 378, 379, -1,
 341, 379, 281, -1, 281, 379, 118, -1, 281, 118, 280, -1,
 280, 118, 117, -1, 280, 117, 340, -1, 340, 117, 309, -1,
 340, 309, 378, -1, 304, 303, 318, -1, 304, 318, 319, -1,
 319, 318, 322, -1, 319, 322, 323, -1, 323, 322, 330, -1,
 323, 330, 349, -1, 330, 348, 349, -1, 349, 348, 366, -1,
 349, 366, 367, -1, 367, 366, 381, -1, 381, 366, 420, -1,
 381, 420, 421, -1, 421, 420, 492, -1, 421, 492, 493, -1,
 493, 492, 638, -1, 493, 638, 639, -1, 639, 638, 726, -1,
 639, 726, 737, -1, 726, 736, 737, -1, 737, 736, 788, -1,
 737, 788, 789, -1, 789, 788, 830, -1, 789, 830, 831, -1,
 831, 830, 861, -1, 831, 861, 862, -1, 862, 861, 909, -1,
 862, 909, 910, -1, 910, 909, 962, -1, 910, 962, 963, -1,
 963, 962, 1017, -1, 963, 1017, 1018, -1, 1018, 1017, 1086, -1,
 1018, 1086, 1087, -1, 1087, 1086, 1156, -1, 1087, 1156, 1157, -1,
 1157, 1156, 1205, -1, 1157, 1205, 1206, -1, 1206, 1205, 1222, -1,
 1206, 1222, 1223, -1, 1223, 1222, 1242, -1, 1223, 1242, 1248, -1,
 1242, 1247, 1248, -1, 1248, 1247, 1251, -1, 1248, 1251, 1252, -1,
 1252, 1251, 1268, -1, 1252, 1268, 1269, -1, 1124, 1129, 1242, -1,
 1242, 1129, 1140, -1, 881, 856, 893, -1, 1140, 1150, 1242, -1,
 1242, 1150, 1166, -1, 1242, 1166, 1247, -1, 1247, 1166, 1170, -1,
 1247, 1170, 1251, -1, 1251, 1170, 1174, -1, 1251, 1174, 1268, -1,
 1092, 1084, 1009, -1, 1009, 1084, 1090, -1, 1009, 1090, 992, -1,
 992, 1090, 1094, -1, 992, 1094, 973, -1, 973, 1094, 1114, -1,
 973, 1114, 969, -1, 969, 1114, 1120, -1, 893, 856, 889, -1,
 889, 856, 730, -1, 889, 730, 885, -1, 856, 840, 730, -1,
 730, 840, 818, -1, 730, 818, 780, -1, 1021, 943, 939, -1,
 1021, 939, 964, -1, 939, 929, 964, -1, 964, 929, 925, -1,
 964, 925, 911, -1, 911, 925, 916, -1, 911, 916, 863, -1,
 916, 905, 863, -1, 863, 905, 901, -1, 863, 901, 832, -1,
 832, 901, 895, -1, 832, 895, 790, -1, 790, 895, 891, -1,
 790, 891, 738, -1, 738, 891, 887, -1, 738, 887, 730, -1,
 730, 887, 883, -1, 730, 883, 885, -1, 945, 1224, 941, -1,
 941, 1224, 1249, -1, 943, 1021, 947, -1, 947, 1021, 1088, -1,
 947, 1088, 949, -1, 949, 1088, 1158, -1, 949, 1158, 945, -1,
 945, 1158, 1207, -1, 945, 1207, 1224, -1, 1009, 1019, 1092, -1,
 1092, 1019, 1011, -1, 1092, 1011, 1096, -1, 1096, 1011, 994, -1,
 1096, 994, 975, -1, 893, 899, 881, -1, 881, 899, 903, -1,
 881, 903, 921, -1, 921, 903, 914, -1, 921, 914, 955, -1,
 955, 914, 923, -1, 955, 923, 975, -1, 975, 923, 927, -1,
 975, 927, 1096, -1, 1096, 927, 1116, -1, 1174, 1182, 1268, -1,
 1268, 1182, 1176, -1, 1268, 1176, 1253, -1, 1253, 1176, 1172, -1,
 1253, 1172, 1249, -1, 1249, 1172, 1168, -1, 1126, 1122, 941, -1,
 1168, 1152, 1249, -1, 1249, 1152, 1142, -1, 1249, 1142, 941, -1,
 941, 1142, 1131, -1, 941, 1131, 1126, -1, 1116, 927, 1122, -1,
 1122, 927, 937, -1, 1122, 937, 941, -1, 756, 726, 752, -1,
 752, 726, 750, -1, 727, 733, 744, -1, 727, 754, 750, -1,
 727, 744, 772, -1, 772, 762, 727, -1, 727, 762, 758, -1,
 727, 758, 754, -1, 756, 760, 726, -1, 726, 760, 770, -1,
 726, 770, 736, -1, 736, 770, 774, -1, 736, 774, 788, -1,
 788, 774, 783, -1, 788, 783, 830, -1, 1120, 1124, 969, -1,
 969, 1124, 1242, -1, 969, 1242, 953, -1, 812, 808, 1242, -1,
 816, 838, 804, -1, 783, 792, 830, -1, 830, 792, 796, -1,
 830, 796, 861, -1, 861, 796, 802, -1, 861, 802, 909, -1,
 909, 802, 806, -1, 909, 806, 962, -1, 962, 806, 810, -1,
 814, 1086, 810, -1, 810, 1086, 1017, -1, 810, 1017, 962, -1,
 804, 838, 808, -1, 804, 798, 816, -1, 816, 798, 794, -1,
 816, 794, 778, -1, 778, 794, 785, -1, 778, 785, 744, -1,
 744, 785, 776, -1, 744, 776, 772, -1, 1242, 1222, 812, -1,
 812, 1222, 1205, -1, 812, 1205, 814, -1, 814, 1205, 1156, -1,
 814, 1156, 1086, -1, 838, 854, 808, -1, 808, 854, 879, -1,
 808, 879, 1242, -1, 1242, 879, 919, -1, 1242, 919, 953, -1,
 303, 320, 404, -1, 437, 448, 330, -1, 330, 448, 727, -1,
 330, 727, 348, -1, 691, 720, 727, -1, 727, 720, 728, -1,
 727, 728, 733, -1, 404, 320, 408, -1, 408, 320, 324, -1,
 408, 324, 412, -1, 404, 396, 303, -1, 303, 396, 402, -1,
 303, 402, 318, -1, 318, 402, 406, -1, 318, 406, 322, -1,
 322, 406, 410, -1, 322, 410, 330, -1, 330, 410, 426, -1,
 330, 426, 437, -1, 455, 642, 459, -1, 459, 642, 730, -1,
 459, 730, 478, -1, 448, 453, 727, -1, 727, 453, 457, -1,
 727, 457, 691, -1, 691, 457, 476, -1, 691, 476, 656, -1,
 656, 476, 484, -1, 656, 484, 640, -1, 640, 484, 488, -1,
 640, 488, 658, -1, 780, 746, 730, -1, 730, 746, 729, -1,
 730, 729, 478, -1, 478, 729, 722, -1, 478, 722, 486, -1,
 486, 722, 693, -1, 486, 693, 490, -1, 490, 693, 658, -1,
 490, 658, 496, -1, 496, 658, 488, -1, 412, 324, 428, -1,
 428, 324, 350, -1, 428, 350, 439, -1, 439, 350, 368, -1,
 439, 368, 450, -1, 450, 368, 422, -1, 450, 422, 455, -1,
 455, 422, 494, -1, 455, 494, 642, -1, 750, 726, 727, -1,
 727, 726, 638, -1, 727, 638, 492, -1, 492, 420, 727, -1,
 727, 420, 366, -1, 727, 366, 348, -1, 1, 0, 18, -1,
 1, 18, 19, -1, 19, 18, 26, -1, 19, 26, 27, -1,
 27, 26, 48, -1, 27, 48, 49, -1, 49, 48, 76, -1,
 49, 76, 77, -1, 77, 76, 121, -1, 77, 121, 122, -1,
 122, 121, 186, -1, 122, 186, 187, -1, 187, 186, 274, -1,
 187, 274, 275, -1, 275, 274, 326, -1, 275, 326, 327, -1,
 327, 326, 380, -1, 327, 380, 386, -1, 380, 385, 386, -1,
 386, 385, 482, -1, 386, 482, 483, -1, 483, 482, 689, -1,
 483, 689, 690, -1, 690, 689, 766, -1, 690, 766, 767, -1,
 767, 766, 826, -1, 767, 826, 827, -1, 827, 826, 868, -1,
 827, 868, 869, -1, 869, 868, 933, -1, 869, 933, 934, -1,
 934, 933, 996, -1, 934, 996, 997, -1, 997, 996, 1098, -1,
 997, 1098, 1099, -1, 1099, 1098, 1192, -1, 1099, 1192, 1193, -1,
 1193, 1192, 1245, -1, 1193, 1245, 1246, -1, 1246, 1245, 1297, -1,
 1246, 1297, 1298, -1, 1298, 1297, 1383, -1, 1298, 1383, 1384, -1,
 1384, 1383, 1443, -1, 1384, 1443, 1444, -1, 1444, 1443, 1490, -1,
 1444, 1490, 1491, -1, 1491, 1490, 1542, -1, 1491, 1542, 1543, -1,
 1543, 1542, 1574, -1, 1543, 1574, 1575, -1, 1575, 1574, 1582, -1,
 1575, 1582, 1583, -1, 1583, 1582, 1588, -1, 1583, 1588, 1589, -1,
 1591, 1589, 1590, -1, 1590, 1589, 1588, -1, 1595, 1600, 1601, -1,
 1597, 1596, 1598, -1, 1598, 1596, 1595, -1, 1598, 1595, 1599, -1,
 1599, 1595, 1601, -1, 1597, 1594, 1596, -1, 1596, 1594, 1593, -1,
 1596, 1593, 1588, -1, 1588, 1593, 1592, -1, 1588, 1592, 1590, -1,
 1459, 1509, 1508, -1, 873, 874, 991, -1, 219, 111, 317, -1,
 219, 317, 384, -1, 384, 317, 473, -1, 384, 473, 522, -1,
 111, 219, 67, -1, 67, 219, 218, -1, 67, 218, 66, -1,
 66, 218, 873, -1, 66, 873, 1508, -1, 991, 1040, 873, -1,
 873, 1040, 1111, -1, 873, 1111, 1508, -1, 1508, 1111, 1267, -1,
 1508, 1267, 1459, -1, 522, 629, 384, -1, 384, 629, 717, -1,
 384, 717, 874, -1, 874, 717, 853, -1, 874, 853, 991, -1,
 0, 1, 3, -1, 13, 12, 11, -1, 11, 12, 7, -1,
 3, 2, 0, -1, 0, 2, 4, -1, 0, 4, 8, -1,
 8, 4, 5, -1, 5, 6, 8, -1, 8, 6, 9, -1,
 8, 9, 7, -1, 7, 9, 10, -1, 7, 10, 11, -1,
 1019, 1020, 1011, -1, 1011, 1020, 1012, -1, 1011, 1012, 994, -1,
 1012, 995, 994, -1, 994, 995, 983, -1, 994, 983, 975, -1,
 983, 976, 975, -1, 975, 976, 958, -1, 975, 958, 955, -1,
 955, 958, 956, -1, 955, 956, 921, -1, 921, 956, 922, -1,
 921, 922, 881, -1, 881, 922, 882, -1, 881, 882, 856, -1,
 882, 857, 856, -1, 856, 857, 846, -1, 856, 846, 840, -1,
 840, 846, 841, -1, 840, 841, 818, -1, 818, 841, 819, -1,
 818, 819, 780, -1, 780, 819, 781, -1, 780, 781, 746, -1,
 781, 747, 746, -1, 746, 747, 743, -1, 746, 743, 729, -1,
 729, 743, 723, -1, 729, 723, 722, -1, 722, 723, 709, -1,
 722, 709, 693, -1, 693, 709, 694, -1, 693, 694, 658, -1,
 658, 694, 659, -1, 658, 659, 640, -1, 640, 659, 641, -1,
 496, 497, 490, -1, 490, 497, 491, -1, 490, 491, 486, -1,
 486, 491, 487, -1, 486, 487, 478, -1, 478, 487, 479, -1,
 478, 479, 459, -1, 459, 479, 460, -1, 459, 460, 455, -1,
 455, 460, 456, -1, 455, 456, 450, -1, 450, 456, 451, -1,
 450, 451, 439, -1, 439, 451, 440, -1, 439, 440, 428, -1,
 428, 440, 429, -1, 428, 429, 412, -1, 412, 429, 413, -1,
 412, 413, 408, -1, 408, 413, 409, -1, 408, 409, 404, -1,
 404, 409, 405, -1, 404, 405, 396, -1, 396, 405, 397, -1,
 814, 815, 812, -1, 812, 815, 813, -1, 812, 813, 808, -1,
 808, 813, 809, -1, 808, 809, 804, -1, 804, 809, 805, -1,
 804, 805, 798, -1, 798, 805, 799, -1, 798, 799, 794, -1,
 794, 799, 795, -1, 794, 795, 785, -1, 785, 795, 786, -1,
 785, 786, 776, -1, 776, 786, 777, -1, 776, 777, 772, -1,
 772, 777, 773, -1, 772, 773, 762, -1, 762, 773, 763, -1,
 762, 763, 758, -1, 758, 763, 759, -1, 758, 759, 754, -1,
 754, 759, 755, -1, 754, 755, 750, -1, 750, 755, 751, -1,
 1182, 1183, 1176, -1, 1176, 1183, 1177, -1, 1176, 1177, 1172, -1,
 1172, 1177, 1173, -1, 1172, 1173, 1168, -1, 1168, 1173, 1169, -1,
 1168, 1169, 1152, -1, 1152, 1169, 1153, -1, 1152, 1153, 1142, -1,
 1142, 1153, 1143, -1, 1142, 1143, 1131, -1, 1131, 1143, 1132, -1,
 1131, 1132, 1126, -1, 1126, 1132, 1127, -1, 1126, 1127, 1122, -1,
 1122, 1127, 1123, -1, 1122, 1123, 1116, -1, 1116, 1123, 1117, -1,
 1116, 1117, 1096, -1, 1096, 1117, 1097, -1, 1096, 1097, 1092, -1,
 1092, 1097, 1093, -1, 1092, 1093, 1084, -1, 1084, 1093, 1085, -1,
 949, 950, 947, -1, 947, 950, 948, -1, 947, 948, 943, -1,
 943, 948, 944, -1, 943, 944, 939, -1, 939, 944, 940, -1,
 939, 940, 929, -1, 929, 940, 930, -1, 929, 930, 925, -1,
 925, 930, 926, -1, 925, 926, 916, -1, 916, 926, 917, -1,
 916, 917, 905, -1, 905, 917, 906, -1, 905, 906, 901, -1,
 901, 906, 902, -1, 901, 902, 895, -1, 895, 902, 896, -1,
 895, 896, 891, -1, 891, 896, 892, -1, 891, 892, 887, -1,
 887, 892, 888, -1, 887, 888, 883, -1, 883, 888, 884, -1,
 858, 884, 860, -1, 860, 884, 888, -1, 860, 888, 866, -1,
 866, 888, 892, -1, 866, 892, 871, -1, 871, 892, 896, -1,
 871, 896, 872, -1, 872, 896, 902, -1, 940, 959, 930, -1,
 930, 959, 952, -1, 930, 952, 926, -1, 926, 952, 932, -1,
 926, 932, 917, -1, 917, 932, 918, -1, 917, 918, 906, -1,
 906, 918, 898, -1, 906, 898, 902, -1, 902, 898, 878, -1,
 902, 878, 872, -1, 950, 972, 948, -1, 948, 972, 971, -1,
 948, 971, 944, -1, 944, 971, 968, -1, 944, 968, 940, -1,
 940, 968, 961, -1, 940, 961, 959, -1, 356, 397, 359, -1,
 359, 397, 405, -1, 359, 405, 365, -1, 365, 405, 409, -1,
 365, 409, 375, -1, 375, 409, 413, -1, 375, 413, 393, -1,
 393, 413, 429, -1, 393, 429, 415, -1, 415, 429, 440, -1,
 415, 440, 452, -1, 452, 440, 451, -1, 452, 451, 465, -1,
 465, 451, 456, -1, 479, 512, 460, -1, 460, 512, 499, -1,
 460, 499, 456, -1, 456, 499, 475, -1, 456, 475, 465, -1,
 497, 599, 491, -1, 491, 599, 598, -1, 491, 598, 487, -1,
 487, 598, 574, -1, 487, 574, 479, -1, 479, 574, 552, -1,
 479, 552, 512, -1, 815, 837, 813, -1, 813, 837, 835, -1,
 813, 835, 809, -1, 809, 835, 829, -1, 809, 829, 805, -1,
 805, 829, 825, -1, 805, 825, 799, -1, 799, 825, 821, -1,
 799, 821, 795, -1, 795, 821, 801, -1, 795, 801, 786, -1,
 786, 801, 787, -1, 786, 787, 777, -1, 777, 787, 769, -1,
 777, 769, 773, -1, 773, 769, 749, -1, 773, 749, 763, -1,
 763, 749, 741, -1, 763, 741, 759, -1, 759, 741, 735, -1,
 759, 735, 755, -1, 755, 735, 732, -1, 755, 732, 751, -1,
 751, 732, 724, -1, 1045, 1085, 1047, -1, 1047, 1085, 1093, -1,
 1047, 1093, 1059, -1, 1059, 1093, 1097, -1, 1059, 1097, 1070, -1,
 1070, 1097, 1117, -1, 1070, 1117, 1083, -1, 1083, 1117, 1123, -1,
 1083, 1123, 1103, -1, 1103, 1123, 1127, -1, 1183, 1217, 1177, -1,
 1177, 1217, 1216, -1, 1177, 1216, 1173, -1, 1173, 1216, 1210, -1,
 1173, 1210, 1169, -1, 1169, 1210, 1199, -1, 1169, 1199, 1153, -1,
 1153, 1199, 1187, -1, 1153, 1187, 1143, -1, 1143, 1187, 1165, -1,
 1143, 1165, 1132, -1, 1132, 1165, 1133, -1, 1132, 1133, 1127, -1,
 1127, 1133, 1119, -1, 1127, 1119, 1103, -1, 703, 704, 701, -1,
 701, 704, 702, -1, 701, 702, 697, -1, 697, 702, 698, -1,
 697, 698, 687, -1, 687, 698, 688, -1, 687, 688, 682, -1,
 682, 688, 683, -1, 682, 683, 646, -1, 683, 647, 646, -1,
 646, 647, 628, -1, 646, 628, 602, -1, 602, 628, 603, -1,
 602, 603, 585, -1, 585, 603, 586, -1, 585, 586, 563, -1,
 563, 586, 564, -1, 563, 564, 541, -1, 541, 564, 542, -1,
 541, 542, 525, -1, 542, 526, 525, -1, 525, 526, 521, -1,
 525, 521, 505, -1, 505, 521, 506, -1, 505, 506, 501, -1,
 501, 506, 502, -1, 1305, 1399, 1303, -1, 1303, 1399, 1391, -1,
 1303, 1391, 1377, -1, 1377, 1364, 1303, -1, 1303, 1364, 1356, -1,
 1303, 1356, 1272, -1, 301, 66, 1276, -1, 1276, 66, 1508, -1,
 1356, 1344, 1272, -1, 1272, 1344, 1334, -1, 1272, 1334, 1326, -1,
 1326, 1313, 1272, -1, 1272, 1313, 1307, -1, 1272, 1307, 1270, -1,
 1270, 1307, 1311, -1, 1270, 1311, 1324, -1, 1324, 1332, 1270, -1,
 1270, 1332, 1342, -1, 1270, 1342, 1340, -1, 150, 142, 12, -1,
 12, 142, 148, -1, 1566, 1552, 1595, -1, 1595, 1552, 1460, -1,
 1276, 1309, 1274, -1, 1274, 1309, 1315, -1, 1274, 1315, 1328, -1,
 176, 168, 12, -1, 7, 12, 140, -1, 1342, 1354, 1340, -1,
 1340, 1354, 1362, -1, 1340, 1362, 1434, -1, 1434, 1362, 1375, -1,
 1434, 1375, 1460, -1, 1460, 1375, 1389, -1, 1460, 1389, 1595, -1,
 1595, 1389, 1397, -1, 1595, 1397, 1409, -1, 1409, 1417, 1595, -1,
 1595, 1417, 1425, -1, 1595, 1425, 1600, -1, 1600, 1425, 1419, -1,
 1600, 1419, 1411, -1, 1358, 1305, 1346, -1, 1346, 1305, 1274, -1,
 1346, 1274, 1336, -1, 1336, 1274, 1328, -1, 1358, 1366, 1305, -1,
 1305, 1366, 1379, -1, 1305, 1379, 1393, -1, 1348, 1338, 1276, -1,
 244, 236, 268, -1, 268, 236, 226, -1, 226, 212, 268, -1,
 268, 212, 204, -1, 268, 204, 12, -1, 12, 204, 190, -1,
 12, 190, 176, -1, 140, 144, 7, -1, 7, 144, 152, -1,
 7, 152, 166, -1, 1411, 1399, 1600, -1, 1600, 1399, 1305, -1,
 1600, 1305, 1401, -1, 1401, 1305, 1393, -1, 1395, 1381, 1508, -1,
 1508, 1381, 1368, -1, 1508, 1368, 1276, -1, 1276, 1368, 1360, -1,
 1276, 1360, 1348, -1, 148, 156, 12, -1, 12, 156, 170, -1,
 12, 170, 268, -1, 268, 170, 178, -1, 268, 178, 192, -1,
 192, 206, 268, -1, 268, 206, 214, -1, 268, 214, 299, -1,
 168, 154, 12, -1, 12, 154, 146, -1, 12, 146, 140, -1,
 232, 132, 188, -1, 188, 202, 232, -1, 232, 202, 210, -1,
 232, 210, 294, -1, 294, 210, 224, -1, 294, 224, 234, -1,
 234, 242, 294, -1, 294, 242, 254, -1, 294, 254, 262, -1,
 1576, 1572, 1570, -1, 1401, 1413, 1600, -1, 1600, 1413, 1421, -1,
 1600, 1421, 1427, -1, 1338, 1330, 1276, -1, 1276, 1330, 1317, -1,
 1276, 1317, 1309, -1, 301, 248, 240, -1, 297, 294, 266, -1,
 266, 294, 262, -1, 266, 262, 268, -1, 268, 262, 256, -1,
 268, 256, 244, -1, 1595, 1586, 1566, -1, 1566, 1586, 1584, -1,
 1566, 1584, 1580, -1, 1580, 1578, 1566, -1, 1566, 1578, 1576, -1,
 1566, 1576, 1568, -1, 1568, 1576, 1570, -1, 1427, 1423, 1600, -1,
 1600, 1423, 1415, -1, 1600, 1415, 1508, -1, 1508, 1415, 1403, -1,
 1508, 1403, 1395, -1, 214, 228, 299, -1, 299, 228, 238, -1,
 299, 238, 246, -1, 240, 230, 301, -1, 301, 230, 216, -1,
 301, 216, 66, -1, 66, 216, 208, -1, 66, 208, 194, -1,
 132, 98, 188, -1, 188, 98, 7, -1, 188, 7, 174, -1,
 174, 7, 166, -1, 194, 180, 66, -1, 66, 180, 172, -1,
 66, 172, 12, -1, 12, 172, 158, -1, 12, 158, 150, -1,
 98, 42, 7, -1, 7, 42, 34, -1, 7, 34, 14, -1,
 14, 34, 16, -1, 246, 258, 299, -1, 299, 258, 264, -1,
 299, 264, 301, -1, 301, 264, 260, -1, 301, 260, 248, -1,
 22, 30, 24, -1, 24, 30, 28, -1, 34, 32, 16, -1,
 16, 32, 30, -1, 16, 30, 20, -1, 20, 30, 22, -1,
 218, 219, 160, -1, 160, 219, 161, -1, 160, 161, 123, -1,
 123, 161, 124, -1, 123, 124, 102, -1, 102, 124, 103, -1,
 102, 103, 96, -1, 96, 103, 97, -1, 96, 97, 82, -1,
 82, 97, 83, -1, 82, 83, 92, -1, 92, 83, 93, -1,
 92, 93, 100, -1, 100, 93, 101, -1, 100, 101, 119, -1,
 119, 101, 120, -1, 119, 120, 134, -1, 134, 120, 135, -1,
 134, 135, 200, -1, 200, 135, 201, -1, 907, 873, 302, -1,
 302, 873, 218, -1, 243, 235, 295, -1, 235, 225, 295, -1,
 295, 225, 211, -1, 295, 211, 200, -1, 200, 211, 203, -1,
 200, 203, 134, -1, 237, 245, 302, -1, 247, 239, 213, -1,
 237, 302, 227, -1, 245, 257, 302, -1, 302, 257, 263, -1,
 302, 263, 295, -1, 295, 263, 255, -1, 295, 255, 243, -1,
 203, 189, 134, -1, 134, 189, 175, -1, 134, 175, 119, -1,
 145, 100, 153, -1, 153, 100, 119, -1, 153, 119, 167, -1,
 167, 119, 175, -1, 227, 302, 213, -1, 213, 302, 259, -1,
 213, 259, 247, -1, 241, 249, 302, -1, 143, 151, 123, -1,
 123, 181, 160, -1, 160, 181, 195, -1, 160, 195, 218, -1,
 249, 261, 302, -1, 302, 261, 265, -1, 302, 265, 259, -1,
 239, 229, 213, -1, 213, 229, 215, -1, 213, 215, 205, -1,
 205, 215, 207, -1, 205, 207, 191, -1, 191, 207, 193, -1,
 191, 193, 179, -1, 179, 171, 191, -1, 191, 171, 157, -1,
 191, 157, 149, -1, 151, 159, 123, -1, 123, 159, 173, -1,
 123, 173, 181, -1, 145, 141, 100, -1, 100, 141, 147, -1,
 100, 147, 92, -1, 92, 147, 155, -1, 92, 155, 82, -1,
 82, 155, 169, -1, 82, 169, 96, -1, 96, 169, 177, -1,
 96, 177, 102, -1, 102, 177, 191, -1, 102, 191, 123, -1,
 123, 191, 149, -1, 123, 149, 143, -1, 195, 209, 218, -1,
 218, 209, 217, -1, 218, 217, 302, -1, 302, 217, 231, -1,
 302, 231, 241, -1, 143, 142, 151, -1, 151, 142, 150, -1,
 151, 150, 159, -1, 159, 150, 158, -1, 159, 158, 173, -1,
 173, 158, 172, -1, 173, 172, 181, -1, 181, 172, 180, -1,
 181, 180, 195, -1, 195, 180, 194, -1, 195, 194, 209, -1,
 209, 194, 208, -1, 209, 208, 217, -1, 217, 208, 216, -1,
 217, 216, 231, -1, 231, 216, 230, -1, 231, 230, 241, -1,
 241, 230, 240, -1, 241, 240, 249, -1, 249, 240, 248, -1,
 249, 248, 261, -1, 261, 248, 260, -1, 261, 260, 265, -1,
 265, 260, 264, -1, 141, 140, 147, -1, 147, 140, 146, -1,
 147, 146, 155, -1, 155, 146, 154, -1, 155, 154, 169, -1,
 169, 154, 168, -1, 169, 168, 177, -1, 177, 168, 176, -1,
 177, 176, 191, -1, 191, 176, 190, -1, 191, 190, 205, -1,
 205, 190, 204, -1, 205, 204, 213, -1, 213, 204, 212, -1,
 213, 212, 227, -1, 227, 212, 226, -1, 227, 226, 237, -1,
 237, 226, 236, -1, 237, 236, 245, -1, 245, 236, 244, -1,
 245, 244, 257, -1, 257, 244, 256, -1, 257, 256, 263, -1,
 263, 256, 262, -1, 1308, 1307, 1314, -1, 1314, 1307, 1313, -1,
 1314, 1313, 1327, -1, 1327, 1313, 1326, -1, 1327, 1326, 1335, -1,
 1335, 1326, 1334, -1, 1335, 1334, 1345, -1, 1345, 1334, 1344, -1,
 1345, 1344, 1357, -1, 1357, 1344, 1356, -1, 1357, 1356, 1365, -1,
 1365, 1356, 1364, -1, 1365, 1364, 1378, -1, 1378, 1364, 1377, -1,
 1378, 1377, 1392, -1, 1392, 1377, 1391, -1, 1392, 1391, 1400, -1,
 1400, 1391, 1399, -1, 1400, 1399, 1412, -1, 1412, 1399, 1411, -1,
 1412, 1411, 1420, -1, 1420, 1411, 1419, -1, 1420, 1419, 1426, -1,
 1426, 1419, 1425, -1, 1335, 1345, 1363, -1, 1378, 1410, 1365, -1,
 1365, 1410, 1398, -1, 1365, 1398, 1390, -1, 1345, 1357, 1363, -1,
 1363, 1357, 1365, -1, 1363, 1365, 1376, -1, 1376, 1365, 1390, -1,
 1355, 1343, 1363, -1, 1363, 1343, 1333, -1, 1333, 1325, 1363, -1,
 1363, 1325, 1312, -1, 1363, 1312, 1308, -1, 1308, 1314, 1363, -1,
 1363, 1314, 1327, -1, 1363, 1327, 1335, -1, 1378, 1392, 1410, -1,
 1410, 1392, 1400, -1, 1410, 1400, 1412, -1, 1412, 1420, 1410, -1,
 1410, 1420, 1426, -1, 1410, 1426, 1418, -1, 1310, 1309, 1318, -1,
 1318, 1309, 1317, -1, 1318, 1317, 1331, -1, 1331, 1317, 1330, -1,
 1331, 1330, 1339, -1, 1339, 1330, 1338, -1, 1339, 1338, 1349, -1,
 1349, 1338, 1348, -1, 1349, 1348, 1361, -1, 1361, 1348, 1360, -1,
 1361, 1360, 1369, -1, 1369, 1360, 1368, -1, 1369, 1368, 1382, -1,
 1382, 1368, 1381, -1, 1382, 1381, 1396, -1, 1396, 1381, 1395, -1,
 1396, 1395, 1404, -1, 1404, 1395, 1403, -1, 1404, 1403, 1416, -1,
 1416, 1403, 1415, -1, 1416, 1415, 1424, -1, 1424, 1415, 1423, -1,
 1424, 1423, 1428, -1, 1428, 1423, 1427, -1, 1339, 1349, 1367, -1,
 1382, 1414, 1369, -1, 1369, 1414, 1402, -1, 1369, 1402, 1394, -1,
 1349, 1361, 1367, -1, 1367, 1361, 1369, -1, 1367, 1369, 1380, -1,
 1380, 1369, 1394, -1, 1359, 1347, 1367, -1, 1367, 1347, 1337, -1,
 1337, 1329, 1367, -1, 1367, 1329, 1316, -1, 1367, 1316, 1310, -1,
 1310, 1318, 1367, -1, 1367, 1318, 1331, -1, 1367, 1331, 1339, -1,
 1382, 1396, 1414, -1, 1414, 1396, 1404, -1, 1414, 1404, 1416, -1,
 1416, 1424, 1414, -1, 1414, 1424, 1428, -1, 1414, 1428, 1422, -1,
 1460, 1552, 1553, -1, 1553, 1461, 1460, -1, 1460, 1461, 1442, -1,
 1460, 1442, 1434, -1, 1434, 1442, 1435, -1, 1434, 1435, 1340, -1,
 1340, 1435, 1341, -1, 1340, 1341, 1270, -1, 1270, 1341, 1271, -1,
 132, 232, 233, -1, 296, 233, 295, -1, 295, 233, 232, -1,
 295, 232, 294, -1, 233, 133, 132, -1, 132, 133, 125, -1,
 132, 125, 98, -1, 98, 125, 99, -1, 98, 99, 42, -1,
 42, 99, 43, -1, 296, 295, 201, -1, 201, 295, 200, -1,
 42, 43, 35, -1, 42, 35, 34, -1, 34, 35, 33, -1,
 34, 33, 32, -1, 32, 33, 31, -1, 32, 31, 30, -1,
 30, 31, 29, -1, 30, 29, 28, -1, 28, 29, 25, -1,
 28, 25, 24, -1, 24, 25, 23, -1, 24, 23, 22, -1,
 22, 23, 21, -1, 22, 21, 20, -1, 20, 21, 17, -1,
 20, 17, 16, -1, 16, 17, 15, -1, 16, 15, 14, -1,
 14, 15, 8, -1, 14, 8, 7, -1, 1595, 1596, 1587, -1,
 1595, 1587, 1586, -1, 1586, 1587, 1585, -1, 1586, 1585, 1584, -1,
 1584, 1585, 1581, -1, 1584, 1581, 1580, -1, 1580, 1581, 1579, -1,
 1580, 1579, 1578, -1, 1578, 1579, 1577, -1, 1578, 1577, 1576, -1,
 1576, 1577, 1573, -1, 1576, 1573, 1572, -1, 1572, 1573, 1571, -1,
 1572, 1571, 1570, -1, 1570, 1571, 1569, -1, 1570, 1569, 1568, -1,
 1568, 1569, 1567, -1, 1568, 1567, 1566, -1, 1566, 1567, 1553, -1,
 1566, 1553, 1552, -1, 1081, 1052, 1053, -1, 1195, 1194, 1155, -1,
 1155, 1194, 1154, -1, 1155, 1154, 1113, -1, 1113, 1154, 1112, -1,
 1113, 1112, 1053, -1, 1053, 1112, 1100, -1, 1053, 1100, 1081, -1,
 1052, 1027, 1053, -1, 1053, 1027, 979, -1, 1053, 979, 978, -1,
 978, 979, 977, -1, 978, 977, 936, -1, 936, 977, 935, -1,
 936, 935, 876, -1, 876, 935, 875, -1, 876, 875, 843, -1,
 843, 875, 842, -1, 843, 842, 823, -1, 823, 842, 822, -1,
 823, 822, 765, -1, 765, 822, 764, -1, 765, 764, 719, -1,
 719, 764, 718, -1, 718, 705, 719, -1, 719, 705, 612, -1,
 719, 612, 588, -1, 588, 612, 587, -1, 588, 587, 481, -1,
 481, 587, 507, -1, 481, 507, 500, -1, 500, 480, 481, -1,
 481, 480, 461, -1, 481, 461, 425, -1, 425, 461, 424, -1,
 425, 424, 377, -1, 377, 424, 376, -1, 395, 436, 3, -1,
 1589, 1591, 1451, -1, 1197, 1451, 1185, -1, 1185, 1451, 1591, -1,
 1185, 1591, 1145, -1, 19, 113, 1, -1, 1, 113, 118, -1,
 1, 118, 3, -1, 3, 118, 379, -1, 3, 379, 395, -1,
 1589, 1451, 1583, -1, 1583, 1451, 1446, -1, 1583, 1446, 1575, -1,
 425, 187, 481, -1, 481, 187, 275, -1, 481, 275, 588, -1,
 588, 275, 327, -1, 588, 327, 719, -1, 19, 27, 113, -1,
 113, 27, 49, -1, 113, 49, 377, -1, 377, 49, 77, -1,
 377, 77, 425, -1, 425, 77, 122, -1, 425, 122, 187, -1,
 1113, 1384, 1155, -1, 1155, 1384, 1444, -1, 1155, 1444, 1195, -1,
 1195, 1444, 1491, -1, 1195, 1491, 1446, -1, 1446, 1491, 1543, -1,
 1446, 1543, 1575, -1, 936, 1099, 978, -1, 978, 1099, 1193, -1,
 978, 1193, 1053, -1, 1053, 1193, 1246, -1, 1053, 1246, 1113, -1,
 1113, 1246, 1298, -1, 1113, 1298, 1384, -1, 327, 386, 719, -1,
 719, 386, 483, -1, 719, 483, 765, -1, 765, 483, 690, -1,
 765, 690, 823, -1, 823, 690, 767, -1, 823, 767, 843, -1,
 767, 827, 843, -1, 843, 827, 869, -1, 843, 869, 876, -1,
 876, 869, 934, -1, 876, 934, 936, -1, 936, 934, 997, -1,
 936, 997, 1099, -1, 379, 378, 395, -1, 395, 378, 394, -1,
 395, 394, 436, -1, 436, 394, 435, -1, 342, 343, 436, -1,
 436, 343, 3, -1, 343, 283, 3, -1, 3, 283, 282, -1,
 3, 282, 2, -1, 436, 435, 342, -1, 342, 435, 310, -1,
 342, 310, 282, -1, 282, 310, 104, -1, 282, 104, 2, -1,
 1145, 1144, 1185, -1, 1185, 1144, 1184, -1, 1185, 1184, 1197, -1,
 1197, 1184, 1196, -1, 113, 112, 114, -1, 117, 118, 116, -1,
 116, 118, 113, -1, 116, 113, 115, -1, 115, 113, 114, -1,
 1447, 1445, 1446, -1, 1451, 1450, 1449, -1, 1451, 1449, 1446, -1,
 1446, 1449, 1448, -1, 1446, 1448, 1447, -1, 302, 301, 907, -1,
 907, 301, 1276, -1, 907, 1276, 908, -1, 908, 1276, 1277, -1,
 907, 908, 873, -1, 873, 908, 874, -1, 281, 280, 283, -1,
 283, 280, 282, -1, 341, 281, 343, -1, 343, 281, 283, -1,
 340, 341, 342, -1, 342, 341, 343, -1, 280, 340, 282, -1,
 282, 340, 342, -1, 1290, 1292, 1289, -1, 1289, 1292, 1291, -1,
 1289, 1291, 1230, -1, 1230, 1291, 1232, -1, 1230, 1232, 1231, -1,
 1231, 1232, 1233, -1, 1231, 1233, 1290, -1, 1290, 1233, 1292, -1,
 1440, 1441, 1438, -1, 1438, 1441, 1439, -1, 1438, 1439, 1431, -1,
 1431, 1439, 1432, -1, 1431, 1432, 1407, -1, 1407, 1432, 1408, -1,
 1407, 1408, 1387, -1, 1408, 1388, 1387, -1, 1387, 1388, 1374, -1,
 1387, 1374, 1372, -1, 1372, 1374, 1373, -1, 1372, 1373, 1352, -1,
 1352, 1373, 1353, -1, 1352, 1353, 1322, -1, 1353, 1323, 1322, -1,
 1322, 1323, 1319, -1, 1322, 1319, 1301, -1, 1301, 1319, 1302, -1,
 1301, 1302, 1295, -1, 1295, 1302, 1296, -1, 1295, 1296, 1287, -1,
 1287, 1296, 1288, -1, 1287, 1288, 1282, -1, 1282, 1288, 1283, -1,
 1282, 1283, 1278, -1, 1278, 1283, 1279, -1, 1320, 1440, 1299, -1,
 1299, 1440, 1438, -1, 1299, 1438, 1431, -1, 1372, 1278, 1387, -1,
 1387, 1278, 1280, -1, 1387, 1280, 1285, -1, 1431, 1407, 1299, -1,
 1299, 1407, 1387, -1, 1299, 1387, 1293, -1, 1293, 1387, 1285, -1,
 1429, 1370, 1405, -1, 1405, 1370, 1385, -1, 1320, 1350, 1440, -1,
 1440, 1350, 1370, -1, 1440, 1370, 1436, -1, 1436, 1370, 1429, -1,
 1287, 1322, 1295, -1, 1295, 1322, 1301, -1, 1372, 1352, 1278, -1,
 1278, 1352, 1322, -1, 1278, 1322, 1282, -1, 1282, 1322, 1287, -1,
 1243, 1244, 1240, -1, 1240, 1244, 1241, -1, 1240, 1241, 1236, -1,
 1236, 1241, 1237, -1, 1236, 1237, 1228, -1, 1228, 1237, 1229, -1,
 1228, 1229, 1220, -1, 1220, 1229, 1221, -1, 1220, 1221, 1213, -1,
 1213, 1221, 1214, -1, 1213, 1214, 1203, -1, 1203, 1214, 1204, -1,
 1203, 1204, 1190, -1, 1190, 1204, 1191, -1, 1190, 1191, 1180, -1,
 1180, 1191, 1181, -1, 1180, 1181, 1162, -1, 1162, 1181, 1163, -1,
 1162, 1163, 1148, -1, 1148, 1163, 1149, -1, 1148, 1149, 1138, -1,
 1138, 1149, 1139, -1, 1138, 1139, 1134, -1, 1134, 1139, 1135, -1,
 1234, 1180, 1226, -1, 1226, 1180, 1218, -1, 1234, 1238, 1180, -1,
 1180, 1238, 1243, -1, 1180, 1243, 1190, -1, 1190, 1243, 1203, -1,
 1203, 1243, 1240, -1, 1203, 1240, 1236, -1, 1148, 1138, 1162, -1,
 1162, 1138, 1134, -1, 1162, 1134, 1136, -1, 1136, 1146, 1162, -1,
 1162, 1146, 1160, -1, 1162, 1160, 1178, -1, 1178, 1188, 1162, -1,
 1162, 1188, 1201, -1, 1162, 1201, 1180, -1, 1180, 1201, 1211, -1,
 1180, 1211, 1218, -1, 1236, 1228, 1203, -1, 1203, 1228, 1220, -1,
 1203, 1220, 1213, -1, 445, 446, 443, -1, 443, 446, 444, -1,
 443, 444, 432, -1, 432, 444, 433, -1, 432, 433, 418, -1,
 418, 433, 419, -1, 418, 419, 400, -1, 419, 401, 400, -1,
 400, 401, 391, -1, 400, 391, 389, -1, 389, 391, 390, -1,
 389, 390, 372, -1, 372, 390, 373, -1, 372, 373, 362, -1,
 373, 363, 362, -1, 362, 363, 357, -1, 362, 357, 354, -1,
 354, 357, 355, -1, 354, 355, 346, -1, 346, 355, 347, -1,
 346, 347, 338, -1, 338, 347, 339, -1, 338, 339, 333, -1,
 333, 339, 334, -1, 333, 334, 328, -1, 328, 334, 329, -1,
 362, 354, 398, -1, 418, 400, 416, -1, 362, 398, 372, -1,
 416, 400, 398, -1, 398, 400, 389, -1, 398, 389, 372, -1,
 346, 338, 354, -1, 354, 338, 333, -1, 333, 328, 354, -1,
 354, 328, 331, -1, 354, 331, 336, -1, 336, 344, 354, -1,
 354, 344, 352, -1, 354, 352, 360, -1, 360, 370, 354, -1,
 354, 370, 387, -1, 354, 387, 398, -1, 445, 416, 441, -1,
 441, 416, 430, -1, 445, 443, 416, -1, 416, 443, 432, -1,
 416, 432, 418, -1, 292, 293, 290, -1, 290, 293, 291, -1,
 290, 291, 286, -1, 286, 291, 287, -1, 286, 287, 278, -1,
 278, 287, 279, -1, 278, 279, 272, -1, 272, 279, 273, -1,
 272, 273, 252, -1, 252, 273, 253, -1, 252, 253, 222, -1,
 222, 253, 223, -1, 222, 223, 198, -1, 198, 223, 199, -1,
 198, 199, 184, -1, 184, 199, 185, -1, 184, 185, 164, -1,
 164, 185, 165, -1, 164, 165, 138, -1, 138, 165, 139, -1,
 138, 139, 130, -1, 130, 139, 131, -1, 130, 131, 126, -1,
 126, 131, 127, -1, 276, 284, 184, -1, 284, 288, 184, -1,
 184, 288, 292, -1, 184, 292, 198, -1, 276, 184, 270, -1,
 270, 184, 164, -1, 270, 164, 138, -1, 138, 130, 270, -1,
 270, 130, 126, -1, 270, 126, 250, -1, 198, 292, 222, -1,
 222, 292, 290, -1, 222, 290, 286, -1, 250, 126, 220, -1,
 220, 126, 128, -1, 220, 128, 136, -1, 286, 278, 222, -1,
 222, 278, 272, -1, 222, 272, 252, -1, 136, 162, 220, -1,
 220, 162, 182, -1, 220, 182, 196, -1, 678, 679, 674, -1,
 674, 679, 675, -1, 674, 675, 666, -1, 666, 675, 667, -1,
 666, 667, 654, -1, 654, 667, 655, -1, 654, 655, 636, -1,
 655, 637, 636, -1, 636, 637, 625, -1, 636, 625, 610, -1,
 610, 625, 611, -1, 610, 611, 595, -1, 595, 611, 596, -1,
 595, 596, 581, -1, 581, 596, 582, -1, 581, 582, 571, -1,
 571, 582, 572, -1, 571, 572, 559, -1, 559, 572, 560, -1,
 559, 560, 549, -1, 549, 560, 550, -1, 549, 550, 537, -1,
 537, 550, 538, -1, 537, 538, 529, -1, 529, 538, 530, -1,
 676, 677, 670, -1, 670, 677, 671, -1, 670, 671, 662, -1,
 662, 671, 663, -1, 662, 663, 650, -1, 650, 663, 651, -1,
 650, 651, 632, -1, 651, 633, 632, -1, 632, 633, 619, -1,
 632, 619, 606, -1, 606, 619, 607, -1, 606, 607, 591, -1,
 591, 607, 592, -1, 591, 592, 577, -1, 577, 592, 578, -1,
 577, 578, 567, -1, 567, 578, 568, -1, 567, 568, 555, -1,
 555, 568, 556, -1, 555, 556, 545, -1, 545, 556, 546, -1,
 545, 546, 533, -1, 533, 546, 534, -1, 533, 534, 527, -1,
 527, 534, 528, -1, 604, 606, 589, -1, 589, 606, 575, -1,
 606, 591, 575, -1, 575, 591, 577, -1, 575, 577, 567, -1,
 567, 555, 575, -1, 575, 555, 545, -1, 575, 545, 533, -1,
 531, 543, 553, -1, 630, 650, 604, -1, 604, 650, 632, -1,
 604, 632, 606, -1, 630, 648, 650, -1, 650, 648, 660, -1,
 650, 660, 668, -1, 668, 676, 650, -1, 650, 676, 670, -1,
 650, 670, 662, -1, 533, 527, 575, -1, 575, 527, 531, -1,
 575, 531, 565, -1, 565, 531, 553, -1, 94, 95, 90, -1,
 90, 95, 91, -1, 90, 91, 86, -1, 86, 91, 87, -1,
 86, 87, 80, -1, 80, 87, 81, -1, 80, 81, 74, -1,
 74, 81, 75, -1, 74, 75, 70, -1, 70, 75, 71, -1,
 70, 71, 64, -1, 64, 71, 65, -1, 64, 65, 60, -1,
 60, 65, 61, -1, 60, 61, 56, -1, 56, 61, 57, -1,
 56, 57, 52, -1, 52, 57, 53, -1, 52, 53, 46, -1,
 46, 53, 47, -1, 46, 47, 40, -1, 40, 47, 41, -1,
 40, 41, 36, -1, 36, 41, 37, -1, 1079, 1080, 1077, -1,
 1077, 1080, 1078, -1, 1077, 1078, 1073, -1, 1073, 1078, 1074, -1,
 1073, 1074, 1067, -1, 1067, 1074, 1068, -1, 1067, 1068, 1062, -1,
 1062, 1068, 1063, -1, 1062, 1063, 1056, -1, 1056, 1063, 1057, -1,
 1056, 1057, 1050, -1, 1050, 1057, 1051, -1, 1050, 1051, 1043, -1,
 1051, 1044, 1043, -1, 1043, 1044, 1034, -1, 1043, 1034, 1025, -1,
 1025, 1034, 1026, -1, 1025, 1026, 1015, -1, 1015, 1026, 1016, -1,
 1015, 1016, 1007, -1, 1007, 1016, 1008, -1, 1007, 1008, 1003, -1,
 1003, 1008, 1004, -1, 1003, 1004, 999, -1, 999, 1004, 1000, -1,
 1005, 1013, 1077, -1, 1077, 1013, 1023, -1, 1077, 1023, 1041, -1,
 1005, 1077, 1001, -1, 1001, 1077, 1073, -1, 1001, 1073, 1067, -1,
 1067, 1062, 1001, -1, 1001, 1062, 1056, -1, 1001, 1056, 1050, -1,
 1060, 1065, 1054, -1, 1054, 1065, 1071, -1, 1054, 1071, 1075, -1,
 1050, 1043, 1001, -1, 1001, 1043, 1025, -1, 1001, 1025, 1015, -1,
 1041, 1048, 1077, -1, 1077, 1048, 1054, -1, 1077, 1054, 1079, -1,
 1079, 1054, 1075, -1, 1007, 1003, 1015, -1, 1015, 1003, 999, -1,
 1015, 999, 1001, -1, 1562, 1563, 1556, -1, 1556, 1563, 1557, -1,
 1556, 1557, 1546, -1, 1546, 1557, 1547, -1, 1546, 1547, 1536, -1,
 1536, 1547, 1537, -1, 1536, 1537, 1528, -1, 1528, 1537, 1529, -1,
 1528, 1529, 1520, -1, 1520, 1529, 1521, -1, 1520, 1521, 1512, -1,
 1512, 1521, 1513, -1, 1512, 1513, 1502, -1, 1502, 1513, 1503, -1,
 1502, 1503, 1494, -1, 1494, 1503, 1495, -1, 1494, 1495, 1484, -1,
 1484, 1495, 1485, -1, 1484, 1485, 1476, -1, 1476, 1485, 1477, -1,
 1476, 1477, 1468, -1, 1468, 1477, 1469, -1, 1468, 1469, 1462, -1,
 1462, 1469, 1463, -1, 1564, 1565, 1560, -1, 1560, 1565, 1561, -1,
 1560, 1561, 1550, -1, 1550, 1561, 1551, -1, 1550, 1551, 1540, -1,
 1540, 1551, 1541, -1, 1540, 1541, 1532, -1, 1532, 1541, 1533, -1,
 1532, 1533, 1524, -1, 1524, 1533, 1525, -1, 1524, 1525, 1516, -1,
 1516, 1525, 1517, -1, 1516, 1517, 1506, -1, 1506, 1517, 1507, -1,
 1506, 1507, 1498, -1, 1498, 1507, 1499, -1, 1498, 1499, 1488, -1,
 1488, 1499, 1489, -1, 1488, 1489, 1480, -1, 1480, 1489, 1481, -1,
 1480, 1481, 1472, -1, 1472, 1481, 1473, -1, 1472, 1473, 1464, -1,
 1464, 1473, 1465, -1, 1514, 1522, 1532, -1, 1532, 1522, 1530, -1,
 1532, 1530, 1540, -1, 1540, 1530, 1550, -1, 1524, 1496, 1532, -1,
 1532, 1496, 1504, -1, 1532, 1504, 1514, -1, 1524, 1516, 1496, -1,
 1496, 1516, 1506, -1, 1496, 1506, 1498, -1, 1498, 1488, 1496, -1,
 1496, 1488, 1480, -1, 1496, 1480, 1472, -1, 1472, 1464, 1496, -1,
 1496, 1464, 1470, -1, 1496, 1470, 1486, -1, 1486, 1470, 1478, -1,
 1548, 1558, 1538, -1, 1538, 1558, 1564, -1, 1538, 1564, 1530, -1,
 1530, 1564, 1560, -1, 1530, 1560, 1550, -1, 66, 12, 67, -1,
 67, 12, 13, -1, 1600, 1508, 1601, -1, 1601, 1508, 1509, -1,
 1306, 1275, 1305, -1, 1305, 1275, 1274, -1, 1304, 1306, 1303, -1,
 1303, 1306, 1305, -1, 1303, 1272, 1304, -1, 1304, 1272, 1273, -1,
 1304, 1273, 1306, -1, 1306, 1273, 1275, -1, 269, 300, 267, -1,
 267, 300, 298, -1, 267, 298, 266, -1, 266, 298, 297, -1,
 268, 299, 269, -1, 269, 299, 300, -1, 269, 267, 268, -1,
 268, 267, 266, -1
]
colorIndex [
 0, 0, 0, 0, 0, 0, 0, 0, 0, 0, 0, 0, 0, 0, 0, 0, 0, 0, 0, 0, 0, 0, 0, 0, 0, 0, 0, 0, 0, 0, 0, 0, 0, 0, 0, 0, 0, 0, 0, 0, 0, 0, 0, 0, 0, 0, 0, 0, 0, 0, 0, 0, 0, 0, 0, 0, 0, 0, 0, 0, 0, 0, 0, 0, 0, 0, 0, 0, 0, 0, 0, 0, 0,
 0, 0, 0, 0, 0, 0, 0, 0, 0, 0, 0, 0, 0, 0, 0, 0, 0, 0, 0, 0, 0, 0, 0, 0, 0, 0, 0, 0, 0, 0, 0, 0, 0, 0, 0, 0, 0, 0, 0, 0, 0, 0, 0, 0, 0, 0, 0, 0, 0, 0, 0, 0, 0, 0, 0, 0, 0, 0, 0, 0, 0, 0, 0, 0, 0, 0, 0, 0, 0, 0, 0, 0, 0, 0,
 0, 0, 0, 0, 0, 0, 0, 0, 0, 0, 0, 0, 0, 0, 0, 0, 0, 0, 0, 0, 0, 0, 0, 0, 0, 0, 0, 0, 0, 0, 0, 0, 0, 0, 0, 0, 0, 0, 0, 0, 0, 0, 0, 0, 0, 0, 0, 0, 0, 0, 0, 0, 0, 0, 0, 0, 0, 0, 0, 0, 0, 0, 0, 0, 0, 0, 0, 0, 0, 0, 0, 0, 0, 0,
 0, 0, 0, 0, 0, 0, 0, 0, 0, 0, 0, 0, 0, 0, 0, 0, 0, 0, 0, 0, 0, 0, 0, 0, 0, 0, 0, 0, 0, 0, 0, 0, 0, 0, 0, 0, 0, 0, 0, 0, 0, 0, 0, 0, 0, 0, 0, 0, 0, 0, 0, 0, 0, 0, 0, 0, 0, 0, 0, 0, 0, 0, 0, 0, 0, 0, 0, 0, 0, 0, 0, 0, 0, 0,
 0, 0, 0, 0, 0, 0, 0, 0, 0, 0, 0, 0, 0, 0, 0, 0, 0, 0, 0, 0, 0, 0, 0, 0, 0, 0, 0, 0, 0, 0, 0, 0, 0, 0, 0, 0, 0, 0, 0, 0, 0, 0, 0, 0, 0, 0, 0, 0, 0, 0, 0, 0, 0, 0, 0, 0, 0, 0, 0, 0, 0, 0, 0, 0, 0, 0, 0, 0, 0, 0, 0, 0, 0, 0,
 0, 0, 0, 0, 0, 0, 0, 0, 0, 0, 0, 0, 0, 0, 0, 0, 0, 0, 0, 0, 0, 0, 0, 0, 0, 0, 0, 0, 0, 0, 0, 0, 0, 0, 0, 0, 0, 0, 0, 0, 0, 0, 0, 0, 0, 0, 0, 0, 0, 0, 0, 0, 0, 0, 0, 0, 0, 0, 0, 0, 0, 0, 0, 0, 0, 0, 0, 0, 0, 0, 0, 0, 0, 0, 0, 0, 0, 0, 0,
 0, 0, 0, 0, 0, 0, 0, 0, 0, 0, 0, 0, 0, 0, 0, 0, 0, 0, 0, 0, 0, 0, 0, 0, 0, 0, 0, 0, 0, 0, 0, 0, 0, 0, 0, 0, 0, 0, 0, 0, 0, 0, 0, 0, 0, 0, 0, 0, 0, 0, 0, 0, 0, 0, 0, 0, 0, 0, 0, 0, 0, 0, 0, 0, 0, 0, 0, 0, 0, 0, 0, 0, 0, 0,
 0, 0, 0, 0, 0, 0, 0, 0, 0, 0, 0, 0, 0, 0, 0, 0, 0, 0, 0, 0, 0, 0, 0, 0, 0, 0, 0, 0, 0, 0, 0, 0, 0, 0, 0, 0, 0, 0, 0, 0, 0, 0, 0, 0, 0, 0, 0, 0, 0, 0, 0, 0, 0, 0, 0, 0, 0, 0, 0, 0, 0, 0, 0, 0, 0, 0, 0, 0, 0, 0, 0, 0, 0, 0, 0, 0, 0, 0, 0, 0, 0, 0, 0, 0, 0, 0, 0, 0,
 0, 0, 0, 0, 0, 0, 0, 0, 0, 0, 0, 0, 0, 0, 0, 0, 0, 0, 0, 0, 0, 0, 0, 0, 0, 0, 0, 0, 0, 0, 0, 0, 0, 0, 0, 0, 0, 0, 0, 0, 0, 0, 0, 0, 0, 0, 0, 0, 0, 0, 0, 0, 0, 0, 0, 0, 0, 0, 0, 0, 0, 0, 0,
 0, 0, 0, 0, 0, 0, 0, 0, 0, 0, 0, 0, 0, 0, 0, 0, 0, 0, 0, 0, 0, 0, 0, 0, 0, 0, 0, 0, 0, 0, 0, 0, 0, 0, 0, 0, 0, 0, 0, 0, 0, 0, 0, 0, 0, 0, 0, 0, 0, 0, 0, 0, 0, 0, 0, 0, 0, 0, 0, 0, 0, 0, 0, 0, 0, 0, 0, 0, 0, 0, 0, 0, 0, 0, 0, 0, 0, 0, 0, 0, 0, 0, 0, 0, 0, 0, 0, 0, 0, 0, 0, 0, 0, 0, 0, 0, 0, 0, 0, 0, 0, 0, 0, 0, 0, 0, 0, 0, 0, 0, 0, 0, 0, 0, 0, 0, 0, 0, 0, 0, 0, 0, 0, 0, 0, 0, 0, 0, 0, 0, 0, 0, 0, 0, 0, 0, 0, 0, 0, 0, 0, 0, 0, 0, 0, 0, 0, 0, 0, 0, 0, 0, 0, 0, 0, 0, 0, 0, 0, 0, 0, 0, 0, 0, 0, 0, 0, 0, 0, 0, 0, 0, 0, 0, 0, 0, 0, 0, 0, 0, 0, 0, 0, 0, 0, 0, 0, 0, 0, 0, 0, 0, 0, 0, 0, 0, 0, 0, 0, 0, 0, 0, 0, 0, 0, 0, 0, 0, 0, 0, 0, 0, 0, 0, 0, 0, 0, 0, 0, 0, 0, 0, 0, 0, 0, 0, 0, 0, 0, 0, 0, 0, 0, 0, 0, 0, 0, 0,
 0, 0, 0, 0, 0, 0, 0, 0, 0, 0, 0, 0, 0, 0, 0, 0, 0, 0, 0, 0, 0, 0, 0, 0, 0, 0, 0, 0, 0, 0, 0, 0, 0, 0, 0, 0, 0, 0, 0, 0, 0, 0, 0, 0, 0, 0, 0, 0, 0, 0, 0, 0, 0, 0, 0, 0, 0, 0, 0, 0, 0, 0, 0, 0, 0, 0, 0, 0, 0, 0, 0, 0, 0, 0, 0, 0, 0, 0, 0, 0, 0, 0, 0, 0, 0, 0, 0, 0, 0, 0, 0, 0, 0, 0, 0, 0, 0, 0, 0, 0, 0, 0, 0, 0, 0, 0, 0, 0, 0, 0, 0, 0, 0, 0, 0, 0, 0, 0, 0, 0, 0, 0, 0, 0, 0, 0, 0, 0, 0, 0, 0, 0, 0, 0, 0, 0, 0, 0, 0, 0, 0, 0, 0, 0, 0, 0, 0, 0, 0, 0, 0, 0, 0, 0, 0, 0, 0, 0, 0, 0, 0, 0, 0, 0, 0, 0, 0, 0, 0, 0, 0, 0, 0, 0, 0, 0, 0, 0, 0, 0, 0, 0, 0, 0, 0, 0, 0, 0, 0, 0, 0, 0, 0, 0, 0, 0, 0, 0, 0, 0, 0, 0, 0, 0, 0, 0, 0, 0, 0, 0, 0, 0, 0, 0, 0, 0, 0, 0, 0, 0, 0, 0, 0, 0, 0, 0, 0, 0, 0, 0, 0, 0, 0, 0, 0, 0, 0, 0, 0, 0, 0, 0, 0, 0, 0, 0, 0, 0, 0, 0, 0, 0, 0, 0, 0, 0, 0, 0, 0, 0, 0, 0, 0, 0, 0, 0, 0, 0, 0, 0, 0, 0, 0, 0, 0, 0, 0, 0, 0, 0, 0, 0, 0, 0, 0, 0, 0, 0, 0, 0, 0, 0, 0, 0, 0, 0, 0, 0, 0, 0, 0, 0, 0, 0, 0, 0, 0, 0, 0, 0, 0, 0, 0, 0, 0, 0, 0, 0, 0, 0, 0, 0, 0, 0, 0, 0, 0, 0, 0, 0, 0, 0, 0, 0, 0, 0, 0, 0, 0, 0, 0, 0, 0, 0, 0, 0, 0, 0, 0, 0, 0, 0, 0, 0, 0, 0, 0, 0, 0, 0, 0, 0, 0, 0, 0, 0, 0, 0, 0, 0, 0, 0, 0, 0, 0, 0, 0, 0, 0, 0, 0, 0, 0, 0, 0, 0, 0, 0, 0, 0, 0, 0, 0, 0, 0, 0, 0, 0, 0, 0, 0, 0, 0, 0, 0, 0, 0, 0, 0, 0, 0, 0, 0, 0, 0, 0, 0, 0, 0, 0, 0, 0, 0, 0, 0, 0, 0, 0, 0, 0, 0, 0, 0, 0, 0, 0, 0, 0, 0, 0, 0, 0, 0, 0, 0, 0, 0, 0, 0, 0, 0, 0, 0, 0, 0, 0, 0, 0, 0, 0, 0, 0, 0, 0, 0, 0, 0, 0, 0, 0, 0, 0, 0, 0, 0, 0, 0, 0, 0, 0, 0, 0, 0, 0, 0, 0, 0, 0, 0, 0, 0, 0, 0, 0, 0, 0, 0, 0, 0, 0, 0, 0, 0, 0, 0, 0, 0, 0, 0, 0, 0, 0, 0, 0, 0, 0, 0, 0, 0, 0, 0, 0, 0, 0, 0, 0, 0, 0, 0, 0, 0, 0, 0, 0, 0, 0, 0, 0, 0, 0, 0, 0, 0, 0, 0, 0, 0, 0, 0, 0, 0, 0, 0, 0, 0, 0, 0, 0, 0, 0, 0, 0, 0, 0, 0, 0, 0, 0, 0, 0, 0, 0, 0, 0, 0, 0, 0, 0, 0, 0, 0, 0, 0, 0, 0, 0, 0, 0, 0, 0, 0, 0, 0, 0, 0, 0, 0, 0, 0, 0, 0, 0, 0, 0, 0, 0, 0, 0, 0, 0, 0, 0, 0, 0, 0, 0, 0, 0, 0, 0, 0, 0, 0, 0, 0, 0, 0, 0, 0, 0, 0, 0, 0, 0, 0, 0, 0, 0, 0, 0, 0, 0, 0, 0, 0, 0, 0, 0, 0, 0, 0, 0, 0, 0, 0, 0, 0, 0, 0, 0, 0, 0, 0, 0, 0, 0, 0, 0, 0, 0, 0, 0, 0, 0, 0, 0, 0, 0, 0, 0, 0, 0, 0, 0, 0, 0, 0, 0, 0, 0, 0, 0, 0, 0, 0, 0, 0, 0, 0, 0, 0, 0, 0, 0, 0, 0, 0, 0, 0, 0, 0, 0, 0, 0, 0, 0, 0, 0, 0, 0, 0, 0, 0, 0, 0, 0, 0, 0, 0, 0, 0, 0, 0, 0, 0, 0, 0, 0, 0, 0, 0, 0, 0, 0, 0, 0, 0, 0, 0, 0, 0, 0,
 0, 0, 0, 0, 0, 0, 0, 0, 0, 0, 0, 0, 0, 0, 0, 0, 0, 0, 0, 0, 0, 0, 0, 0, 0, 0, 0, 0, 0, 0, 0, 0, 0, 0, 0, 0, 0, 0, 0, 0, 0, 0, 0, 0, 0, 0, 0, 0, 0, 0, 0, 0, 0, 0, 0, 0, 0, 0, 0, 0, 0, 0, 0, 0, 0, 0, 0, 0, 0, 0, 0, 0, 0, 0, 0, 0, 0, 0, 0, 0, 0, 0, 0, 0, 0, 0, 0, 0, 0, 0, 0, 0, 0, 0, 0, 0, 0, 0, 0, 0, 0, 0, 0, 0, 0, 0, 0, 0, 0, 0, 0, 0, 0, 0, 0, 0, 0, 0, 0, 0, 0, 0, 0, 0, 0, 0, 0, 0, 0, 0, 0, 0, 0, 0, 0, 0, 0, 0, 0, 0, 0, 0, 0, 0, 0, 0, 0, 0, 0, 0, 0, 0, 0, 0, 0, 0, 0, 0, 0, 0, 0, 0, 0, 0, 0, 0, 0, 0, 0, 0, 0, 0, 0, 0, 0, 0, 0, 0, 0, 0, 0, 0, 0, 0, 0, 0, 0, 0, 0, 0, 0, 0, 0, 0, 0, 0, 0, 0, 0, 0, 0, 0, 0, 0, 0, 0, 0, 0, 0, 0, 0, 0, 0, 0, 0, 0, 0, 0, 0, 0, 0, 0, 0, 0, 0, 0, 0, 0, 0, 0, 0, 0, 0, 0, 0, 0, 0, 0, 0, 0, 0,
 0, 0, 0, 0, 0, 0, 0, 0, 0, 0, 0, 0, 0, 0, 0, 0, 0, 0, 0, 0, 0, 0, 0, 0, 0, 0, 0, 0, 0, 0, 0, 0, 0, 0, 0, 0, 0, 0, 0, 0, 0, 0, 0, 0, 0, 0, 0, 0, 0, 0, 0, 0, 0, 0, 0, 0, 0, 0, 0, 0, 0, 0, 0, 0, 0, 0, 0, 1, 1, 1, 1, 1, 1, 1, 1, 1, 1, 1, 1, 1, 1, 1, 1, 1, 1, 1, 1, 1,
 0, 0, 0, 0, 0, 0, 0, 0, 0, 0, 0, 0, 0, 0, 0, 0, 0, 0, 0, 0, 0, 0, 0, 0, 0, 0, 0, 0, 0, 0, 0, 0, 0, 0, 0, 0, 0, 0, 0, 0, 0, 0, 0, 0, 0, 0, 0, 0, 0, 0, 0, 0, 0, 0, 0, 0, 0, 0, 0, 0, 0, 0, 0, 0, 0, 0, 0, 0, 0, 0, 0, 0,
 0, 0, 0, 0, 0, 0, 0, 0, 0, 0, 0, 0, 0, 0, 0, 0, 0, 0, 0, 0, 0, 0, 0, 0, 0, 0, 0, 0, 0, 0, 0, 0, 0, 0, 0, 0, 0, 0, 0, 0, 0, 0, 0, 0, 0, 0, 0, 0, 0, 0, 0, 0, 0, 0, 0, 0, 0, 0, 0, 0, 0, 0, 0, 0, 0, 0, 0, 0, 0, 0, 0, 0,
 0, 0, 0, 0, 0, 0, 0, 0, 0, 0, 0, 0, 0, 0, 0, 0, 0, 0, 0, 0, 0, 0, 0, 0, 0, 0, 0, 0, 0, 0, 0, 0, 0, 0, 0, 0, 0, 0, 0, 0, 0, 0, 0, 0, 0, 0, 0, 0, 0, 0, 0, 0, 0, 0, 0, 0, 0, 0, 0, 0, 0, 0, 0, 0, 0, 0, 0, 0, 0, 0, 0, 0, 0, 0, 0, 0,
 0, 0, 0, 0, 0, 0, 0, 0, 0, 0, 0, 0, 0, 0, 0, 0, 0, 0, 0, 0, 0, 0, 0, 0, 0, 0, 0, 0, 0, 0, 0, 0, 0, 0, 0, 0, 0, 0, 0, 0, 0, 0, 0, 0, 0, 0, 0, 0, 0, 0, 0, 0, 0, 0, 0, 0, 0, 0, 0, 0, 0, 0, 0, 0, 0, 0, 0, 0, 0, 0, 0, 0, 0, 0, 0, 0, 0, 0, 0, 0, 0, 0, 0, 0, 0, 0, 0, 0, 0, 0, 0, 0, 0, 0, 0, 0, 0, 0, 0, 0, 0, 0, 0, 0, 0, 0, 0, 0, 0, 0, 0, 0, 0, 0, 0, 0, 0, 0, 0, 0, 0, 0, 0, 0, 0, 0, 0, 0, 0, 0, 0, 0, 0, 0, 0, 0, 0, 0, 0, 0, 0, 0, 0, 0, 0, 0, 0, 0, 0, 0, 0, 0, 0, 0, 0, 0, 0, 0, 0, 0, 0, 0, 0, 0, 0, 0, 0, 0, 0, 0, 0, 0, 0, 0, 0, 0, 0, 0, 0, 0, 0, 0, 0, 0, 0, 0, 0, 0, 0, 0, 0, 0, 0, 0, 0, 0, 0,
 0, 0, 0, 0, 0, 0, 0, 0, 0, 0, 0, 0, 0, 0, 0, 0, 0, 0, 0, 0, 0, 0, 0, 0, 0, 0, 0, 0, 0, 0, 0, 0, 0, 0, 0, 0, 0, 0, 0, 0, 0, 0, 0, 0, 0, 0, 0, 0, 0, 0, 0, 0, 0, 0, 0, 0, 0, 0, 0, 0, 0, 0, 0, 0, 0, 0, 0, 0, 0, 0, 0, 0, 0, 0, 0, 0, 0, 0, 0, 0, 0, 0, 0, 0, 0, 0, 0, 0, 0, 0, 0, 0, 0, 0, 0, 0, 0, 0, 0, 0, 0, 0, 0, 0, 0, 0, 0, 0, 0,
 0, 0, 0, 0, 0, 0, 0, 0, 0, 0, 0, 0, 0, 0, 0, 0, 0, 0, 0, 0, 0, 0, 0, 0, 0, 0, 0, 0, 0, 0, 0, 0, 0, 0, 0, 0, 0, 0, 0, 0, 0, 0, 0, 0, 0, 0, 0, 0, 0, 0, 0, 0, 0, 0, 0, 0, 0, 0, 0, 0, 0, 0, 0, 0, 0, 0, 0, 0, 0, 0,
 0, 0, 0, 0, 0, 0, 0, 0, 0, 0, 0, 0, 0, 0, 0, 0, 0, 0, 0, 0, 0, 0, 0, 0, 0, 0, 0, 0, 0, 0, 0, 0, 0, 0, 0, 0, 0, 0, 0, 0, 0, 0, 0, 0, 0, 0, 0, 0, 0, 0, 0, 0, 0, 0, 0,
 0, 0, 0, 0, 0, 0, 0, 0, 0, 0, 0, 0, 0, 0, 0, 0, 0, 0, 0, 0, 0, 0, 0, 0, 0, 0, 0, 0, 0, 0, 0, 0,
 0, 0, 0, 0, 0, 0, 0, 0, 0, 0, 0, 0, 0, 0, 0, 0, 0, 0, 0, 0, 0, 0, 0, 0, 0, 0, 0, 0, 0, 0, 0, 0, 0, 0, 0, 0, 0, 0, 0, 0, 0, 0, 0, 0, 0, 0, 0, 0, 0, 0, 0, 0, 0, 0, 0, 0, 0, 0, 0, 0, 0, 0, 0, 0, 0, 0, 0, 0, 0, 0, 0, 0, 0, 0, 0, 0, 0, 0, 0, 0, 0, 0, 0, 0, 0, 0, 0, 0, 0, 0, 0, 0, 0, 0, 0, 0, 0, 0, 0, 0, 0, 0, 0, 0, 0, 0, 0, 0, 0, 0,
 0, 0, 0, 0, 0, 0, 0, 0, 0, 0, 0, 0, 0, 0, 0, 0, 0, 0,
 0, 0, 0, 0, 0, 0, 0, 0, 0, 0, 0, 0, 0, 0,
 0, 0, 0, 0, 0, 0,
 0, 0, 0, 0, 0, 0,
 0, 0, 0, 0, 0, 0,
 0, 0, 0, 0, 0, 0, 0, 0, 0, 0, 0, 0, 0, 0, 0, 0, 0, 0, 0, 0, 0, 0, 0, 0, 0, 0, 0, 0, 0, 0, 0, 0, 0, 0, 0, 0, 0, 0, 0, 0, 0, 0, 0, 0, 0, 0, 0, 0, 0, 0, 0, 0, 0, 0, 0, 0, 0, 0, 0, 0, 0, 0, 0, 0, 0, 0, 0, 0, 0, 0, 0, 0,
 0, 0, 0, 0, 0, 0, 0, 0, 0, 0, 0, 0, 0, 0, 0, 0, 0, 0, 0, 0, 0, 0, 0, 0, 0, 0, 0, 0, 0, 0, 0, 0, 0, 0, 0, 0, 0, 0, 0, 0, 0, 0, 0, 0, 0, 0, 0, 0, 0, 0, 0, 0, 0, 0, 0, 0, 0, 0, 0, 0, 0, 0, 0, 0, 0, 0, 0, 0, 0, 0,
 0, 0, 0, 0, 0, 0, 0, 0, 0, 0, 0, 0, 0, 0, 0, 0, 0, 0, 0, 0, 0, 0, 0, 0, 0, 0, 0, 0, 0, 0, 0, 0, 0, 0, 0, 0, 0, 0, 0, 0, 0, 0, 0, 0, 0, 0, 0, 0, 0, 0, 0, 0, 0, 0, 0, 0, 0, 0, 0, 0, 0, 0, 0, 0, 0, 0, 0, 0, 0, 0, 0,
 0, 0, 0, 0, 0, 0, 0, 0, 0, 0, 0, 0, 0, 0, 0, 0, 0, 0, 0, 0, 0, 0, 0, 0, 0, 0, 0, 0, 0, 0, 0, 0, 0, 0, 0, 0, 0, 0, 0, 0, 0, 0, 0, 0, 0, 0, 0, 0, 0, 0, 0, 0, 0, 0, 0, 0, 0, 0, 0, 0, 0, 0, 0, 0, 0, 0, 0, 0, 0, 0, 0,
 0, 0, 0, 0, 0, 0, 0, 0, 0, 0, 0, 0, 0, 0, 0, 0, 0, 0, 0, 0, 0, 0, 0, 0, 0, 0, 0, 0, 0, 0, 0, 0, 0, 0, 0, 0, 0, 0, 0, 0, 0, 0, 0, 0, 0, 0, 0, 0, 0, 0, 0, 0, 0, 0, 0, 0, 0, 0, 0, 0, 0, 0, 0, 0, 0, 0, 0, 0, 0, 0, 0,
 0, 0, 0, 0, 0, 0, 0, 0, 0, 0, 0, 0, 0, 0, 0, 0, 0, 0, 0, 0, 0, 0, 0, 0, 0, 0, 0, 0, 0, 0, 0, 0, 0, 0, 0, 0, 0, 0, 0, 0, 0, 0, 0, 0, 0, 0, 0, 0,
 0, 0, 0, 0, 0, 0,
 0, 0, 0, 0, 0, 0,
 0, 0, 0, 0, 0, 0,
]
normalIndex [
 252, 252, 241, -1, 241, 252, 241, -1, 241, 241, 219, -1,
 219, 241, 219, -1, 219, 219, 192, -1, 192, 219, 192, -1,
 192, 192, 164, -1, 164, 192, 164, -1, 164, 164, 143, -1,
 143, 164, 143, -1, 143, 143, 126, -1, 126, 143, 126, -1,
 126, 126, 103, -1, 103, 126, 103, -1, 103, 103, 80, -1,
 80, 103, 80, -1, 80, 80, 51, -1, 51, 80, 51, -1,
 51, 51, 27, -1, 27, 51, 27, -1, 27, 27, 9, -1,
 9, 27, 9, -1, 9, 9, 0, -1, 0, 9, 0, -1,
 252, 252, 241, -1, 241, 252, 241, -1, 241, 241, 219, -1,
 219, 241, 219, -1, 219, 219, 192, -1, 192, 219, 192, -1,
 192, 192, 164, -1, 164, 192, 164, -1, 164, 164, 143, -1,
 143, 164, 143, -1, 143, 143, 126, -1, 126, 143, 126, -1,
 126, 126, 103, -1, 103, 126, 103, -1, 103, 103, 80, -1,
 80, 103, 80, -1, 80, 80, 51, -1, 51, 80, 51, -1,
 51, 51, 27, -1, 27, 51, 27, -1, 27, 27, 9, -1,
 9, 27, 9, -1, 9, 9, 0, -1, 0, 9, 0, -1,
 252, 252, 241, -1, 241, 252, 241, -1, 241, 241, 219, -1,
 219, 241, 219, -1, 219, 219, 192, -1, 192, 219, 192, -1,
 192, 192, 164, -1, 192, 164, 164, -1, 164, 164, 156, -1,
 164, 156, 143, -1, 143, 156, 143, -1, 143, 143, 126, -1,
 126, 143, 126, -1, 126, 126, 103, -1, 103, 126, 103, -1,
 103, 103, 80, -1, 80, 103, 80, -1, 80, 80, 51, -1,
 51, 80, 51, -1, 51, 51, 27, -1, 27, 51, 27, -1,
 27, 27, 9, -1, 9, 27, 9, -1, 9, 9, 0, -1,
 0, 9, 0, -1, 252, 252, 241, -1, 241, 252, 241, -1,
 241, 241, 219, -1, 219, 241, 219, -1, 219, 219, 192, -1,
 192, 219, 192, -1, 192, 192, 164, -1, 164, 192, 164, -1,
 164, 164, 143, -1, 143, 164, 143, -1, 143, 143, 126, -1,
 126, 143, 126, -1, 126, 126, 103, -1, 103, 126, 103, -1,
 103, 103, 80, -1, 80, 103, 80, -1, 80, 80, 51, -1,
 51, 80, 51, -1, 51, 51, 27, -1, 27, 51, 27, -1,
 27, 27, 9, -1, 9, 27, 9, -1, 9, 9, 0, -1,
 0, 9, 0, -1, 252, 252, 241, -1, 241, 252, 241, -1,
 241, 241, 219, -1, 219, 241, 219, -1, 219, 219, 192, -1,
 192, 219, 192, -1, 192, 192, 164, -1, 164, 192, 164, -1,
 164, 164, 143, -1, 143, 164, 143, -1, 143, 143, 126, -1,
 126, 143, 126, -1, 126, 126, 103, -1, 126, 103, 103, -1,
 103, 103, 88, -1, 103, 88, 80, -1, 80, 88, 80, -1,
 80, 80, 51, -1, 51, 80, 51, -1, 51, 51, 27, -1,
 27, 51, 27, -1, 27, 27, 9, -1, 9, 27, 9, -1,
 9, 9, 0, -1, 0, 9, 0, -1, 252, 252, 241, -1,
 241, 252, 241, -1, 241, 241, 219, -1, 219, 241, 219, -1,
 219, 219, 192, -1, 192, 219, 192, -1, 192, 192, 164, -1,
 164, 192, 164, -1, 164, 164, 143, -1, 143, 164, 143, -1,
 143, 143, 126, -1, 126, 143, 126, -1, 126, 126, 103, -1,
 126, 103, 103, -1, 103, 103, 88, -1, 103, 88, 80, -1,
 80, 88, 80, -1, 80, 80, 51, -1, 51, 80, 51, -1,
 51, 51, 27, -1, 27, 51, 27, -1, 27, 27, 9, -1,
 9, 27, 9, -1, 9, 9, 0, -1, 0, 9, 0, -1,
 252, 252, 241, -1, 241, 252, 241, -1, 241, 241, 219, -1,
 219, 241, 219, -1, 219, 219, 192, -1, 192, 219, 192, -1,
 192, 192, 164, -1, 164, 192, 164, -1, 164, 164, 143, -1,
 143, 164, 143, -1, 143, 143, 126, -1, 126, 143, 126, -1,
 126, 126, 103, -1, 103, 126, 103, -1, 103, 103, 80, -1,
 80, 103, 80, -1, 80, 80, 51, -1, 51, 80, 51, -1,
 51, 51, 27, -1, 27, 51, 27, -1, 27, 27, 9, -1,
 9, 27, 9, -1, 9, 9, 0, -1, 0, 9, 0, -1,
 241, 252, 252, -1, 252, 241, 241, -1, 241, 241, 223, -1,
 241, 223, 219, -1, 219, 223, 219, -1, 219, 219, 192, -1,
 192, 219, 192, -1, 192, 192, 164, -1, 164, 192, 164, -1,
 164, 164, 143, -1, 143, 164, 143, -1, 143, 143, 126, -1,
 126, 143, 126, -1, 126, 126, 103, -1, 103, 126, 103, -1,
 103, 103, 80, -1, 80, 103, 80, -1, 80, 80, 51, -1,
 51, 80, 51, -1, 51, 51, 27, -1, 51, 27, 27, -1,
 27, 27, 22, -1, 27, 22, 9, -1, 9, 22, 9, -1,
 9, 9, 0, -1, 0, 9, 0, -1, 252, 252, 241, -1,
 241, 252, 241, -1, 241, 241, 219, -1, 219, 241, 219, -1,
 219, 219, 192, -1, 192, 219, 192, -1, 192, 192, 164, -1,
 164, 192, 164, -1, 164, 164, 143, -1, 143, 164, 143, -1,
 143, 143, 126, -1, 126, 143, 126, -1, 126, 126, 103, -1,
 103, 126, 103, -1, 103, 103, 80, -1, 80, 103, 80, -1,
 80, 80, 51, -1, 51, 80, 51, -1, 51, 51, 27, -1,
 27, 51, 27, -1, 27, 27, 9, -1, 9, 27, 9, -1,
 9, 9, 0, -1, 0, 9, 0, -1, 241, 252, 252, -1,
 252, 241, 241, -1, 241, 241, 223, -1, 241, 223, 219, -1,
 219, 223, 219, -1, 219, 219, 192, -1, 192, 219, 192, -1,
 192, 192, 164, -1, 164, 192, 164, -1, 164, 164, 143, -1,
 143, 164, 143, -1, 143, 143, 126, -1, 126, 143, 126, -1,
 126, 126, 103, -1, 103, 126, 103, -1, 103, 103, 80, -1,
 80, 103, 80, -1, 80, 80, 51, -1, 51, 80, 51, -1,
 51, 51, 27, -1, 51, 27, 27, -1, 27, 27, 22, -1,
 27, 22, 9, -1, 9, 22, 9, -1, 9, 9, 0, -1,
 0, 9, 0, -1, 0, 0, 9, -1, 9, 0, 9, -1,
 9, 9, 27, -1, 27, 9, 27, -1, 27, 27, 51, -1,
 51, 27, 51, -1, 51, 51, 80, -1, 80, 51, 80, -1,
 80, 80, 103, -1, 103, 80, 103, -1, 103, 103, 126, -1,
 126, 103, 126, -1, 126, 126, 143, -1, 143, 126, 143, -1,
 143, 143, 164, -1, 164, 143, 164, -1, 164, 164, 192, -1,
 192, 164, 192, -1, 192, 192, 219, -1, 219, 192, 219, -1,
 219, 219, 241, -1, 241, 219, 241, -1, 241, 241, 252, -1,
 252, 241, 252, -1, 0, 0, 9, -1, 9, 0, 9, -1,
 9, 9, 27, -1, 27, 9, 27, -1, 27, 27, 51, -1,
 51, 27, 51, -1, 51, 51, 80, -1, 80, 51, 80, -1,
 80, 80, 103, -1, 103, 80, 103, -1, 103, 103, 126, -1,
 126, 103, 126, -1, 126, 126, 143, -1, 143, 126, 143, -1,
 143, 143, 164, -1, 164, 143, 164, -1, 164, 164, 192, -1,
 192, 164, 192, -1, 192, 192, 219, -1, 219, 192, 219, -1,
 219, 219, 241, -1, 241, 219, 241, -1, 241, 241, 252, -1,
 252, 241, 252, -1, 0, 0, 9, -1, 9, 0, 9, -1,
 9, 9, 27, -1, 27, 9, 27, -1, 27, 27, 51, -1,
 51, 27, 51, -1, 51, 51, 80, -1, 80, 51, 80, -1,
 80, 80, 103, -1, 103, 80, 103, -1, 103, 103, 126, -1,
 126, 103, 126, -1, 126, 126, 143, -1, 143, 126, 143, -1,
 143, 143, 164, -1, 164, 143, 164, -1, 164, 164, 192, -1,
 192, 164, 192, -1, 192, 192, 219, -1, 219, 192, 219, -1,
 219, 219, 241, -1, 241, 219, 241, -1, 241, 241, 252, -1,
 252, 241, 252, -1, 0, 0, 9, -1, 9, 0, 9, -1,
 9, 9, 27, -1, 27, 9, 27, -1, 27, 27, 51, -1,
 51, 27, 51, -1, 51, 51, 80, -1, 80, 51, 80, -1,
 80, 80, 103, -1, 103, 80, 103, -1, 103, 103, 126, -1,
 126, 103, 126, -1, 126, 126, 143, -1, 143, 126, 143, -1,
 143, 143, 164, -1, 164, 143, 164, -1, 164, 164, 192, -1,
 192, 164, 192, -1, 192, 192, 219, -1, 219, 192, 219, -1,
 219, 219, 241, -1, 241, 219, 241, -1, 241, 241, 252, -1,
 252, 241, 252, -1, 241, 252, 252, -1, 252, 241, 241, -1,
 241, 241, 221, -1, 241, 221, 219, -1, 219, 221, 219, -1,
 219, 219, 192, -1, 192, 219, 192, -1, 192, 192, 164, -1,
 164, 192, 164, -1, 164, 164, 143, -1, 143, 164, 143, -1,
 143, 143, 126, -1, 143, 126, 126, -1, 126, 126, 114, -1,
 126, 114, 103, -1, 103, 114, 103, -1, 103, 103, 80, -1,
 80, 103, 80, -1, 80, 80, 51, -1, 51, 80, 51, -1,
 51, 51, 27, -1, 27, 51, 27, -1, 27, 27, 9, -1,
 9, 27, 9, -1, 9, 9, 0, -1, 0, 9, 0, -1,
 50, 50, 58, -1, 58, 50, 58, -1, 58, 58, 67, -1,
 67, 58, 67, -1, 67, 67, 75, -1, 75, 67, 79, -1,
 151, 139, 137, -1, 137, 139, 137, -1, 137, 137, 125, -1,
 125, 137, 125, -1, 125, 125, 107, -1, 107, 125, 107, -1,
 107, 107, 95, -1, 95, 107, 95, -1, 95, 95, 79, -1,
 79, 95, 79, -1, 79, 79, 75, -1, 174, 165, 163, -1,
 163, 165, 163, -1, 163, 163, 151, -1, 151, 163, 151, -1,
 151, 151, 139, -1, 191, 191, 184, -1, 184, 191, 184, -1,
 184, 184, 174, -1, 174, 184, 174, -1, 174, 174, 165, -1,
 50, 50, 52, -1, 52, 50, 58, -1, 52, 58, 58, -1,
 58, 58, 67, -1, 67, 58, 67, -1, 67, 67, 79, -1,
 79, 67, 79, -1, 79, 79, 95, -1, 95, 79, 95, -1,
 95, 95, 107, -1, 107, 95, 107, -1, 107, 107, 125, -1,
 125, 107, 125, -1, 125, 125, 137, -1, 137, 125, 137, -1,
 137, 137, 151, -1, 151, 137, 151, -1, 151, 151, 163, -1,
 163, 151, 163, -1, 163, 163, 174, -1, 174, 163, 174, -1,
 174, 174, 184, -1, 184, 174, 184, -1, 184, 184, 189, -1,
 189, 184, 191, -1, 189, 191, 191, -1, 50, 50, 58, -1,
 58, 50, 58, -1, 58, 58, 67, -1, 67, 58, 67, -1,
 67, 67, 79, -1, 79, 67, 79, -1, 79, 79, 85, -1,
 85, 79, 95, -1, 125, 110, 107, -1, 107, 110, 107, -1,
 107, 107, 95, -1, 95, 107, 95, -1, 95, 95, 85, -1,
 191, 191, 184, -1, 184, 191, 184, -1, 184, 184, 174, -1,
 174, 184, 174, -1, 174, 174, 163, -1, 163, 174, 163, -1,
 163, 163, 151, -1, 151, 163, 151, -1, 151, 151, 137, -1,
 137, 151, 137, -1, 137, 137, 125, -1, 125, 137, 125, -1,
 125, 125, 110, -1, 50, 50, 58, -1, 58, 50, 58, -1,
 58, 58, 67, -1, 67, 58, 67, -1, 67, 67, 70, -1,
 70, 67, 79, -1, 174, 170, 163, -1, 163, 170, 163, -1,
 163, 163, 151, -1, 151, 163, 151, -1, 151, 151, 137, -1,
 137, 151, 137, -1, 137, 137, 125, -1, 125, 137, 125, -1,
 125, 125, 107, -1, 107, 125, 107, -1, 107, 107, 95, -1,
 95, 107, 95, -1, 95, 95, 79, -1, 79, 95, 79, -1,
 79, 79, 70, -1, 191, 191, 184, -1, 184, 191, 184, -1,
 184, 184, 174, -1, 174, 184, 174, -1, 174, 174, 170, -1,
 252, 252, 241, -1, 241, 252, 241, -1, 241, 241, 219, -1,
 219, 241, 219, -1, 219, 219, 192, -1, 192, 219, 192, -1,
 192, 192, 164, -1, 164, 192, 164, -1, 164, 164, 143, -1,
 143, 164, 143, -1, 143, 143, 126, -1, 126, 143, 126, -1,
 126, 126, 103, -1, 103, 126, 103, -1, 103, 103, 80, -1,
 80, 103, 80, -1, 80, 80, 51, -1, 51, 80, 51, -1,
 51, 51, 27, -1, 27, 51, 27, -1, 27, 27, 9, -1,
 9, 27, 9, -1, 9, 9, 0, -1, 0, 9, 0, -1,
 252, 252, 241, -1, 241, 252, 241, -1, 241, 241, 219, -1,
 219, 241, 219, -1, 219, 219, 192, -1, 192, 219, 192, -1,
 192, 192, 164, -1, 164, 192, 164, -1, 164, 164, 143, -1,
 143, 164, 143, -1, 143, 143, 126, -1, 126, 143, 126, -1,
 126, 126, 103, -1, 103, 126, 103, -1, 103, 103, 80, -1,
 80, 103, 80, -1, 80, 80, 51, -1, 51, 80, 51, -1,
 51, 51, 27, -1, 27, 51, 27, -1, 27, 27, 9, -1,
 9, 27, 9, -1, 9, 9, 0, -1, 0, 9, 0, -1,
 252, 252, 241, -1, 241, 252, 241, -1, 241, 241, 219, -1,
 219, 241, 219, -1, 219, 219, 192, -1, 192, 219, 192, -1,
 192, 192, 164, -1, 164, 192, 164, -1, 164, 164, 143, -1,
 143, 164, 143, -1, 143, 143, 126, -1, 126, 143, 126, -1,
 126, 126, 103, -1, 103, 126, 103, -1, 103, 103, 80, -1,
 80, 103, 80, -1, 80, 80, 51, -1, 51, 80, 51, -1,
 51, 51, 27, -1, 27, 51, 27, -1, 27, 27, 9, -1,
 9, 27, 9, -1, 9, 9, 0, -1, 0, 9, 0, -1,
 252, 252, 241, -1, 241, 252, 241, -1, 241, 241, 219, -1,
 219, 241, 219, -1, 219, 219, 192, -1, 192, 219, 192, -1,
 192, 192, 164, -1, 164, 192, 164, -1, 164, 164, 143, -1,
 143, 164, 143, -1, 143, 143, 126, -1, 126, 143, 126, -1,
 126, 126, 103, -1, 103, 126, 103, -1, 103, 103, 80, -1,
 80, 103, 80, -1, 80, 80, 51, -1, 51, 80, 51, -1,
 51, 51, 27, -1, 27, 51, 27, -1, 27, 27, 9, -1,
 9, 27, 9, -1, 9, 9, 0, -1, 0, 9, 0, -1,
 245, 252, 252, -1, 252, 245, 245, -1, 245, 245, 234, -1,
 245, 234, 232, -1, 234, 232, 232, -1, 232, 232, 216, -1,
 232, 216, 208, -1, 208, 216, 208, -1, 208, 208, 206, -1,
 206, 208, 202, -1, 202, 208, 188, -1, 202, 188, 180, -1,
 180, 188, 180, -1, 180, 180, 164, -1, 164, 180, 164, -1,
 164, 164, 147, -1, 147, 164, 147, -1, 147, 147, 132, -1,
 147, 132, 132, -1, 132, 132, 126, -1, 132, 126, 116, -1,
 116, 126, 116, -1, 116, 116, 99, -1, 99, 116, 99, -1,
 99, 99, 80, -1, 80, 99, 80, -1, 80, 80, 62, -1,
 80, 62, 62, -1, 62, 62, 54, -1, 62, 54, 40, -1,
 40, 54, 35, -1, 40, 35, 35, -1, 35, 35, 24, -1,
 35, 24, 16, -1, 24, 16, 16, -1, 16, 16, 13, -1,
 16, 13, 5, -1, 5, 13, 5, -1, 5, 5, 0, -1,
 0, 5, 0, -1, 252, 252, 248, -1, 252, 248, 248, -1,
 248, 248, 238, -1, 248, 238, 238, -1, 238, 238, 229, -1,
 238, 229, 229, -1, 229, 229, 212, -1, 229, 212, 212, -1,
 212, 212, 196, -1, 212, 196, 196, -1, 196, 196, 177, -1,
 196, 177, 177, -1, 177, 177, 164, -1, 177, 164, 164, -1,
 164, 164, 153, -1, 164, 153, 153, -1, 153, 153, 141, -1,
 153, 141, 141, -1, 141, 141, 129, -1, 141, 129, 129, -1,
 129, 129, 119, -1, 129, 119, 119, -1, 119, 119, 105, -1,
 119, 105, 105, -1, 105, 105, 93, -1, 105, 93, 93, -1,
 93, 93, 90, -1, 93, 90, 80, -1, 90, 80, 80, -1,
 80, 80, 64, -1, 80, 64, 64, -1, 64, 64, 46, -1,
 64, 46, 46, -1, 46, 46, 37, -1, 37, 46, 31, -1,
 37, 31, 31, -1, 31, 31, 18, -1, 31, 18, 18, -1,
 18, 18, 11, -1, 18, 11, 11, -1, 11, 11, 3, -1,
 11, 3, 3, -1, 3, 3, 0, -1, 3, 0, 0, -1,
 121, 121, 121, -1, 121, 121, 121, -1, 121, 121, 121, -1,
 121, 121, 121, -1, 121, 121, 121, -1, 121, 121, 121, -1,
 121, 121, 121, -1, 121, 121, 121, -1, 121, 121, 121, -1,
 126, 126, 126, -1, 126, 126, 126, -1, 126, 126, 126, -1,
 126, 126, 126, -1, 126, 126, 126, -1, 126, 126, 126, -1,
 126, 126, 126, -1, 126, 126, 126, -1, 126, 126, 126, -1,
 126, 126, 126, -1, 0, 0, 0, -1, 0, 0, 0, -1,
 0, 0, 0, -1, 0, 0, 0, -1, 0, 0, 0, -1,
 0, 0, 0, -1, 252, 252, 252, -1, 252, 252, 252, -1,
 252, 252, 252, -1, 252, 252, 252, -1, 252, 252, 252, -1,
 252, 252, 252, -1, 123, 123, 123, -1, 123, 123, 123, -1,
 123, 123, 123, -1, 123, 123, 123, -1, 123, 123, 123, -1,
 123, 123, 123, -1, 123, 123, 123, -1, 123, 123, 123, -1,
 123, 123, 123, -1, 123, 123, 123, -1, 123, 123, 123, -1,
 123, 123, 123, -1, 123, 123, 123, -1, 123, 123, 123, -1,
 123, 123, 123, -1, 123, 123, 123, -1, 123, 123, 123, -1,
 123, 123, 123, -1, 123, 123, 123, -1, 123, 123, 123, -1,
 123, 123, 123, -1, 123, 123, 123, -1, 123, 123, 123, -1,
 123, 123, 123, -1, 123, 123, 123, -1, 123, 123, 123, -1,
 123, 123, 123, -1, 123, 123, 123, -1, 123, 123, 123, -1,
 123, 123, 123, -1, 123, 123, 123, -1, 123, 123, 123, -1,
 123, 123, 123, -1, 123, 123, 123, -1, 123, 123, 123, -1,
 123, 123, 123, -1, 123, 123, 123, -1, 123, 123, 123, -1,
 123, 123, 123, -1, 123, 123, 123, -1, 123, 123, 123, -1,
 123, 123, 123, -1, 123, 123, 123, -1, 123, 123, 123, -1,
 123, 123, 123, -1, 123, 123, 123, -1, 123, 123, 123, -1,
 123, 123, 123, -1, 123, 123, 123, -1, 123, 123, 123, -1,
 123, 123, 123, -1, 123, 123, 123, -1, 123, 123, 123, -1,
 123, 123, 123, -1, 123, 123, 123, -1, 123, 123, 123, -1,
 123, 123, 123, -1, 123, 123, 123, -1, 123, 123, 123, -1,
 123, 123, 123, -1, 123, 123, 123, -1, 123, 123, 123, -1,
 123, 123, 123, -1, 123, 123, 123, -1, 123, 123, 123, -1,
 123, 123, 123, -1, 123, 123, 123, -1, 123, 123, 123, -1,
 123, 123, 123, -1, 123, 123, 123, -1, 123, 123, 123, -1,
 123, 123, 123, -1, 123, 123, 123, -1, 123, 123, 123, -1,
 123, 123, 123, -1, 123, 123, 123, -1, 123, 123, 123, -1,
 123, 123, 123, -1, 123, 123, 123, -1, 123, 123, 123, -1,
 123, 123, 123, -1, 123, 123, 123, -1, 123, 123, 123, -1,
 123, 123, 123, -1, 123, 123, 123, -1, 123, 123, 123, -1,
 123, 123, 123, -1, 123, 123, 123, -1, 123, 123, 123, -1,
 123, 123, 123, -1, 123, 123, 123, -1, 123, 123, 123, -1,
 123, 123, 123, -1, 123, 123, 123, -1, 123, 123, 123, -1,
 123, 123, 123, -1, 123, 123, 123, -1, 123, 123, 123, -1,
 123, 123, 123, -1, 123, 123, 123, -1, 123, 123, 123, -1,
 123, 123, 123, -1, 123, 123, 123, -1, 123, 123, 123, -1,
 123, 123, 123, -1, 123, 123, 123, -1, 123, 123, 123, -1,
 123, 123, 123, -1, 123, 123, 123, -1, 123, 123, 123, -1,
 123, 123, 123, -1, 123, 123, 123, -1, 123, 123, 123, -1,
 123, 123, 123, -1, 123, 123, 123, -1, 123, 123, 123, -1,
 123, 123, 123, -1, 123, 123, 123, -1, 123, 123, 123, -1,
 123, 123, 123, -1, 123, 123, 123, -1, 123, 123, 123, -1,
 123, 123, 123, -1, 123, 123, 123, -1, 123, 123, 123, -1,
 123, 123, 123, -1, 123, 123, 123, -1, 123, 123, 123, -1,
 123, 123, 123, -1, 123, 123, 123, -1, 123, 123, 123, -1,
 123, 123, 123, -1, 123, 123, 123, -1, 123, 123, 123, -1,
 123, 123, 123, -1, 123, 123, 123, -1, 123, 123, 123, -1,
 123, 123, 123, -1, 123, 123, 123, -1, 123, 123, 123, -1,
 123, 123, 123, -1, 123, 123, 123, -1, 123, 123, 123, -1,
 123, 123, 123, -1, 123, 123, 123, -1, 123, 123, 123, -1,
 123, 123, 123, -1, 123, 123, 123, -1, 123, 123, 123, -1,
 123, 123, 123, -1, 123, 123, 123, -1, 123, 123, 123, -1,
 123, 123, 123, -1, 123, 123, 123, -1, 123, 123, 123, -1,
 123, 123, 123, -1, 123, 123, 123, -1, 123, 123, 123, -1,
 123, 123, 123, -1, 123, 123, 123, -1, 123, 123, 123, -1,
 123, 123, 123, -1, 123, 123, 123, -1, 123, 123, 123, -1,
 123, 123, 123, -1, 123, 123, 123, -1, 123, 123, 123, -1,
 123, 123, 123, -1, 123, 123, 123, -1, 123, 123, 123, -1,
 123, 123, 123, -1, 123, 123, 123, -1, 123, 123, 123, -1,
 123, 123, 123, -1, 123, 123, 123, -1, 123, 123, 123, -1,
 123, 123, 123, -1, 123, 123, 123, -1, 123, 123, 123, -1,
 123, 123, 123, -1, 123, 123, 123, -1, 123, 123, 123, -1,
 123, 123, 123, -1, 123, 123, 123, -1, 123, 123, 123, -1,
 123, 123, 123, -1, 123, 123, 123, -1, 123, 123, 123, -1,
 123, 123, 123, -1, 123, 123, 123, -1, 123, 123, 123, -1,
 123, 123, 123, -1, 123, 123, 123, -1, 123, 123, 123, -1,
 123, 123, 123, -1, 123, 123, 123, -1, 123, 123, 123, -1,
 123, 123, 123, -1, 123, 123, 123, -1, 123, 123, 123, -1,
 123, 123, 123, -1, 123, 123, 123, -1, 123, 123, 123, -1,
 123, 123, 123, -1, 123, 123, 123, -1, 123, 123, 123, -1,
 123, 123, 123, -1, 123, 123, 123, -1, 123, 123, 123, -1,
 123, 123, 123, -1, 123, 123, 123, -1, 123, 123, 123, -1,
 123, 123, 123, -1, 123, 123, 123, -1, 123, 123, 123, -1,
 123, 123, 123, -1, 123, 123, 123, -1, 123, 123, 123, -1,
 123, 123, 123, -1, 123, 123, 123, -1, 123, 123, 123, -1,
 123, 123, 123, -1, 123, 123, 123, -1, 123, 123, 123, -1,
 123, 123, 123, -1, 123, 123, 123, -1, 124, 124, 124, -1,
 124, 124, 124, -1, 124, 124, 124, -1, 124, 124, 124, -1,
 124, 124, 124, -1, 124, 124, 124, -1, 124, 124, 124, -1,
 124, 124, 124, -1, 124, 124, 124, -1, 124, 124, 124, -1,
 124, 124, 124, -1, 124, 124, 124, -1, 124, 124, 124, -1,
 124, 124, 124, -1, 124, 124, 124, -1, 124, 124, 124, -1,
 124, 124, 124, -1, 124, 124, 124, -1, 124, 124, 124, -1,
 124, 124, 124, -1, 124, 124, 124, -1, 124, 124, 124, -1,
 124, 124, 124, -1, 124, 124, 124, -1, 124, 124, 124, -1,
 124, 124, 124, -1, 124, 124, 124, -1, 124, 124, 124, -1,
 124, 124, 124, -1, 124, 124, 124, -1, 124, 124, 124, -1,
 124, 124, 124, -1, 124, 124, 124, -1, 124, 124, 124, -1,
 124, 124, 124, -1, 124, 124, 124, -1, 124, 124, 124, -1,
 124, 124, 124, -1, 124, 124, 124, -1, 124, 124, 124, -1,
 124, 124, 124, -1, 124, 124, 124, -1, 124, 124, 124, -1,
 124, 124, 124, -1, 124, 124, 124, -1, 124, 124, 124, -1,
 124, 124, 124, -1, 124, 124, 124, -1, 124, 124, 124, -1,
 124, 124, 124, -1, 124, 124, 124, -1, 124, 124, 124, -1,
 124, 124, 124, -1, 124, 124, 124, -1, 124, 124, 124, -1,
 124, 124, 124, -1, 124, 124, 124, -1, 124, 124, 124, -1,
 124, 124, 124, -1, 124, 124, 124, -1, 124, 124, 124, -1,
 124, 124, 124, -1, 124, 124, 124, -1, 124, 124, 124, -1,
 124, 124, 124, -1, 124, 124, 124, -1, 124, 124, 124, -1,
 124, 124, 124, -1, 124, 124, 124, -1, 124, 124, 124, -1,
 124, 124, 124, -1, 124, 124, 124, -1, 124, 124, 124, -1,
 124, 124, 124, -1, 124, 124, 124, -1, 124, 124, 124, -1,
 124, 124, 124, -1, 124, 124, 124, -1, 124, 124, 124, -1,
 124, 124, 124, -1, 124, 124, 124, -1, 124, 124, 124, -1,
 124, 124, 124, -1, 124, 124, 124, -1, 124, 124, 124, -1,
 124, 124, 124, -1, 124, 124, 124, -1, 124, 124, 124, -1,
 124, 124, 124, -1, 124, 124, 124, -1, 124, 124, 124, -1,
 124, 124, 124, -1, 124, 124, 124, -1, 124, 124, 124, -1,
 124, 124, 124, -1, 124, 124, 124, -1, 124, 124, 124, -1,
 124, 124, 124, -1, 124, 124, 124, -1, 124, 124, 124, -1,
 124, 124, 124, -1, 124, 124, 124, -1, 124, 124, 124, -1,
 124, 124, 124, -1, 124, 124, 124, -1, 124, 124, 124, -1,
 124, 124, 124, -1, 124, 124, 124, -1, 124, 124, 124, -1,
 124, 124, 124, -1, 124, 124, 124, -1, 124, 124, 124, -1,
 124, 124, 124, -1, 124, 124, 124, -1, 124, 124, 124, -1,
 124, 124, 124, -1, 124, 124, 124, -1, 124, 124, 124, -1,
 124, 124, 124, -1, 124, 124, 124, -1, 124, 124, 124, -1,
 124, 124, 124, -1, 124, 124, 124, -1, 124, 124, 124, -1,
 124, 124, 124, -1, 124, 124, 124, -1, 124, 124, 124, -1,
 124, 124, 124, -1, 124, 124, 124, -1, 124, 124, 124, -1,
 124, 124, 124, -1, 124, 124, 124, -1, 124, 124, 124, -1,
 124, 124, 124, -1, 124, 124, 124, -1, 124, 124, 124, -1,
 124, 124, 124, -1, 124, 124, 124, -1, 124, 124, 124, -1,
 124, 124, 124, -1, 124, 124, 124, -1, 124, 124, 124, -1,
 124, 124, 124, -1, 124, 124, 124, -1, 124, 124, 124, -1,
 124, 124, 124, -1, 124, 124, 124, -1, 124, 124, 124, -1,
 124, 124, 124, -1, 124, 124, 124, -1, 124, 124, 124, -1,
 124, 124, 124, -1, 124, 124, 124, -1, 124, 124, 124, -1,
 124, 124, 124, -1, 124, 124, 124, -1, 124, 124, 124, -1,
 124, 124, 124, -1, 124, 124, 124, -1, 124, 124, 124, -1,
 124, 124, 124, -1, 124, 124, 124, -1, 124, 124, 124, -1,
 124, 124, 124, -1, 124, 124, 124, -1, 124, 124, 124, -1,
 124, 124, 124, -1, 124, 124, 124, -1, 124, 124, 124, -1,
 124, 124, 124, -1, 124, 124, 124, -1, 124, 124, 124, -1,
 124, 124, 124, -1, 124, 124, 124, -1, 124, 124, 124, -1,
 124, 124, 124, -1, 124, 124, 124, -1, 124, 124, 124, -1,
 124, 124, 124, -1, 124, 124, 124, -1, 124, 124, 124, -1,
 124, 124, 124, -1, 124, 124, 124, -1, 124, 124, 124, -1,
 124, 124, 124, -1, 124, 124, 124, -1, 124, 124, 124, -1,
 124, 124, 124, -1, 124, 124, 124, -1, 124, 124, 124, -1,
 124, 124, 124, -1, 124, 124, 124, -1, 124, 124, 124, -1,
 124, 124, 124, -1, 124, 124, 124, -1, 124, 124, 124, -1,
 124, 124, 124, -1, 124, 124, 124, -1, 124, 124, 124, -1,
 124, 124, 124, -1, 124, 124, 124, -1, 124, 124, 124, -1,
 124, 124, 124, -1, 124, 124, 124, -1, 124, 124, 124, -1,
 124, 124, 124, -1, 124, 124, 124, -1, 124, 124, 124, -1,
 124, 124, 124, -1, 124, 124, 124, -1, 124, 124, 124, -1,
 124, 124, 124, -1, 124, 124, 124, -1, 124, 124, 124, -1,
 124, 124, 124, -1, 124, 124, 124, -1, 124, 124, 124, -1,
 124, 124, 124, -1, 124, 124, 124, -1, 124, 124, 124, -1,
 124, 124, 124, -1, 124, 124, 124, -1, 124, 124, 124, -1,
 124, 124, 124, -1, 124, 124, 124, -1, 124, 124, 124, -1,
 124, 124, 124, -1, 124, 124, 124, -1, 124, 124, 124, -1,
 124, 124, 124, -1, 124, 124, 124, -1, 124, 124, 124, -1,
 124, 124, 124, -1, 124, 124, 124, -1, 124, 124, 124, -1,
 124, 124, 124, -1, 124, 124, 124, -1, 124, 124, 124, -1,
 124, 124, 124, -1, 124, 124, 124, -1, 124, 124, 124, -1,
 124, 124, 124, -1, 124, 124, 124, -1, 124, 124, 124, -1,
 124, 124, 124, -1, 124, 124, 124, -1, 124, 124, 124, -1,
 124, 124, 124, -1, 124, 124, 124, -1, 124, 124, 124, -1,
 124, 124, 124, -1, 124, 124, 124, -1, 124, 124, 124, -1,
 124, 124, 124, -1, 124, 124, 124, -1, 124, 124, 124, -1,
 124, 124, 124, -1, 124, 124, 124, -1, 124, 124, 124, -1,
 124, 124, 124, -1, 124, 124, 124, -1, 124, 124, 124, -1,
 124, 124, 124, -1, 124, 124, 124, -1, 124, 124, 124, -1,
 124, 124, 124, -1, 124, 124, 124, -1, 124, 124, 124, -1,
 124, 124, 124, -1, 124, 124, 124, -1, 124, 124, 124, -1,
 124, 124, 124, -1, 124, 124, 124, -1, 124, 124, 124, -1,
 124, 124, 124, -1, 124, 124, 124, -1, 124, 124, 124, -1,
 124, 124, 124, -1, 124, 124, 124, -1, 124, 124, 124, -1,
 124, 124, 124, -1, 124, 124, 124, -1, 124, 124, 124, -1,
 124, 124, 124, -1, 124, 124, 124, -1, 124, 124, 124, -1,
 124, 124, 124, -1, 124, 124, 124, -1, 124, 124, 124, -1,
 124, 124, 124, -1, 124, 124, 124, -1, 124, 124, 124, -1,
 124, 124, 124, -1, 124, 124, 124, -1, 124, 124, 124, -1,
 124, 124, 124, -1, 124, 124, 124, -1, 124, 124, 124, -1,
 124, 124, 124, -1, 124, 124, 124, -1, 124, 124, 124, -1,
 124, 124, 124, -1, 124, 124, 124, -1, 124, 124, 124, -1,
 124, 124, 124, -1, 124, 124, 124, -1, 124, 124, 124, -1,
 124, 124, 124, -1, 124, 124, 124, -1, 124, 124, 124, -1,
 124, 124, 124, -1, 124, 124, 124, -1, 124, 124, 124, -1,
 124, 124, 124, -1, 124, 124, 124, -1, 124, 124, 124, -1,
 124, 124, 124, -1, 124, 124, 124, -1, 124, 124, 124, -1,
 124, 124, 124, -1, 124, 124, 124, -1, 124, 124, 124, -1,
 124, 124, 124, -1, 124, 124, 124, -1, 124, 124, 124, -1,
 124, 124, 124, -1, 124, 124, 124, -1, 124, 124, 124, -1,
 124, 124, 124, -1, 124, 124, 124, -1, 124, 124, 124, -1,
 124, 124, 124, -1, 124, 124, 124, -1, 124, 124, 124, -1,
 124, 124, 124, -1, 124, 124, 124, -1, 124, 124, 124, -1,
 124, 124, 124, -1, 124, 124, 124, -1, 124, 124, 124, -1,
 124, 124, 124, -1, 124, 124, 124, -1, 124, 124, 124, -1,
 124, 124, 124, -1, 124, 124, 124, -1, 124, 124, 124, -1,
 124, 124, 124, -1, 124, 124, 124, -1, 124, 124, 124, -1,
 124, 124, 124, -1, 124, 124, 124, -1, 124, 124, 124, -1,
 124, 124, 124, -1, 124, 124, 124, -1, 124, 124, 124, -1,
 124, 124, 124, -1, 124, 124, 124, -1, 124, 124, 124, -1,
 124, 124, 124, -1, 124, 124, 124, -1, 124, 124, 124, -1,
 124, 124, 124, -1, 124, 124, 124, -1, 124, 124, 124, -1,
 124, 124, 124, -1, 124, 124, 124, -1, 124, 124, 124, -1,
 124, 124, 124, -1, 124, 124, 124, -1, 124, 124, 124, -1,
 124, 124, 124, -1, 124, 124, 124, -1, 124, 124, 124, -1,
 124, 124, 124, -1, 124, 124, 124, -1, 124, 124, 124, -1,
 124, 124, 124, -1, 124, 124, 124, -1, 124, 124, 124, -1,
 124, 124, 124, -1, 124, 124, 124, -1, 124, 124, 124, -1,
 124, 124, 124, -1, 124, 124, 124, -1, 124, 124, 124, -1,
 124, 124, 124, -1, 124, 124, 124, -1, 124, 124, 124, -1,
 124, 124, 124, -1, 124, 124, 124, -1, 124, 124, 124, -1,
 124, 124, 124, -1, 124, 124, 124, -1, 124, 124, 124, -1,
 124, 124, 124, -1, 124, 124, 124, -1, 124, 124, 124, -1,
 124, 124, 124, -1, 124, 124, 124, -1, 124, 124, 124, -1,
 124, 124, 124, -1, 124, 124, 124, -1, 124, 124, 124, -1,
 124, 124, 124, -1, 124, 124, 124, -1, 124, 124, 124, -1,
 124, 124, 124, -1, 124, 124, 124, -1, 124, 124, 124, -1,
 124, 124, 124, -1, 124, 124, 124, -1, 124, 124, 124, -1,
 124, 124, 124, -1, 124, 124, 124, -1, 124, 124, 124, -1,
 124, 124, 124, -1, 124, 124, 124, -1, 124, 124, 124, -1,
 124, 124, 124, -1, 124, 124, 124, -1, 124, 124, 124, -1,
 124, 124, 124, -1, 124, 124, 124, -1, 124, 124, 124, -1,
 124, 124, 124, -1, 124, 124, 124, -1, 124, 124, 124, -1,
 124, 124, 124, -1, 124, 124, 124, -1, 124, 124, 124, -1,
 124, 124, 124, -1, 124, 124, 124, -1, 124, 124, 124, -1,
 124, 124, 124, -1, 124, 124, 124, -1, 124, 124, 124, -1,
 124, 124, 124, -1, 124, 124, 124, -1, 124, 124, 124, -1,
 124, 124, 124, -1, 124, 124, 124, -1, 124, 124, 124, -1,
 124, 124, 124, -1, 124, 124, 124, -1, 124, 124, 124, -1,
 124, 124, 124, -1, 124, 124, 124, -1, 124, 124, 124, -1,
 124, 124, 124, -1, 124, 124, 124, -1, 124, 124, 124, -1,
 124, 124, 124, -1, 124, 124, 124, -1, 124, 124, 124, -1,
 124, 124, 124, -1, 124, 124, 124, -1, 124, 124, 124, -1,
 124, 124, 124, -1, 124, 124, 124, -1, 124, 124, 124, -1,
 124, 124, 124, -1, 124, 124, 124, -1, 124, 124, 124, -1,
 124, 124, 124, -1, 124, 124, 124, -1, 124, 124, 124, -1,
 124, 124, 124, -1, 124, 124, 124, -1, 124, 124, 124, -1,
 124, 124, 124, -1, 124, 124, 124, -1, 124, 124, 124, -1,
 124, 124, 124, -1, 124, 124, 124, -1, 124, 124, 124, -1,
 124, 124, 124, -1, 124, 124, 124, -1, 124, 124, 124, -1,
 124, 124, 124, -1, 124, 124, 124, -1, 124, 124, 124, -1,
 124, 124, 124, -1, 124, 124, 124, -1, 124, 124, 124, -1,
 124, 124, 124, -1, 124, 124, 124, -1, 124, 124, 124, -1,
 124, 124, 124, -1, 124, 124, 124, -1, 124, 124, 124, -1,
 124, 124, 124, -1, 124, 124, 124, -1, 124, 124, 124, -1,
 124, 124, 124, -1, 124, 124, 124, -1, 124, 124, 124, -1,
 124, 124, 124, -1, 124, 124, 124, -1, 124, 124, 124, -1,
 124, 124, 124, -1, 124, 124, 124, -1, 124, 124, 124, -1,
 124, 124, 124, -1, 124, 124, 124, -1, 124, 124, 124, -1,
 124, 124, 124, -1, 124, 124, 124, -1, 124, 124, 124, -1,
 124, 124, 124, -1, 124, 124, 124, -1, 124, 124, 124, -1,
 124, 124, 124, -1, 124, 124, 124, -1, 124, 124, 124, -1,
 124, 124, 124, -1, 124, 124, 124, -1, 124, 124, 124, -1,
 124, 124, 124, -1, 124, 124, 124, -1, 124, 124, 124, -1,
 124, 124, 124, -1, 124, 124, 124, -1, 124, 124, 124, -1,
 124, 124, 124, -1, 124, 124, 124, -1, 124, 124, 124, -1,
 124, 124, 124, -1, 124, 124, 124, -1, 124, 124, 124, -1,
 124, 124, 124, -1, 124, 124, 124, -1, 124, 124, 124, -1,
 124, 124, 124, -1, 124, 124, 124, -1, 124, 124, 124, -1,
 124, 124, 124, -1, 124, 124, 124, -1, 124, 124, 124, -1,
 124, 124, 124, -1, 124, 124, 124, -1, 124, 124, 124, -1,
 124, 124, 124, -1, 124, 124, 124, -1, 124, 124, 124, -1,
 124, 124, 124, -1, 124, 124, 124, -1, 124, 124, 124, -1,
 124, 124, 124, -1, 124, 124, 124, -1, 124, 124, 124, -1,
 124, 124, 124, -1, 124, 124, 124, -1, 124, 124, 124, -1,
 124, 124, 124, -1, 124, 124, 124, -1, 124, 124, 124, -1,
 124, 124, 124, -1, 124, 124, 124, -1, 124, 124, 124, -1,
 124, 124, 124, -1, 124, 124, 124, -1, 124, 124, 124, -1,
 124, 124, 124, -1, 124, 124, 124, -1, 124, 124, 124, -1,
 124, 124, 124, -1, 124, 124, 124, -1, 124, 124, 124, -1,
 124, 124, 124, -1, 124, 124, 124, -1, 124, 124, 124, -1,
 124, 124, 124, -1, 124, 124, 124, -1, 124, 124, 124, -1,
 124, 124, 124, -1, 124, 124, 124, -1, 124, 124, 124, -1,
 124, 124, 124, -1, 124, 124, 124, -1, 124, 124, 124, -1,
 124, 124, 124, -1, 124, 124, 124, -1, 124, 124, 124, -1,
 124, 124, 124, -1, 124, 124, 124, -1, 124, 124, 124, -1,
 124, 124, 124, -1, 124, 124, 124, -1, 124, 124, 124, -1,
 124, 124, 124, -1, 124, 124, 124, -1, 124, 124, 124, -1,
 124, 124, 124, -1, 124, 124, 124, -1, 124, 124, 124, -1,
 124, 124, 124, -1, 124, 124, 124, -1, 124, 124, 124, -1,
 124, 124, 124, -1, 124, 124, 124, -1, 124, 124, 124, -1,
 124, 124, 124, -1, 124, 124, 124, -1, 124, 124, 124, -1,
 124, 124, 124, -1, 124, 124, 124, -1, 124, 124, 124, -1,
 124, 124, 124, -1, 124, 124, 124, -1, 124, 124, 124, -1,
 124, 124, 124, -1, 124, 124, 124, -1, 124, 124, 124, -1,
 124, 124, 124, -1, 124, 124, 124, -1, 124, 124, 124, -1,
 124, 124, 124, -1, 124, 124, 124, -1, 124, 124, 124, -1,
 124, 124, 124, -1, 124, 124, 124, -1, 124, 124, 124, -1,
 124, 124, 124, -1, 124, 124, 124, -1, 124, 124, 124, -1,
 124, 124, 124, -1, 124, 124, 124, -1, 124, 124, 124, -1,
 124, 124, 124, -1, 124, 124, 124, -1, 124, 124, 124, -1,
 124, 124, 124, -1, 124, 124, 124, -1, 124, 124, 124, -1,
 124, 124, 124, -1, 124, 124, 124, -1, 124, 124, 124, -1,
 124, 124, 124, -1, 124, 124, 124, -1, 124, 124, 124, -1,
 124, 124, 124, -1, 124, 124, 124, -1, 124, 124, 124, -1,
 124, 124, 124, -1, 124, 124, 124, -1, 124, 124, 124, -1,
 124, 124, 124, -1, 124, 124, 124, -1, 124, 124, 124, -1,
 124, 124, 124, -1, 124, 124, 124, -1, 124, 124, 124, -1,
 124, 124, 124, -1, 124, 124, 124, -1, 124, 124, 124, -1,
 124, 124, 124, -1, 124, 124, 124, -1, 124, 124, 124, -1,
 124, 124, 124, -1, 124, 124, 124, -1, 124, 124, 124, -1,
 124, 124, 124, -1, 124, 124, 124, -1, 124, 124, 124, -1,
 124, 124, 124, -1, 124, 124, 124, -1, 124, 124, 124, -1,
 124, 124, 124, -1, 124, 124, 124, -1, 124, 124, 124, -1,
 124, 124, 124, -1, 124, 124, 124, -1, 124, 124, 124, -1,
 124, 124, 124, -1, 124, 124, 124, -1, 124, 124, 124, -1,
 124, 124, 124, -1, 124, 124, 124, -1, 124, 124, 124, -1,
 124, 124, 124, -1, 124, 124, 124, -1, 124, 124, 124, -1,
 124, 124, 124, -1, 124, 124, 124, -1, 124, 124, 124, -1,
 124, 124, 124, -1, 124, 124, 124, -1, 124, 124, 124, -1,
 124, 124, 124, -1, 124, 124, 124, -1, 124, 124, 124, -1,
 124, 124, 124, -1, 124, 124, 124, -1, 124, 124, 124, -1,
 124, 124, 124, -1, 124, 124, 124, -1, 124, 124, 124, -1,
 124, 124, 124, -1, 124, 124, 124, -1, 124, 124, 124, -1,
 124, 124, 124, -1, 124, 124, 124, -1, 124, 124, 124, -1,
 124, 124, 124, -1, 124, 124, 124, -1, 124, 124, 124, -1,
 124, 124, 124, -1, 124, 124, 124, -1, 124, 124, 124, -1,
 124, 124, 124, -1, 124, 124, 124, -1, 124, 124, 124, -1,
 124, 124, 124, -1, 124, 124, 124, -1, 124, 124, 124, -1,
 124, 124, 124, -1, 124, 124, 124, -1, 124, 124, 124, -1,
 124, 124, 124, -1, 124, 124, 124, -1, 124, 124, 124, -1,
 124, 124, 124, -1, 124, 124, 124, -1, 124, 124, 124, -1,
 124, 124, 124, -1, 124, 124, 124, -1, 124, 124, 124, -1,
 124, 124, 124, -1, 124, 124, 124, -1, 124, 124, 124, -1,
 124, 124, 124, -1, 124, 124, 124, -1, 124, 124, 124, -1,
 124, 124, 124, -1, 124, 124, 124, -1, 124, 124, 124, -1,
 124, 124, 124, -1, 124, 124, 124, -1, 124, 124, 124, -1,
 124, 124, 124, -1, 124, 124, 124, -1, 124, 124, 124, -1,
 124, 124, 124, -1, 124, 124, 124, -1, 124, 124, 124, -1,
 124, 124, 124, -1, 126, 126, 126, -1, 126, 126, 126, -1,
 126, 126, 126, -1, 126, 126, 126, -1, 126, 126, 126, -1,
 126, 126, 126, -1, 121, 121, 121, -1, 121, 121, 121, -1,
 121, 121, 121, -1, 121, 121, 121, -1, 121, 121, 121, -1,
 121, 121, 121, -1, 121, 121, 121, -1, 121, 121, 121, -1,
 121, 121, 121, -1, 0, 0, 2, -1, 0, 2, 2, -1,
 2, 2, 10, -1, 2, 10, 10, -1, 10, 10, 12, -1,
 10, 12, 17, -1, 12, 17, 17, -1, 17, 17, 30, -1,
 17, 30, 30, -1, 30, 30, 36, -1, 36, 30, 45, -1,
 36, 45, 45, -1, 45, 45, 63, -1, 45, 63, 63, -1,
 63, 63, 77, -1, 63, 77, 77, -1, 77, 77, 89, -1,
 77, 89, 92, -1, 89, 92, 92, -1, 92, 92, 104, -1,
 92, 104, 104, -1, 104, 104, 118, -1, 104, 118, 118, -1,
 118, 118, 128, -1, 118, 128, 128, -1, 128, 128, 140, -1,
 128, 140, 140, -1, 140, 140, 152, -1, 140, 152, 152, -1,
 152, 152, 161, -1, 152, 161, 161, -1, 161, 161, 176, -1,
 161, 176, 176, -1, 176, 176, 195, -1, 176, 195, 195, -1,
 195, 195, 211, -1, 195, 211, 211, -1, 211, 211, 228, -1,
 211, 228, 228, -1, 228, 228, 235, -1, 228, 235, 237, -1,
 235, 237, 237, -1, 237, 237, 247, -1, 237, 247, 247, -1,
 247, 247, 252, -1, 247, 252, 252, -1, 123, 123, 123, -1,
 123, 123, 123, -1, 123, 123, 123, -1, 123, 123, 123, -1,
 123, 123, 123, -1, 123, 123, 123, -1, 123, 123, 123, -1,
 123, 123, 123, -1, 123, 123, 123, -1, 123, 123, 123, -1,
 123, 123, 123, -1, 123, 123, 123, -1, 123, 123, 123, -1,
 123, 123, 123, -1, 123, 123, 123, -1, 123, 123, 123, -1,
 123, 123, 123, -1, 123, 123, 123, -1, 123, 123, 123, -1,
 123, 123, 123, -1, 123, 123, 123, -1, 123, 123, 123, -1,
 123, 123, 123, -1, 123, 123, 123, -1, 123, 123, 123, -1,
 123, 123, 123, -1, 123, 123, 123, -1, 123, 123, 123, -1,
 123, 123, 123, -1, 123, 123, 123, -1, 123, 123, 123, -1,
 123, 123, 123, -1, 123, 123, 123, -1, 123, 123, 123, -1,
 123, 123, 123, -1, 123, 123, 123, -1, 123, 123, 123, -1,
 123, 123, 123, -1, 123, 123, 123, -1, 123, 123, 123, -1,
 123, 123, 123, -1, 123, 123, 123, -1, 123, 123, 123, -1,
 123, 123, 123, -1, 123, 123, 123, -1, 123, 123, 123, -1,
 123, 123, 123, -1, 123, 123, 123, -1, 123, 123, 123, -1,
 123, 123, 123, -1, 123, 123, 123, -1, 123, 123, 123, -1,
 123, 123, 123, -1, 123, 123, 123, -1, 123, 123, 123, -1,
 123, 123, 123, -1, 123, 123, 123, -1, 123, 123, 123, -1,
 123, 123, 123, -1, 123, 123, 123, -1, 123, 123, 123, -1,
 123, 123, 123, -1, 123, 123, 123, -1, 123, 123, 123, -1,
 123, 123, 123, -1, 123, 123, 123, -1, 123, 123, 123, -1,
 123, 123, 123, -1, 123, 123, 123, -1, 123, 123, 123, -1,
 123, 123, 123, -1, 123, 123, 123, -1, 123, 123, 123, -1,
 123, 123, 123, -1, 123, 123, 123, -1, 123, 123, 123, -1,
 123, 123, 123, -1, 123, 123, 123, -1, 123, 123, 123, -1,
 123, 123, 123, -1, 123, 123, 123, -1, 123, 123, 123, -1,
 123, 123, 123, -1, 123, 123, 123, -1, 123, 123, 123, -1,
 123, 123, 123, -1, 123, 123, 123, -1, 123, 123, 123, -1,
 123, 123, 123, -1, 123, 123, 123, -1, 123, 123, 123, -1,
 123, 123, 123, -1, 123, 123, 123, -1, 123, 123, 123, -1,
 123, 123, 123, -1, 123, 123, 123, -1, 123, 123, 123, -1,
 123, 123, 123, -1, 123, 123, 123, -1, 123, 123, 123, -1,
 123, 123, 123, -1, 123, 123, 123, -1, 123, 123, 123, -1,
 123, 123, 123, -1, 123, 123, 123, -1, 123, 123, 123, -1,
 123, 123, 123, -1, 123, 123, 123, -1, 123, 123, 123, -1,
 123, 123, 123, -1, 123, 123, 123, -1, 123, 123, 123, -1,
 123, 123, 123, -1, 123, 123, 123, -1, 123, 123, 123, -1,
 123, 123, 123, -1, 123, 123, 123, -1, 123, 123, 123, -1,
 123, 123, 123, -1, 123, 123, 123, -1, 123, 123, 123, -1,
 123, 123, 123, -1, 123, 123, 123, -1, 123, 123, 123, -1,
 123, 123, 123, -1, 123, 123, 123, -1, 123, 123, 123, -1,
 123, 123, 123, -1, 123, 123, 123, -1, 123, 123, 123, -1,
 123, 123, 123, -1, 123, 123, 123, -1, 123, 123, 123, -1,
 123, 123, 123, -1, 123, 123, 123, -1, 123, 123, 123, -1,
 123, 123, 123, -1, 123, 123, 123, -1, 123, 123, 123, -1,
 123, 123, 123, -1, 123, 123, 123, -1, 123, 123, 123, -1,
 123, 123, 123, -1, 123, 123, 123, -1, 123, 123, 123, -1,
 123, 123, 123, -1, 123, 123, 123, -1, 123, 123, 123, -1,
 123, 123, 123, -1, 123, 123, 123, -1, 123, 123, 123, -1,
 123, 123, 123, -1, 123, 123, 123, -1, 123, 123, 123, -1,
 123, 123, 123, -1, 123, 123, 123, -1, 123, 123, 123, -1,
 123, 123, 123, -1, 123, 123, 123, -1, 123, 123, 123, -1,
 123, 123, 123, -1, 123, 123, 123, -1, 123, 123, 123, -1,
 123, 123, 123, -1, 123, 123, 123, -1, 123, 123, 123, -1,
 123, 123, 123, -1, 123, 123, 123, -1, 123, 123, 123, -1,
 123, 123, 123, -1, 123, 123, 123, -1, 123, 123, 123, -1,
 123, 123, 123, -1, 123, 123, 123, -1, 123, 123, 123, -1,
 123, 123, 123, -1, 123, 123, 123, -1, 123, 123, 123, -1,
 123, 123, 123, -1, 123, 123, 123, -1, 123, 123, 123, -1,
 123, 123, 123, -1, 123, 123, 123, -1, 123, 123, 123, -1,
 123, 123, 123, -1, 123, 123, 123, -1, 0, 0, 1, -1,
 0, 1, 1, -1, 1, 1, 6, -1, 1, 6, 6, -1,
 6, 6, 14, -1, 6, 14, 14, -1, 14, 14, 21, -1,
 14, 21, 21, -1, 21, 21, 29, -1, 21, 29, 29, -1,
 29, 29, 41, -1, 29, 41, 41, -1, 41, 41, 56, -1,
 41, 56, 56, -1, 56, 56, 69, -1, 56, 69, 69, -1,
 69, 69, 76, -1, 69, 76, 77, -1, 76, 77, 77, -1,
 77, 77, 91, -1, 77, 91, 91, -1, 91, 91, 101, -1,
 91, 101, 101, -1, 101, 101, 108, -1, 101, 108, 108, -1,
 108, 108, 120, -1, 108, 120, 120, -1, 120, 120, 127, -1,
 120, 127, 127, -1, 127, 127, 135, -1, 127, 135, 135, -1,
 135, 135, 144, -1, 135, 144, 144, -1, 144, 144, 154, -1,
 144, 154, 154, -1, 154, 154, 161, -1, 154, 161, 161, -1,
 161, 161, 171, -1, 161, 171, 171, -1, 171, 171, 185, -1,
 171, 185, 185, -1, 185, 185, 201, -1, 185, 201, 201, -1,
 201, 201, 213, -1, 201, 213, 213, -1, 213, 213, 224, -1,
 213, 224, 224, -1, 224, 224, 233, -1, 224, 233, 233, -1,
 233, 233, 243, -1, 233, 243, 243, -1, 243, 243, 250, -1,
 243, 250, 250, -1, 250, 250, 252, -1, 250, 252, 252, -1,
 252, 252, 252, -1, 252, 252, 252, -1, 252, 252, 252, -1,
 252, 252, 252, -1, 252, 252, 252, -1, 252, 252, 252, -1,
 252, 252, 252, -1, 252, 252, 252, -1, 252, 252, 252, -1,
 252, 252, 252, -1, 252, 252, 252, -1, 252, 252, 252, -1,
 126, 126, 126, -1, 126, 126, 126, -1, 126, 126, 126, -1,
 126, 126, 126, -1, 126, 126, 126, -1, 126, 126, 126, -1,
 126, 126, 126, -1, 126, 126, 126, -1, 126, 126, 126, -1,
 126, 126, 126, -1, 126, 126, 126, -1, 126, 126, 126, -1,
 126, 126, 126, -1, 126, 126, 126, -1, 126, 126, 126, -1,
 126, 126, 126, -1, 126, 126, 126, -1, 126, 126, 126, -1,
 126, 126, 126, -1, 126, 126, 126, -1, 126, 126, 126, -1,
 0, 0, 0, -1, 0, 0, 0, -1, 0, 0, 0, -1,
 0, 0, 0, -1, 0, 0, 0, -1, 0, 0, 0, -1,
 0, 0, 0, -1, 0, 0, 0, -1, 0, 0, 0, -1,
 0, 0, 0, -1, 0, 0, 0, -1, 0, 0, 0, -1,
 0, 0, 4, -1, 4, 0, 4, -1, 4, 4, 15, -1,
 4, 15, 15, -1, 15, 15, 23, -1, 15, 23, 34, -1,
 23, 34, 34, -1, 34, 34, 53, -1, 34, 53, 61, -1,
 61, 53, 61, -1, 61, 61, 77, -1, 77, 61, 77, -1,
 77, 77, 98, -1, 98, 77, 98, -1, 98, 98, 115, -1,
 98, 115, 115, -1, 115, 115, 121, -1, 115, 121, 131, -1,
 131, 121, 131, -1, 131, 131, 146, -1, 146, 131, 146, -1,
 146, 146, 161, -1, 161, 146, 161, -1, 161, 161, 179, -1,
 161, 179, 179, -1, 179, 179, 187, -1, 179, 187, 205, -1,
 205, 187, 207, -1, 205, 207, 207, -1, 207, 207, 215, -1,
 207, 215, 231, -1, 231, 215, 231, -1, 231, 231, 244, -1,
 244, 231, 244, -1, 244, 244, 252, -1, 252, 244, 252, -1,
 0, 0, 8, -1, 8, 0, 8, -1, 8, 8, 26, -1,
 26, 8, 26, -1, 26, 26, 49, -1, 49, 26, 49, -1,
 49, 49, 77, -1, 77, 49, 77, -1, 77, 77, 102, -1,
 102, 77, 102, -1, 102, 102, 121, -1, 121, 102, 121, -1,
 121, 121, 142, -1, 142, 121, 142, -1, 142, 142, 161, -1,
 161, 142, 161, -1, 161, 161, 190, -1, 190, 161, 190, -1,
 190, 190, 218, -1, 218, 190, 218, -1, 218, 218, 240, -1,
 240, 218, 240, -1, 240, 240, 252, -1, 252, 240, 252, -1,
 0, 0, 8, -1, 8, 0, 8, -1, 8, 8, 26, -1,
 26, 8, 26, -1, 26, 26, 49, -1, 49, 26, 49, -1,
 49, 49, 77, -1, 77, 49, 77, -1, 77, 77, 102, -1,
 102, 77, 102, -1, 102, 102, 121, -1, 121, 102, 121, -1,
 121, 121, 142, -1, 142, 121, 142, -1, 142, 142, 161, -1,
 161, 142, 161, -1, 161, 161, 190, -1, 190, 161, 190, -1,
 190, 190, 218, -1, 218, 190, 218, -1, 218, 218, 240, -1,
 240, 218, 240, -1, 240, 240, 252, -1, 252, 240, 252, -1,
 0, 0, 8, -1, 8, 0, 8, -1, 8, 8, 26, -1,
 26, 8, 26, -1, 26, 26, 49, -1, 49, 26, 49, -1,
 49, 49, 77, -1, 77, 49, 77, -1, 77, 77, 102, -1,
 102, 77, 102, -1, 102, 102, 121, -1, 121, 102, 121, -1,
 121, 121, 142, -1, 142, 121, 142, -1, 142, 142, 161, -1,
 161, 142, 161, -1, 161, 161, 190, -1, 190, 161, 190, -1,
 190, 190, 218, -1, 218, 190, 218, -1, 218, 218, 240, -1,
 240, 218, 240, -1, 240, 240, 252, -1, 252, 240, 252, -1,
 0, 0, 8, -1, 8, 0, 8, -1, 8, 8, 26, -1,
 26, 8, 26, -1, 26, 26, 49, -1, 49, 26, 49, -1,
 49, 49, 77, -1, 77, 49, 77, -1, 77, 77, 102, -1,
 102, 77, 102, -1, 102, 102, 121, -1, 121, 102, 121, -1,
 121, 121, 142, -1, 142, 121, 142, -1, 142, 142, 161, -1,
 161, 142, 161, -1, 161, 161, 190, -1, 190, 161, 190, -1,
 190, 190, 218, -1, 218, 190, 218, -1, 218, 218, 240, -1,
 240, 218, 240, -1, 240, 240, 252, -1, 252, 240, 252, -1,
 191, 191, 183, -1, 183, 191, 183, -1, 183, 183, 173, -1,
 173, 183, 173, -1, 173, 173, 162, -1, 162, 173, 162, -1,
 162, 162, 160, -1, 160, 162, 150, -1, 78, 81, 94, -1,
 94, 81, 94, -1, 94, 94, 106, -1, 106, 94, 106, -1,
 106, 106, 122, -1, 122, 106, 122, -1, 122, 122, 136, -1,
 136, 122, 136, -1, 136, 136, 150, -1, 150, 136, 150, -1,
 150, 150, 160, -1, 50, 50, 57, -1, 57, 50, 57, -1,
 57, 57, 66, -1, 66, 57, 66, -1, 66, 66, 78, -1,
 78, 66, 78, -1, 78, 78, 81, -1, 191, 191, 183, -1,
 183, 191, 183, -1, 183, 183, 173, -1, 173, 183, 173, -1,
 173, 173, 162, -1, 162, 173, 162, -1, 162, 162, 150, -1,
 150, 162, 150, -1, 150, 150, 136, -1, 136, 150, 136, -1,
 136, 136, 122, -1, 122, 136, 122, -1, 122, 122, 109, -1,
 109, 122, 106, -1, 78, 84, 94, -1, 94, 84, 94, -1,
 94, 94, 106, -1, 106, 94, 106, -1, 106, 106, 109, -1,
 50, 50, 57, -1, 57, 50, 57, -1, 57, 57, 66, -1,
 66, 57, 66, -1, 66, 66, 78, -1, 78, 66, 78, -1,
 78, 78, 84, -1, 50, 50, 57, -1, 57, 50, 57, -1,
 57, 57, 66, -1, 66, 57, 66, -1, 66, 66, 78, -1,
 78, 66, 78, -1, 78, 78, 94, -1, 94, 78, 94, -1,
 94, 94, 106, -1, 106, 94, 106, -1, 106, 106, 122, -1,
 122, 106, 122, -1, 122, 122, 136, -1, 136, 122, 136, -1,
 136, 136, 150, -1, 150, 136, 150, -1, 150, 150, 162, -1,
 162, 150, 162, -1, 162, 162, 173, -1, 173, 162, 173, -1,
 173, 173, 183, -1, 183, 173, 183, -1, 183, 183, 191, -1,
 191, 183, 191, -1, 191, 191, 183, -1, 183, 191, 183, -1,
 183, 183, 173, -1, 173, 183, 173, -1, 173, 173, 162, -1,
 162, 173, 162, -1, 162, 162, 150, -1, 150, 162, 150, -1,
 150, 150, 138, -1, 138, 150, 136, -1, 50, 50, 57, -1,
 57, 50, 57, -1, 57, 57, 66, -1, 66, 57, 66, -1,
 66, 66, 78, -1, 78, 66, 78, -1, 78, 78, 94, -1,
 94, 78, 94, -1, 94, 94, 106, -1, 106, 94, 106, -1,
 106, 106, 122, -1, 122, 106, 122, -1, 122, 122, 136, -1,
 136, 122, 136, -1, 136, 136, 138, -1, 0, 0, 8, -1,
 8, 0, 8, -1, 8, 8, 26, -1, 26, 8, 26, -1,
 26, 26, 49, -1, 49, 26, 49, -1, 49, 49, 77, -1,
 77, 49, 77, -1, 77, 77, 102, -1, 77, 102, 102, -1,
 102, 102, 113, -1, 102, 113, 121, -1, 121, 113, 121, -1,
 121, 121, 142, -1, 142, 121, 142, -1, 142, 142, 161, -1,
 161, 142, 161, -1, 161, 161, 190, -1, 190, 161, 190, -1,
 190, 190, 218, -1, 190, 218, 218, -1, 218, 218, 220, -1,
 218, 220, 240, -1, 240, 220, 240, -1, 240, 240, 252, -1,
 252, 240, 252, -1, 123, 123, 123, -1, 123, 123, 123, -1,
 123, 123, 123, -1, 123, 123, 123, -1, 123, 123, 123, -1,
 123, 123, 123, -1, 123, 123, 123, -1, 123, 123, 123, -1,
 123, 123, 123, -1, 123, 123, 123, -1, 123, 123, 123, -1,
 123, 123, 123, -1, 123, 123, 123, -1, 123, 123, 123, -1,
 123, 123, 123, -1, 123, 123, 123, -1, 123, 123, 123, -1,
 123, 123, 123, -1, 123, 123, 123, -1, 123, 123, 123, -1,
 123, 123, 123, -1, 123, 123, 123, -1, 123, 123, 123, -1,
 123, 123, 123, -1, 123, 123, 123, -1, 123, 123, 123, -1,
 123, 123, 123, -1, 123, 123, 123, -1, 123, 123, 123, -1,
 123, 123, 123, -1, 123, 123, 123, -1, 123, 123, 123, -1,
 123, 123, 123, -1, 123, 123, 123, -1, 123, 123, 123, -1,
 123, 123, 123, -1, 123, 123, 123, -1, 123, 123, 123, -1,
 123, 123, 123, -1, 123, 123, 123, -1, 123, 123, 123, -1,
 123, 123, 123, -1, 123, 123, 123, -1, 123, 123, 123, -1,
 123, 123, 123, -1, 123, 123, 123, -1, 123, 123, 123, -1,
 123, 123, 123, -1, 123, 123, 123, -1, 123, 123, 123, -1,
 123, 123, 123, -1, 123, 123, 123, -1, 123, 123, 123, -1,
 123, 123, 123, -1, 123, 123, 123, -1, 123, 123, 123, -1,
 123, 123, 123, -1, 123, 123, 123, -1, 123, 123, 123, -1,
 123, 123, 123, -1, 123, 123, 123, -1, 123, 123, 123, -1,
 123, 123, 123, -1, 123, 123, 123, -1, 123, 123, 123, -1,
 123, 123, 123, -1, 123, 123, 123, -1, 123, 123, 123, -1,
 123, 123, 123, -1, 123, 123, 123, -1, 123, 123, 123, -1,
 123, 123, 123, -1, 123, 123, 123, -1, 123, 123, 123, -1,
 123, 123, 123, -1, 123, 123, 123, -1, 123, 123, 123, -1,
 123, 123, 123, -1, 123, 123, 123, -1, 123, 123, 123, -1,
 123, 123, 123, -1, 123, 123, 123, -1, 123, 123, 123, -1,
 123, 123, 123, -1, 123, 123, 123, -1, 123, 123, 123, -1,
 123, 123, 123, -1, 123, 123, 123, -1, 123, 123, 123, -1,
 123, 123, 123, -1, 123, 123, 123, -1, 123, 123, 123, -1,
 123, 123, 123, -1, 123, 123, 123, -1, 123, 123, 123, -1,
 123, 123, 123, -1, 123, 123, 123, -1, 123, 123, 123, -1,
 123, 123, 123, -1, 123, 123, 123, -1, 123, 123, 123, -1,
 123, 123, 123, -1, 123, 123, 123, -1, 123, 123, 123, -1,
 123, 123, 123, -1, 123, 123, 123, -1, 123, 123, 123, -1,
 123, 123, 123, -1, 123, 123, 123, -1, 123, 123, 123, -1,
 123, 123, 123, -1, 123, 123, 123, -1, 123, 123, 123, -1,
 123, 123, 123, -1, 123, 123, 123, -1, 123, 123, 123, -1,
 123, 123, 123, -1, 123, 123, 123, -1, 123, 123, 123, -1,
 123, 123, 123, -1, 123, 123, 123, -1, 123, 123, 123, -1,
 123, 123, 123, -1, 123, 123, 123, -1, 123, 123, 123, -1,
 123, 123, 123, -1, 123, 123, 123, -1, 123, 123, 123, -1,
 123, 123, 123, -1, 123, 123, 123, -1, 123, 123, 123, -1,
 123, 123, 123, -1, 123, 123, 123, -1, 123, 123, 123, -1,
 123, 123, 123, -1, 123, 123, 123, -1, 123, 123, 123, -1,
 123, 123, 123, -1, 123, 123, 123, -1, 123, 123, 123, -1,
 123, 123, 123, -1, 123, 123, 123, -1, 123, 123, 123, -1,
 123, 123, 123, -1, 123, 123, 123, -1, 123, 123, 123, -1,
 198, 198, 210, -1, 210, 198, 210, -1, 210, 210, 227, -1,
 227, 210, 227, -1, 227, 227, 236, -1, 236, 227, 236, -1,
 236, 236, 246, -1, 246, 236, 246, -1, 246, 246, 251, -1,
 251, 246, 251, -1, 251, 251, 249, -1, 249, 251, 249, -1,
 249, 249, 239, -1, 239, 249, 239, -1, 239, 239, 230, -1,
 230, 239, 230, -1, 230, 230, 214, -1, 214, 230, 214, -1,
 214, 214, 200, -1, 200, 214, 200, -1, 124, 124, 124, -1,
 124, 124, 124, -1, 124, 124, 124, -1, 124, 124, 124, -1,
 124, 124, 124, -1, 124, 124, 124, -1, 124, 124, 124, -1,
 124, 124, 124, -1, 124, 124, 124, -1, 124, 124, 124, -1,
 124, 124, 124, -1, 124, 124, 124, -1, 124, 124, 124, -1,
 124, 124, 124, -1, 124, 124, 124, -1, 124, 124, 124, -1,
 124, 124, 124, -1, 124, 124, 124, -1, 124, 124, 124, -1,
 124, 124, 124, -1, 124, 124, 124, -1, 124, 124, 124, -1,
 124, 124, 124, -1, 124, 124, 124, -1, 124, 124, 124, -1,
 124, 124, 124, -1, 124, 124, 124, -1, 124, 124, 124, -1,
 124, 124, 124, -1, 124, 124, 124, -1, 124, 124, 124, -1,
 124, 124, 124, -1, 124, 124, 124, -1, 124, 124, 124, -1,
 124, 124, 124, -1, 124, 124, 124, -1, 124, 124, 124, -1,
 124, 124, 124, -1, 124, 124, 124, -1, 124, 124, 124, -1,
 124, 124, 124, -1, 124, 124, 124, -1, 124, 124, 124, -1,
 124, 124, 124, -1, 124, 124, 124, -1, 124, 124, 124, -1,
 124, 124, 124, -1, 124, 124, 124, -1, 124, 124, 124, -1,
 124, 124, 124, -1, 124, 124, 124, -1, 124, 124, 124, -1,
 124, 124, 124, -1, 124, 124, 124, -1, 124, 124, 124, -1,
 124, 124, 124, -1, 124, 124, 124, -1, 124, 124, 124, -1,
 124, 124, 124, -1, 124, 124, 124, -1, 124, 124, 124, -1,
 124, 124, 124, -1, 124, 124, 124, -1, 124, 124, 124, -1,
 124, 124, 124, -1, 252, 252, 240, -1, 240, 252, 240, -1,
 240, 240, 218, -1, 218, 240, 218, -1, 218, 218, 190, -1,
 190, 218, 190, -1, 190, 190, 161, -1, 161, 190, 161, -1,
 161, 161, 142, -1, 142, 161, 142, -1, 142, 142, 121, -1,
 121, 142, 121, -1, 121, 121, 102, -1, 102, 121, 102, -1,
 102, 102, 77, -1, 77, 102, 77, -1, 77, 77, 49, -1,
 49, 77, 49, -1, 49, 49, 26, -1, 26, 49, 26, -1,
 26, 26, 8, -1, 8, 26, 8, -1, 8, 8, 0, -1,
 0, 8, 0, -1, 252, 252, 240, -1, 240, 252, 240, -1,
 240, 240, 218, -1, 218, 240, 218, -1, 218, 218, 190, -1,
 190, 218, 190, -1, 190, 190, 161, -1, 161, 190, 161, -1,
 161, 161, 142, -1, 142, 161, 142, -1, 142, 142, 121, -1,
 121, 142, 121, -1, 121, 121, 102, -1, 102, 121, 102, -1,
 102, 102, 77, -1, 77, 102, 77, -1, 77, 77, 49, -1,
 49, 77, 49, -1, 49, 49, 26, -1, 26, 49, 26, -1,
 26, 26, 8, -1, 8, 26, 8, -1, 8, 8, 0, -1,
 0, 8, 0, -1, 252, 252, 240, -1, 240, 252, 240, -1,
 240, 240, 218, -1, 218, 240, 218, -1, 218, 218, 190, -1,
 190, 218, 190, -1, 190, 190, 161, -1, 161, 190, 161, -1,
 161, 161, 142, -1, 142, 161, 142, -1, 142, 142, 121, -1,
 121, 142, 121, -1, 121, 121, 102, -1, 102, 121, 102, -1,
 102, 102, 77, -1, 77, 102, 77, -1, 77, 77, 49, -1,
 49, 77, 49, -1, 49, 49, 26, -1, 26, 49, 26, -1,
 26, 26, 8, -1, 8, 26, 8, -1, 8, 8, 0, -1,
 0, 8, 0, -1, 123, 123, 123, -1, 123, 123, 123, -1,
 123, 123, 123, -1, 123, 123, 123, -1, 123, 123, 123, -1,
 123, 123, 123, -1, 123, 123, 123, -1, 123, 123, 123, -1,
 123, 123, 123, -1, 123, 123, 123, -1, 123, 123, 123, -1,
 123, 123, 123, -1, 123, 123, 123, -1, 123, 123, 123, -1,
 123, 123, 123, -1, 123, 123, 123, -1, 123, 123, 123, -1,
 123, 123, 123, -1, 123, 123, 123, -1, 123, 123, 123, -1,
 123, 123, 123, -1, 123, 123, 123, -1, 252, 252, 240, -1,
 240, 252, 240, -1, 240, 240, 218, -1, 218, 240, 218, -1,
 218, 218, 190, -1, 190, 218, 190, -1, 190, 190, 161, -1,
 161, 190, 161, -1, 161, 161, 142, -1, 142, 161, 142, -1,
 142, 142, 121, -1, 121, 142, 121, -1, 121, 121, 102, -1,
 102, 121, 102, -1, 102, 102, 77, -1, 77, 102, 77, -1,
 77, 77, 49, -1, 49, 77, 49, -1, 49, 49, 26, -1,
 26, 49, 26, -1, 26, 26, 8, -1, 8, 26, 8, -1,
 8, 8, 0, -1, 0, 8, 0, -1, 123, 123, 123, -1,
 123, 123, 123, -1, 123, 123, 123, -1, 123, 123, 123, -1,
 123, 123, 123, -1, 123, 123, 123, -1, 123, 123, 123, -1,
 123, 123, 123, -1, 123, 123, 123, -1, 123, 123, 123, -1,
 123, 123, 123, -1, 123, 123, 123, -1, 123, 123, 123, -1,
 123, 123, 123, -1, 123, 123, 123, -1, 123, 123, 123, -1,
 123, 123, 123, -1, 123, 123, 123, -1, 123, 123, 123, -1,
 123, 123, 123, -1, 123, 123, 123, -1, 123, 123, 123, -1,
 42, 38, 38, -1, 38, 42, 42, -1, 42, 42, 55, -1,
 42, 55, 59, -1, 59, 55, 59, -1, 59, 59, 68, -1,
 68, 59, 68, -1, 68, 68, 74, -1, 74, 68, 74, -1,
 182, 172, 172, -1, 166, 172, 166, -1, 166, 172, 172, -1,
 166, 172, 166, -1, 172, 182, 182, -1, 182, 182, 186, -1,
 182, 186, 199, -1, 199, 186, 199, -1, 199, 199, 204, -1,
 204, 199, 204, -1, 126, 126, 126, -1, 126, 126, 126, -1,
 204, 204, 175, -1, 204, 175, 175, -1, 175, 175, 157, -1,
 175, 157, 157, -1, 157, 157, 134, -1, 157, 134, 134, -1,
 134, 134, 117, -1, 134, 117, 117, -1, 117, 117, 96, -1,
 117, 96, 96, -1, 96, 96, 73, -1, 96, 73, 73, -1,
 73, 73, 44, -1, 73, 44, 44, -1, 44, 44, 25, -1,
 44, 25, 25, -1, 25, 25, 7, -1, 25, 7, 7, -1,
 7, 7, 0, -1, 7, 0, 0, -1, 252, 252, 242, -1,
 252, 242, 242, -1, 242, 242, 222, -1, 242, 222, 222, -1,
 222, 222, 197, -1, 222, 197, 197, -1, 197, 197, 167, -1,
 197, 167, 167, -1, 167, 167, 149, -1, 167, 149, 149, -1,
 149, 149, 130, -1, 149, 130, 130, -1, 130, 130, 111, -1,
 130, 111, 111, -1, 111, 111, 86, -1, 111, 86, 86, -1,
 86, 86, 65, -1, 86, 65, 65, -1, 65, 65, 38, -1,
 65, 38, 38, -1, 60, 71, 71, -1, 20, 20, 33, -1,
 33, 20, 33, -1, 33, 33, 47, -1, 47, 33, 47, -1,
 47, 47, 71, -1, 71, 47, 48, -1, 71, 48, 60, -1,
 71, 72, 71, -1, 71, 72, 82, -1, 71, 82, 83, -1,
 83, 82, 83, -1, 83, 83, 97, -1, 97, 83, 97, -1,
 97, 97, 112, -1, 112, 97, 112, -1, 112, 112, 126, -1,
 126, 112, 126, -1, 126, 126, 133, -1, 133, 126, 133, -1,
 133, 133, 148, -1, 148, 133, 148, -1, 148, 148, 158, -1,
 158, 148, 158, -1, 158, 159, 158, -1, 158, 159, 168, -1,
 158, 168, 169, -1, 169, 168, 169, -1, 169, 169, 193, -1,
 193, 169, 178, -1, 193, 178, 181, -1, 181, 193, 193, -1,
 193, 193, 194, -1, 193, 194, 209, -1, 209, 194, 209, -1,
 209, 209, 226, -1, 226, 209, 226, -1, 124, 124, 124, -1,
 124, 124, 124, -1, 124, 124, 124, -1, 124, 124, 124, -1,
 124, 124, 124, -1, 124, 124, 124, -1, 124, 124, 124, -1,
 124, 124, 124, -1, 124, 124, 124, -1, 124, 124, 124, -1,
 124, 124, 124, -1, 124, 124, 124, -1, 124, 124, 124, -1,
 124, 124, 124, -1, 124, 124, 124, -1, 124, 124, 124, -1,
 124, 124, 124, -1, 124, 124, 124, -1, 124, 124, 124, -1,
 124, 124, 124, -1, 124, 124, 124, -1, 124, 124, 124, -1,
 124, 124, 124, -1, 124, 124, 124, -1, 124, 124, 124, -1,
 124, 124, 124, -1, 124, 124, 124, -1, 124, 124, 124, -1,
 124, 124, 124, -1, 124, 124, 124, -1, 124, 124, 124, -1,
 124, 124, 124, -1, 124, 124, 124, -1, 124, 124, 124, -1,
 124, 124, 124, -1, 124, 124, 124, -1, 124, 124, 124, -1,
 124, 124, 124, -1, 124, 124, 124, -1, 124, 124, 124, -1,
 124, 124, 124, -1, 124, 124, 124, -1, 124, 124, 124, -1,
 124, 124, 124, -1, 124, 124, 124, -1, 124, 124, 124, -1,
 124, 124, 124, -1, 124, 124, 124, -1, 124, 124, 124, -1,
 124, 124, 124, -1, 124, 124, 124, -1, 124, 124, 124, -1,
 124, 124, 124, -1, 225, 225, 217, -1, 217, 225, 217, -1,
 217, 217, 203, -1, 203, 217, 203, -1, 126, 126, 126, -1,
 126, 126, 126, -1, 126, 126, 126, -1, 126, 126, 126, -1,
 126, 126, 126, -1, 126, 126, 126, -1, 126, 126, 126, -1,
 126, 126, 126, -1, 126, 126, 126, -1, 126, 126, 126, -1,
 39, 39, 28, -1, 28, 39, 28, -1, 28, 28, 19, -1,
 19, 28, 19, -1, 252, 252, 252, -1, 252, 252, 252, -1,
 252, 252, 252, -1, 252, 252, 252, -1, 252, 252, 252, -1,
 0, 0, 0, -1, 0, 0, 0, -1, 0, 0, 0, -1,
 0, 0, 0, -1, 0, 0, 0, -1, 121, 121, 121, -1,
 121, 121, 121, -1, 121, 121, 121, -1, 121, 121, 121, -1,
 32, 32, 43, -1, 43, 32, 43, -1, 252, 252, 252, -1,
 252, 252, 252, -1, 123, 123, 123, -1, 123, 123, 123, -1,
 0, 0, 0, -1, 0, 0, 0, -1, 124, 124, 124, -1,
 124, 124, 124, -1, 0, 0, 0, -1, 0, 0, 0, -1,
 124, 124, 124, -1, 124, 124, 124, -1, 252, 252, 252, -1,
 252, 252, 252, -1, 123, 123, 123, -1, 123, 123, 123, -1,
 0, 0, 8, -1, 8, 0, 8, -1, 8, 8, 26, -1,
 26, 8, 26, -1, 26, 26, 49, -1, 49, 26, 49, -1,
 49, 49, 77, -1, 49, 77, 77, -1, 77, 77, 100, -1,
 77, 100, 102, -1, 102, 100, 102, -1, 102, 102, 121, -1,
 121, 102, 121, -1, 121, 121, 142, -1, 121, 142, 142, -1,
 142, 142, 145, -1, 142, 145, 161, -1, 161, 145, 161, -1,
 161, 161, 190, -1, 190, 161, 190, -1, 190, 190, 218, -1,
 218, 190, 218, -1, 218, 218, 240, -1, 240, 218, 240, -1,
 240, 240, 252, -1, 252, 240, 252, -1, 124, 124, 124, -1,
 124, 124, 124, -1, 124, 124, 124, -1, 124, 124, 124, -1,
 124, 124, 124, -1, 124, 124, 124, -1, 124, 124, 124, -1,
 124, 124, 124, -1, 124, 124, 124, -1, 124, 124, 124, -1,
 124, 124, 124, -1, 124, 124, 124, -1, 124, 124, 124, -1,
 124, 124, 124, -1, 124, 124, 124, -1, 124, 124, 124, -1,
 124, 124, 124, -1, 124, 124, 124, -1, 124, 124, 124, -1,
 124, 124, 124, -1, 124, 124, 124, -1, 124, 124, 124, -1,
 0, 0, 8, -1, 8, 0, 8, -1, 8, 8, 26, -1,
 26, 8, 26, -1, 26, 26, 49, -1, 49, 26, 49, -1,
 49, 49, 77, -1, 77, 49, 77, -1, 77, 77, 102, -1,
 102, 77, 102, -1, 102, 102, 121, -1, 121, 102, 121, -1,
 121, 121, 142, -1, 142, 121, 142, -1, 142, 142, 161, -1,
 161, 142, 161, -1, 161, 161, 190, -1, 190, 161, 190, -1,
 190, 190, 218, -1, 218, 190, 218, -1, 218, 218, 240, -1,
 240, 218, 240, -1, 240, 240, 252, -1, 252, 240, 252, -1,
 124, 124, 124, -1, 124, 124, 124, -1, 124, 124, 124, -1,
 124, 124, 124, -1, 124, 124, 124, -1, 124, 124, 124, -1,
 124, 124, 124, -1, 124, 124, 124, -1, 124, 124, 124, -1,
 124, 124, 124, -1, 124, 124, 124, -1, 124, 124, 124, -1,
 124, 124, 124, -1, 124, 124, 124, -1, 124, 124, 124, -1,
 124, 124, 124, -1, 124, 124, 124, -1, 124, 124, 124, -1,
 124, 124, 124, -1, 124, 124, 124, -1, 124, 124, 124, -1,
 124, 124, 124, -1, 0, 0, 8, -1, 8, 0, 8, -1,
 8, 8, 26, -1, 26, 8, 26, -1, 26, 26, 49, -1,
 49, 26, 49, -1, 49, 49, 77, -1, 49, 77, 77, -1,
 77, 77, 100, -1, 77, 100, 102, -1, 102, 100, 102, -1,
 102, 102, 121, -1, 121, 102, 121, -1, 121, 121, 142, -1,
 121, 142, 142, -1, 142, 142, 145, -1, 142, 145, 161, -1,
 161, 145, 161, -1, 161, 161, 190, -1, 190, 161, 190, -1,
 190, 190, 218, -1, 218, 190, 218, -1, 218, 218, 240, -1,
 240, 218, 240, -1, 240, 240, 252, -1, 252, 240, 252, -1,
 124, 124, 124, -1, 124, 124, 124, -1, 124, 124, 124, -1,
 124, 124, 124, -1, 124, 124, 124, -1, 124, 124, 124, -1,
 124, 124, 124, -1, 124, 124, 124, -1, 124, 124, 124, -1,
 124, 124, 124, -1, 124, 124, 124, -1, 124, 124, 124, -1,
 124, 124, 124, -1, 124, 124, 124, -1, 124, 124, 124, -1,
 124, 124, 124, -1, 124, 124, 124, -1, 124, 124, 124, -1,
 124, 124, 124, -1, 124, 124, 124, -1, 124, 124, 124, -1,
 124, 124, 124, -1, 0, 0, 8, -1, 8, 0, 8, -1,
 8, 8, 26, -1, 26, 8, 26, -1, 26, 26, 49, -1,
 49, 26, 49, -1, 49, 49, 77, -1, 77, 49, 77, -1,
 77, 77, 102, -1, 102, 77, 102, -1, 102, 102, 121, -1,
 121, 102, 121, -1, 121, 121, 142, -1, 142, 121, 142, -1,
 142, 142, 161, -1, 161, 142, 161, -1, 161, 161, 190, -1,
 190, 161, 190, -1, 190, 190, 218, -1, 218, 190, 218, -1,
 218, 218, 240, -1, 240, 218, 240, -1, 240, 240, 252, -1,
 252, 240, 252, -1, 124, 124, 124, -1, 124, 124, 124, -1,
 124, 124, 124, -1, 124, 124, 124, -1, 124, 124, 124, -1,
 124, 124, 124, -1, 124, 124, 124, -1, 124, 124, 124, -1,
 124, 124, 124, -1, 124, 124, 124, -1, 124, 124, 124, -1,
 124, 124, 124, -1, 124, 124, 124, -1, 124, 124, 124, -1,
 124, 124, 124, -1, 124, 124, 124, -1, 124, 124, 124, -1,
 124, 124, 124, -1, 124, 124, 124, -1, 124, 124, 124, -1,
 124, 124, 124, -1, 124, 124, 124, -1, 0, 0, 8, -1,
 8, 0, 8, -1, 8, 8, 26, -1, 26, 8, 26, -1,
 26, 26, 49, -1, 49, 26, 49, -1, 49, 49, 77, -1,
 49, 77, 77, -1, 77, 77, 87, -1, 77, 87, 102, -1,
 102, 87, 102, -1, 102, 102, 121, -1, 121, 102, 121, -1,
 121, 121, 142, -1, 142, 121, 142, -1, 142, 142, 161, -1,
 161, 142, 161, -1, 161, 161, 190, -1, 190, 161, 190, -1,
 190, 190, 218, -1, 218, 190, 218, -1, 218, 218, 240, -1,
 240, 218, 240, -1, 240, 240, 252, -1, 252, 240, 252, -1,
 0, 0, 8, -1, 8, 0, 8, -1, 8, 8, 26, -1,
 26, 8, 26, -1, 26, 26, 49, -1, 49, 26, 49, -1,
 49, 49, 77, -1, 49, 77, 77, -1, 77, 77, 87, -1,
 77, 87, 102, -1, 102, 87, 102, -1, 102, 102, 121, -1,
 121, 102, 121, -1, 121, 121, 142, -1, 142, 121, 142, -1,
 142, 142, 161, -1, 161, 142, 161, -1, 161, 161, 190, -1,
 190, 161, 190, -1, 190, 190, 218, -1, 218, 190, 218, -1,
 218, 218, 240, -1, 240, 218, 240, -1, 240, 240, 252, -1,
 252, 240, 252, -1, 124, 124, 124, -1, 124, 124, 124, -1,
 124, 124, 124, -1, 124, 124, 124, -1, 124, 124, 124, -1,
 124, 124, 124, -1, 124, 124, 124, -1, 124, 124, 124, -1,
 124, 124, 124, -1, 124, 124, 124, -1, 124, 124, 124, -1,
 124, 124, 124, -1, 124, 124, 124, -1, 124, 124, 124, -1,
 124, 124, 124, -1, 124, 124, 124, -1, 124, 124, 124, -1,
 124, 124, 124, -1, 124, 124, 124, -1, 124, 124, 124, -1,
 124, 124, 124, -1, 124, 124, 124, -1, 0, 0, 8, -1,
 8, 0, 8, -1, 8, 8, 26, -1, 26, 8, 26, -1,
 26, 26, 49, -1, 49, 26, 49, -1, 49, 49, 77, -1,
 77, 49, 77, -1, 77, 77, 102, -1, 102, 77, 102, -1,
 102, 102, 121, -1, 121, 102, 121, -1, 121, 121, 142, -1,
 142, 121, 142, -1, 142, 142, 161, -1, 161, 142, 161, -1,
 161, 161, 190, -1, 190, 161, 190, -1, 190, 190, 218, -1,
 218, 190, 218, -1, 218, 218, 240, -1, 240, 218, 240, -1,
 240, 240, 252, -1, 252, 240, 252, -1, 0, 0, 8, -1,
 8, 0, 8, -1, 8, 8, 26, -1, 26, 8, 26, -1,
 26, 26, 49, -1, 49, 26, 49, -1, 49, 49, 77, -1,
 77, 49, 77, -1, 77, 77, 102, -1, 102, 77, 102, -1,
 102, 102, 121, -1, 121, 102, 121, -1, 121, 121, 142, -1,
 121, 142, 142, -1, 142, 142, 155, -1, 142, 155, 161, -1,
 161, 155, 161, -1, 161, 161, 190, -1, 190, 161, 190, -1,
 190, 190, 218, -1, 218, 190, 218, -1, 218, 218, 240, -1,
 240, 218, 240, -1, 240, 240, 252, -1, 252, 240, 252, -1,
 124, 124, 124, -1, 124, 124, 124, -1, 124, 124, 124, -1,
 124, 124, 124, -1, 124, 124, 124, -1, 124, 124, 124, -1,
 124, 124, 124, -1, 124, 124, 124, -1, 124, 124, 124, -1,
 124, 124, 124, -1, 124, 124, 124, -1, 124, 124, 124, -1,
 124, 124, 124, -1, 124, 124, 124, -1, 124, 124, 124, -1,
 124, 124, 124, -1, 124, 124, 124, -1, 124, 124, 124, -1,
 124, 124, 124, -1, 124, 124, 124, -1, 124, 124, 124, -1,
 124, 124, 124, -1, 0, 0, 8, -1, 8, 0, 8, -1,
 8, 8, 26, -1, 26, 8, 26, -1, 26, 26, 49, -1,
 49, 26, 49, -1, 49, 49, 77, -1, 77, 49, 77, -1,
 77, 77, 102, -1, 102, 77, 102, -1, 102, 102, 121, -1,
 121, 102, 121, -1, 121, 121, 142, -1, 142, 121, 142, -1,
 142, 142, 161, -1, 161, 142, 161, -1, 161, 161, 190, -1,
 190, 161, 190, -1, 190, 190, 218, -1, 218, 190, 218, -1,
 218, 218, 240, -1, 240, 218, 240, -1, 240, 240, 252, -1,
 252, 240, 252, -1, 0, 0, 8, -1, 8, 0, 8, -1,
 8, 8, 26, -1, 26, 8, 26, -1, 26, 26, 49, -1,
 49, 26, 49, -1, 49, 49, 77, -1, 77, 49, 77, -1,
 77, 77, 102, -1, 102, 77, 102, -1, 102, 102, 121, -1,
 121, 102, 121, -1, 121, 121, 142, -1, 142, 121, 142, -1,
 142, 142, 161, -1, 161, 142, 161, -1, 161, 161, 190, -1,
 190, 161, 190, -1, 190, 190, 218, -1, 218, 190, 218, -1,
 218, 218, 240, -1, 240, 218, 240, -1, 240, 240, 252, -1,
 252, 240, 252, -1, 124, 124, 124, -1, 124, 124, 124, -1,
 124, 124, 124, -1, 124, 124, 124, -1, 124, 124, 124, -1,
 124, 124, 124, -1, 124, 124, 124, -1, 124, 124, 124, -1,
 124, 124, 124, -1, 124, 124, 124, -1, 124, 124, 124, -1,
 124, 124, 124, -1, 124, 124, 124, -1, 124, 124, 124, -1,
 124, 124, 124, -1, 124, 124, 124, -1, 124, 124, 124, -1,
 124, 124, 124, -1, 124, 124, 124, -1, 124, 124, 124, -1,
 124, 124, 124, -1, 124, 124, 124, -1, 51, 51, 51, -1,
 51, 51, 51, -1, 192, 192, 192, -1, 192, 192, 192, -1,
 121, 121, 121, -1, 121, 121, 121, -1, 0, 0, 0, -1,
 0, 0, 0, -1, 126, 126, 126, -1, 126, 126, 126, -1,
 123, 123, 123, -1, 123, 123, 123, -1, 123, 123, 123, -1,
 123, 123, 123, -1, 126, 126, 126, -1, 126, 126, 126, -1,
 121, 121, 121, -1, 121, 121, 121, -1, 252, 252, 252, -1,
 252, 252, 252, -1
]
colorPerVertex FALSE
normalPerVertex TRUE
}
}
]
}
