#VRML V2.0 utf8
Transform {
children [
Shape {
appearance Appearance {
material Material {
ambientIntensity 1.000000
diffuseColor 1.000000 1.000000 1.000000
emissiveColor 0.210000 0.210000 0.210000
specularColor 0.880000 0.880000 0.880000
shininess 0.210000
transparency 0.000000
}
}
geometry IndexedFaceSet {
color Color {
color [
 1.000000 1.000000 1.000000
]
}
coord Coordinate {
point [
 -0.015800 0.003017 -0.000369, -0.015800 0.003017 0.000369, -0.015800 0.003153 -0.001095, -0.015800 0.003153 0.001095, -0.015800 0.003419 -0.001783,
 -0.015800 0.003419 0.001783, -0.015800 0.003808 -0.002411, -0.015800 0.003808 0.002411, -0.015800 0.004305 -0.002956, -0.015800 0.004305 0.002956,
 -0.015800 0.004894 -0.003401, -0.015800 0.004894 0.003401, -0.015800 0.005550 -0.000000, -0.015800 0.005555 -0.003730, -0.015800 0.005555 0.003730,
 -0.015800 0.005599 -0.000375, -0.015800 0.005599 0.000375, -0.015800 0.005744 -0.000725, -0.015800 0.005744 0.000725, -0.015800 0.005975 -0.001025,
 -0.015800 0.005975 0.001025, -0.015800 0.006265 -0.003932, -0.015800 0.006265 0.003932, -0.015800 0.006275 -0.001256, -0.015800 0.006275 0.001256,
 -0.015800 0.006625 -0.001401, -0.015800 0.006625 0.001401, -0.015800 0.007000 -0.004000, -0.015800 0.007000 -0.001450, -0.015800 0.007000 0.001450,
 -0.015800 0.007000 0.004000, -0.015800 0.007375 -0.001401, -0.015800 0.007375 0.001401, -0.015800 0.007725 -0.001256, -0.015800 0.007725 0.001256,
 -0.015800 0.007735 -0.003932, -0.015800 0.007735 0.003932, -0.015800 0.008025 -0.001025, -0.015800 0.008025 0.001025, -0.015800 0.008256 -0.000725,
 -0.015800 0.008256 0.000725, -0.015800 0.008401 -0.000375, -0.015800 0.008401 0.000375, -0.015800 0.008445 -0.003730, -0.015800 0.008445 0.003730,
 -0.015800 0.008450 0.000000, -0.015800 0.009106 -0.003401, -0.015800 0.009106 0.003401, -0.015800 0.009695 -0.002956, -0.015800 0.009695 0.002956,
 -0.015800 0.010192 -0.002411, -0.015800 0.010192 0.002411, -0.015800 0.010581 -0.001783, -0.015800 0.010581 0.001783, -0.015800 0.010847 -0.001095,
 -0.015800 0.010847 0.001095, -0.015800 0.010983 -0.000369, -0.015800 0.010983 0.000369, -0.008000 0.002000 -0.006144, -0.008000 0.002000 0.006144,
 -0.008000 0.003017 -0.000369, -0.008000 0.003017 0.000369, -0.008000 0.003153 -0.001095, -0.008000 0.003153 0.001095, -0.008000 0.003419 -0.001783,
 -0.008000 0.003419 0.001783, -0.008000 0.003808 -0.002411, -0.008000 0.003808 0.002411, -0.008000 0.004305 -0.002956, -0.008000 0.004305 0.002956,
 -0.008000 0.004894 -0.003401, -0.008000 0.004894 0.003401, -0.008000 0.005555 -0.003730, -0.008000 0.005555 0.003730, -0.008000 0.006265 -0.003932,
 -0.008000 0.006265 0.003932, -0.008000 0.007000 -0.004000, -0.008000 0.007000 0.004000, -0.008000 0.007735 -0.003932, -0.008000 0.007735 0.003932,
 -0.008000 0.008445 -0.003730, -0.008000 0.008445 0.003730, -0.008000 0.009106 -0.003401, -0.008000 0.009106 0.003401, -0.008000 0.009695 -0.002956,
 -0.008000 0.009695 0.002956, -0.008000 0.010192 -0.002411, -0.008000 0.010192 0.002411, -0.008000 0.010581 -0.001783, -0.008000 0.010581 0.001783,
 -0.008000 0.010847 -0.001095, -0.008000 0.010847 0.001095, -0.008000 0.010983 -0.000369, -0.008000 0.010983 0.000369, -0.008000 0.012000 -0.006144,
 -0.008000 0.012000 0.006144, -0.007800 0.005550 -0.000000, -0.007800 0.005599 -0.000375, -0.007800 0.005599 0.000375, -0.007800 0.005744 -0.000725,
 -0.007800 0.005744 0.000725, -0.007800 0.005975 -0.001025, -0.007800 0.005975 0.001025, -0.007800 0.006275 -0.001256, -0.007800 0.006275 0.001256,
 -0.007800 0.006625 -0.001401, -0.007800 0.006625 0.001401, -0.007800 0.007000 -0.001450, -0.007800 0.007000 0.001450, -0.007800 0.007375 -0.001401,
 -0.007800 0.007375 0.001401, -0.007800 0.007725 -0.001256, -0.007800 0.007725 0.001256, -0.007800 0.008025 -0.001025, -0.007800 0.008025 0.001025,
 -0.007800 0.008256 -0.000725, -0.007800 0.008256 0.000725, -0.007800 0.008401 -0.000375, -0.007800 0.008401 0.000375, -0.007800 0.008450 0.000000,
 -0.006650 0.002000 -0.000014, -0.006647 0.002607 0.000187, -0.006647 0.005393 -0.000189, -0.006647 0.006643 -0.000189, -0.006647 0.009393 -0.000189,
 -0.006647 0.010643 -0.000189, -0.006643 0.010632 -0.000072, -0.006643 0.006631 -0.000066, -0.006641 0.002626 -0.000014, -0.006639 0.002631 -0.000060,
 -0.006639 0.009369 0.000063, -0.006639 0.005368 0.000069, -0.006630 0.005411 -0.000380, -0.006629 0.009412 -0.000386, -0.006629 0.002588 0.000389,
 -0.006629 0.010589 0.000378, -0.006628 0.006589 0.000384, -0.006625 0.005328 0.000497, -0.006625 0.006578 0.000497, -0.006625 0.009328 0.000497,
 -0.006625 0.010578 0.000497, -0.006624 0.002673 -0.000511, -0.006624 0.009326 0.000514, -0.006624 0.005326 0.000520, -0.006621 0.002684 -0.000625,
 -0.006620 0.005316 0.000626, -0.006620 0.006566 0.000626, -0.006620 0.009316 0.000626, -0.006620 0.010566 0.000626, -0.006620 0.005422 -0.000496,
 -0.006620 0.006672 -0.000496, -0.006620 0.009422 -0.000496, -0.006620 0.010672 -0.000496, -0.006618 0.006674 -0.000516, -0.006617 0.010675 -0.000522,
 -0.006589 0.005454 -0.000832, -0.006589 0.002545 0.000841, -0.006589 0.010546 0.000828, -0.006589 0.009455 -0.000838, -0.006588 0.006545 0.000834,
 -0.006585 0.002000 0.000931, -0.006581 0.002536 0.000931, -0.006580 0.002000 -0.000959, -0.006577 0.006717 -0.000968, -0.006576 0.010718 -0.000974,
 -0.006575 0.002530 0.000996, -0.006574 0.005471 -0.001006, -0.006574 0.006721 -0.001006, -0.006574 0.009471 -0.001006, -0.006574 0.010721 -0.001006,
 -0.006568 0.002717 -0.000957, -0.006568 0.002717 -0.000961, -0.006567 0.009283 0.000964, -0.006567 0.005282 0.000969, -0.006518 0.010502 0.001278,
 -0.006517 0.006502 0.001284, -0.006514 0.005498 -0.001280, -0.006513 0.009499 -0.001286, -0.006512 0.002501 0.001289, -0.006497 0.002761 -0.001411,
 -0.006497 0.009239 0.001414, -0.006496 0.005238 0.001420, -0.006494 0.005237 0.001433, -0.006494 0.006487 0.001433, -0.006494 0.009237 0.001433,
 -0.006494 0.010487 0.001433, -0.006492 0.002764 -0.001439, -0.006485 0.006761 -0.001414, -0.006484 0.010762 -0.001420, -0.006481 0.005232 0.001479,
 -0.006481 0.006482 0.001479, -0.006481 0.009232 0.001479, -0.006481 0.010482 0.001479, -0.006471 0.005518 -0.001477, -0.006471 0.006768 -0.001477,
 -0.006471 0.009518 -0.001477, -0.006471 0.010768 -0.001477, -0.006417 0.005542 -0.001726, -0.006416 0.002457 0.001735, -0.006416 0.009543 -0.001732,
 -0.006411 0.010458 0.001721, -0.006410 0.006457 0.001727, -0.006403 0.002451 0.001796, -0.006399 0.005550 -0.001809, -0.006399 0.006800 -0.001809,
 -0.006399 0.009550 -0.001809, -0.006399 0.010800 -0.001809, -0.006385 0.002000 0.001857, -0.006383 0.002445 0.001856, -0.006382 0.006806 -0.001858,
 -0.006380 0.010806 -0.001864, -0.006377 0.002000 -0.001885, -0.006374 0.002805 -0.001850, -0.006373 0.009195 0.001853, -0.006372 0.005194 0.001859,
 -0.006369 0.002000 -0.008969, -0.006369 0.002000 0.008969, -0.006369 0.012000 -0.008969, -0.006369 0.012000 0.008969, -0.006365 0.002808 -0.001881,
 -0.006286 0.010414 0.002160, -0.006284 0.006413 0.002166, -0.006279 0.002413 0.002170, -0.006276 0.005586 -0.002160, -0.006274 0.009587 -0.002165,
 -0.006268 0.005158 0.002222, -0.006268 0.006408 0.002222, -0.006268 0.009158 0.002222, -0.006268 0.010408 0.002222, -0.006267 0.002843 -0.002225,
 -0.006241 0.002849 -0.002286, -0.006239 0.009151 0.002289, -0.006237 0.005150 0.002294, -0.006231 0.006850 -0.002289, -0.006229 0.010850 -0.002295,
 -0.006209 0.002391 0.002380, -0.006183 0.005614 -0.002427, -0.006183 0.006864 -0.002427, -0.006183 0.009614 -0.002427, -0.006183 0.010864 -0.002427,
 -0.006181 0.005136 0.002426, -0.006181 0.006386 0.002426, -0.006181 0.009136 0.002426, -0.006181 0.010386 0.002426, -0.006129 0.005629 -0.002580,
 -0.006129 0.006879 -0.002580, -0.006129 0.009629 -0.002580, -0.006129 0.010879 -0.002580, -0.006125 0.005630 -0.002589, -0.006122 0.009631 -0.002594,
 -0.006115 0.010370 0.002581, -0.006112 0.002369 0.002593, -0.006112 0.006370 0.002587, -0.006064 0.006893 -0.002711, -0.006063 0.002893 -0.002705,
 -0.006062 0.010894 -0.002716, -0.006061 0.009107 0.002707, -0.006059 0.005106 0.002713, -0.006057 0.002000 0.002746, -0.006045 0.002353 0.002741,
 -0.006045 0.002000 -0.002772, -0.006036 0.002899 -0.002768, -0.005948 0.002921 -0.002975, -0.005945 0.005079 0.002979, -0.005945 0.006329 0.002979,
 -0.005945 0.009079 0.002979, -0.005945 0.010329 0.002979, -0.005935 0.010327 0.002997, -0.005932 0.006326 0.003002, -0.005924 0.002326 0.003005,
 -0.005924 0.005673 -0.002995, -0.005921 0.009674 -0.003000, -0.005869 0.002313 0.003127, -0.005868 0.002936 -0.003112, -0.005867 0.009064 0.003115,
 -0.005864 0.005063 0.003120, -0.005864 0.006936 -0.003117, -0.005861 0.010937 -0.003122, -0.005769 0.005706 -0.003307, -0.005769 0.006956 -0.003307,
 -0.005769 0.009706 -0.003307, -0.005769 0.010956 -0.003307, -0.005758 0.005708 -0.003324, -0.005758 0.006958 -0.003324, -0.005758 0.009708 -0.003324,
 -0.005758 0.010958 -0.003324, -0.005748 0.005042 0.003319, -0.005748 0.006292 0.003319, -0.005748 0.009042 0.003319, -0.005748 0.010292 0.003319,
 -0.005713 0.005716 -0.003392, -0.005710 0.009717 -0.003397, -0.005709 0.010284 0.003387, -0.005706 0.006284 0.003392, -0.005704 0.002283 0.003396,
 -0.005649 0.012000 -0.000094, -0.005649 0.003612 0.000114, -0.005649 0.004362 0.000114, -0.005648 0.007609 0.000145, -0.005648 0.008359 0.000145,
 -0.005648 0.004369 0.000059, -0.005648 0.011607 0.000166, -0.005646 0.008369 0.000054, -0.005646 0.003631 -0.000051, -0.005643 0.012000 0.000166,
 -0.005643 0.007631 -0.000056, -0.005643 0.002978 -0.003501, -0.005641 0.009021 0.003504, -0.005641 0.011632 -0.000061, -0.005640 0.004411 -0.000324,
 -0.005640 0.003663 -0.000343, -0.005640 0.004413 -0.000343, -0.005639 0.006979 -0.003505, -0.005639 0.012000 0.000357, -0.005638 0.005021 0.003509,
 -0.005636 0.008412 -0.000329, -0.005636 0.010979 -0.003510, -0.005633 0.007674 -0.000437, -0.005633 0.008424 -0.000437, -0.005633 0.007674 -0.000439,
 -0.005633 0.011589 0.000321, -0.005631 0.007589 0.000325, -0.005630 0.003588 0.000330, -0.005630 0.011674 -0.000444, -0.005628 0.003673 -0.000434,
 -0.005628 0.011681 -0.000499, -0.005627 0.012000 -0.000499, -0.005627 0.012000 -0.000515, -0.005621 0.008326 0.000436, -0.005621 0.004326 0.000441,
 -0.005605 0.002000 0.003579, -0.005601 0.012000 0.000744, -0.005597 0.003545 0.000714, -0.005596 0.007545 0.000709, -0.005596 0.011546 0.000704,
 -0.005595 0.002264 0.003573, -0.005593 0.008455 -0.000711, -0.005593 0.004454 -0.000706, -0.005589 0.002000 -0.003603, -0.005587 0.004282 0.000825,
 -0.005586 0.008283 0.000820, -0.005585 0.002989 -0.003601, -0.005584 0.003528 0.000860, -0.005584 0.004278 0.000860, -0.005581 0.012000 -0.000883,
 -0.005579 0.007525 0.000891, -0.005579 0.008275 0.000891, -0.005579 0.003717 -0.000816, -0.005577 0.007718 -0.000821, -0.005577 0.011718 -0.000826,
 -0.005576 0.011522 0.000912, -0.005572 0.012000 0.000911, -0.005544 0.004498 -0.001089, -0.005543 0.003749 -0.001096, -0.005543 0.004499 -0.001096,
 -0.005542 0.002997 -0.003676, -0.005539 0.005002 0.003680, -0.005539 0.006252 0.003680, -0.005539 0.009002 0.003680, -0.005539 0.010252 0.003680,
 -0.005537 0.008499 -0.001094, -0.005536 0.011502 0.001085, -0.005534 0.007502 0.001090, -0.005533 0.012000 0.001141, -0.005532 0.003501 0.001095,
 -0.005524 0.007760 -0.001188, -0.005524 0.008510 -0.001188, -0.005519 0.007761 -0.001204, -0.005517 0.011762 -0.001208, -0.005515 0.003761 -0.001197,
 -0.005510 0.011767 -0.001249, -0.005510 0.012000 -0.001249, -0.005509 0.008239 0.001199, -0.005509 0.012000 -0.001255, -0.005507 0.004238 0.001204,
 -0.005500 0.002000 -0.009526, -0.005500 0.002000 0.009526, -0.005500 0.012000 -0.009526, -0.005500 0.012000 0.009526, -0.005471 0.010242 0.003769,
 -0.005468 0.006241 0.003774, -0.005467 0.002240 0.003781, -0.005465 0.005759 -0.003769, -0.005462 0.009759 -0.003774, -0.005448 0.011458 0.001463,
 -0.005447 0.003457 0.001473, -0.005447 0.007457 0.001468, -0.005445 0.002237 0.003817, -0.005444 0.004542 -0.001464, -0.005443 0.008543 -0.001469,
 -0.005437 0.012000 0.001537, -0.005423 0.004194 0.001582, -0.005422 0.008195 0.001577, -0.005420 0.003442 0.001596, -0.005420 0.004192 0.001596,
 -0.005415 0.003805 -0.001572, -0.005413 0.007806 -0.001576, -0.005411 0.011806 -0.001581, -0.005411 0.007439 0.001627, -0.005411 0.008189 0.001627,
 -0.005405 0.011436 0.001647, -0.005402 0.012000 0.001646, -0.005394 0.012000 -0.001681, -0.005391 0.003021 -0.003875, -0.005390 0.007022 -0.003883,
 -0.005389 0.008978 0.003878, -0.005387 0.011022 -0.003888, -0.005386 0.004978 0.003883, -0.005347 0.003835 -0.001826, -0.005347 0.004585 -0.001826,
 -0.005342 0.004586 -0.001838, -0.005337 0.008587 -0.001842, -0.005334 0.011414 0.001832, -0.005332 0.007413 0.001837, -0.005329 0.003413 0.001841,
 -0.005321 0.005784 -0.003989, -0.005321 0.007034 -0.003989, -0.005321 0.009784 -0.003989, -0.005321 0.011034 -0.003989, -0.005316 0.007846 -0.001915,
 -0.005316 0.008596 -0.001915, -0.005312 0.012000 0.001924, -0.005301 0.007850 -0.001947, -0.005300 0.011850 -0.001952, -0.005299 0.003849 -0.001941,
 -0.005294 0.011853 -0.001973, -0.005293 0.008151 0.001941, -0.005292 0.012000 -0.001972, -0.005291 0.004150 0.001946, -0.005259 0.012000 -0.002066,
 -0.005197 0.010198 0.004131, -0.005197 0.005802 -0.004134, -0.005197 0.011370 0.002194, -0.005196 0.007369 0.002199, -0.005195 0.003369 0.002204,
 -0.005194 0.006197 0.004136, -0.005193 0.009803 -0.004139, -0.005193 0.004630 -0.002195, -0.005192 0.005803 -0.004140, -0.005192 0.007053 -0.004140,
 -0.005192 0.009803 -0.004140, -0.005192 0.011053 -0.004140, -0.005191 0.008631 -0.002199, -0.005191 0.004947 0.004140, -0.005191 0.006197 0.004140,
 -0.005191 0.008947 0.004140, -0.005191 0.010197 0.004140, -0.005189 0.002197 0.004139, -0.005157 0.004106 0.002309, -0.005157 0.003356 0.002309,
 -0.005157 0.004106 0.002309, -0.005157 0.008107 0.002303, -0.005152 0.012000 0.002318, -0.005150 0.003893 -0.002298, -0.005147 0.007893 -0.002301,
 -0.005144 0.011894 -0.002306, -0.005144 0.007353 0.002338, -0.005144 0.008103 0.002338, -0.005135 0.011350 0.002357, -0.005134 0.012000 0.002357,
 -0.005116 0.003065 -0.004238, -0.005115 0.008935 0.004241, -0.005114 0.012000 -0.002402, -0.005111 0.004934 0.004245, -0.005108 0.007065 -0.004239,
 -0.005104 0.011066 -0.004243, -0.005057 0.003920 -0.002520, -0.005057 0.004670 -0.002520, -0.005047 0.004924 0.004330, -0.005047 0.006174 0.004330,
 -0.005047 0.008924 0.004330, -0.005047 0.010174 0.004330, -0.005045 0.003076 -0.004333, -0.005040 0.004674 -0.002548, -0.005039 0.002000 0.004339,
 -0.005037 0.008674 -0.002552, -0.005035 0.011327 0.002542, -0.005033 0.002173 0.004334, -0.005032 0.007326 0.002546, -0.005029 0.003326 0.002550,
 -0.005021 0.002000 -0.004361, -0.005019 0.003080 -0.004359, -0.005015 0.007930 -0.002602, -0.005015 0.008680 -0.002602, -0.004987 0.011937 -0.002656,
 -0.004986 0.011937 -0.002657, -0.004986 0.007936 -0.002650, -0.004985 0.003936 -0.002643, -0.004984 0.012000 -0.002655, -0.004979 0.008064 0.002644,
 -0.004977 0.004064 0.002648, -0.004965 0.012000 0.002697, -0.004937 0.002158 0.004455, -0.004923 0.012000 -0.002773, -0.004903 0.010154 0.004478,
 -0.004902 0.005846 -0.004481, -0.004900 0.002153 0.004491, -0.004899 0.006154 0.004482, -0.004898 0.009847 -0.004486, -0.004852 0.011284 0.002879,
 -0.004851 0.007284 0.002883, -0.004850 0.003283 0.002888, -0.004848 0.004716 -0.002878, -0.004845 0.008717 -0.002882, -0.004813 0.007109 -0.004586,
 -0.004810 0.003109 -0.004575, -0.004809 0.011110 -0.004590, -0.004808 0.008891 0.004577, -0.004806 0.003273 0.002970, -0.004806 0.004023 0.002970,
 -0.004803 0.004890 0.004581, -0.004799 0.008022 0.002980, -0.004796 0.004021 0.002984, -0.004792 0.003978 -0.002974, -0.004790 0.011979 -0.002984,
 -0.004790 0.007269 0.002997, -0.004790 0.008019 0.002997, -0.004788 0.007979 -0.002977, -0.004787 0.005863 -0.004616, -0.004787 0.007113 -0.004616,
 -0.004787 0.009863 -0.004616, -0.004787 0.011113 -0.004616, -0.004778 0.011267 0.003015, -0.004777 0.012000 0.003014, -0.004755 0.012000 0.003051,
 -0.004695 0.012000 -0.003144, -0.004695 0.012000 0.003144, -0.004681 0.004003 -0.003164, -0.004681 0.004753 -0.003164, -0.004649 0.004759 -0.003205,
 -0.004647 0.008759 -0.003210, -0.004644 0.011241 0.003199, -0.004641 0.007241 0.003203, -0.004637 0.003240 0.003207, -0.004628 0.008013 -0.003241,
 -0.004628 0.008763 -0.003241, -0.004617 0.012000 -0.003289, -0.004603 0.012000 0.003307, -0.004599 0.012000 -0.003319, -0.004586 0.005890 -0.004810,
 -0.004585 0.010110 0.004806, -0.004583 0.011979 0.003292, -0.004583 0.002000 -0.010000, -0.004583 0.002000 0.010000, -0.004583 0.012000 -0.010000,
 -0.004583 0.012000 0.010000, -0.004581 0.009891 -0.004814, -0.004581 0.006109 0.004810, -0.004581 0.008022 -0.003299, -0.004581 0.004021 -0.003293,
 -0.004576 0.007978 0.003293, -0.004574 0.002109 0.004811, -0.004573 0.003978 0.003297, -0.004521 0.005899 -0.004872, -0.004521 0.007149 -0.004872,
 -0.004521 0.009899 -0.004872, -0.004521 0.011149 -0.004872, -0.004521 0.004851 0.004872, -0.004521 0.006101 0.004872, -0.004521 0.008851 0.004872,
 -0.004521 0.010101 0.004872, -0.004497 0.012000 0.003494, -0.004491 0.003153 -0.004902, -0.004490 0.008847 0.004904, -0.004487 0.007154 -0.004906,
 -0.004485 0.004846 0.004909, -0.004482 0.011154 -0.004910, -0.004477 0.004845 0.004917, -0.004477 0.006095 0.004917, -0.004477 0.008845 0.004917,
 -0.004477 0.010095 0.004917, -0.004473 0.003156 -0.004921, -0.004438 0.005910 -0.004953, -0.004438 0.007160 -0.004953, -0.004438 0.009910 -0.004953,
 -0.004438 0.011160 -0.004953, -0.004417 0.011198 0.003511, -0.004415 0.007197 0.003516, -0.004413 0.003197 0.003521, -0.004412 0.004802 -0.003510,
 -0.004408 0.008803 -0.003513, -0.004400 0.012000 0.003642, -0.004398 0.012000 -0.003651, -0.004395 0.012000 -0.003654, -0.004372 0.002000 0.005011,
 -0.004371 0.003189 0.003580, -0.004371 0.003939 0.003580, -0.004370 0.002081 0.005010, -0.004352 0.011935 0.003601, -0.004351 0.002079 0.005029,
 -0.004351 0.007185 0.003605, -0.004351 0.007935 0.003605, -0.004350 0.002000 -0.005030, -0.004350 0.007935 0.003606, -0.004345 0.003171 -0.005024,
 -0.004345 0.003934 0.003608, -0.004343 0.004065 -0.003598, -0.004339 0.008066 -0.003600, -0.004337 0.011183 0.003621, -0.004337 0.011933 0.003621,
 -0.004282 0.012000 0.003820, -0.004242 0.010066 0.005106, -0.004241 0.005934 -0.005108, -0.004238 0.006065 0.005109, -0.004236 0.002065 0.005116,
 -0.004236 0.009935 -0.005112, -0.004214 0.004089 -0.003764, -0.004214 0.004839 -0.003764, -0.004181 0.012000 -0.003958, -0.004171 0.012000 0.003965,
 -0.004168 0.004846 -0.003810, -0.004166 0.012000 -0.003977, -0.004165 0.008847 -0.003815, -0.004164 0.011154 0.003803, -0.004161 0.007154 0.003807,
 -0.004156 0.003153 0.003810, -0.004151 0.008099 -0.003833, -0.004151 0.008849 -0.003833, -0.004138 0.003197 -0.005190, -0.004136 0.008803 0.005191,
 -0.004133 0.007198 -0.005193, -0.004131 0.004802 0.005195, -0.004129 0.011198 -0.005197, -0.004089 0.004109 -0.003889, -0.004087 0.008109 -0.003894,
 -0.004086 0.011891 0.003883, -0.004084 0.007891 0.003888, -0.004080 0.003890 0.003891, -0.004028 0.012000 0.004152, -0.003919 0.012000 0.004274,
 -0.003916 0.012000 -0.004284, -0.003913 0.012000 -0.004286, -0.003896 0.011110 0.004083, -0.003895 0.007109 0.004090, -0.003893 0.004890 -0.004084,
 -0.003891 0.003109 0.004093, -0.003888 0.010022 0.005390, -0.003886 0.008891 -0.004084, -0.003884 0.005978 -0.005390, -0.003883 0.006022 0.005394,
 -0.003880 0.009979 -0.005394, -0.003875 0.002021 0.005392, -0.003869 0.007105 0.004118, -0.003869 0.007855 0.004118, -0.003861 0.003104 0.004125,
 -0.003861 0.003854 0.004125, -0.003835 0.003234 -0.005433, -0.003835 0.004766 0.005433, -0.003835 0.006016 0.005433, -0.003835 0.008766 0.005433,
 -0.003835 0.010016 0.005433, -0.003819 0.011847 0.004164, -0.003816 0.011097 0.004166, -0.003816 0.011847 0.004166, -0.003814 0.004153 -0.004163,
 -0.003812 0.007847 0.004164, -0.003809 0.003846 0.004168, -0.003805 0.008154 -0.004161, -0.003798 0.005989 -0.005459, -0.003798 0.007239 -0.005459,
 -0.003798 0.009989 -0.005459, -0.003798 0.011239 -0.005459, -0.003779 0.003241 -0.005467, -0.003777 0.008759 0.005469, -0.003776 0.007241 -0.005472,
 -0.003772 0.004759 0.005472, -0.003771 0.011242 -0.005475, -0.003764 0.004161 -0.004214, -0.003764 0.004911 -0.004214, -0.003757 0.012000 0.004458,
 -0.003744 0.005995 -0.005491, -0.003744 0.007245 -0.005491, -0.003744 0.009995 -0.005491, -0.003744 0.011245 -0.005491, -0.003743 0.004755 0.005490,
 -0.003743 0.006005 0.005490, -0.003743 0.008755 0.005490, -0.003743 0.010005 0.005490, -0.003700 0.002000 -0.005526, -0.003700 0.002000 0.005526,
 -0.003694 0.002000 0.005529, -0.003645 0.012000 0.004568, -0.003641 0.012000 -0.004576, -0.003638 0.012000 -0.004579, -0.003605 0.008935 -0.004350,
 -0.003604 0.008185 -0.004351, -0.003604 0.008935 -0.004351, -0.003603 0.011066 0.004336, -0.003603 0.004934 -0.004339, -0.003599 0.007065 0.004339,
 -0.003595 0.003065 0.004342, -0.003587 0.002012 -0.005591, -0.003585 0.003262 -0.005587, -0.003546 0.002000 -0.005607, -0.003516 0.011803 0.004406,
 -0.003515 0.004197 -0.004408, -0.003515 0.008198 -0.004416, -0.003513 0.007803 0.004410, -0.003512 0.002021 -0.005635, -0.003509 0.003802 0.004413,
 -0.003508 0.009979 0.005635, -0.003506 0.006021 -0.005637, -0.003506 0.002000 -0.005625, -0.003503 0.005979 0.005638, -0.003501 0.010022 -0.005640,
 -0.003492 0.002000 0.005631, -0.003485 0.012000 0.004725, -0.003395 0.003283 -0.005705, -0.003393 0.008717 0.005706, -0.003390 0.007284 -0.005707,
 -0.003388 0.004716 0.005709, -0.003385 0.011284 -0.005710, -0.003380 0.002000 0.005688, -0.003354 0.012000 -0.004842, -0.003349 0.012000 0.004841,
 -0.003341 0.012000 -0.004852, -0.003302 0.011022 0.004578, -0.003300 0.007022 0.004584, -0.003298 0.004978 -0.004577, -0.003296 0.003021 0.004587,
 -0.003292 0.008979 -0.004577, -0.003281 0.007019 0.004599, -0.003281 0.007769 0.004599, -0.003273 0.003018 0.004606, -0.003273 0.003768 0.004606,
 -0.003223 0.011011 0.004641, -0.003223 0.011761 0.004641, -0.003214 0.011760 0.004646, -0.003211 0.004241 -0.004645, -0.003208 0.007759 0.004645,
 -0.003204 0.003759 0.004648, -0.003202 0.008241 -0.004642, -0.003171 0.004246 -0.004676, -0.003171 0.004996 -0.004676, -0.003159 0.012000 0.005003,
 -0.003147 0.003311 -0.005858, -0.003144 0.004689 0.005860, -0.003144 0.005939 0.005860, -0.003144 0.008689 0.005860, -0.003144 0.009939 0.005860,
 -0.003124 0.009937 0.005869, -0.003124 0.002063 -0.005862, -0.003122 0.006063 -0.005871, -0.003120 0.002000 -0.005804, -0.003119 0.005936 0.005871,
 -0.003117 0.010064 -0.005874, -0.003107 0.006065 -0.005880, -0.003107 0.007315 -0.005880, -0.003107 0.010065 -0.005880, -0.003107 0.011315 -0.005880,
 -0.003098 0.002000 -0.005812, -0.003083 0.002000 0.005816, -0.003035 0.012000 0.005094, -0.003026 0.012000 -0.005104, -0.003010 0.012000 -0.005117,
 -0.003004 0.003326 -0.005924, -0.003001 0.008674 0.005926, -0.002999 0.007326 -0.005928, -0.002996 0.008270 -0.004790, -0.002996 0.009020 -0.004790,
 -0.002996 0.004673 0.005928, -0.002995 0.002077 -0.005937, -0.002994 0.011327 -0.005931, -0.002985 0.002000 0.005859, -0.002980 0.010979 0.004786,
 -0.002979 0.009022 -0.004799, -0.002979 0.005021 -0.004789, -0.002975 0.006979 0.004789, -0.002971 0.002978 0.004791, -0.002886 0.011717 0.004843,
 -0.002884 0.004283 -0.004845, -0.002882 0.008284 -0.004851, -0.002882 0.007717 0.004846, -0.002881 0.006089 -0.005982, -0.002881 0.007339 -0.005982,
 -0.002881 0.010089 -0.005982, -0.002881 0.011339 -0.005982, -0.002881 0.004661 0.005981, -0.002881 0.005911 0.005981, -0.002881 0.008661 0.005981,
 -0.002881 0.009911 0.005981, -0.002877 0.003716 0.004849, -0.002797 0.012000 0.005268, -0.002755 0.002102 -0.006041, -0.002754 0.003352 -0.006039,
 -0.002716 0.002106 -0.006057, -0.002713 0.009894 0.006058, -0.002711 0.006107 -0.006059, -0.002708 0.005893 0.006060, -0.002705 0.010107 -0.006061,
 -0.002703 0.012000 0.005326, -0.002692 0.012000 -0.005335, -0.002684 0.002000 -0.005969, -0.002678 0.002000 -0.005971, -0.002663 0.002000 0.005972,
 -0.002661 0.012000 -0.005357, -0.002652 0.010937 0.004983, -0.002650 0.006936 0.004989, -0.002649 0.005064 -0.004982, -0.002646 0.002936 0.004991,
 -0.002645 0.006936 0.004993, -0.002645 0.007686 0.004993, -0.002643 0.009064 -0.004980, -0.002636 0.002934 0.004998, -0.002636 0.003684 0.004998,
 -0.002592 0.003369 -0.006114, -0.002589 0.008631 0.006115, -0.002586 0.007370 -0.006115, -0.002584 0.004630 0.006118, -0.002582 0.010928 0.005025,
 -0.002582 0.011678 0.005025, -0.002581 0.011370 -0.006117, -0.002556 0.011675 0.005037, -0.002554 0.004326 -0.005038, -0.002550 0.007674 0.005035,
 -0.002546 0.003673 0.005038, -0.002545 0.008327 -0.005032, -0.002531 0.002000 0.006018, -0.002527 0.004329 -0.005053, -0.002527 0.005079 -0.005053,
 -0.002429 0.012000 0.005497, -0.002406 0.004611 0.006200, -0.002406 0.005861 0.006200, -0.002406 0.008611 0.006200, -0.002406 0.009861 0.006200,
 -0.002402 0.003389 -0.006201, -0.002358 0.006144 -0.006218, -0.002358 0.007394 -0.006218, -0.002358 0.010144 -0.006218, -0.002358 0.011394 -0.006218,
 -0.002351 0.012000 0.005538, -0.002339 0.012000 -0.005545, -0.002337 0.008353 -0.005144, -0.002337 0.009103 -0.005144, -0.002305 0.010894 0.005145,
 -0.002303 0.005107 -0.005147, -0.002302 0.009107 -0.005157, -0.002300 0.006893 0.005147, -0.002298 0.002150 -0.006236, -0.002296 0.002892 0.005149,
 -0.002295 0.009850 0.006235, -0.002293 0.006150 -0.006238, -0.002290 0.005850 0.006237, -0.002288 0.010151 -0.006240, -0.002288 0.012000 -0.005575,
 -0.002282 0.002000 -0.006090, -0.002248 0.002000 -0.006098, -0.002238 0.002156 -0.006262, -0.002233 0.002000 0.006100, -0.002203 0.011631 0.005189,
 -0.002201 0.004369 -0.005190, -0.002199 0.007631 0.005192, -0.002198 0.008370 -0.005196, -0.002194 0.003630 0.005194, -0.002167 0.003413 -0.006276,
 -0.002165 0.008587 0.006276, -0.002162 0.007413 -0.006279, -0.002159 0.004586 0.006278, -0.002157 0.011414 -0.006280, -0.002130 0.002000 0.006129,
 -0.002065 0.012000 0.005690, -0.001980 0.012000 0.005727, -0.001968 0.012000 -0.005734, -0.001961 0.006851 0.005299, -0.001961 0.007601 0.005299,
 -0.001956 0.004566 0.006343, -0.001956 0.005816 0.006343, -0.001956 0.008566 0.006343, -0.001956 0.009816 0.006343, -0.001956 0.006184 -0.006342,
 -0.001956 0.007434 -0.006342, -0.001956 0.010184 -0.006342, -0.001956 0.011434 -0.006342, -0.001951 0.002850 0.005303, -0.001951 0.003600 0.005303,
 -0.001950 0.010850 0.005299, -0.001947 0.006850 0.005303, -0.001947 0.005150 -0.005296, -0.001942 0.002849 0.005305, -0.001940 0.009151 -0.005293,
 -0.001908 0.012000 -0.005764, -0.001894 0.010843 0.005323, -0.001894 0.011593 0.005323, -0.001868 0.003443 -0.006371, -0.001868 0.002193 -0.006369,
 -0.001863 0.002194 -0.006371, -0.001861 0.009806 0.006373, -0.001857 0.006194 -0.006373, -0.001855 0.005805 0.006375, -0.001852 0.010195 -0.006375,
 -0.001846 0.011587 0.005337, -0.001844 0.004413 -0.005339, -0.001840 0.007587 0.005335, -0.001836 0.008414 -0.005332, -0.001835 0.003586 0.005336,
 -0.001834 0.002000 -0.006192, -0.001827 0.004415 -0.005346, -0.001827 0.005165 -0.005346, -0.001812 0.002000 -0.006196, -0.001798 0.002000 0.006198,
 -0.001743 0.002000 0.006209, -0.001732 0.003457 -0.006414, -0.001730 0.008543 0.006415, -0.001726 0.007458 -0.006414, -0.001724 0.004542 0.006417,
 -0.001721 0.011458 -0.006416, -0.001674 0.012000 0.005863, -0.001626 0.004532 0.006448, -0.001626 0.005782 0.006448, -0.001626 0.008532 0.006448,
 -0.001626 0.009782 0.006448, -0.001626 0.008439 -0.005411, -0.001626 0.009189 -0.005411, -0.001618 0.003469 -0.006450, -0.001594 0.012000 0.005892,
 -0.001581 0.012000 -0.005897, -0.001580 0.010806 0.005412, -0.001578 0.005194 -0.005413, -0.001576 0.009195 -0.005423, -0.001575 0.006805 0.005413,
 -0.001573 0.006223 -0.006461, -0.001573 0.007473 -0.006461, -0.001573 0.010223 -0.006461, -0.001573 0.011473 -0.006461, -0.001570 0.002805 0.005414,
 -0.001494 0.012000 -0.005933, -0.001473 0.011543 0.005442, -0.001470 0.004457 -0.005442, -0.001468 0.007543 0.005445, -0.001467 0.008458 -0.005447,
 -0.001463 0.003542 0.005446, -0.001450 0.002235 -0.006490, -0.001424 0.002238 -0.006494, -0.001419 0.009762 0.006487, -0.001417 0.006238 -0.006489,
 -0.001414 0.005761 0.006488, -0.001411 0.010239 -0.006490, -0.001383 0.002000 -0.006262, -0.001373 0.002000 -0.006263, -0.001359 0.002000 0.006263,
 -0.001303 0.002000 0.006271, -0.001287 0.003501 -0.006512, -0.001284 0.008499 0.006512, -0.001282 0.007502 -0.006513, -0.001279 0.004498 0.006513,
 -0.001276 0.011502 -0.006515, -0.001248 0.012000 0.006017, -0.001236 0.006765 0.005513, -0.001236 0.007515 0.005513, -0.001226 0.002764 0.005515,
 -0.001226 0.003514 0.005515, -0.001207 0.010762 0.005517, -0.001203 0.005239 -0.005514, -0.001202 0.006761 0.005518, -0.001197 0.002761 0.005520,
 -0.001197 0.009239 -0.005509, -0.001195 0.012000 0.006032, -0.001182 0.012000 -0.006036, -0.001166 0.010757 0.005528, -0.001166 0.011507 0.005528,
 -0.001129 0.012000 -0.006054, -0.001098 0.011499 0.005538, -0.001097 0.004501 -0.005543, -0.001097 0.005251 -0.005543, -0.001096 0.004501 -0.005543,
 -0.001092 0.007499 0.005535, -0.001089 0.008502 -0.005534, -0.001087 0.003498 0.005537, -0.000990 0.004470 0.006567, -0.000990 0.005720 0.006567,
 -0.000990 0.008470 0.006567, -0.000990 0.009720 0.006567, -0.000989 0.006280 -0.006566, -0.000989 0.007530 -0.006566, -0.000989 0.010280 -0.006566,
 -0.000989 0.011530 -0.006566, -0.000974 0.002282 -0.006566, -0.000971 0.009718 0.006571, -0.000968 0.006282 -0.006570, -0.000965 0.005717 0.006572,
 -0.000962 0.010283 -0.006571, -0.000944 0.003535 -0.006576, -0.000943 0.002285 -0.006571, -0.000934 0.002000 -0.006299, -0.000926 0.002000 -0.006300,
 -0.000920 0.002000 0.006299, -0.000890 0.008525 -0.005579, -0.000890 0.009275 -0.005579, -0.000880 0.002000 0.006302, -0.000840 0.003545 -0.006595,
 -0.000837 0.008455 0.006596, -0.000833 0.007546 -0.006594, -0.000831 0.004454 0.006597, -0.000828 0.011546 -0.006595, -0.000825 0.010718 0.005577,
 -0.000824 0.012000 0.006136, -0.000822 0.005282 -0.005578, -0.000820 0.006717 0.005577, -0.000819 0.009283 -0.005586, -0.000817 0.004453 0.006600,
 -0.000817 0.005703 0.006600, -0.000817 0.008453 0.006600, -0.000817 0.009703 0.006600, -0.000815 0.003548 -0.006600, -0.000815 0.002717 0.005578,
 -0.000785 0.012000 0.006144, -0.000771 0.012000 -0.006146, -0.000769 0.006302 -0.006605, -0.000769 0.007552 -0.006605, -0.000769 0.010302 -0.006605,
 -0.000769 0.011552 -0.006605, -0.000714 0.011455 0.005592, -0.000712 0.004545 -0.005592, -0.000710 0.007455 0.005594, -0.000708 0.008545 -0.005596,
 -0.000705 0.003454 0.005595, -0.000695 0.012000 -0.006165, -0.000643 0.002314 -0.006619, -0.000526 0.002000 -0.006305, -0.000524 0.002325 -0.006625,
 -0.000521 0.009675 0.006618, -0.000518 0.006326 -0.006620, -0.000515 0.005674 0.006618, -0.000512 0.010326 -0.006620, -0.000499 0.002000 -0.006304,
 -0.000486 0.006679 0.005629, -0.000486 0.007429 0.005629, -0.000485 0.002000 0.006303, -0.000475 0.002678 0.005630, -0.000475 0.003428 0.005630,
 -0.000443 0.010674 0.005631, -0.000440 0.005326 -0.005628, -0.000438 0.006674 0.005630, -0.000438 0.002000 0.006303, -0.000434 0.009326 -0.005621,
 -0.000433 0.002673 0.005631, -0.000423 0.012000 0.006218, -0.000414 0.010671 0.005635, -0.000414 0.011421 0.005635, -0.000388 0.003588 -0.006626,
 -0.000385 0.008412 0.006626, -0.000382 0.007589 -0.006628, -0.000379 0.004411 0.006627, -0.000376 0.011589 -0.006628, -0.000367 0.012000 0.006225,
 -0.000353 0.012000 -0.006228, -0.000352 0.004586 -0.005639, -0.000352 0.005336 -0.005639, -0.000332 0.011412 0.005637, -0.000330 0.004588 -0.005639,
 -0.000327 0.007411 0.005632, -0.000324 0.008589 -0.005632, -0.000322 0.003411 0.005634, -0.000308 0.012000 -0.006236, -0.000144 0.008609 -0.005648,
 -0.000144 0.009359 -0.005648, -0.000125 0.002000 -0.006286, -0.000073 0.002368 -0.006646, -0.000070 0.009632 0.006646, -0.000070 0.002000 -0.006280,
 -0.000067 0.006369 -0.006646, -0.000064 0.005631 0.006646, -0.000062 0.010369 -0.006646, -0.000060 0.010632 0.005643, -0.000057 0.005369 -0.005639,
 -0.000056 0.002000 0.006278, -0.000055 0.006631 0.005637, -0.000053 0.009369 -0.005646, -0.000050 0.002631 0.005642, -0.000008 0.012000 0.006274,
 -0.000000 0.002375 -0.006650, -0.000000 0.003625 -0.006650, 0.000000 0.004375 0.006650, 0.000000 0.005625 0.006650, -0.000000 0.006375 -0.006650,
 -0.000000 0.007625 -0.006650, 0.000000 0.008375 0.006650, 0.000000 0.009625 0.006650, -0.000000 0.010375 -0.006650, -0.000000 0.011625 -0.006650,
 0.000008 0.002000 0.006274, 0.000050 0.011370 0.005646, 0.000053 0.004631 -0.005639, 0.000055 0.007369 0.005640, 0.000056 0.012000 0.006278,
 0.000057 0.008631 -0.005643, 0.000060 0.003368 0.005645, 0.000062 0.003631 -0.006646, 0.000065 0.008369 0.006646, 0.000067 0.007631 -0.006646,
 0.000070 0.012000 -0.006280, 0.000070 0.004368 0.006646, 0.000073 0.011632 -0.006645, 0.000125 0.012000 -0.006286, 0.000138 0.010610 0.005648,
 0.000138 0.011360 0.005648, 0.000158 0.002608 0.005648, 0.000158 0.003358 0.005648, 0.000268 0.006595 0.005644, 0.000268 0.007345 0.005644,
 0.000308 0.002000 -0.006236, 0.000322 0.010589 0.005632, 0.000325 0.005411 -0.005639, 0.000327 0.006589 0.005637, 0.000330 0.009412 -0.005636,
 0.000332 0.002588 0.005631, 0.000352 0.004664 -0.005639, 0.000352 0.005414 -0.005639, 0.000353 0.002000 -0.006228, 0.000367 0.002000 0.006225,
 0.000376 0.002411 -0.006627, 0.000379 0.009589 0.006628, 0.000382 0.006411 -0.006626, 0.000385 0.005588 0.006628, 0.000388 0.010412 -0.006626,
 0.000423 0.002000 0.006218, 0.000432 0.011327 0.005622, 0.000433 0.008673 -0.005633, 0.000433 0.009423 -0.005633, 0.000435 0.004674 -0.005628,
 0.000437 0.007326 0.005624, 0.000438 0.012000 0.006303, 0.000440 0.008674 -0.005632, 0.000442 0.003325 0.005621, 0.000485 0.012000 0.006303,
 0.000499 0.012000 -0.006304, 0.000512 0.003674 -0.006618, 0.000515 0.008326 0.006620, 0.000518 0.007674 -0.006618, 0.000521 0.004326 0.006620,
 0.000524 0.011675 -0.006618, 0.000526 0.012000 -0.006305, 0.000695 0.002000 -0.006165, 0.000705 0.010546 0.005597, 0.000707 0.005455 -0.005593,
 0.000710 0.006545 0.005593, 0.000712 0.009455 -0.005593, 0.000715 0.002545 0.005595, 0.000769 0.004302 0.006605, 0.000769 0.005552 0.006605,
 0.000769 0.008302 0.006605, 0.000769 0.009552 0.006605, 0.000771 0.002000 -0.006146, 0.000785 0.002000 0.006144, 0.000816 0.011283 0.005587,
 0.000817 0.002453 -0.006600, 0.000817 0.003703 -0.006600, 0.000817 0.006453 -0.006600, 0.000817 0.007703 -0.006600, 0.000817 0.010453 -0.006600,
 0.000817 0.011703 -0.006600, 0.000817 0.004717 -0.005578, 0.000820 0.007283 0.005580, 0.000822 0.008718 -0.005577, 0.000824 0.002000 0.006136,
 0.000826 0.003282 0.005585, 0.000828 0.002454 -0.006598, 0.000831 0.009546 0.006594, 0.000834 0.006454 -0.006596, 0.000836 0.005545 0.006593,
 0.000840 0.010455 -0.006595, 0.000880 0.012000 0.006302, 0.000884 0.010526 0.005580, 0.000884 0.011276 0.005580, 0.000904 0.002523 0.005577,
 0.000904 0.003273 0.005577, 0.000920 0.012000 0.006299, 0.000926 0.012000 -0.006300, 0.000934 0.012000 -0.006299, 0.000944 0.010465 -0.006576,
 0.000944 0.011715 -0.006576, 0.000963 0.003717 -0.006572, 0.000965 0.008283 0.006570, 0.000968 0.007718 -0.006571, 0.000971 0.004282 0.006569,
 0.000974 0.011718 -0.006570, 0.000989 0.004280 0.006566, 0.000989 0.005530 0.006566, 0.000989 0.008280 0.006566, 0.000989 0.009530 0.006566,
 0.000990 0.002470 -0.006567, 0.000990 0.003720 -0.006567, 0.000990 0.006470 -0.006567, 0.000990 0.007720 -0.006567, 0.001014 0.006511 0.005558,
 0.001014 0.007261 0.005558, 0.001086 0.010502 0.005534, 0.001091 0.005498 -0.005543, 0.001092 0.006501 0.005539, 0.001095 0.009499 -0.005537,
 0.001096 0.002501 0.005533, 0.001105 0.004750 -0.005541, 0.001105 0.005500 -0.005541, 0.001129 0.002000 -0.006054, 0.001182 0.002000 -0.006036,
 0.001185 0.008759 -0.005524, 0.001185 0.009509 -0.005524, 0.001195 0.011239 0.005510, 0.001195 0.002000 0.006032, 0.001199 0.004761 -0.005516,
 0.001200 0.007239 0.005511, 0.001205 0.008761 -0.005519, 0.001205 0.003238 0.005508, 0.001248 0.002000 0.006017, 0.001276 0.002498 -0.006514,
 0.001279 0.009502 0.006514, 0.001282 0.006498 -0.006513, 0.001285 0.005501 0.006513, 0.001287 0.010499 -0.006512, 0.001303 0.012000 0.006271,
 0.001359 0.012000 0.006263, 0.001373 0.012000 -0.006263, 0.001383 0.012000 -0.006262, 0.001411 0.003761 -0.006488, 0.001414 0.008239 0.006490,
 0.001417 0.007762 -0.006487, 0.001420 0.004238 0.006489, 0.001422 0.011762 -0.006486, 0.001464 0.010458 0.005448, 0.001465 0.005542 -0.005444,
 0.001468 0.006457 0.005444, 0.001470 0.009543 -0.005443, 0.001474 0.002457 0.005445, 0.001494 0.002000 -0.005933, 0.001573 0.011195 0.005423,
 0.001573 0.004805 -0.005414, 0.001573 0.004223 0.006461, 0.001573 0.005473 0.006461, 0.001573 0.008223 0.006461, 0.001573 0.009473 0.006461,
 0.001576 0.007195 0.005416, 0.001578 0.008806 -0.005412, 0.001581 0.002000 -0.005897, 0.001583 0.003194 0.005420, 0.001594 0.002000 0.005892,
 0.001620 0.010440 0.005413, 0.001620 0.011190 0.005413, 0.001626 0.002532 -0.006448, 0.001626 0.003782 -0.006448, 0.001626 0.006532 -0.006448,
 0.001626 0.007782 -0.006448, 0.001626 0.010532 -0.006448, 0.001626 0.011782 -0.006448, 0.001639 0.002437 0.005407, 0.001639 0.003187 0.005407,
 0.001674 0.002000 0.005863, 0.001721 0.002542 -0.006418, 0.001723 0.009458 0.006415, 0.001727 0.006542 -0.006416, 0.001729 0.005457 0.006413,
 0.001732 0.010543 -0.006414, 0.001743 0.012000 0.006209, 0.001747 0.006425 0.005373, 0.001747 0.007175 0.005373, 0.001798 0.012000 0.006198,
 0.001812 0.012000 -0.006196, 0.001833 0.010414 0.005333, 0.001834 0.012000 -0.006192, 0.001835 0.004836 -0.005344, 0.001835 0.005586 -0.005344,
 0.001839 0.005587 -0.005342, 0.001840 0.006413 0.005336, 0.001843 0.002413 0.005330, 0.001843 0.009587 -0.005336, 0.001852 0.003805 -0.006376,
 0.001855 0.008195 0.006374, 0.001858 0.007806 -0.006374, 0.001860 0.004194 0.006372, 0.001863 0.011806 -0.006372, 0.001868 0.010557 -0.006371,
 0.001868 0.011807 -0.006371, 0.001908 0.002000 -0.005764, 0.001912 0.008845 -0.005317, 0.001912 0.009595 -0.005317, 0.001938 0.011151 0.005294,
 0.001942 0.004849 -0.005299, 0.001943 0.007151 0.005294, 0.001947 0.003150 0.005290, 0.001948 0.008850 -0.005301, 0.001956 0.004184 0.006342,
 0.001956 0.005434 0.006342, 0.001956 0.008184 0.006342, 0.001956 0.009434 0.006342, 0.001956 0.002566 -0.006343, 0.001956 0.003816 -0.006343,
 0.001956 0.006566 -0.006343, 0.001956 0.007816 -0.006343, 0.001968 0.002000 -0.005734, 0.001980 0.002000 0.005727, 0.002065 0.002000 0.005690,
 0.002130 0.012000 0.006129, 0.002156 0.002586 -0.006279, 0.002159 0.009414 0.006279, 0.002162 0.006587 -0.006277, 0.002165 0.005413 0.006278,
 0.002167 0.010587 -0.006276, 0.002196 0.010370 0.005197, 0.002196 0.005630 -0.005192, 0.002199 0.006369 0.005192, 0.002201 0.009631 -0.005191,
 0.002205 0.002369 0.005193, 0.002233 0.012000 0.006100, 0.002248 0.012000 -0.006098, 0.002282 0.012000 -0.006090, 0.002287 0.003849 -0.006237,
 0.002288 0.002000 -0.005575, 0.002290 0.008150 0.006239, 0.002292 0.007850 -0.006236, 0.002296 0.004150 0.006237, 0.002298 0.011850 -0.006234,
 0.002299 0.004893 -0.005149, 0.002300 0.011107 0.005158, 0.002302 0.007107 0.005150, 0.002303 0.008893 -0.005146, 0.002309 0.003106 0.005154,
 0.002331 0.010354 0.005147, 0.002331 0.011104 0.005147, 0.002339 0.002000 -0.005545, 0.002350 0.002351 0.005138, 0.002350 0.003101 0.005138,
 0.002351 0.002000 0.005538, 0.002358 0.004144 0.006218, 0.002358 0.005394 0.006218, 0.002358 0.008144 0.006218, 0.002358 0.009394 0.006218,
 0.002406 0.002611 -0.006200, 0.002406 0.003861 -0.006200, 0.002406 0.006611 -0.006200, 0.002406 0.007861 -0.006200, 0.002406 0.010611 -0.006200,
 0.002406 0.011861 -0.006200, 0.002429 0.002000 0.005497, 0.002451 0.006339 0.005090, 0.002451 0.007089 0.005090, 0.002527 0.004921 -0.005053,
 0.002527 0.005671 -0.005053, 0.002531 0.012000 0.006018, 0.002543 0.010327 0.005033, 0.002549 0.006326 0.005035, 0.002549 0.005674 -0.005040,
 0.002552 0.002326 0.005029, 0.002553 0.009674 -0.005037, 0.002581 0.002630 -0.006119, 0.002583 0.009370 0.006116, 0.002587 0.006630 -0.006116,
 0.002589 0.005369 0.006114, 0.002592 0.010631 -0.006114, 0.002599 0.008930 -0.005017, 0.002599 0.009680 -0.005017, 0.002640 0.011064 0.004981,
 0.002645 0.004936 -0.004985, 0.002645 0.007064 0.004981, 0.002649 0.003063 0.004977, 0.002651 0.008937 -0.004985, 0.002661 0.002000 -0.005357,
 0.002663 0.012000 0.005972, 0.002678 0.012000 -0.005971, 0.002684 0.012000 -0.005969, 0.002692 0.002000 -0.005335, 0.002703 0.002000 0.005326,
 0.002705 0.003893 -0.006062, 0.002708 0.008107 0.006060, 0.002711 0.007893 -0.006059, 0.002713 0.004106 0.006057, 0.002716 0.011894 -0.006057,
 0.002754 0.010648 -0.006039, 0.002754 0.011898 -0.006039, 0.002797 0.002000 0.005268, 0.002879 0.005716 -0.004847, 0.002880 0.010284 0.004853,
 0.002881 0.002661 -0.005981, 0.002881 0.003911 -0.005981, 0.002881 0.006661 -0.005981, 0.002881 0.007911 -0.005981, 0.002881 0.004089 0.005982,
 0.002881 0.005339 0.005982, 0.002881 0.008089 0.005982, 0.002881 0.009339 0.005982, 0.002882 0.006284 0.004847, 0.002884 0.009717 -0.004845,
 0.002888 0.002283 0.004847, 0.002974 0.004978 -0.004791, 0.002977 0.011022 0.004801, 0.002978 0.008979 -0.004788, 0.002978 0.007021 0.004792,
 0.002985 0.012000 0.005859, 0.002985 0.003021 0.004795, 0.002991 0.010270 0.004794, 0.002991 0.011020 0.004794, 0.002993 0.002673 -0.005929,
 0.002996 0.009327 0.005930, 0.002998 0.006674 -0.005927, 0.003002 0.005326 0.005927, 0.003004 0.010674 -0.005924, 0.003008 0.002268 0.004783,
 0.003008 0.003018 0.004783, 0.003010 0.002000 -0.005117, 0.003026 0.002000 -0.005104, 0.003035 0.002000 0.005094, 0.003083 0.012000 0.005816,
 0.003098 0.012000 -0.005812, 0.003101 0.006256 0.004723, 0.003101 0.007006 0.004723, 0.003107 0.004065 0.005880, 0.003107 0.005315 0.005880,
 0.003107 0.008065 0.005880, 0.003107 0.009315 0.005880, 0.003116 0.003936 -0.005873, 0.003119 0.008064 0.005872, 0.003120 0.012000 -0.005804,
 0.003122 0.007937 -0.005870, 0.003124 0.004063 0.005869, 0.003127 0.011937 -0.005868, 0.003144 0.002689 -0.005860, 0.003144 0.003939 -0.005860,
 0.003144 0.006689 -0.005860, 0.003144 0.007939 -0.005860, 0.003144 0.010689 -0.005860, 0.003144 0.011939 -0.005860, 0.003159 0.002000 0.005003,
 0.003172 0.005004 -0.004676, 0.003172 0.005754 -0.004676, 0.003200 0.010241 0.004643, 0.003206 0.006241 0.004643, 0.003207 0.005759 -0.004648,
 0.003208 0.002240 0.004637, 0.003212 0.009759 -0.004646, 0.003239 0.009013 -0.004630, 0.003239 0.009763 -0.004630, 0.003290 0.010979 0.004578,
 0.003294 0.005021 -0.004580, 0.003295 0.006978 0.004577, 0.003298 0.002978 0.004572, 0.003300 0.009022 -0.004580, 0.003341 0.002000 -0.004852,
 0.003349 0.002000 0.004841, 0.003354 0.002000 -0.004842, 0.003380 0.012000 0.005688, 0.003385 0.002716 -0.005711, 0.003388 0.009284 0.005709,
 0.003390 0.006716 -0.005708, 0.003393 0.005284 0.005706, 0.003395 0.010717 -0.005705, 0.003485 0.002000 0.004725, 0.003492 0.012000 0.005631,
 0.003501 0.003978 -0.005639, 0.003503 0.008021 0.005638, 0.003506 0.007979 -0.005636, 0.003506 0.012000 -0.005625, 0.003508 0.004021 0.005635,
 0.003511 0.005802 -0.004411, 0.003513 0.010198 0.004417, 0.003513 0.011979 -0.005638, 0.003514 0.006197 0.004411, 0.003514 0.009803 -0.004408,
 0.003521 0.002197 0.004411, 0.003546 0.012000 -0.005607, 0.003585 0.010738 -0.005587, 0.003588 0.011988 -0.005593, 0.003599 0.005065 -0.004342,
 0.003599 0.010186 0.004356, 0.003599 0.010936 0.004356, 0.003601 0.009066 -0.004338, 0.003603 0.006935 0.004343, 0.003603 0.010935 0.004352,
 0.003611 0.002934 0.004345, 0.003615 0.002184 0.004342, 0.003615 0.002934 0.004342, 0.003638 0.002000 -0.004579, 0.003641 0.002000 -0.004576,
 0.003645 0.002000 0.004568, 0.003694 0.012000 0.005529, 0.003700 0.006171 0.004270, 0.003700 0.006921 0.004270, 0.003700 0.012000 -0.005526,
 0.003700 0.012000 0.005526, 0.003743 0.002755 -0.005490, 0.003743 0.004005 -0.005490, 0.003743 0.006755 -0.005490, 0.003743 0.008005 -0.005490,
 0.003744 0.003995 0.005491, 0.003744 0.005245 0.005491, 0.003744 0.007995 0.005491, 0.003744 0.009245 0.005491, 0.003757 0.002000 0.004458,
 0.003769 0.002758 -0.005473, 0.003770 0.005090 -0.004208, 0.003770 0.005840 -0.004208, 0.003773 0.009241 0.005474, 0.003774 0.006759 -0.005470,
 0.003778 0.005241 0.005471, 0.003779 0.010759 -0.005467, 0.003798 0.003989 0.005459, 0.003798 0.005239 0.005459, 0.003798 0.007989 0.005459,
 0.003798 0.009239 0.005459, 0.003803 0.010154 0.004162, 0.003811 0.005846 -0.004167, 0.003811 0.002153 0.004156, 0.003811 0.006153 0.004164,
 0.003816 0.009847 -0.004165, 0.003830 0.009099 -0.004153, 0.003830 0.009849 -0.004153, 0.003835 0.002766 -0.005433, 0.003835 0.004016 -0.005433,
 0.003835 0.006766 -0.005433, 0.003835 0.008016 -0.005433, 0.003835 0.010766 -0.005433, 0.003875 0.011979 0.005392, 0.003881 0.004021 -0.005396,
 0.003882 0.007978 0.005392, 0.003884 0.010891 0.004086, 0.003886 0.008022 -0.005392, 0.003887 0.003978 0.005389, 0.003889 0.005109 -0.004087,
 0.003892 0.002890 0.004079, 0.003892 0.006891 0.004087, 0.003895 0.009110 -0.004086, 0.003913 0.002000 -0.004286, 0.003916 0.002000 -0.004284,
 0.003919 0.002000 0.004274, 0.004028 0.002000 0.004152, 0.004082 0.005891 -0.003889, 0.004085 0.009891 -0.003885, 0.004085 0.010110 0.003896,
 0.004089 0.006110 0.003899, 0.004089 0.006860 0.003899, 0.004092 0.002109 0.003888, 0.004092 0.006109 0.003896, 0.004129 0.002802 -0.005197,
 0.004131 0.009198 0.005195, 0.004133 0.006802 -0.005193, 0.004136 0.005197 0.005192, 0.004142 0.010803 -0.005195, 0.004147 0.010100 0.003838,
 0.004147 0.010850 0.003838, 0.004160 0.005153 -0.003809, 0.004161 0.002098 0.003822, 0.004161 0.002848 0.003822, 0.004162 0.009154 -0.003804,
 0.004163 0.006847 0.003810, 0.004164 0.010847 0.003817, 0.004166 0.002000 -0.003977, 0.004171 0.002846 0.003810, 0.004171 0.002000 0.003965,
 0.004181 0.002000 -0.003958, 0.004236 0.004065 -0.005111, 0.004236 0.011935 0.005116, 0.004239 0.007935 0.005110, 0.004240 0.008066 -0.005107,
 0.004243 0.003934 0.005106, 0.004282 0.002000 0.003820, 0.004297 0.005176 -0.003668, 0.004297 0.005926 -0.003668, 0.004309 0.010823 -0.005065,
 0.004337 0.010066 0.003602, 0.004340 0.006065 0.003598, 0.004343 0.002065 0.003595, 0.004344 0.005935 -0.003605, 0.004348 0.010828 -0.005028,
 0.004349 0.009185 -0.003606, 0.004349 0.009935 -0.003606, 0.004350 0.012000 -0.005030, 0.004351 0.009935 -0.003604, 0.004363 0.011920 0.005019,
 0.004371 0.011919 0.005011, 0.004372 0.012000 0.005011, 0.004395 0.002000 -0.003654, 0.004398 0.002000 -0.003651, 0.004400 0.002000 0.003642,
 0.004407 0.010803 0.003515, 0.004411 0.005197 -0.003516, 0.004411 0.006803 0.003512, 0.004413 0.002802 0.003508, 0.004416 0.009198 -0.003514,
 0.004438 0.003910 0.004953, 0.004438 0.005160 0.004953, 0.004438 0.007910 0.004953, 0.004438 0.009160 0.004953, 0.004477 0.002845 -0.004917,
 0.004477 0.004095 -0.004917, 0.004477 0.006845 -0.004917, 0.004477 0.008095 -0.004917, 0.004483 0.002846 -0.004911, 0.004484 0.009154 0.004908,
 0.004485 0.010847 -0.004895, 0.004487 0.006846 -0.004906, 0.004489 0.005153 0.004904, 0.004497 0.002000 0.003494, 0.004521 0.002851 -0.004872,
 0.004521 0.004101 -0.004872, 0.004521 0.006851 -0.004872, 0.004521 0.008101 -0.004872, 0.004521 0.003899 0.004872, 0.004521 0.005149 0.004872,
 0.004521 0.007899 0.004872, 0.004521 0.009149 0.004872, 0.004574 0.011891 0.004811, 0.004575 0.006023 0.003315, 0.004575 0.006773 0.003315,
 0.004575 0.005978 -0.003295, 0.004577 0.009979 -0.003291, 0.004579 0.004109 -0.004812, 0.004580 0.010022 0.003302, 0.004583 0.002000 -0.010000,
 0.004583 0.002000 0.010000, 0.004583 0.012000 -0.010000, 0.004583 0.012000 0.010000, 0.004583 0.008110 -0.004808, 0.004583 0.007891 0.004812,
 0.004585 0.006021 0.003300, 0.004585 0.002021 0.003293, 0.004588 0.003890 0.004808, 0.004599 0.002000 -0.003319, 0.004603 0.002000 0.003307,
 0.004617 0.002000 -0.003289, 0.004624 0.010014 0.003247, 0.004624 0.010764 0.003247, 0.004636 0.002012 0.003230, 0.004636 0.002762 0.003230,
 0.004641 0.005241 -0.003206, 0.004642 0.009241 -0.003201, 0.004644 0.006759 0.003206, 0.004645 0.010760 0.003212, 0.004651 0.002758 0.003204,
 0.004695 0.002000 -0.003144, 0.004695 0.002000 0.003144, 0.004745 0.005260 -0.003066, 0.004745 0.006010 -0.003066, 0.004755 0.002000 0.003051,
 0.004787 0.009979 0.002979, 0.004787 0.003863 0.004616, 0.004787 0.005113 0.004616, 0.004787 0.007863 0.004616, 0.004787 0.009113 0.004616,
 0.004788 0.009269 -0.002999, 0.004788 0.010019 -0.002999, 0.004789 0.002000 -0.002991, 0.004789 0.005979 0.002974, 0.004792 0.002020 -0.002993,
 0.004793 0.006021 -0.002980, 0.004795 0.002021 -0.002987, 0.004800 0.010022 -0.002978, 0.004801 0.002890 -0.004583, 0.004805 0.006891 -0.004579,
 0.004811 0.009110 0.004588, 0.004814 0.010891 -0.004579, 0.004814 0.005109 0.004584, 0.004844 0.010717 0.002885, 0.004847 0.005284 -0.002884,
 0.004848 0.006716 0.002881, 0.004849 0.002716 0.002876, 0.004852 0.009284 -0.002881, 0.004897 0.004153 -0.004485, 0.004899 0.011847 0.004491,
 0.004900 0.007847 0.004484, 0.004900 0.010903 -0.004496, 0.004901 0.008154 -0.004480, 0.004903 0.003846 0.004479, 0.004923 0.002000 -0.002773,
 0.004947 0.011841 0.004444, 0.004965 0.002000 0.002697, 0.004973 0.005940 0.002681, 0.004973 0.006690 0.002681, 0.004976 0.002063 -0.002650,
 0.004979 0.006064 -0.002646, 0.004981 0.010064 -0.002641, 0.004985 0.009937 0.002652, 0.004988 0.005936 0.002649, 0.005012 0.009931 0.002608,
 0.005012 0.010681 0.002608, 0.005014 0.010920 -0.004355, 0.005019 0.002000 0.002588, 0.005021 0.012000 -0.004361, 0.005022 0.002679 0.002590,
 0.005033 0.005326 -0.002550, 0.005033 0.009327 -0.002544, 0.005034 0.011827 0.004335, 0.005034 0.006674 0.002548, 0.005036 0.010674 0.002554,
 0.005039 0.012000 0.004339, 0.005041 0.002673 0.002546, 0.005047 0.002924 -0.004330, 0.005047 0.004174 -0.004330, 0.005047 0.006924 -0.004330,
 0.005047 0.008174 -0.004330, 0.005106 0.009066 0.004241, 0.005109 0.005343 -0.002413, 0.005109 0.006093 -0.002413, 0.005109 0.002934 -0.004248,
 0.005110 0.005065 0.004236, 0.005112 0.010935 -0.004234, 0.005113 0.006935 -0.004243, 0.005114 0.002000 -0.002402, 0.005143 0.009352 -0.002340,
 0.005143 0.010102 -0.002340, 0.005144 0.002000 -0.002333, 0.005146 0.009893 0.002304, 0.005146 0.002103 -0.002333, 0.005148 0.005893 0.002299,
 0.005152 0.006107 -0.002304, 0.005152 0.002000 0.002318, 0.005154 0.002106 -0.002310, 0.005157 0.010107 -0.002301, 0.005189 0.011803 0.004139,
 0.005190 0.010631 0.002202, 0.005191 0.002947 -0.004140, 0.005191 0.004197 -0.004140, 0.005191 0.006947 -0.004140, 0.005191 0.008197 -0.004140,
 0.005192 0.003803 0.004140, 0.005192 0.005053 0.004140, 0.005192 0.007803 0.004140, 0.005192 0.009053 0.004140, 0.005192 0.004197 -0.004138,
 0.005192 0.005369 -0.002200, 0.005194 0.006630 0.002198, 0.005194 0.002630 0.002193, 0.005195 0.007803 0.004136, 0.005196 0.008198 -0.004134,
 0.005197 0.009370 -0.002197, 0.005199 0.003802 0.004132, 0.005259 0.002000 -0.002066, 0.005284 0.005856 0.002000, 0.005284 0.006606 0.002000,
 0.005290 0.002150 -0.001948, 0.005293 0.006150 -0.001944, 0.005293 0.010151 -0.001939, 0.005301 0.009850 0.001950, 0.005301 0.005849 0.001945,
 0.005312 0.002000 0.001924, 0.005313 0.009846 0.001921, 0.005313 0.010596 0.001921, 0.005320 0.002000 0.001901, 0.005320 0.002594 0.001901,
 0.005321 0.003784 0.003989, 0.005321 0.005034 0.003989, 0.005321 0.007784 0.003989, 0.005321 0.009034 0.003989, 0.005333 0.009414 -0.001835,
 0.005333 0.006587 0.001838, 0.005334 0.005413 -0.001840, 0.005336 0.010587 0.001844, 0.005339 0.002586 0.001835, 0.005384 0.002978 -0.003885,
 0.005386 0.005429 -0.001706, 0.005386 0.006179 -0.001706, 0.005387 0.006978 -0.003880, 0.005389 0.009022 0.003886, 0.005392 0.005022 0.003881,
 0.005394 0.002000 -0.001681, 0.005398 0.010979 -0.003881, 0.005410 0.009439 -0.001629, 0.005410 0.010189 -0.001629, 0.005410 0.002000 -0.001622,
 0.005412 0.009806 0.001579, 0.005412 0.002189 -0.001622, 0.005414 0.005805 0.001574, 0.005414 0.010981 -0.003862, 0.005418 0.006194 -0.001578,
 0.005421 0.002194 -0.001584, 0.005423 0.010195 -0.001574, 0.005437 0.002000 0.001537, 0.005443 0.010543 0.001471, 0.005444 0.005457 -0.001470,
 0.005445 0.002542 0.001462, 0.005446 0.006543 0.001467, 0.005448 0.009458 -0.001465, 0.005459 0.011761 0.003798, 0.005464 0.007759 0.003772,
 0.005466 0.004241 -0.003776, 0.005467 0.003759 0.003767, 0.005469 0.011759 0.003782, 0.005470 0.008241 -0.003772, 0.005500 0.002000 -0.009526,
 0.005500 0.002000 0.009526, 0.005500 0.012000 -0.009526, 0.005500 0.012000 0.009526, 0.005504 0.005770 0.001277, 0.005504 0.006520 0.001277,
 0.005507 0.002238 -0.001206, 0.005509 0.002000 -0.001255, 0.005509 0.010239 -0.001196, 0.005510 0.006239 -0.001201, 0.005516 0.005761 0.001201,
 0.005519 0.009762 0.001206, 0.005522 0.009760 0.001195, 0.005522 0.010510 0.001195, 0.005526 0.002000 0.001174, 0.005527 0.002508 0.001174,
 0.005533 0.002000 0.001141, 0.005534 0.006498 0.001090, 0.005534 0.009502 -0.001087, 0.005536 0.005501 -0.001093, 0.005537 0.010499 0.001096,
 0.005539 0.003002 -0.003680, 0.005539 0.004252 -0.003680, 0.005539 0.007002 -0.003680, 0.005539 0.008252 -0.003680, 0.005539 0.002498 0.001086,
 0.005566 0.005515 -0.000973, 0.005566 0.006265 -0.000973, 0.005577 0.009718 0.000823, 0.005578 0.005717 0.000818, 0.005579 0.009525 -0.000893,
 0.005579 0.010275 -0.000893, 0.005579 0.011011 -0.003597, 0.005580 0.002000 -0.000886, 0.005580 0.002275 -0.000886, 0.005581 0.002000 -0.000883,
 0.005582 0.006283 -0.000822, 0.005585 0.002282 -0.000827, 0.005586 0.010283 -0.000817, 0.005589 0.012000 -0.003603, 0.005593 0.010455 0.000713,
 0.005594 0.005545 -0.000711, 0.005594 0.002454 0.000703, 0.005596 0.011736 0.003573, 0.005596 0.006455 0.000708, 0.005596 0.009546 -0.000707,
 0.005601 0.002000 0.000744, 0.005605 0.012000 0.003579, 0.005621 0.002325 -0.000443, 0.005622 0.010326 -0.000433, 0.005623 0.006326 -0.000438,
 0.005625 0.005684 0.000528, 0.005625 0.006434 0.000528, 0.005627 0.002000 -0.000515, 0.005628 0.005674 0.000437, 0.005631 0.006411 0.000326,
 0.005632 0.009589 -0.000323, 0.005632 0.002000 0.000422, 0.005633 0.009674 0.000443, 0.005633 0.010424 0.000443, 0.005633 0.009674 0.000442,
 0.005634 0.002422 0.000422, 0.005635 0.005588 -0.000328, 0.005636 0.010412 0.000331, 0.005637 0.002411 0.000321, 0.005637 0.003021 -0.003511,
 0.005637 0.008979 0.003508, 0.005638 0.005631 0.000053, 0.005639 0.002000 0.000357, 0.005640 0.007021 -0.003506, 0.005640 0.011022 -0.003499,
 0.005641 0.004979 0.003503, 0.005641 0.006369 -0.000056, 0.005643 0.009632 0.000058, 0.005645 0.005600 -0.000227, 0.005645 0.006350 -0.000227,
 0.005646 0.010369 -0.000051, 0.005646 0.002368 -0.000061, 0.005647 0.002000 -0.000140, 0.005648 0.009609 -0.000147, 0.005648 0.010359 -0.000147,
 0.005648 0.002359 -0.000141, 0.005649 0.002000 -0.000094, 0.005703 0.011717 0.003396, 0.005705 0.004283 -0.003394, 0.005708 0.008284 -0.003389,
 0.005712 0.007716 0.003394, 0.005715 0.003716 0.003390, 0.005748 0.003042 -0.003319, 0.005748 0.004292 -0.003319, 0.005748 0.007042 -0.003319,
 0.005748 0.008292 -0.003319, 0.005758 0.003708 0.003324, 0.005758 0.004958 0.003324, 0.005758 0.007708 0.003324, 0.005758 0.008958 0.003324,
 0.005769 0.003706 0.003307, 0.005769 0.004956 0.003307, 0.005769 0.007706 0.003307, 0.005769 0.008956 0.003307, 0.005843 0.011058 -0.003175,
 0.005862 0.008937 0.003119, 0.005862 0.003063 -0.003122, 0.005865 0.004936 0.003114, 0.005865 0.007064 -0.003117, 0.005871 0.011064 -0.003114,
 0.005881 0.011685 0.003105, 0.005923 0.007674 0.002998, 0.005925 0.003673 0.002992, 0.005925 0.011674 0.003006, 0.005931 0.004326 -0.003005,
 0.005933 0.008326 -0.003000, 0.005945 0.003079 -0.002979, 0.005945 0.004329 -0.002979, 0.005945 0.007079 -0.002979, 0.005945 0.008329 -0.002979,
 0.006033 0.011101 -0.002767, 0.006045 0.012000 -0.002772, 0.006045 0.011647 0.002741, 0.006057 0.012000 0.002746, 0.006058 0.003106 -0.002715,
 0.006060 0.007107 -0.002710, 0.006063 0.011107 -0.002704, 0.006063 0.008894 0.002714, 0.006066 0.004893 0.002709, 0.006111 0.004369 -0.002589,
 0.006112 0.011631 0.002593, 0.006114 0.008370 -0.002584, 0.006124 0.007631 0.002591, 0.006126 0.003630 0.002586, 0.006129 0.003629 0.002580,
 0.006129 0.004879 0.002580, 0.006129 0.007629 0.002580, 0.006129 0.008879 0.002580, 0.006181 0.003136 -0.002426, 0.006181 0.004386 -0.002426,
 0.006181 0.007136 -0.002426, 0.006181 0.008386 -0.002426, 0.006183 0.003614 0.002427, 0.006183 0.004864 0.002427, 0.006183 0.007614 0.002427,
 0.006183 0.008864 0.002427, 0.006189 0.011136 -0.002432, 0.006216 0.011607 0.002364, 0.006230 0.008850 0.002292, 0.006232 0.004849 0.002286,
 0.006236 0.003150 -0.002297, 0.006237 0.011151 -0.002285, 0.006238 0.007150 -0.002291, 0.006268 0.003158 -0.002222, 0.006268 0.004408 -0.002222,
 0.006268 0.007158 -0.002222, 0.006268 0.008408 -0.002222, 0.006275 0.007587 0.002162, 0.006276 0.011587 0.002169, 0.006277 0.003586 0.002157,
 0.006283 0.004413 -0.002168, 0.006285 0.008414 -0.002163, 0.006367 0.011192 -0.001882, 0.006369 0.002000 -0.008969, 0.006369 0.002000 0.008969,
 0.006369 0.012000 -0.008969, 0.006369 0.012000 0.008969, 0.006371 0.003194 -0.001862, 0.006373 0.007194 -0.001856, 0.006374 0.011555 0.001854,
 0.006377 0.011195 -0.001851, 0.006377 0.012000 -0.001885, 0.006381 0.008806 0.001861, 0.006383 0.004805 0.001856, 0.006385 0.012000 0.001857,
 0.006399 0.003550 0.001809, 0.006399 0.004800 0.001809, 0.006399 0.007550 0.001809, 0.006399 0.008800 0.001809, 0.006409 0.004457 -0.001730,
 0.006410 0.008458 -0.001724, 0.006412 0.011543 0.001733, 0.006417 0.007543 0.001729, 0.006418 0.003542 0.001723, 0.006441 0.011215 -0.001653,
 0.006459 0.011528 0.001583, 0.006471 0.003518 0.001477, 0.006471 0.004768 0.001477, 0.006471 0.007518 0.001477, 0.006471 0.008768 0.001477,
 0.006481 0.003232 -0.001479, 0.006481 0.004482 -0.001479, 0.006481 0.007232 -0.001479, 0.006481 0.008482 -0.001479, 0.006484 0.008762 0.001417,
 0.006486 0.004761 0.001411, 0.006488 0.011239 -0.001409, 0.006494 0.003237 -0.001433, 0.006494 0.004487 -0.001433, 0.006494 0.007237 -0.001433,
 0.006494 0.008487 -0.001433, 0.006495 0.003238 -0.001423, 0.006496 0.007239 -0.001417, 0.006512 0.011499 0.001289, 0.006513 0.007498 0.001283,
 0.006515 0.003498 0.001277, 0.006517 0.004501 -0.001287, 0.006518 0.008502 -0.001281, 0.006566 0.003282 -0.000972, 0.006567 0.007283 -0.000966,
 0.006574 0.003471 0.001006, 0.006574 0.004721 0.001006, 0.006574 0.007471 0.001006, 0.006574 0.008721 0.001006, 0.006574 0.011283 -0.000961,
 0.006575 0.011283 -0.000958, 0.006577 0.008718 0.000971, 0.006577 0.011464 0.000929, 0.006577 0.004717 0.000965, 0.006580 0.012000 -0.000959,
 0.006585 0.012000 0.000931, 0.006587 0.004545 -0.000837, 0.006588 0.008546 -0.000831, 0.006589 0.007455 0.000835, 0.006589 0.003454 0.000829,
 0.006593 0.011455 0.000841, 0.006595 0.011294 -0.000851, 0.006605 0.011448 0.000773, 0.006618 0.008674 0.000519, 0.006618 0.004674 0.000513,
 0.006618 0.011326 -0.000510, 0.006620 0.003422 0.000496, 0.006620 0.004672 0.000496, 0.006620 0.007422 0.000496, 0.006620 0.008672 0.000496,
 0.006620 0.003316 -0.000626, 0.006620 0.004566 -0.000626, 0.006620 0.007316 -0.000626, 0.006620 0.008566 -0.000626, 0.006624 0.003325 -0.000523,
 0.006624 0.007326 -0.000517, 0.006625 0.003328 -0.000497, 0.006625 0.004578 -0.000497, 0.006625 0.007328 -0.000497, 0.006625 0.008578 -0.000497,
 0.006626 0.011412 0.000389, 0.006628 0.004588 -0.000387, 0.006629 0.008589 -0.000381, 0.006630 0.007411 0.000383, 0.006630 0.003411 0.000377,
 0.006639 0.003368 -0.000072, 0.006639 0.007369 -0.000066, 0.006643 0.004631 0.000063, 0.006643 0.008631 0.000069, 0.006647 0.003393 0.000189,
 0.006647 0.004643 0.000189, 0.006647 0.007393 0.000189, 0.006647 0.008643 0.000189, 0.006648 0.011374 -0.000014, 0.006649 0.011369 -0.000060,
 0.006650 0.011371 -0.000041, 0.006650 0.012000 -0.000014, 0.007800 0.005550 0.000000, 0.007800 0.005599 -0.000375, 0.007800 0.005599 0.000375,
 0.007800 0.005744 -0.000725, 0.007800 0.005744 0.000725, 0.007800 0.005975 -0.001025, 0.007800 0.005975 0.001025, 0.007800 0.006275 -0.001256,
 0.007800 0.006275 0.001256, 0.007800 0.006625 -0.001401, 0.007800 0.006625 0.001401, 0.007800 0.007000 -0.001450, 0.007800 0.007000 0.001450,
 0.007800 0.007375 -0.001401, 0.007800 0.007375 0.001401, 0.007800 0.007725 -0.001256, 0.007800 0.007725 0.001256, 0.007800 0.008025 -0.001025,
 0.007800 0.008025 0.001025, 0.007800 0.008256 -0.000725, 0.007800 0.008256 0.000725, 0.007800 0.008401 -0.000375, 0.007800 0.008401 0.000375,
 0.007800 0.008450 -0.000000, 0.008000 0.002000 -0.006144, 0.008000 0.002000 0.006144, 0.008000 0.003017 -0.000369, 0.008000 0.003017 0.000369,
 0.008000 0.003153 -0.001095, 0.008000 0.003153 0.001095, 0.008000 0.003419 -0.001783, 0.008000 0.003419 0.001783, 0.008000 0.003808 -0.002411,
 0.008000 0.003808 0.002411, 0.008000 0.004305 -0.002956, 0.008000 0.004305 0.002956, 0.008000 0.004894 -0.003401, 0.008000 0.004894 0.003401,
 0.008000 0.005555 -0.003730, 0.008000 0.005555 0.003730, 0.008000 0.006265 -0.003932, 0.008000 0.006265 0.003932, 0.008000 0.007000 -0.004000,
 0.008000 0.007000 0.004000, 0.008000 0.007735 -0.003932, 0.008000 0.007735 0.003932, 0.008000 0.008445 -0.003730, 0.008000 0.008445 0.003730,
 0.008000 0.009106 -0.003401, 0.008000 0.009106 0.003401, 0.008000 0.009695 -0.002956, 0.008000 0.009695 0.002956, 0.008000 0.010192 -0.002411,
 0.008000 0.010192 0.002411, 0.008000 0.010581 -0.001783, 0.008000 0.010581 0.001783, 0.008000 0.010847 -0.001095, 0.008000 0.010847 0.001095,
 0.008000 0.010983 -0.000369, 0.008000 0.010983 0.000369, 0.008000 0.012000 -0.006144, 0.008000 0.012000 0.006144, 0.015800 0.003017 -0.000369,
 0.015800 0.003017 0.000369, 0.015800 0.003153 -0.001095, 0.015800 0.003153 0.001095, 0.015800 0.003419 -0.001783, 0.015800 0.003419 0.001783,
 0.015800 0.003808 -0.002411, 0.015800 0.003808 0.002411, 0.015800 0.004305 -0.002956, 0.015800 0.004305 0.002956, 0.015800 0.004894 -0.003401,
 0.015800 0.004894 0.003401, 0.015800 0.005550 0.000000, 0.015800 0.005555 -0.003730, 0.015800 0.005555 0.003730, 0.015800 0.005599 -0.000375,
 0.015800 0.005599 0.000375, 0.015800 0.005744 -0.000725, 0.015800 0.005744 0.000725, 0.015800 0.005975 -0.001025, 0.015800 0.005975 0.001025,
 0.015800 0.006265 -0.003932, 0.015800 0.006265 0.003932, 0.015800 0.006275 -0.001256, 0.015800 0.006275 0.001256, 0.015800 0.006625 -0.001401,
 0.015800 0.006625 0.001401, 0.015800 0.007000 -0.004000, 0.015800 0.007000 -0.001450, 0.015800 0.007000 0.001450, 0.015800 0.007000 0.004000,
 0.015800 0.007375 -0.001401, 0.015800 0.007375 0.001401, 0.015800 0.007725 -0.001256, 0.015800 0.007725 0.001256, 0.015800 0.007735 -0.003932,
 0.015800 0.007735 0.003932, 0.015800 0.008025 -0.001025, 0.015800 0.008025 0.001025, 0.015800 0.008256 -0.000725, 0.015800 0.008256 0.000725,
 0.015800 0.008401 -0.000375, 0.015800 0.008401 0.000375, 0.015800 0.008445 -0.003730, 0.015800 0.008445 0.003730, 0.015800 0.008450 -0.000000,
 0.015800 0.009106 -0.003401, 0.015800 0.009106 0.003401, 0.015800 0.009695 -0.002956, 0.015800 0.009695 0.002956, 0.015800 0.010192 -0.002411,
 0.015800 0.010192 0.002411, 0.015800 0.010581 -0.001783, 0.015800 0.010581 0.001783, 0.015800 0.010847 -0.001095, 0.015800 0.010847 0.001095,
 0.015800 0.010983 -0.000369, 0.015800 0.010983 0.000369
]
}
normal Normal {
vector [
 -1.000000 0.000000 0.000000, -0.999998 0.000000 0.002161, -0.999998 0.000000 0.002174, -0.999981 0.000000 0.006219, -0.999959 0.000000 0.009065,
 -0.999959 0.000000 0.009102, -0.999955 0.000000 -0.009474, -0.999954 0.000000 -0.009555, -0.999951 0.000000 0.009910, -0.999950 0.000000 0.010008,
 -0.999946 0.000000 -0.010365, -0.999946 0.000000 -0.010428, -0.999942 0.000000 0.010786, -0.999941 0.000000 0.010846, -0.999861 0.000000 0.016689,
 -0.999691 0.000000 0.024872, -0.999659 0.000000 0.026095, -0.999596 0.000000 -0.028423, -0.999193 0.000000 0.040166, -0.998384 0.000000 -0.056830,
 -0.998380 0.000000 -0.056899, -0.998359 0.000000 0.057257, -0.998354 0.000000 0.057352, -0.998334 0.000000 -0.057708, -0.998328 0.000000 -0.057806,
 -0.998308 0.000000 0.058142, -0.998303 0.000000 0.058231, -0.998279 0.000000 -0.058636, -0.998278 0.000000 -0.058658, -0.998000 0.000000 -0.063212,
 -0.997206 0.000000 -0.074703, -0.997201 0.000000 -0.074767, -0.997201 0.000000 0.074772, -0.997044 0.000000 0.076835, -0.997040 0.000000 0.076886,
 -0.997009 0.000000 -0.077285, -0.997003 0.000000 -0.077357, -0.996977 0.000000 0.077695, -0.996970 0.000000 0.077788, -0.996940 0.000000 -0.078165,
 -0.996938 0.000000 -0.078190, -0.996918 0.000000 -0.078448, -0.996906 0.000000 0.078598, -0.996901 0.000000 0.078665, -0.995845 0.000000 0.091064,
 -0.995631 0.000000 -0.093371, -0.995557 0.000000 0.094159, -0.993228 0.000000 -0.116181, -0.992190 0.000000 -0.124734, -0.992180 0.000000 -0.124816,
 -0.992136 0.000000 0.125168, -0.992124 0.000000 0.125263, -0.992082 0.000000 -0.125591, -0.992069 0.000000 -0.125694, -0.992024 0.000000 0.126046,
 -0.992014 0.000000 0.126125, -0.991968 0.000000 -0.126486, -0.991967 0.000000 -0.126498, -0.991785 0.000000 0.127913, -0.991287 0.000000 -0.131720,
 -0.990161 0.000000 -0.139936, -0.990154 0.000000 -0.139981, -0.989546 0.000000 0.144220, -0.989540 0.000000 0.144259, -0.989476 0.000000 0.144699,
 -0.989464 0.000000 0.144779, -0.989411 0.000000 -0.145142, -0.989403 0.000000 -0.145196, -0.989344 0.000000 0.145596, -0.989333 0.000000 0.145668,
 -0.989277 0.000000 -0.146052, -0.989274 0.000000 -0.146070, -0.989215 0.000000 0.146474, -0.989207 0.000000 0.146526, -0.988497 0.000000 -0.151239,
 -0.987714 0.000000 0.156272, -0.987618 0.000000 0.156875, -0.987423 0.000000 0.158098, -0.985073 0.000000 0.172138, -0.981323 0.000000 -0.192369,
 -0.981307 0.000000 -0.192449, -0.981241 0.000000 0.192784, -0.981222 0.000000 0.192881, -0.981151 0.000000 -0.193241, -0.981134 0.000000 -0.193328,
 -0.981070 0.000000 0.193655, -0.981051 0.000000 0.193751, -0.980967 0.000000 -0.194173, -0.980963 0.000000 -0.194194, -0.979380 0.000000 -0.202025,
 -0.978163 0.000000 -0.207837, -0.977390 0.000000 -0.211445, -0.977232 0.000000 0.212173, -0.977219 0.000000 0.212235, -0.977132 0.000000 -0.212633,
 -0.977123 0.000000 -0.212675, -0.977048 0.000000 0.213019, -0.977036 0.000000 0.213075, -0.976945 0.000000 -0.213492, -0.976943 0.000000 -0.213502,
 -0.976852 0.000000 0.213914, -0.976847 0.000000 0.213939, -0.976523 0.000000 0.215414, -0.975005 0.000000 0.222181, -0.974933 0.000000 0.222499,
 -0.974923 0.000000 -0.222540, -0.974113 0.000000 -0.226060, -0.971259 0.000000 -0.238023, -0.968596 0.000000 0.248638, -0.965809 0.000000 -0.259256,
 -0.965792 0.000000 -0.259319, -0.965693 0.000000 0.259687, -0.965671 0.000000 0.259769, -0.965584 0.000000 -0.260091, -0.965561 0.000000 -0.260176,
 -0.965461 0.000000 0.260546, -0.965442 0.000000 0.260616, -0.965350 0.000000 -0.260958, -0.965347 0.000000 -0.260969, -0.962288 0.000000 -0.272031,
 -0.962286 0.000000 -0.272040, -0.960370 0.000000 0.278728, -0.960348 0.000000 0.278803, -0.960241 0.000000 -0.279172, -0.960241 0.000000 -0.279174,
 -0.960218 0.000000 -0.279251, -0.960209 0.000000 -0.279281, -0.960108 0.000000 0.279631, -0.960094 0.000000 0.279676, -0.959993 0.000000 -0.280025,
 -0.959983 0.000000 -0.280058, -0.959858 0.000000 0.280486, -0.959854 0.000000 0.280501, -0.959005 0.000000 0.283390, -0.958993 0.000000 0.283428,
 -0.957891 0.000000 0.287133, -0.957532 0.000000 0.288326, -0.954695 0.000000 0.297586, -0.953302 0.000000 0.302018, -0.945737 0.000000 -0.324934,
 -0.945720 0.000000 -0.324982, -0.945606 0.000000 0.325316, -0.945580 0.000000 0.325390, -0.945447 0.000000 -0.325775, -0.945426 0.000000 -0.325838,
 -0.945318 0.000000 0.326149, -0.945292 0.000000 0.326227, -0.945141 0.000000 -0.326664, -0.945140 0.000000 -0.326664, -0.942544 0.000000 0.334083,
 -0.941675 0.000000 -0.336522, -0.940436 0.000000 -0.339972, -0.940244 0.000000 -0.340501, -0.938983 0.000000 0.343964, -0.938962 0.000000 0.344021,
 -0.938815 0.000000 -0.344421, -0.938812 0.000000 -0.344429, -0.938686 0.000000 0.344773, -0.938683 0.000000 0.344782, -0.938526 0.000000 -0.345208,
 -0.938509 0.000000 -0.345255, -0.938377 0.000000 0.345613, -0.938369 0.000000 0.345635, -0.935273 0.000000 -0.353927, -0.934690 0.000000 -0.355465,
 -0.930889 0.000000 0.365301, -0.930857 0.000000 -0.365382, -0.930761 0.000000 0.365627, -0.930732 0.000000 0.365701, -0.921642 0.000000 -0.388041,
 -0.921278 0.000000 -0.388904, -0.921273 0.000000 -0.388918, -0.921100 0.000000 0.389326, -0.921076 0.000000 0.389384, -0.920945 0.000000 -0.389692,
 -0.920929 0.000000 -0.389730, -0.920755 0.000000 0.390142, -0.920734 0.000000 0.390192, -0.920596 0.000000 -0.390517, -0.920590 0.000000 -0.390530,
 -0.913271 0.000000 0.407354, -0.913248 0.000000 0.407404, -0.913096 0.000000 -0.407744, -0.913085 0.000000 -0.407769, -0.912886 0.000000 0.408215,
 -0.912877 0.000000 0.408236, -0.912736 0.000000 -0.408549, -0.912711 0.000000 -0.408606, -0.912531 0.000000 0.409007, -0.912525 0.000000 0.409022,
 -0.911944 0.000000 -0.410315, -0.910771 0.000000 -0.412912, -0.910770 0.000000 -0.412914, -0.910731 0.000000 0.413001, -0.910214 0.000000 0.414138,
 -0.908983 0.000000 0.416834, -0.908978 0.000000 0.416844, -0.905092 0.000000 0.425215, -0.904178 0.000000 0.427156, -0.894016 0.000000 0.448035,
 -0.892624 0.000000 -0.450802, -0.892618 0.000000 -0.450814, -0.892453 0.000000 0.451140, -0.892439 0.000000 0.451168, -0.892227 0.000000 -0.451588,
 -0.892209 0.000000 -0.451623, -0.892061 0.000000 0.451915, -0.892043 0.000000 0.451950, -0.891821 0.000000 -0.452388, -0.891820 0.000000 -0.452391,
 -0.888777 0.000000 -0.458340, -0.887110 0.000000 -0.461559, -0.884322 0.000000 -0.466878, -0.883444 0.000000 0.468537, -0.883426 0.000000 0.468571,
 -0.883223 0.000000 -0.468954, -0.883214 0.000000 -0.468970, -0.883049 0.000000 0.469281, -0.883045 0.000000 0.469288, -0.882838 0.000000 -0.469678,
 -0.882802 0.000000 -0.469746, -0.882637 0.000000 0.470056, -0.882617 0.000000 0.470092, -0.880222 0.000000 -0.474561, -0.878738 0.000000 -0.477305,
 -0.878665 0.000000 0.477439, -0.871324 0.000000 0.490709, -0.867560 0.000000 -0.497333, -0.866031 0.000000 -0.499991, -0.866027 0.000000 0.499997,
 -0.866025 0.000000 -0.500000, -0.866025 0.000000 0.500000, -0.860098 0.000000 -0.510129, -0.860087 0.000000 -0.510147, -0.859846 0.000000 0.510553,
 -0.859827 0.000000 0.510586, -0.859657 0.000000 -0.510871, -0.859652 0.000000 -0.510880, -0.859398 0.000000 0.511307, -0.859382 0.000000 0.511334,
 -0.859196 0.000000 -0.511647, -0.859194 0.000000 -0.511649, -0.849740 0.000000 0.527202, -0.849726 0.000000 0.527224, -0.849526 0.000000 -0.527546,
 -0.849512 0.000000 -0.527569, -0.849250 0.000000 0.527990, -0.849247 0.000000 0.527996, -0.849063 0.000000 -0.528291, -0.849031 0.000000 -0.528344,
 -0.848806 0.000000 0.528704, -0.848787 0.000000 0.528735, -0.848163 0.000000 0.529735, -0.847510 0.000000 0.530780, -0.842843 0.000000 -0.538160,
 -0.842824 0.000000 -0.538189, -0.841663 0.000000 -0.540003, -0.840509 0.000000 0.541797, -0.840496 0.000000 0.541818, -0.839902 0.000000 0.542738,
 -0.832907 0.000000 0.553412, -0.830916 0.000000 -0.556397, -0.830916 0.000000 0.556397, -0.823476 0.000000 -0.567351, -0.823469 0.000000 -0.567361,
 -0.823264 0.000000 0.567658, -0.823261 0.000000 0.567663, -0.822968 0.000000 -0.568088, -0.822958 0.000000 -0.568102, -0.822770 0.000000 0.568374,
 -0.822761 0.000000 0.568388, -0.822481 0.000000 -0.568793, -0.822472 0.000000 -0.568806, -0.820859 0.000000 -0.571131, -0.820504 0.000000 -0.571641,
 -0.818402 0.000000 -0.574646, -0.814129 0.000000 0.580684, -0.812214 0.000000 -0.583359, -0.811937 0.000000 0.583745, -0.811935 0.000000 0.583748,
 -0.811664 0.000000 -0.584125, -0.811648 0.000000 -0.584147, -0.811437 0.000000 0.584440, -0.811435 0.000000 0.584442, -0.811180 0.000000 -0.584796,
 -0.811132 0.000000 -0.584863, -0.810920 0.000000 0.585157, -0.809736 0.000000 -0.586794, -0.800149 0.000000 -0.599801, -0.782868 0.000000 -0.622188,
 -0.782847 0.000000 -0.622215, -0.782540 0.000000 0.622600, -0.782532 0.000000 0.622611, -0.782316 0.000000 -0.622881, -0.782316 0.000000 -0.622882,
 -0.781988 0.000000 0.623293, -0.781979 0.000000 0.623305, -0.781859 0.000000 -0.623455, -0.781807 0.000000 0.623521, -0.781746 0.000000 -0.623597,
 -0.781732 0.000000 -0.623614, -0.770389 0.000000 -0.637574, -0.770124 0.000000 0.637894, -0.770114 0.000000 0.637906, -0.769859 0.000000 -0.638214,
 -0.769848 0.000000 -0.638228, -0.769783 0.000000 0.638306, -0.769536 0.000000 0.638604, -0.769533 0.000000 0.638607, -0.769292 0.000000 -0.638897,
 -0.769260 0.000000 -0.638936, -0.768970 0.000000 0.639285, -0.760556 0.000000 0.649273, -0.758988 0.000000 0.651104, -0.757804 0.000000 -0.652482,
 -0.757775 0.000000 -0.652516, -0.754977 0.000000 0.655751, -0.754948 0.000000 0.655784, -0.743933 0.000000 -0.668255, -0.738350 0.000000 -0.674418,
 -0.738328 0.000000 -0.674442, -0.738088 0.000000 0.674704, -0.738085 0.000000 0.674708, -0.737729 0.000000 -0.675097, -0.737723 0.000000 -0.675104,
 -0.737496 0.000000 0.675351, -0.737488 0.000000 0.675360, -0.737179 0.000000 -0.675698, -0.737146 0.000000 -0.675733, -0.736851 0.000000 0.676055,
 -0.736416 0.000000 -0.676529, -0.733933 0.000000 -0.679222, -0.724908 0.000000 -0.688846, -0.724597 0.000000 0.689173, -0.724567 0.000000 0.689205,
 -0.724260 0.000000 -0.689527, -0.724248 0.000000 -0.689540, -0.723974 0.000000 0.689827, -0.723968 0.000000 0.689834, -0.723737 0.000000 -0.690076,
 -0.723681 0.000000 -0.690135, -0.723637 0.000000 -0.690181, -0.723353 0.000000 0.690478, -0.719911 0.000000 -0.694066, -0.709201 -0.704885 0.013042,
 -0.708979 0.704852 0.023070, -0.708969 -0.704852 -0.023380, -0.708959 0.704852 0.023690, -0.708949 -0.704852 -0.024000, -0.708938 0.704851 0.024310,
 -0.708926 0.704897 -0.023327, -0.708922 -0.704897 0.023453, -0.708916 -0.704897 0.023633, -0.708905 0.704898 -0.023939, -0.708894 -0.704898 0.024245,
 -0.708883 0.704898 -0.024551, -0.708709 0.705501 -0.000632, -0.708653 0.704846 0.031665, -0.708614 0.704846 0.032532, -0.708607 0.705510 -0.011495,
 -0.708602 -0.705510 0.011802, -0.708596 0.705510 -0.012108, -0.708591 -0.705510 0.012415, -0.708585 0.705511 -0.012722, -0.708556 0.705510 -0.014254,
 -0.708556 -0.705509 0.014354, -0.708349 0.705484 0.023090, -0.708092 0.704839 0.042508, -0.707891 0.705476 0.034547, -0.707869 0.705477 0.034973,
 -0.707854 -0.705477 -0.035283, -0.707839 0.705477 0.035593, -0.707823 -0.705477 -0.035903, -0.707807 0.705477 0.036213, -0.707629 -0.705475 -0.039575,
 -0.707511 0.704931 -0.050001, -0.707147 -0.705543 0.046388, -0.706744 0.704946 -0.059701, -0.706671 0.704947 -0.060543, -0.706232 0.705557 -0.058541,
 -0.706206 -0.705557 0.058842, -0.706181 0.705557 -0.059144, -0.706155 -0.705558 0.059445, -0.706129 0.705558 -0.059747, -0.705958 0.705560 -0.061714,
 -0.705856 -0.704827 -0.070610, -0.705802 0.704827 0.071151, -0.705771 -0.704827 -0.071463, -0.705763 0.704962 -0.070195, -0.705739 0.704827 0.071775,
 -0.705733 -0.704962 0.070495, -0.705707 -0.704827 -0.072087, -0.705704 0.705563 -0.064515, -0.705702 0.704963 -0.070795, -0.705676 0.704826 0.072398,
 -0.705672 -0.704963 0.071094, -0.705641 0.704964 -0.071394, -0.704728 -0.704824 -0.081126, -0.703872 0.705459 0.083017, -0.703836 -0.705459 -0.083328,
 -0.703799 0.705459 0.083639, -0.703762 -0.705459 -0.083950, -0.703725 0.705458 0.084262, -0.703597 0.705458 0.085323, -0.703369 0.705543 -0.086496,
 -0.702978 -0.705454 -0.090314, -0.702967 0.705457 0.090381, -0.702667 -0.704946 0.096493, -0.701214 -0.704931 0.106629, -0.700576 0.705523 -0.106910,
 -0.700529 -0.705523 0.107224, -0.700481 0.705523 -0.107538, -0.700433 -0.705522 0.107852, -0.700385 0.705522 -0.108166, -0.700285 0.705455 0.109240,
 -0.699301 0.704916 -0.118627, -0.699271 0.704823 0.119353, -0.699248 -0.704915 0.118942, -0.699218 -0.704823 -0.119664, -0.699194 0.704915 -0.119257,
 -0.699164 0.704823 0.119975, -0.699141 -0.704915 0.119571, -0.699111 -0.704823 -0.120287, -0.699088 0.704914 -0.119886, -0.699057 0.704823 0.120598,
 -0.698508 0.705509 -0.119763, -0.698508 -0.705510 0.119760, -0.698200 0.704824 0.125463, -0.698042 0.704824 0.126335, -0.697432 -0.705455 -0.126182,
 -0.697025 0.704900 -0.131422, -0.696529 0.705456 0.131069, -0.696528 0.704897 -0.134048, -0.696471 -0.705456 -0.131379, -0.696412 0.705456 0.131689,
 -0.696354 -0.705456 -0.131999, -0.696295 0.705456 0.132309, -0.696149 0.704826 0.136368, -0.696024 -0.705501 0.133491, -0.695911 0.705453 0.134323,
 -0.694411 0.704885 -0.144673, -0.692859 0.705490 -0.149102, -0.691528 0.705486 -0.155175, -0.691459 -0.705485 0.155485, -0.691389 0.705485 -0.155795,
 -0.691319 -0.705485 0.156104, -0.691249 0.705485 -0.156414, -0.690330 0.000000 -0.723495, -0.690326 0.000000 -0.723498, -0.690067 -0.704838 -0.164351,
 -0.689975 0.000000 0.723833, -0.689972 0.000000 0.723836, -0.689685 0.000000 -0.724110, -0.689683 0.000000 -0.724112, -0.689425 0.704864 -0.166913,
 -0.689351 0.704840 0.167320, -0.689350 -0.704864 0.167222, -0.689332 0.000000 0.724445, -0.689323 0.000000 0.724454, -0.689276 -0.704840 -0.167629,
 -0.689276 0.704863 -0.167532, -0.689201 -0.704863 0.167841, -0.689201 0.704840 0.167938, -0.689125 0.704863 -0.168151, -0.689125 -0.704840 -0.168246,
 -0.689050 0.704840 0.168555, -0.689046 0.000000 -0.724718, -0.689031 0.705477 -0.165947, -0.689020 0.000000 -0.724742, -0.687683 0.705465 0.171496,
 -0.687512 -0.704844 -0.174704, -0.687090 0.705475 -0.173816, -0.685823 0.705468 0.178777, -0.685743 -0.705468 -0.179084, -0.685663 0.705468 0.179391,
 -0.685582 -0.705468 -0.179697, -0.685502 0.705469 0.180004, -0.683348 -0.704846 0.190337, -0.681549 0.705473 0.194419, -0.681526 -0.705474 -0.194499,
 -0.681433 0.705476 0.194814, -0.680544 -0.704839 0.200152, -0.680166 0.000000 -0.733058, -0.680152 0.000000 0.733071, -0.679169 0.705463 -0.202614,
 -0.679078 -0.705463 0.202918, -0.678988 0.705462 -0.203221, -0.678897 -0.705462 0.203524, -0.678806 0.705462 -0.203828, -0.677942 0.000000 0.735116,
 -0.676467 -0.705486 -0.211383, -0.676243 0.704832 -0.214260, -0.676147 -0.704832 0.214562, -0.676058 0.704878 0.214694, -0.676051 0.704832 -0.214865,
 -0.675961 -0.704878 -0.214998, -0.675955 -0.704832 0.215167, -0.675864 0.704878 0.215301, -0.675859 0.704832 -0.215469, -0.675854 0.000000 -0.737035,
 -0.675767 -0.704879 -0.215605, -0.675669 0.704879 0.215908, -0.675565 0.000000 0.737300, -0.675526 0.000000 0.737336, -0.675222 0.000000 -0.737615,
 -0.675214 0.000000 -0.737622, -0.674895 0.000000 0.737914, -0.674874 0.000000 0.737933, -0.674693 0.704882 0.218932, -0.674567 0.000000 -0.738214,
 -0.674546 0.000000 -0.738233, -0.674413 0.704883 0.219789, -0.674241 0.000000 0.738511, -0.674195 -0.705458 0.218608, -0.673274 0.000000 0.739393,
 -0.672764 0.704828 -0.224959, -0.672576 -0.705457 0.223545, -0.672538 0.705454 -0.223667, -0.671925 0.704827 -0.227454, -0.671786 0.705496 0.225787,
 -0.671684 -0.705496 -0.226088, -0.671583 0.705496 0.226389, -0.671481 -0.705496 -0.226690, -0.671379 0.705496 0.226991, -0.671116 0.704894 0.229626,
 -0.669408 0.705498 0.232733, -0.668924 0.705456 -0.234249, -0.668429 0.704824 -0.237540, -0.667304 0.000000 -0.744786, -0.667289 0.000000 0.744799,
 -0.663617 0.705455 -0.248890, -0.663506 -0.705455 0.249185, -0.663395 0.705455 -0.249480, -0.663284 -0.705455 0.249774, -0.663173 0.705455 -0.250069,
 -0.661554 -0.704928 -0.255779, -0.660730 0.705522 0.256272, -0.660268 0.705455 -0.257642, -0.659889 0.704822 -0.260333, -0.659773 -0.704822 0.260627,
 -0.659657 0.704822 -0.260920, -0.659541 -0.704822 0.261213, -0.659457 0.704936 0.261117, -0.659425 0.704822 -0.261506, -0.659339 -0.704936 -0.261413,
 -0.659221 0.704937 0.261709, -0.659103 -0.704937 -0.262006, -0.658985 0.704937 0.262302, -0.658279 0.705453 -0.262689, -0.657607 -0.704943 -0.265723,
 -0.657381 0.000000 -0.753559, -0.657376 0.000000 -0.753563, -0.656042 0.000000 -0.754724, -0.654872 0.000000 -0.755740, -0.654498 0.705537 0.271751,
 -0.654376 -0.705538 -0.272044, -0.654254 0.705538 0.272337, -0.654132 -0.705538 -0.272630, -0.654118 0.000000 0.756392, -0.654099 0.000000 0.756409,
 -0.654009 0.705539 0.272923, -0.651741 -0.704824 0.280102, -0.651653 0.705545 0.278487, -0.648012 0.000000 0.761630, -0.647675 -0.704826 0.289373,
 -0.645035 0.705463 -0.293687, -0.644966 -0.705563 -0.293598, -0.644905 -0.705463 0.293972, -0.644775 0.705463 -0.294256, -0.644646 -0.705463 0.294540,
 -0.644516 0.705463 -0.294824, -0.644091 0.705562 0.295515, -0.644044 -0.705565 -0.295611, -0.642180 -0.705465 0.299872, -0.640543 0.704832 -0.304822,
 -0.640408 -0.704833 0.305104, -0.640274 0.704833 -0.305386, -0.640254 0.704940 0.305179, -0.640139 -0.704833 0.305668, -0.640124 -0.704939 -0.305453,
 -0.640004 0.704833 -0.305950, -0.639994 0.704939 0.305726, -0.639864 -0.704939 -0.306000, -0.639777 0.000000 -0.768561, -0.639733 0.704938 0.306274,
 -0.639370 0.704937 0.307035, -0.639114 0.000000 -0.769112, -0.639089 0.000000 -0.769133, -0.639001 0.704936 0.307803, -0.638768 0.000000 0.769399,
 -0.638766 0.000000 0.769401, -0.638444 0.000000 -0.769668, -0.638431 0.000000 -0.769679, -0.638101 0.000000 0.769952, -0.638083 0.000000 0.769968,
 -0.637756 0.000000 -0.770238, -0.637718 0.000000 -0.770270, -0.636969 0.000000 -0.770890, -0.636783 0.704837 -0.312590, -0.635643 0.704838 -0.314900,
 -0.635239 0.705472 -0.314294, -0.634697 0.704922 0.316615, -0.634593 0.705541 0.315443, -0.634458 -0.705540 -0.315716, -0.634322 0.705540 0.315988,
 -0.634187 -0.705540 -0.316260, -0.634052 0.705539 0.316532, -0.631877 -0.705473 0.320997, -0.631858 0.705474 -0.321033, -0.630932 0.704844 -0.324222,
 -0.629570 -0.704907 -0.326722, -0.629570 0.704907 0.326722, -0.629232 0.705526 0.326039, -0.624695 0.705519 0.334662, -0.623943 0.705486 -0.336132,
 -0.623823 0.000000 -0.781565, -0.623626 0.705486 -0.336720, -0.623575 -0.704892 -0.338055, -0.623479 -0.705486 0.336992, -0.623446 0.000000 0.781866,
 -0.623427 0.000000 0.781882, -0.623331 0.705486 -0.337264, -0.623184 -0.705487 0.337536, -0.623126 0.000000 -0.782122, -0.623094 0.000000 -0.782147,
 -0.623037 0.705487 -0.337807, -0.622757 0.000000 0.782415, -0.622736 0.000000 0.782432, -0.622436 0.000000 -0.782671, -0.622400 0.000000 -0.782699,
 -0.622358 -0.704889 -0.340296, -0.622042 0.000000 0.782984, -0.619955 0.704898 0.344637, -0.618747 -0.704881 -0.346836, -0.618596 0.704881 0.347104,
 -0.618590 -0.704897 -0.347082, -0.618446 -0.704880 -0.347373, -0.618423 0.704864 -0.347447, -0.618296 0.704880 0.347641, -0.618271 -0.704865 0.347716,
 -0.618145 -0.704880 -0.347909, -0.618119 0.704865 -0.347985, -0.617968 -0.704865 0.348254, -0.617828 0.704897 0.348438, -0.617816 0.704866 -0.348523,
 -0.617317 -0.704878 -0.349380, -0.614656 0.705496 -0.352808, -0.613494 0.705500 0.354817, -0.612172 0.705498 0.357097, -0.612017 -0.705498 -0.357363,
 -0.611862 0.705497 0.357629, -0.611706 -0.705497 -0.357895, -0.611551 0.705497 0.358161, -0.608777 -0.704883 0.364048, -0.605180 -0.704892 -0.369980,
 -0.605058 -0.705488 -0.369041, -0.603584 -0.704894 0.372573, -0.600765 -0.705522 0.375925, -0.599626 0.705524 -0.377737, -0.599463 -0.705524 0.377995,
 -0.599300 0.705524 -0.378253, -0.599136 -0.705525 0.378511, -0.598973 0.705525 -0.378769, -0.594006 -0.704842 -0.387756, -0.593960 -0.705473 -0.386678,
 -0.593933 0.705473 0.386719, -0.593836 0.704841 0.388017, -0.593779 0.704917 -0.387968, -0.593666 -0.704841 -0.388278, -0.593630 0.704841 0.388333,
 -0.593612 -0.704917 0.388223, -0.593496 0.704841 0.388538, -0.593472 -0.704892 -0.388481, -0.593445 0.704917 -0.388478, -0.593325 -0.704841 -0.388799,
 -0.593277 -0.704918 0.388732, -0.593110 0.704918 -0.388987, -0.592851 0.704892 0.389429, -0.592820 0.705536 -0.388308, -0.592608 0.704893 0.389798,
 -0.590539 0.704924 -0.392868, -0.589143 0.704928 -0.394953, -0.588063 0.704836 0.396722, -0.586686 0.705469 0.397633, -0.586512 -0.705469 -0.397891,
 -0.586337 0.705469 0.398149, -0.586162 -0.705469 -0.398407, -0.585987 0.705469 0.398664, -0.585001 0.000000 -0.811033, -0.584977 0.000000 -0.811050,
 -0.584628 0.000000 0.811302, -0.584614 0.000000 0.811311, -0.584261 0.000000 -0.811566, -0.584254 0.000000 -0.811571, -0.583913 0.000000 0.811817,
 -0.583886 0.000000 0.811836, -0.583571 0.000000 -0.812062, -0.583538 0.000000 -0.812086, -0.583405 0.704943 -0.403354, -0.579789 0.705465 0.407633,
 -0.579270 0.705563 -0.408201, -0.578997 0.000000 -0.815330, -0.578997 0.000000 0.815330, -0.578610 -0.704898 -0.410279, -0.578037 0.705565 -0.409940,
 -0.577972 -0.705562 0.410037, -0.577330 0.705461 0.411115, -0.576680 0.000000 0.816970, -0.573343 -0.704826 -0.417730, -0.573217 0.000000 0.819404,
 -0.573062 0.705556 -0.416883, -0.572875 -0.705555 0.417140, -0.572689 0.705555 -0.417396, -0.572502 -0.705555 0.417653, -0.572315 0.705554 -0.417910,
 -0.571816 -0.704825 -0.419819, -0.571142 0.000000 -0.820851, -0.568927 0.000000 -0.822388, -0.568626 0.000000 0.822596, -0.568621 0.000000 0.822600,
 -0.568251 0.000000 -0.822855, -0.568194 0.000000 -0.822895, -0.567903 0.000000 0.823096, -0.567854 0.000000 0.823130, -0.567528 0.000000 -0.823354,
 -0.567479 0.000000 -0.823388, -0.567178 0.000000 0.823595, -0.566606 0.704961 -0.426600, -0.566415 -0.704960 0.426855, -0.566229 -0.704823 -0.427328,
 -0.566223 0.704960 -0.427110, -0.566109 0.704907 0.427348, -0.566040 0.704823 0.427579, -0.566031 -0.704959 0.427365, -0.565958 0.705458 0.426639,
 -0.565850 -0.704823 -0.427830, -0.565840 0.704959 -0.427619, -0.565661 0.704823 0.428080, -0.565525 -0.704823 -0.428259, -0.565471 -0.704823 -0.428331,
 -0.565253 -0.704908 -0.428478, -0.564290 0.704909 0.429744, -0.563352 0.000000 0.826217, -0.563343 0.000000 -0.826223, -0.561361 0.000000 0.827571,
 -0.558667 0.705529 -0.436028, -0.558218 0.705456 0.436721, -0.558024 -0.705456 -0.436968, -0.557830 0.705456 0.437215, -0.557636 -0.705456 -0.437463,
 -0.557442 0.705456 0.437710, -0.556397 0.000000 -0.830916, -0.556397 0.000000 0.830916, -0.555878 -0.704936 0.440528, -0.555271 -0.705455 -0.440462,
 -0.550570 -0.705519 0.446224, -0.549434 -0.704922 0.448561, -0.548927 0.000000 -0.835870, -0.547140 -0.704927 -0.451348, -0.542860 0.705509 -0.455588,
 -0.542656 -0.705509 0.455831, -0.542452 0.705508 -0.456075, -0.542247 -0.705508 0.456318, -0.542043 0.705508 -0.456561, -0.540716 0.705506 -0.458134,
 -0.540004 0.000000 0.841662, -0.539998 0.000000 0.841666, -0.536835 0.704825 0.463713, -0.535648 0.704896 -0.464976, -0.535530 -0.704826 -0.465219,
 -0.535439 -0.704896 0.465217, -0.535322 0.704826 0.465458, -0.535230 0.704895 -0.465458, -0.535114 -0.704826 -0.465697, -0.535021 -0.704895 0.465699,
 -0.534906 0.704826 0.465935, -0.534812 0.704895 -0.465940, -0.534698 -0.704826 -0.466174, -0.534061 -0.704944 -0.466725, -0.533269 0.704945 0.467629,
 -0.533158 0.704892 -0.467835, -0.533005 0.704945 0.467930, -0.532381 0.000000 -0.846505, -0.531407 0.704889 -0.469827, -0.530065 0.704828 0.471432,
 -0.529893 -0.705456 -0.470685, -0.529886 0.705456 0.470693, -0.529324 0.000000 -0.848420, -0.528899 0.000000 0.848685, -0.528529 0.000000 -0.848915,
 -0.528527 0.000000 -0.848917, -0.528160 0.000000 0.849145, -0.528143 0.000000 0.849155, -0.527815 0.000000 -0.849359, -0.527781 0.000000 -0.849381,
 -0.527435 0.000000 0.849595, -0.527397 0.000000 0.849619, -0.527033 0.000000 -0.849845, -0.526896 0.705458 0.474036, -0.526684 -0.705458 -0.474270,
 -0.526473 0.705458 0.474505, -0.526261 -0.705458 -0.474740, -0.526049 0.705458 0.474975, -0.525422 0.705459 0.475668, -0.524213 0.704878 -0.477857,
 -0.523933 0.705488 -0.477264, -0.522131 -0.704833 -0.480197, -0.521558 -0.705460 -0.479899, -0.513611 -0.704975 -0.489095, -0.513003 0.705463 0.489030,
 -0.512425 -0.704840 -0.490531, -0.511902 0.000000 -0.859044, -0.511462 0.000000 0.859306, -0.511451 0.000000 0.859312, -0.511138 0.000000 -0.859499,
 -0.511084 0.000000 -0.859531, -0.510736 0.000000 0.859738, -0.510698 0.000000 0.859760, -0.510612 -0.704842 -0.492415, -0.510397 0.000000 -0.859939,
 -0.510331 0.000000 -0.859978, -0.510042 0.705476 -0.492098, -0.509945 0.000000 0.860207, -0.509822 -0.705476 0.492326, -0.509602 0.705476 -0.492555,
 -0.509381 -0.705476 0.492783, -0.509195 0.705473 -0.492979, -0.509161 0.705476 -0.493011, -0.509146 -0.705473 0.493030, -0.509012 0.705466 0.493179,
 -0.502122 0.704851 -0.501058, -0.502071 -0.704850 -0.501110, -0.501897 -0.704851 0.501283, -0.501846 0.704850 0.501335, -0.501673 0.704850 -0.501508,
 -0.501621 -0.704850 -0.501560, -0.501448 -0.704850 0.501733, -0.501395 0.704851 0.501785, -0.501223 0.704850 -0.501958, -0.501170 -0.704851 -0.502010,
 -0.500076 -0.704999 -0.502892, -0.500000 0.000000 -0.866025, -0.500000 0.000000 0.866025, -0.499266 0.705000 0.503695, -0.498932 0.705001 0.504025,
 -0.492897 0.705476 0.509271, -0.492669 -0.705476 -0.509491, -0.492440 0.705476 0.509712, -0.492212 -0.705476 -0.509932, -0.491984 0.705476 0.510152,
 -0.491519 -0.704841 0.511476, -0.491090 -0.705465 0.511029, -0.490079 0.705462 -0.512001, -0.484071 -0.704836 0.518538, -0.480079 -0.705037 -0.521965,
 -0.479229 0.705460 -0.522174, -0.474857 0.705458 -0.526155, -0.474623 -0.705458 0.526367, -0.474388 0.705458 -0.526579, -0.474153 -0.705458 0.526790,
 -0.473918 0.705458 -0.527002, -0.472779 0.000000 0.881181, -0.470296 0.000000 0.882509, -0.469892 0.000000 -0.882724, -0.469890 0.000000 -0.882725,
 -0.469524 0.000000 0.882920, -0.469481 0.000000 0.882943, -0.469118 0.000000 -0.883135, -0.469084 0.000000 -0.883153, -0.468880 0.704890 0.532242,
 -0.468752 0.000000 0.883330, -0.468690 0.000000 0.883362, -0.468346 0.000000 -0.883545, -0.467162 0.000000 -0.884172, -0.466293 0.704826 -0.534594,
 -0.466060 -0.704895 -0.534707, -0.466055 -0.704826 0.534802, -0.465819 0.704895 0.534916, -0.465816 0.704826 -0.535010, -0.465579 -0.704895 -0.535125,
 -0.465577 -0.704826 0.535218, -0.465338 0.704826 -0.535426, -0.465338 0.704896 0.535334, -0.465097 -0.704896 -0.535543, -0.464747 0.704826 -0.535939,
 -0.463831 0.705070 0.536411, -0.463525 -0.705071 -0.536675, -0.462772 0.704825 -0.537647, -0.462301 0.705073 0.537726, -0.461850 0.705503 0.537550,
 -0.461003 0.704902 0.539063, -0.460460 0.705455 -0.538804, -0.460028 0.000000 0.887905, -0.458142 -0.705506 -0.540710, -0.456440 0.705508 0.542145,
 -0.456196 -0.705508 -0.542349, -0.455953 0.705509 0.542554, -0.455710 -0.705509 -0.542758, -0.455466 0.705509 0.542962, -0.454687 0.704823 -0.544504,
 -0.452959 0.705510 0.545053, -0.452935 -0.705511 -0.545072, -0.452705 -0.704915 -0.546033, -0.452512 0.000000 -0.891758, -0.452199 0.000000 0.891917,
 -0.452188 0.000000 0.891923, -0.451804 0.000000 -0.892117, -0.451722 0.000000 -0.892159, -0.451415 0.000000 0.892314, -0.451359 0.000000 0.892343,
 -0.451021 0.000000 -0.892513, -0.450945 0.000000 -0.892552, -0.450631 0.000000 0.892711, -0.447323 0.000000 0.894372, -0.441606 -0.704934 -0.555025,
 -0.439732 -0.705123 -0.556271, -0.439548 -0.704937 -0.556651, -0.437586 0.705456 -0.557540, -0.437339 -0.705456 0.557733, -0.437261 0.705527 0.557704,
 -0.437092 0.705456 -0.557927, -0.436844 -0.705456 0.558121, -0.436597 0.705456 -0.558314, -0.433919 0.000000 -0.900952, -0.433911 0.000000 0.900956,
 -0.433886 0.000000 -0.900968, -0.429760 0.705456 -0.563593, -0.429747 -0.705456 0.563603, -0.428456 0.704823 -0.565376, -0.428206 -0.704823 0.565566,
 -0.427955 0.704823 -0.565755, -0.427747 -0.704959 -0.565744, -0.427704 -0.704823 0.565945, -0.427492 0.704959 0.565936, -0.427454 0.704823 -0.566134,
 -0.427237 -0.704960 -0.566127, -0.426982 0.704960 0.566319, -0.426728 -0.704961 -0.566510, -0.424673 -0.705158 -0.567807, -0.424512 -0.705459 0.567554,
 -0.423384 0.705161 0.568765, -0.421372 0.705166 0.570252, -0.419954 0.705460 -0.570933, -0.418826 -0.704825 0.572544, -0.417781 0.705555 0.572408,
 -0.417525 -0.705555 -0.572595, -0.417268 0.705555 0.572782, -0.417011 -0.705556 -0.572968, -0.416755 0.705556 0.573155, -0.416598 0.000000 -0.909091,
 -0.416598 0.000000 0.909091, -0.415882 0.000000 -0.909419, -0.414873 0.000000 0.909879, -0.412552 0.000000 -0.910934, -0.412389 0.705462 -0.576418,
 -0.411382 0.705463 -0.577137, -0.410583 -0.704828 0.578479, -0.409178 0.000000 0.912455, -0.408816 0.000000 -0.912617, -0.408785 0.000000 -0.912630,
 -0.408407 0.000000 0.912800, -0.408370 0.000000 0.912816, -0.408038 0.000000 -0.912965, -0.407978 0.000000 -0.912992, -0.407623 0.000000 0.913150,
 -0.407563 0.000000 0.913177, -0.407198 0.000000 -0.913340, -0.401020 0.704833 -0.585144, -0.398535 0.705469 -0.586074, -0.398278 -0.705469 0.586249,
 -0.398020 0.705469 -0.586424, -0.397762 -0.705469 0.586599, -0.397504 0.705469 -0.586773, -0.396242 -0.705158 -0.588000, -0.393961 0.704926 0.589808,
 -0.392174 0.705541 0.590264, -0.390809 0.000000 -0.920472, -0.390329 0.000000 0.920675, -0.390309 0.000000 0.920684, -0.389978 0.000000 -0.920824,
 -0.389906 0.000000 -0.920855, -0.389541 0.000000 0.921009, -0.389494 0.000000 0.921029, -0.389456 0.704840 -0.592895, -0.389180 0.000000 -0.921162,
 -0.389114 -0.704918 -0.593026, -0.389090 0.000000 -0.921200, -0.388929 0.704841 -0.593240, -0.388859 0.704918 0.593194, -0.388679 0.000000 0.921373,
 -0.388668 -0.704841 0.593411, -0.388605 -0.704918 -0.593361, -0.388494 -0.705536 -0.592698, -0.388408 0.704841 -0.593581, -0.388350 0.704917 0.593528,
 -0.388147 -0.704841 0.593751, -0.388096 -0.704917 -0.593695, -0.387887 0.704842 -0.593921, -0.387313 0.704842 -0.594295, -0.385719 0.704913 0.595247,
 -0.385417 -0.705150 -0.595162, -0.384127 0.705148 0.595997, -0.380335 0.705146 0.598427, -0.378640 0.705525 0.599055, -0.378382 -0.705524 -0.599218,
 -0.378124 0.705524 0.599381, -0.377866 -0.705524 -0.599544, -0.377607 0.705524 0.599707, -0.376968 -0.704900 -0.600842, -0.366707 0.705509 0.606451,
 -0.366706 -0.705509 -0.606452, -0.365192 -0.704885 -0.608089, -0.363007 -0.704882 -0.609399, -0.361764 0.000000 0.932270, -0.358028 0.705497 -0.611629,
 -0.357762 -0.705497 0.611784, -0.357496 0.705497 -0.611939, -0.357230 -0.705498 0.612095, -0.356964 0.705498 -0.612249, -0.354618 0.000000 -0.935011,
 -0.354108 0.705497 0.613907, -0.353303 -0.705133 -0.614788, -0.351847 -0.705503 0.615199, -0.348658 -0.704866 -0.617740, -0.348389 0.704865 0.617892,
 -0.348120 -0.704865 -0.618043, -0.348043 0.704880 -0.618070, -0.347851 0.704865 0.618195, -0.347775 -0.704880 0.618221, -0.347747 0.705506 -0.617521,
 -0.347582 -0.704865 -0.618347, -0.347507 0.704880 -0.618371, -0.347238 -0.704881 0.618521, -0.346970 0.704881 -0.618672, -0.345890 0.000000 0.938275,
 -0.345464 0.000000 -0.938432, -0.345420 0.000000 -0.938448, -0.345059 0.000000 0.938581, -0.344996 0.000000 0.938604, -0.344633 0.000000 -0.938738,
 -0.344555 0.000000 -0.938766, -0.344298 -0.705131 -0.619878, -0.344227 0.000000 0.938886, -0.344139 0.000000 0.938919, -0.343759 0.000000 -0.939058,
 -0.342935 0.705130 0.620634, -0.341952 0.705511 -0.620744, -0.341940 -0.705510 0.620751, -0.339230 -0.704890 0.622938, -0.338331 0.000000 0.941027,
 -0.337672 0.705487 0.623110, -0.337400 -0.705486 -0.623258, -0.337128 0.705486 0.623405, -0.336861 -0.705517 0.623515, -0.336861 0.705517 -0.623515,
 -0.336856 -0.705486 -0.623552, -0.336798 0.705129 0.623987, -0.336584 0.705486 0.623699, -0.336193 0.705517 -0.623874, -0.330406 -0.704902 0.627650,
 -0.326784 0.000000 -0.945099, -0.326452 0.000000 0.945214, -0.326449 0.000000 0.945215, -0.326035 0.000000 -0.945358, -0.325946 0.000000 -0.945388,
 -0.325609 0.000000 0.945504, -0.325570 0.000000 0.945518, -0.325196 0.000000 -0.945647, -0.325107 0.000000 -0.945677, -0.324769 0.000000 0.945793,
 -0.324762 -0.705529 0.629888, -0.324731 0.000000 0.945807, -0.321189 0.704915 -0.632402, -0.320622 -0.705527 0.632008, -0.318529 0.705474 0.633123,
 -0.316668 -0.705539 0.633984, -0.316490 -0.705529 0.634084, -0.316396 0.705539 -0.634119, -0.316124 -0.705540 0.634255, -0.315852 0.705540 -0.634390,
 -0.315580 -0.705540 0.634525, -0.315116 0.705530 -0.634767, -0.313801 0.704837 0.636186, -0.313724 -0.705472 -0.635521, -0.310771 -0.705129 -0.637350,
 -0.309119 0.000000 -0.951023, -0.308981 0.704934 -0.638435, -0.306733 0.704937 -0.639514, -0.306137 0.704938 -0.639799, -0.306090 -0.704833 -0.639937,
 -0.305863 -0.704939 0.639929, -0.305809 0.704833 0.640072, -0.305590 0.704939 -0.640059, -0.305527 -0.704833 -0.640206, -0.305316 -0.704940 0.640189,
 -0.305245 0.704833 0.640341, -0.305042 0.704940 -0.640319, -0.304963 -0.704832 -0.640475, -0.304679 0.704832 0.640611, -0.303212 0.705539 -0.640529,
 -0.301064 -0.705131 -0.641990, -0.299632 0.705131 0.642659, -0.294752 0.000000 -0.955574, -0.294739 0.000000 0.955578, -0.294682 0.705463 0.644581,
 -0.294398 -0.705463 -0.644711, -0.294168 -0.704828 -0.645510, -0.294114 0.705463 0.644840, -0.293830 -0.705463 -0.644970, -0.293545 0.705463 0.645100,
 -0.292496 0.705133 0.645936, -0.290157 0.000000 -0.956979, -0.286661 0.000000 -0.958032, -0.281344 -0.704824 -0.651205, -0.281319 0.000000 0.959614,
 -0.280652 0.000000 0.959810, -0.280297 0.000000 -0.959913, -0.280235 0.000000 -0.959932, -0.279848 0.000000 0.960044, -0.279798 0.000000 0.960059,
 -0.279464 0.000000 -0.960156, -0.279380 0.000000 -0.960181, -0.279020 0.000000 0.960285, -0.278973 -0.704823 -0.652225, -0.278944 0.000000 0.960307,
 -0.278585 0.000000 -0.960411, -0.274956 -0.705541 0.653155, -0.274917 -0.705513 0.653202, -0.273289 -0.705454 -0.653948, -0.273276 0.705454 0.653953,
 -0.273070 -0.705539 0.653948, -0.272777 0.705539 -0.654070, -0.272497 -0.705509 0.654219, -0.272484 -0.705538 0.654193, -0.272191 0.705538 -0.654315,
 -0.271898 -0.705538 0.654437, -0.271018 0.705507 -0.654836, -0.270706 0.705536 -0.654933, -0.265162 -0.705144 -0.657618, -0.264098 0.705453 0.657714,
 -0.262154 0.704937 -0.659044, -0.261858 -0.704937 0.659162, -0.261652 -0.704822 -0.659367, -0.261561 0.704936 -0.659280, -0.261359 0.704822 0.659483,
 -0.261270 0.000000 -0.965266, -0.261265 -0.704936 0.659398, -0.261066 -0.704822 -0.659599, -0.260968 0.704935 -0.659516, -0.260773 0.704822 0.659715,
 -0.260757 0.000000 0.965404, -0.260748 0.000000 0.965407, -0.260480 -0.704822 -0.659831, -0.260390 0.000000 -0.965504, -0.260314 0.000000 -0.965524,
 -0.260023 0.705490 -0.659296, -0.259927 0.000000 0.965628, -0.259891 0.000000 0.965638, -0.259554 0.000000 -0.965728, -0.259456 0.000000 -0.965755,
 -0.259034 0.000000 0.965868, -0.255973 -0.705149 -0.661243, -0.254610 -0.704926 0.662007, -0.254484 0.705150 0.661816, -0.249922 0.705455 0.663229,
 -0.249627 -0.705455 -0.663340, -0.249332 0.705455 0.663451, -0.249038 -0.705455 -0.663561, -0.248743 0.705455 0.663672, -0.245556 0.705509 -0.664800,
 -0.245543 -0.705509 0.664805, -0.244930 -0.704913 0.665663, -0.244502 0.000000 0.969649, -0.244113 0.705157 0.665704, -0.238717 0.705455 0.667343,
 -0.236602 0.000000 -0.971607, -0.234724 0.704900 -0.669343, -0.233268 -0.705456 -0.669267, -0.231268 -0.705497 0.669917, -0.227142 -0.705497 0.671328,
 -0.226841 0.705496 -0.671430, -0.226828 -0.705445 0.671488, -0.226540 -0.705496 0.671532, -0.226267 0.704827 0.672325, -0.226239 0.705496 -0.671633,
 -0.226129 -0.705444 0.671725, -0.225938 -0.705496 0.671735, -0.224608 0.705442 -0.672237, -0.221106 0.704885 -0.673981, -0.218593 0.704882 -0.674803,
 -0.216422 0.704831 0.675555, -0.215757 0.704879 -0.675718, -0.215620 -0.704832 -0.675811, -0.215453 -0.704879 0.675815, -0.215405 -0.705180 -0.675516,
 -0.215318 0.704832 0.675907, -0.215149 0.704878 -0.675912, -0.215016 -0.704832 -0.676003, -0.214846 -0.704878 0.676009, -0.214714 0.704832 0.676099,
 -0.214542 0.704878 -0.676106, -0.214411 -0.704832 -0.676195, -0.214194 0.000000 0.976791, -0.213760 0.000000 -0.976886, -0.213691 0.000000 -0.976901,
 -0.213325 0.000000 0.976981, -0.213269 0.000000 0.976994, -0.212892 0.000000 -0.977076, -0.212795 0.000000 -0.977097, -0.212457 0.000000 0.977170,
 -0.212367 0.000000 0.977190, -0.211959 0.000000 -0.977279, -0.209962 0.705425 -0.676972, -0.209728 0.000000 0.977760, -0.209324 -0.705185 -0.677419,
 -0.207791 0.705187 0.677889, -0.205237 -0.704837 -0.679031, -0.203676 0.705462 0.678851, -0.203373 -0.705462 -0.678942, -0.203069 0.705462 0.679033,
 -0.202766 -0.705463 -0.679123, -0.202462 0.705463 0.679214, -0.201574 0.705193 0.679758, -0.195518 0.000000 0.980700, -0.194308 0.000000 -0.980941,
 -0.193974 0.000000 0.981007, -0.193944 0.000000 0.981013, -0.193520 0.000000 -0.981096, -0.193447 0.000000 -0.981111, -0.193072 0.000000 0.981185,
 -0.193066 0.000000 0.981186, -0.192648 0.000000 -0.981268, -0.192567 0.000000 -0.981284, -0.192199 0.000000 0.981356, -0.191902 -0.705474 0.682261,
 -0.191651 -0.704845 -0.682982, -0.189143 -0.704846 -0.683679, -0.186622 0.705472 -0.683727, -0.182438 -0.705396 0.684933, -0.180157 -0.705469 0.685461,
 -0.179850 0.705469 -0.685542, -0.179544 -0.705468 0.685623, -0.179431 0.000000 -0.983771, -0.179237 0.705468 -0.685703, -0.178931 -0.705468 0.685783,
 -0.178668 -0.705393 0.685929, -0.177119 0.705391 -0.686332, -0.172344 -0.705473 -0.687463, -0.172327 0.705473 0.687467, -0.168401 0.704840 -0.689087,
 -0.168306 -0.704863 -0.689088, -0.168092 -0.704840 0.689163, -0.167996 0.704863 0.689163, -0.167783 0.704840 -0.689238, -0.167687 -0.704863 -0.689238,
 -0.167475 -0.704840 0.689314, -0.167442 0.705477 0.688670, -0.167377 0.704863 0.689313, -0.167166 0.704840 -0.689389, -0.167067 -0.704864 -0.689388,
 -0.165939 -0.705233 -0.689283, -0.165562 0.705381 -0.689222, -0.163135 -0.704837 0.690356, -0.161447 -0.705238 -0.690343, -0.159974 0.000000 -0.987121,
 -0.159882 0.705240 0.690705, -0.156393 0.000000 -0.987695, -0.156259 0.705485 0.691284, -0.155950 -0.705485 -0.691354, -0.155640 0.705485 0.691424,
 -0.155330 -0.705485 -0.691493, -0.155020 0.705486 0.691563, -0.153811 0.705486 0.691832, -0.153082 -0.704832 0.692659, -0.150954 0.705252 0.692699,
 -0.149001 0.000000 -0.988837, -0.148997 0.000000 0.988838, -0.148738 -0.705490 -0.692937, -0.146665 0.000000 0.989186, -0.146314 0.000000 -0.989238,
 -0.146228 0.000000 -0.989251, -0.145836 0.000000 0.989309, -0.145789 0.000000 0.989316, -0.145447 0.000000 -0.989366, -0.145352 0.000000 -0.989380,
 -0.144988 0.000000 0.989433, -0.144913 0.000000 0.989444, -0.144557 0.000000 -0.989496, -0.142576 0.705454 -0.694267, -0.142569 -0.705454 0.694268,
 -0.142078 0.000000 0.989855, -0.141583 0.704828 -0.695106, -0.132935 -0.705357 0.696276, -0.132814 -0.705453 0.696201, -0.132799 0.704899 0.696766,
 -0.132464 -0.705456 0.696265, -0.132154 0.705456 -0.696324, -0.131844 -0.705456 0.696383, -0.131534 0.705456 -0.696442, -0.131224 -0.705456 0.696500,
 -0.130478 -0.705356 0.696742, -0.128912 0.705355 -0.697034, -0.127675 0.704824 -0.697798, -0.126798 0.000000 -0.991929, -0.126297 0.000000 0.991993,
 -0.126269 0.000000 0.991996, -0.125892 0.000000 -0.992044, -0.125840 0.000000 -0.992051, -0.125422 0.000000 0.992104, -0.125419 0.000000 0.992104,
 -0.125118 0.704823 -0.698262, -0.125044 0.000000 -0.992151, -0.124965 0.000000 -0.992161, -0.124547 0.000000 0.992214, -0.122843 0.000000 0.992426,
 -0.122808 0.705351 -0.698139, -0.122454 0.704911 0.698646, -0.120443 0.704823 -0.699084, -0.120131 -0.704823 0.699138, -0.120043 -0.704914 -0.699061,
 -0.119820 0.704823 -0.699191, -0.119728 0.704914 0.699114, -0.119508 -0.704823 0.699244, -0.119414 -0.704915 -0.699168, -0.119197 0.704823 -0.699298,
 -0.119167 -0.705297 -0.698825, -0.119099 0.704915 0.699221, -0.118785 -0.704916 -0.699274, -0.115667 0.000000 -0.993288, -0.112703 -0.705306 -0.699887,
 -0.111889 -0.704924 -0.700402, -0.111114 0.705309 0.700138, -0.108009 0.705522 0.700409, -0.107695 -0.705522 -0.700457, -0.107381 0.705523 0.700505,
 -0.107067 -0.705523 -0.700553, -0.106753 0.705523 0.700600, -0.106253 -0.705455 0.700745, -0.105761 0.705317 0.700958, -0.100557 0.705456 -0.701584,
 -0.097848 -0.704944 -0.702481, -0.095261 -0.704947 -0.702833, -0.084417 -0.705458 0.703706, -0.084106 0.705459 -0.703743, -0.083795 -0.705459 0.703780,
 -0.083484 0.705459 -0.703817, -0.083173 -0.705459 0.703854, -0.082976 -0.705335 0.704001, -0.081929 -0.705334 0.704124, -0.080358 0.705334 -0.704306,
 -0.078875 0.000000 0.996885, -0.078436 0.000000 -0.996919, -0.078372 0.000000 -0.996924, -0.077995 0.000000 0.996954, -0.077964 0.000000 0.996956,
 -0.077557 0.000000 -0.996988, -0.077471 0.000000 -0.996995, -0.077116 0.000000 0.997022, -0.077043 0.000000 0.997028, -0.076696 0.000000 0.997055,
 -0.076618 0.000000 -0.997061, -0.074196 0.705332 -0.704983, -0.072243 0.704826 -0.705692, -0.071931 -0.704827 0.705723, -0.071619 0.704827 -0.705755,
 -0.071544 -0.704964 -0.705625, -0.071307 -0.704827 0.705786, -0.071244 0.704964 0.705656, -0.070996 0.704827 -0.705818, -0.070944 -0.704963 -0.705687,
 -0.070901 -0.705374 -0.705280, -0.070645 0.704963 0.705717, -0.070345 -0.704962 -0.705748, -0.069377 -0.704827 0.705978, -0.065995 -0.705565 -0.705565,
 -0.065995 0.705565 0.705565, -0.063772 -0.705371 -0.705964, -0.062252 0.705370 0.706100, -0.062219 0.000000 0.998062, -0.060102 0.704946 0.706710,
 -0.059596 0.705558 0.706142, -0.059294 -0.705557 -0.706168, -0.059192 -0.704831 0.706901, -0.058993 0.705557 0.706193, -0.058794 0.000000 -0.998270,
 -0.058692 -0.705557 -0.706219, -0.058437 0.000000 0.998291, -0.058404 0.000000 0.998293, -0.058390 0.705556 0.706244, -0.057972 0.000000 -0.998318,
 -0.057938 0.000000 -0.998320, -0.057551 0.000000 0.998343, -0.057525 0.000000 0.998344, -0.057092 0.000000 -0.998369, -0.057038 0.000000 -0.998372,
 -0.056645 0.000000 0.998394, -0.056106 0.705365 0.706620, -0.047702 0.704837 -0.707764, -0.047484 0.000000 -0.998872, -0.037900 -0.705473 0.707722,
 -0.037888 0.705473 -0.707723, -0.036368 -0.705476 0.707800, -0.036058 0.705477 -0.707815, -0.035748 -0.705477 0.707831, -0.035438 0.705477 -0.707846,
 -0.035128 -0.705477 0.707862, -0.034735 0.704911 0.708445, -0.033863 0.704845 -0.708553, -0.033390 -0.705329 0.708093, -0.033023 -0.705477 0.707963,
 -0.032454 -0.705330 0.708136, -0.031824 0.705330 -0.708165, -0.031323 0.704846 -0.708668, -0.027974 0.000000 -0.999609, -0.027381 0.705330 -0.708350,
 -0.027027 -0.704901 -0.708790, -0.024704 -0.704899 -0.708878, -0.024398 0.704898 0.708889, -0.024389 0.000000 -0.999703, -0.024155 0.704852 -0.708943,
 -0.024092 -0.704898 -0.708900, -0.023845 -0.704852 0.708954, -0.023786 0.704898 0.708910, -0.023535 0.704852 -0.708964, -0.023480 -0.704897 -0.708921,
 -0.023225 -0.704852 0.708974, -0.022915 0.704852 -0.708984, -0.021544 -0.705344 -0.708537, -0.019516 -0.705486 0.708455, -0.019514 -0.704893 -0.709046,
 -0.018212 -0.704891 -0.709082, -0.016331 -0.705342 -0.708679, -0.014783 0.705341 0.708714, -0.014465 0.705490 -0.708573, -0.012568 0.705510 0.708588,
 -0.012262 -0.705510 -0.708594, -0.011955 0.705510 0.708599, -0.011753 0.705340 0.708772, -0.011648 -0.705510 -0.708605, -0.011341 0.705509 0.708610,
 -0.011010 0.000000 0.999939, -0.010638 0.000000 -0.999943, -0.010578 0.000000 -0.999944, -0.010148 0.000000 0.999949, -0.010138 0.000000 0.999949,
 -0.009784 0.000000 -0.999952, -0.009705 0.000000 -0.999953, -0.009310 0.000000 0.999957, -0.009265 0.000000 0.999957, -0.008878 0.000000 -0.999961,
 0.000000 -1.000000 0.000000, 0.000000 -0.995734 -0.092268, 0.000000 -0.995734 0.092268, 0.000000 -0.965926 -0.258819, 0.000000 -0.965926 0.258819,
 0.000000 -0.961826 -0.273663, 0.000000 -0.961826 0.273663, 0.000000 -0.895163 -0.445738, 0.000000 -0.895163 0.445738, 0.000000 -0.866025 -0.500000,
 0.000000 -0.866025 0.500000, 0.000000 -0.798017 -0.602635, 0.000000 -0.798017 0.602635, 0.000000 -0.707107 -0.707107, 0.000000 -0.707107 0.707107,
 0.000000 -0.673696 -0.739009, 0.000000 -0.673696 0.739009, 0.000000 -0.526432 -0.850217, 0.000000 -0.526432 0.850217, 0.000000 -0.500000 -0.866025,
 0.000000 -0.500000 0.866025, 0.000000 -0.361242 -0.932472, 0.000000 -0.361242 0.932472, 0.000000 -0.258819 -0.965926, 0.000000 -0.258819 0.965926,
 0.000000 -0.183750 -0.982973, 0.000000 -0.183750 0.982973, 0.000000 0.000000 -1.000000, 0.000000 0.000000 1.000000, 0.000000 0.183750 -0.982973,
 0.000000 0.183750 0.982973, 0.000000 0.258819 -0.965926, 0.000000 0.258819 0.965926, 0.000000 0.361242 -0.932472, 0.000000 0.361242 0.932472,
 0.000000 0.500000 -0.866025, 0.000000 0.500000 0.866025, 0.000000 0.526432 -0.850217, 0.000000 0.526432 0.850217, 0.000000 0.673696 -0.739009,
 0.000000 0.673696 0.739009, 0.000000 0.707107 -0.707107, 0.000000 0.707107 0.707107, 0.000000 0.798017 -0.602635, 0.000000 0.798017 0.602635,
 0.000000 0.866025 -0.500000, 0.000000 0.866025 0.500000, 0.000000 0.895163 -0.445738, 0.000000 0.895163 0.445738, 0.000000 0.961826 -0.273663,
 0.000000 0.961826 0.273663, 0.000000 0.965926 -0.258819, 0.000000 0.965926 0.258819, 0.000000 0.995734 -0.092268, 0.000000 0.995734 0.092268,
 0.000000 1.000000 0.000000, 0.001194 0.705499 0.708710, 0.008827 0.000000 -0.999961, 0.009269 0.000000 0.999957, 0.009319 0.000000 0.999957,
 0.009701 0.000000 -0.999953, 0.009708 0.000000 -0.999953, 0.010142 0.000000 0.999949, 0.010187 0.000000 0.999948, 0.010574 0.000000 -0.999944,
 0.010588 0.000000 -0.999944, 0.011024 0.000000 0.999939, 0.011341 -0.705509 0.708610, 0.011648 0.705510 -0.708605, 0.011753 -0.705340 0.708772,
 0.011955 -0.705510 0.708599, 0.012262 0.705510 -0.708594, 0.012568 -0.705510 0.708588, 0.014465 0.705490 0.708573, 0.014783 -0.705341 0.708714,
 0.016331 0.705342 -0.708679, 0.019516 -0.705486 -0.708455, 0.021544 0.705344 -0.708537, 0.022915 -0.704852 -0.708984, 0.023225 0.704852 0.708974,
 0.023480 0.704897 -0.708921, 0.023535 -0.704852 -0.708964, 0.023786 -0.704898 0.708910, 0.023845 0.704852 0.708954, 0.024092 0.704898 -0.708900,
 0.024155 -0.704852 -0.708943, 0.024398 -0.704898 0.708889, 0.024673 -0.704899 0.708879, 0.024704 0.704899 -0.708878, 0.025513 0.000000 0.999674,
 0.027381 -0.705330 -0.708350, 0.031824 -0.705330 -0.708165, 0.032119 0.704846 0.708633, 0.032454 0.705330 0.708136, 0.032983 0.705475 0.707967,
 0.033390 0.705329 0.708093, 0.034735 -0.704911 0.708445, 0.035128 0.705477 0.707862, 0.035438 -0.705477 -0.707846, 0.035748 0.705477 0.707831,
 0.036058 -0.705477 -0.707815, 0.036368 0.705476 0.707800, 0.037888 0.705473 0.707723, 0.037900 -0.705473 -0.707722, 0.044944 0.704924 -0.707857,
 0.056106 -0.705365 0.706620, 0.056652 0.000000 0.998394, 0.057085 0.000000 -0.998369, 0.057127 0.000000 -0.998367, 0.057477 0.000000 0.998347,
 0.057532 0.000000 0.998344, 0.057964 0.000000 -0.998319, 0.058029 0.000000 -0.998315, 0.058169 0.704832 0.706986, 0.058390 -0.705556 0.706244,
 0.058405 0.000000 0.998293, 0.058408 0.704944 -0.706854, 0.058427 0.000000 0.998292, 0.058692 0.705557 -0.706219, 0.058872 0.000000 -0.998266,
 0.058993 -0.705557 0.706193, 0.059294 0.705557 -0.706168, 0.059596 -0.705558 0.706142, 0.060876 0.704947 -0.706642, 0.062219 0.000000 0.998062,
 0.062252 -0.705370 0.706100, 0.063772 0.705371 -0.705964, 0.065995 -0.705565 0.705565, 0.065995 0.705565 -0.705565, 0.066997 -0.704828 -0.706207,
 0.070345 0.704962 -0.705748, 0.070645 -0.704963 0.705717, 0.070901 0.705374 -0.705280, 0.070944 0.704963 -0.705687, 0.070996 -0.704827 -0.705818,
 0.071244 -0.704964 0.705656, 0.071307 0.704827 0.705786, 0.071544 0.704964 -0.705625, 0.071619 -0.704827 -0.705755, 0.071931 0.704827 0.705723,
 0.072243 -0.704826 -0.705692, 0.073313 0.000000 -0.997309, 0.074196 -0.705332 -0.704983, 0.074589 -0.704826 -0.705448, 0.075913 -0.704825 -0.705307,
 0.076670 0.000000 -0.997057, 0.077056 0.000000 0.997027, 0.077117 0.000000 0.997022, 0.077555 0.000000 -0.996988, 0.077560 0.000000 -0.996988,
 0.077921 0.000000 0.996960, 0.077997 0.000000 0.996954, 0.078388 0.000000 -0.996923, 0.078435 0.000000 -0.996919, 0.078868 0.000000 0.996885,
 0.080358 -0.705334 -0.704306, 0.081929 0.705334 0.704124, 0.082976 0.705335 0.704001, 0.083173 0.705459 0.703854, 0.083484 -0.705459 -0.703817,
 0.083795 0.705459 0.703780, 0.084099 0.000000 -0.996457, 0.084106 -0.705459 -0.703743, 0.084417 0.705458 0.703706, 0.085967 0.000000 -0.996298,
 0.087168 0.705458 0.703371, 0.096073 -0.704946 0.702724, 0.096765 0.000000 0.995307, 0.100557 0.705456 0.701584, 0.105761 -0.705317 0.700958,
 0.106253 -0.705455 -0.700745, 0.106753 -0.705523 0.700600, 0.107067 0.705523 -0.700553, 0.107381 -0.705523 0.700505, 0.107695 0.705522 -0.700457,
 0.108009 -0.705522 0.700409, 0.111114 -0.705309 0.700138, 0.112703 0.705306 -0.699887, 0.115667 0.000000 0.993288, 0.118785 0.704916 -0.699274,
 0.119099 -0.704915 0.699221, 0.119167 0.705297 -0.698825, 0.119197 -0.704823 -0.699298, 0.119414 0.704915 -0.699168, 0.119508 0.704823 0.699244,
 0.119728 -0.704914 0.699114, 0.119820 -0.704823 -0.699191, 0.120043 0.704914 -0.699061, 0.120131 0.704823 0.699138, 0.120443 -0.704823 -0.699084,
 0.122454 -0.704911 0.698646, 0.122513 0.000000 0.992467, 0.122808 -0.705351 -0.698139, 0.122843 0.000000 -0.992426, 0.124527 0.000000 0.992216,
 0.124940 0.000000 -0.992164, 0.124985 0.000000 -0.992159, 0.125402 0.000000 0.992106, 0.125483 0.000000 0.992096, 0.125816 0.000000 -0.992054,
 0.125859 0.000000 -0.992048, 0.125920 0.704824 0.698117, 0.126296 0.000000 0.991993, 0.126300 0.000000 0.991992, 0.126715 0.000000 -0.991939,
 0.128912 -0.705355 -0.697034, 0.130385 0.704901 -0.697219, 0.130478 0.705356 0.696742, 0.131224 0.705456 0.696500, 0.131534 -0.705456 -0.696442,
 0.131844 0.705456 0.696383, 0.132154 -0.705456 -0.696324, 0.132464 0.705456 0.696265, 0.132827 0.705453 0.696199, 0.132935 0.705357 0.696276,
 0.138076 0.704893 -0.695745, 0.139406 0.704891 -0.695481, 0.142078 0.000000 0.989855, 0.142093 0.000000 0.989853, 0.142569 -0.705454 -0.694268,
 0.142576 0.705454 0.694267, 0.144503 0.000000 -0.989504, 0.144914 0.000000 0.989444, 0.144997 0.000000 0.989432, 0.145351 0.000000 -0.989380,
 0.145377 0.000000 -0.989376, 0.145790 0.000000 0.989316, 0.145867 0.000000 0.989304, 0.146227 0.000000 -0.989251, 0.146283 0.000000 -0.989243,
 0.146689 0.000000 0.989183, 0.148738 -0.705490 0.692937, 0.148997 0.000000 -0.988838, 0.149001 0.000000 0.988837, 0.150954 -0.705252 0.692699,
 0.152077 0.704832 0.692881, 0.153579 -0.705487 0.691883, 0.153811 0.705486 -0.691832, 0.155020 -0.705486 0.691563, 0.155330 0.705485 -0.691493,
 0.155640 -0.705485 0.691424, 0.155950 0.705485 -0.691354, 0.156259 -0.705485 0.691284, 0.157516 0.000000 0.987516, 0.159882 -0.705240 0.690705,
 0.160788 -0.704836 -0.690908, 0.161447 0.705238 -0.690343, 0.165562 -0.705381 -0.689222, 0.165939 0.705233 -0.689283, 0.167067 0.704864 -0.689388,
 0.167166 -0.704840 -0.689389, 0.167377 -0.704863 0.689313, 0.167443 -0.705477 0.688670, 0.167475 0.704840 0.689314, 0.167687 0.704863 -0.689238,
 0.167783 -0.704840 -0.689238, 0.167996 -0.704863 0.689163, 0.168092 0.704840 0.689163, 0.168271 -0.704840 -0.689119, 0.168306 0.704863 -0.689088,
 0.168401 -0.704840 -0.689087, 0.169575 -0.704841 -0.688799, 0.172327 0.705473 -0.687467, 0.172344 -0.705473 0.687463, 0.173330 0.705466 0.687222,
 0.177119 -0.705391 -0.686332, 0.178668 0.705393 0.685929, 0.178931 0.705468 0.685783, 0.179237 -0.705468 -0.685703, 0.179544 0.705468 0.685623,
 0.179850 -0.705469 -0.685542, 0.180157 0.705469 0.685461, 0.182438 0.705396 0.684933, 0.186622 0.705472 0.683727, 0.189930 -0.704846 0.683461,
 0.191902 -0.705474 -0.682261, 0.192212 0.000000 0.981354, 0.192636 0.000000 -0.981270, 0.192676 0.000000 -0.981263, 0.193002 0.000000 0.981198,
 0.193084 0.000000 0.981182, 0.193508 0.000000 -0.981099, 0.193547 0.000000 -0.981091, 0.193928 0.000000 0.981016, 0.193945 0.000000 0.981012,
 0.194088 0.000000 0.980984, 0.194402 0.000000 -0.980922, 0.201574 -0.705193 0.679758, 0.202462 -0.705463 0.679214, 0.202766 0.705463 -0.679123,
 0.203069 -0.705462 0.679033, 0.203373 0.705462 -0.678942, 0.203676 -0.705462 0.678851, 0.206412 0.000000 -0.978465, 0.207791 -0.705187 0.677889,
 0.209324 0.705185 -0.677419, 0.209962 -0.705425 -0.676972, 0.212001 0.000000 -0.977269, 0.212391 0.000000 0.977185, 0.212458 0.000000 0.977170,
 0.212872 0.000000 -0.977080, 0.212891 0.000000 -0.977076, 0.213232 0.000000 0.977002, 0.213326 0.000000 0.976981, 0.213690 0.000000 -0.976902,
 0.213759 0.000000 -0.976886, 0.214164 0.000000 0.976798, 0.214411 0.704832 -0.676195, 0.214542 -0.704878 -0.676106, 0.214714 -0.704832 0.676099,
 0.214846 0.704878 0.676009, 0.215016 0.704832 -0.676003, 0.215149 -0.704878 -0.675912, 0.215318 -0.704832 0.675907, 0.215405 0.705180 -0.675516,
 0.215430 -0.704832 0.675871, 0.215453 0.704879 0.675815, 0.215620 0.704832 -0.675811, 0.215757 -0.704879 -0.675718, 0.216981 0.000000 -0.976176,
 0.217985 0.000000 0.975952, 0.218822 0.000000 -0.975765, 0.219381 0.704883 0.674546, 0.223973 0.704828 -0.673092, 0.224608 -0.705442 -0.672237,
 0.225938 0.705496 0.671735, 0.226129 0.705444 0.671725, 0.226239 -0.705496 -0.671633, 0.226540 0.705496 0.671532, 0.226828 0.705445 0.671488,
 0.226841 -0.705496 -0.671430, 0.227142 0.705497 0.671328, 0.231279 0.704826 -0.670620, 0.231311 0.705497 0.669902, 0.232549 0.704825 -0.670181,
 0.233268 -0.705456 0.669267, 0.236602 0.000000 0.971607, 0.237912 -0.705455 0.667631, 0.238717 0.705455 -0.667343, 0.243334 0.000000 0.969943,
 0.244113 -0.705157 0.665704, 0.244502 0.000000 -0.969649, 0.244889 0.704913 0.665678, 0.245543 -0.705509 -0.664805, 0.245556 0.705509 0.664800,
 0.248743 -0.705455 0.663672, 0.249038 0.705455 -0.663561, 0.249332 -0.705455 0.663451, 0.249627 0.705455 -0.663340, 0.249922 -0.705455 0.663229,
 0.252352 -0.704923 -0.662874, 0.254484 -0.705150 0.661816, 0.255973 0.705149 -0.661243, 0.258021 0.705523 0.660047, 0.259027 0.000000 0.965870,
 0.259456 0.000000 -0.965755, 0.259463 0.000000 -0.965753, 0.259546 -0.704933 -0.660079, 0.259885 0.000000 0.965639, 0.259983 0.000000 0.965613,
 0.260023 -0.705490 -0.659296, 0.260313 0.000000 -0.965524, 0.260320 0.000000 -0.965522, 0.260480 0.704822 -0.659831, 0.260747 0.000000 0.965407,
 0.260773 -0.704822 0.659715, 0.260790 0.000000 0.965396, 0.260799 -0.704935 -0.659583, 0.260968 -0.704935 -0.659516, 0.261066 0.704822 -0.659599,
 0.261194 0.000000 -0.965286, 0.261265 0.704936 0.659398, 0.261359 -0.704822 0.659483, 0.261561 -0.704936 -0.659280, 0.261652 0.704822 -0.659367,
 0.261858 0.704937 0.659162, 0.262154 -0.704937 -0.659044, 0.264101 -0.705453 0.657713, 0.265162 0.705144 -0.657618, 0.270706 0.705536 0.654933,
 0.271018 -0.705507 -0.654836, 0.271898 0.705538 0.654437, 0.272191 -0.705538 -0.654315, 0.272484 0.705538 0.654193, 0.272497 0.705509 0.654219,
 0.272777 -0.705539 -0.654070, 0.273070 0.705539 0.653948, 0.273276 0.705454 -0.653953, 0.273289 -0.705454 0.653948, 0.274917 0.705513 0.653202,
 0.274956 -0.705541 -0.653155, 0.278549 0.000000 -0.960422, 0.278953 0.000000 0.960305, 0.279014 0.000000 0.960287, 0.279371 0.000000 -0.960183,
 0.279401 0.000000 -0.960175, 0.279717 -0.704824 0.651906, 0.279807 0.000000 0.960056, 0.279877 0.000000 0.960036, 0.280225 0.000000 -0.959934,
 0.280282 0.000000 -0.959918, 0.280694 0.000000 0.959797, 0.281320 0.000000 0.959614, 0.281362 0.000000 0.959602, 0.287758 0.000000 0.957703,
 0.292496 -0.705133 0.645936, 0.293545 -0.705463 0.645100, 0.293830 0.705463 -0.644970, 0.294114 -0.705463 0.644840, 0.294398 0.705463 -0.644711,
 0.294682 -0.705463 0.644581, 0.294739 0.000000 -0.955578, 0.294752 0.000000 0.955574, 0.299632 -0.705131 0.642659, 0.301064 0.705131 -0.641990,
 0.303212 -0.705539 -0.640529, 0.303763 -0.704832 0.641046, 0.304963 0.704832 -0.640475, 0.305042 -0.704940 -0.640319, 0.305245 -0.704833 0.640341,
 0.305316 0.704940 0.640189, 0.305527 0.704833 -0.640206, 0.305590 -0.704939 -0.640059, 0.305809 -0.704833 0.640072, 0.305863 0.704939 0.639929,
 0.306090 0.704833 -0.639937, 0.306137 -0.704938 -0.639799, 0.307438 0.704936 0.639177, 0.310771 0.705129 -0.637350, 0.311677 0.704836 -0.637231,
 0.313724 -0.705472 0.635521, 0.315116 -0.705530 -0.634767, 0.315580 0.705540 0.634525, 0.315852 -0.705540 -0.634390, 0.316124 0.705540 0.634255,
 0.316396 -0.705539 -0.634119, 0.316490 0.705529 0.634084, 0.316668 0.705539 0.633984, 0.318103 -0.705474 0.633338, 0.318437 0.704840 -0.633875,
 0.318529 0.705474 -0.633123, 0.319612 0.704841 -0.633283, 0.320622 0.705527 0.632008, 0.323368 0.000000 0.946273, 0.324760 0.705528 0.629890,
 0.324776 0.000000 0.945791, 0.325189 0.000000 -0.945649, 0.325206 0.000000 -0.945643, 0.325526 0.000000 0.945533, 0.325616 0.000000 0.945502,
 0.326029 0.000000 -0.945360, 0.326046 0.000000 -0.945354, 0.326400 0.000000 0.945232, 0.326451 0.000000 0.945214, 0.326862 0.000000 -0.945072,
 0.330321 0.704902 0.627695, 0.335160 0.000000 -0.942161, 0.336193 -0.705517 -0.623874, 0.336578 0.000000 0.941656, 0.336584 -0.705486 0.623699,
 0.336798 -0.705129 0.623987, 0.336856 0.705486 -0.623552, 0.336861 -0.705517 -0.623515, 0.336861 0.705517 0.623515, 0.337128 -0.705486 0.623405,
 0.337170 -0.704893 -0.624053, 0.337400 0.705486 -0.623258, 0.337672 -0.705487 0.623110, 0.341940 -0.705510 -0.620751, 0.341952 0.705511 0.620744,
 0.342935 -0.705130 0.620634, 0.343736 -0.704885 -0.620470, 0.343777 0.000000 -0.939051, 0.344174 0.000000 0.938906, 0.344217 0.000000 0.938890,
 0.344298 0.705131 -0.619878, 0.344614 0.000000 -0.938744, 0.344643 0.000000 -0.938734, 0.344880 -0.704883 -0.619836, 0.344969 0.000000 0.938614,
 0.345048 0.000000 0.938585, 0.345261 0.000000 -0.938507, 0.345403 0.000000 -0.938455, 0.345475 0.000000 -0.938428, 0.345825 0.000000 0.938299,
 0.346970 -0.704881 -0.618672, 0.347019 0.000000 -0.937858, 0.347238 0.704881 0.618521, 0.347507 -0.704880 -0.618371, 0.347582 0.704865 -0.618347,
 0.347747 0.705506 0.617521, 0.347775 0.704880 0.618221, 0.347851 -0.704865 0.618195, 0.348043 -0.704880 -0.618070, 0.348120 0.704865 -0.618043,
 0.348389 -0.704865 0.617892, 0.348658 0.704866 -0.617740, 0.351847 -0.705503 -0.615199, 0.353303 0.705133 -0.614788, 0.354110 -0.705497 0.613906,
 0.354618 0.000000 0.935011, 0.356964 -0.705498 -0.612249, 0.357230 0.705498 0.612095, 0.357496 -0.705497 -0.611939, 0.357762 0.705497 0.611784,
 0.358028 -0.705497 -0.611629, 0.361130 0.000000 0.932515, 0.361764 0.000000 -0.932270, 0.363693 -0.704883 0.608989, 0.366706 -0.705509 0.606452,
 0.366707 0.705509 -0.606451, 0.377607 -0.705524 0.599707, 0.377866 0.705524 -0.599544, 0.378124 -0.705524 0.599381, 0.378382 0.705524 -0.599218,
 0.378640 -0.705525 0.599055, 0.380335 -0.705146 0.598427, 0.384127 -0.705148 0.595997, 0.385417 0.705150 -0.595162, 0.385684 -0.704913 0.595269,
 0.387887 -0.704842 -0.593921, 0.387985 0.704841 0.593857, 0.388096 0.704917 -0.593695, 0.388147 0.704841 0.593751, 0.388350 -0.704917 0.593528,
 0.388408 -0.704841 -0.593581, 0.388494 -0.705536 0.592698, 0.388605 0.704918 -0.593361, 0.388668 0.704841 0.593411, 0.388682 0.000000 0.921372,
 0.388859 -0.704918 0.593194, 0.388929 -0.704841 -0.593240, 0.389086 0.000000 -0.921201, 0.389092 0.000000 -0.921199, 0.389114 0.704918 -0.593026,
 0.389498 0.000000 0.921027, 0.389587 0.000000 0.920990, 0.389901 0.000000 -0.920857, 0.389905 0.000000 -0.920855, 0.390308 0.000000 0.920684,
 0.390359 0.000000 0.920663, 0.390743 0.000000 -0.920500, 0.392044 0.704923 -0.591088, 0.392174 0.705541 -0.590264, 0.392452 -0.705541 0.590078,
 0.396242 0.705158 -0.588000, 0.397504 -0.705469 -0.586773, 0.397762 0.705469 0.586599, 0.398020 -0.705469 -0.586424, 0.398143 0.704933 -0.586985,
 0.398278 0.705469 0.586249, 0.398535 -0.705469 -0.586074, 0.399202 0.704935 -0.586263, 0.407181 0.000000 -0.913348, 0.407574 0.000000 0.913172,
 0.407603 0.000000 0.913159, 0.407967 0.000000 -0.912997, 0.407985 0.000000 -0.912988, 0.408382 0.000000 0.912811, 0.408432 0.000000 0.912789,
 0.408774 0.000000 -0.912636, 0.408817 0.000000 -0.912616, 0.409220 0.000000 0.912436, 0.409686 0.704829 0.579114, 0.410016 -0.705464 -0.578107,
 0.412377 -0.705462 -0.576427, 0.413597 0.000000 0.910460, 0.414873 0.000000 0.909879, 0.414913 0.000000 0.909861, 0.416598 0.000000 -0.909091,
 0.416598 0.000000 0.909091, 0.416755 -0.705556 0.573155, 0.416905 -0.704826 -0.573943, 0.417011 0.705556 -0.572968, 0.417268 -0.705555 0.572782,
 0.417525 0.705555 -0.572595, 0.417781 -0.705555 0.572408, 0.419954 0.705460 0.570933, 0.421372 -0.705166 0.570252, 0.423020 -0.704824 -0.569453,
 0.423384 -0.705161 0.568765, 0.424083 -0.704824 -0.568662, 0.424512 -0.705459 -0.567554, 0.424673 0.705158 -0.567807, 0.426728 0.704961 -0.566510,
 0.426982 -0.704960 0.566319, 0.427237 0.704960 -0.566127, 0.427454 -0.704823 -0.566134, 0.427492 -0.704959 0.565936, 0.427704 0.704823 0.565945,
 0.427747 0.704959 -0.565744, 0.427955 -0.704823 -0.565755, 0.428206 0.704823 0.565566, 0.428456 -0.704823 -0.565376, 0.429747 -0.705456 -0.563603,
 0.429760 0.705456 0.563593, 0.433911 0.000000 -0.900956, 0.433919 0.000000 0.900952, 0.436597 -0.705456 -0.558314, 0.436844 0.705456 0.558121,
 0.437092 -0.705456 -0.557927, 0.437260 -0.705527 0.557705, 0.437339 0.705456 0.557733, 0.437586 -0.705456 -0.557540, 0.439732 0.705123 -0.556271,
 0.440194 -0.704936 0.556142, 0.447271 0.000000 0.894399, 0.450358 0.000000 0.892848, 0.450629 0.000000 0.892711, 0.451023 0.000000 -0.892512,
 0.451028 0.000000 -0.892510, 0.451337 0.000000 0.892354, 0.451413 0.000000 0.892315, 0.451807 0.000000 -0.892116, 0.451814 0.000000 -0.892112,
 0.452140 0.000000 0.891947, 0.452201 0.000000 0.891916, 0.452569 0.000000 -0.891729, 0.452935 -0.705511 0.545072, 0.452959 0.705510 -0.545053,
 0.455466 -0.705509 0.542962, 0.455710 0.705509 -0.542758, 0.455953 -0.705509 0.542554, 0.456196 0.705508 -0.542349, 0.456440 -0.705508 0.542145,
 0.457068 0.000000 -0.889432, 0.458142 -0.705506 0.540710, 0.460460 0.705455 0.538804, 0.460928 -0.704902 0.539128, 0.461850 0.705503 -0.537550,
 0.461898 -0.705502 0.537509, 0.462301 -0.705073 0.537726, 0.463392 0.704825 0.537112, 0.463525 0.705071 -0.536675, 0.463831 -0.705070 0.536411,
 0.465097 0.704896 -0.535543, 0.465338 -0.704896 0.535334, 0.465338 -0.704826 -0.535426, 0.465577 0.704826 0.535218, 0.465579 0.704895 -0.535125,
 0.465816 -0.704826 -0.535010, 0.465819 -0.704895 0.534916, 0.466055 0.704826 0.534802, 0.466060 0.704895 -0.534707, 0.466293 -0.704826 -0.534594,
 0.466490 0.000000 -0.884526, 0.467047 0.704893 -0.533847, 0.467162 0.000000 0.884172, 0.468129 0.000000 -0.883660, 0.468342 0.000000 -0.883547,
 0.468732 0.000000 0.883340, 0.468732 0.000000 0.883340, 0.469121 0.000000 -0.883134, 0.469138 0.000000 -0.883125, 0.469465 0.000000 0.882951,
 0.469504 0.000000 0.882930, 0.469861 0.000000 -0.882740, 0.469910 0.000000 -0.882714, 0.470249 0.000000 0.882534, 0.472262 0.704829 0.529325,
 0.472779 0.000000 -0.881181, 0.472876 0.704885 -0.528702, 0.473204 0.000000 0.880953, 0.473888 0.704883 -0.527797, 0.473918 -0.705458 -0.527002,
 0.474153 0.705458 0.526790, 0.474388 -0.705458 -0.526579, 0.474623 0.705458 0.526367, 0.474857 -0.705458 -0.526155, 0.478034 -0.705459 -0.523269,
 0.480079 0.705037 -0.521965, 0.489786 -0.704840 -0.513138, 0.490075 -0.705462 -0.512005, 0.491090 -0.705465 -0.511029, 0.491729 -0.704841 -0.511274,
 0.491984 -0.705476 0.510152, 0.492212 0.705476 -0.509932, 0.492440 -0.705476 0.509712, 0.492669 0.705476 -0.509491, 0.492897 -0.705476 0.509271,
 0.494621 -0.704844 -0.508474, 0.498932 -0.705001 0.504025, 0.499266 -0.705000 0.503695, 0.500000 0.000000 -0.866025, 0.500000 0.000000 0.866025,
 0.500076 0.704999 -0.502892, 0.501170 0.704851 -0.502010, 0.501223 -0.704850 -0.501958, 0.501395 -0.704851 0.501785, 0.501448 0.704850 0.501733,
 0.501621 0.704850 -0.501560, 0.501673 -0.704850 -0.501508, 0.501846 -0.704850 0.501335, 0.501897 0.704851 0.501283, 0.502071 0.704850 -0.501110,
 0.502122 -0.704851 -0.501058, 0.509146 -0.705473 -0.493030, 0.509161 -0.705476 -0.493011, 0.509195 0.705473 0.492979, 0.509381 0.705476 0.492783,
 0.509602 -0.705476 -0.492555, 0.509822 0.705476 0.492326, 0.509954 0.000000 0.860202, 0.510042 -0.705476 -0.492098, 0.510319 0.000000 -0.859985,
 0.510322 0.000000 -0.859984, 0.510707 0.000000 0.859755, 0.510774 0.000000 0.859715, 0.511069 0.000000 -0.859539, 0.511075 0.000000 -0.859536,
 0.511181 -0.704841 0.491825, 0.511451 0.000000 0.859312, 0.511490 0.000000 0.859289, 0.511845 0.000000 -0.859078, 0.513073 -0.705462 0.488958,
 0.513611 0.704975 -0.489095, 0.521558 -0.705460 0.479899, 0.523933 0.705488 0.477264, 0.524963 -0.705459 0.476175, 0.525422 0.705459 -0.475668,
 0.526049 -0.705458 0.474975, 0.526261 0.705458 -0.474740, 0.526473 -0.705458 0.474505, 0.526684 0.705458 -0.474270, 0.526896 -0.705458 0.474036,
 0.527027 0.000000 -0.849849, 0.527407 0.000000 0.849612, 0.527408 0.000000 0.849612, 0.527770 0.000000 -0.849387, 0.527770 0.000000 -0.849387,
 0.528154 0.000000 0.849149, 0.528181 0.000000 0.849132, 0.528516 0.000000 -0.848923, 0.528539 0.000000 -0.848909, 0.528921 0.000000 0.848671,
 0.529325 -0.704829 0.472262, 0.529886 0.705456 -0.470693, 0.529893 -0.705456 0.470685, 0.530284 0.000000 0.847820, 0.531957 0.704890 0.469203,
 0.533005 -0.704945 0.467930, 0.533269 -0.704945 0.467629, 0.534061 0.704944 -0.466725, 0.534698 0.704826 -0.466174, 0.534812 -0.704895 -0.465940,
 0.534906 -0.704826 0.465935, 0.535021 0.704895 0.465699, 0.535114 0.704826 -0.465697, 0.535230 -0.704895 -0.465458, 0.535263 0.704826 -0.465525,
 0.535322 -0.704826 0.465458, 0.535439 0.704896 0.465217, 0.535530 0.704826 -0.465219, 0.535648 -0.704896 -0.464976, 0.539096 -0.705504 -0.460042,
 0.539794 0.704903 0.460145, 0.540004 0.000000 0.841663, 0.540015 0.000000 0.841655, 0.540255 0.704824 -0.459726, 0.541119 0.704824 -0.458708,
 0.542043 -0.705508 -0.456561, 0.542247 0.705508 0.456318, 0.542452 -0.705508 -0.456075, 0.542656 0.705509 0.455831, 0.542860 -0.705509 -0.455588,
 0.547140 0.704927 -0.451348, 0.550570 -0.705519 -0.446224, 0.554381 -0.704932 -0.442416, 0.555271 -0.705455 0.440462, 0.556052 -0.704936 -0.440308,
 0.556397 0.000000 -0.830916, 0.556397 0.000000 0.830916, 0.557442 -0.705456 0.437710, 0.557636 0.705456 -0.437463, 0.557830 -0.705456 0.437215,
 0.558024 0.705456 -0.436968, 0.558218 -0.705456 0.436721, 0.558551 -0.704942 -0.437124, 0.558667 -0.705529 -0.436028, 0.561247 0.000000 0.827648,
 0.563343 0.000000 0.826223, 0.563352 0.000000 -0.826217, 0.564290 -0.704909 0.429744, 0.565253 0.704908 -0.428478, 0.565471 0.704823 -0.428331,
 0.565661 -0.704823 0.428080, 0.565840 -0.704959 -0.427619, 0.565850 0.704823 -0.427830, 0.566031 0.704959 0.427365, 0.566040 -0.704823 0.427579,
 0.566109 -0.704907 0.427348, 0.566223 -0.704960 -0.427110, 0.566229 0.704823 -0.427328, 0.566415 0.704960 0.426855, 0.566606 -0.704961 -0.426600,
 0.567166 0.000000 0.823604, 0.567540 0.000000 -0.823345, 0.567550 0.000000 -0.823339, 0.567841 0.000000 0.823139, 0.567889 0.000000 0.823105,
 0.568265 0.000000 -0.822846, 0.568277 0.000000 -0.822837, 0.568577 0.000000 0.822630, 0.568626 0.000000 0.822596, 0.568972 0.000000 -0.822357,
 0.570453 0.000000 -0.821330, 0.571142 0.000000 0.820851, 0.572296 -0.704825 0.419165, 0.572315 -0.705554 -0.417910, 0.572502 0.705555 0.417653,
 0.572689 -0.705555 -0.417396, 0.572875 0.705555 0.417140, 0.573062 -0.705556 -0.416883, 0.576680 0.000000 -0.816970, 0.576751 0.000000 0.816920,
 0.577315 -0.705463 0.411132, 0.577972 -0.705562 -0.410037, 0.578037 0.705565 0.409940, 0.578610 0.704898 -0.410279, 0.578997 0.000000 -0.815330,
 0.578997 0.000000 0.815330, 0.579114 -0.704829 0.409686, 0.579252 0.000000 -0.815148, 0.579270 0.705563 0.408201, 0.579550 -0.705464 0.407973,
 0.579789 0.705465 -0.407633, 0.580783 0.000000 -0.814059, 0.583541 0.000000 -0.812084, 0.583559 0.000000 -0.812071, 0.583903 0.000000 0.811823,
 0.583928 0.000000 0.811805, 0.584270 0.000000 -0.811559, 0.584279 0.000000 -0.811553, 0.584604 0.000000 0.811319, 0.584619 0.000000 0.811308,
 0.584967 0.000000 -0.811057, 0.584985 0.000000 -0.811044, 0.585987 -0.705469 0.398664, 0.586162 0.705469 -0.398407, 0.586337 -0.705469 0.398149,
 0.586512 0.705469 -0.397891, 0.586686 -0.705469 0.397633, 0.589581 0.704927 0.394300, 0.591378 -0.705539 -0.390496, 0.592340 0.704840 -0.390301,
 0.592608 -0.704893 0.389798, 0.592851 -0.704892 0.389429, 0.593110 -0.704918 -0.388987, 0.593277 0.704918 0.388732, 0.593325 0.704841 -0.388799,
 0.593445 -0.704917 -0.388478, 0.593472 0.704892 -0.388481, 0.593496 -0.704841 0.388538, 0.593612 0.704917 0.388223, 0.593666 0.704841 -0.388278,
 0.593779 -0.704917 -0.387968, 0.593785 0.704841 -0.388095, 0.593836 -0.704841 0.388017, 0.593933 0.705473 -0.386719, 0.593960 -0.705473 0.386678,
 0.594006 0.704842 -0.387756, 0.595830 0.704912 0.384820, 0.595929 0.704844 -0.384790, 0.598973 -0.705525 -0.378769, 0.599136 0.705525 0.378511,
 0.599300 -0.705524 -0.378253, 0.599463 0.705524 0.377995, 0.599626 -0.705524 -0.377737, 0.600765 -0.705522 -0.375925, 0.605058 -0.705488 0.369041,
 0.605180 0.704892 -0.369980, 0.607571 -0.704886 -0.366052, 0.608917 -0.704883 -0.363814, 0.610929 -0.704879 -0.360433, 0.611551 -0.705497 0.358161,
 0.611706 0.705497 -0.357895, 0.611862 -0.705497 0.357629, 0.612017 0.705498 -0.357363, 0.612172 -0.705498 0.357097, 0.614657 -0.705496 -0.352806,
 0.617816 -0.704866 -0.348523, 0.617828 -0.704897 0.348438, 0.617968 0.704865 0.348254, 0.618119 -0.704865 -0.347985, 0.618145 0.704880 -0.347909,
 0.618271 0.704865 0.347716, 0.618296 -0.704880 0.347641, 0.618423 -0.704864 -0.347447, 0.618446 0.704880 -0.347373, 0.618590 0.704897 -0.347082,
 0.618596 -0.704881 0.347104, 0.618747 0.704881 -0.346836, 0.619955 -0.704898 0.344637, 0.622053 0.000000 0.782975, 0.622373 0.000000 -0.782721,
 0.622389 0.000000 -0.782708, 0.622741 -0.704890 0.339594, 0.622747 0.000000 0.782423, 0.622783 0.000000 0.782394, 0.623037 -0.705487 -0.337807,
 0.623065 0.000000 -0.782170, 0.623084 0.000000 -0.782155, 0.623184 0.705487 0.337536, 0.623331 -0.705486 -0.337264, 0.623431 0.000000 0.781878,
 0.623453 0.000000 0.781861, 0.623479 0.705486 0.336992, 0.623626 -0.705486 -0.336720, 0.623780 0.000000 -0.781600, 0.623943 0.705486 0.336132,
 0.624695 0.705519 -0.334662, 0.624954 -0.705520 0.334177, 0.628152 -0.704903 0.329448, 0.629195 -0.705527 0.326105, 0.629570 -0.704907 0.326722,
 0.629570 0.704907 -0.326722, 0.631858 0.705474 0.321033, 0.631877 -0.705473 -0.320997, 0.634052 -0.705539 0.316532, 0.634187 0.705540 -0.316260,
 0.634322 -0.705540 0.315988, 0.634422 -0.705473 -0.315938, 0.634458 0.705540 -0.315716, 0.634593 -0.705541 0.315443, 0.636001 0.704838 0.314176,
 0.637730 0.000000 -0.770260, 0.637754 0.000000 -0.770240, 0.637850 0.000000 0.770161, 0.638062 0.000000 0.769985, 0.638090 0.000000 0.769962,
 0.638411 0.000000 -0.769695, 0.638424 0.000000 -0.769685, 0.638773 0.000000 0.769395, 0.638784 0.000000 0.769386, 0.639108 0.000000 -0.769117,
 0.639114 0.000000 -0.769112, 0.639117 0.704936 -0.307563, 0.639733 -0.704938 0.306274, 0.639864 0.704939 -0.306000, 0.639994 -0.704939 0.305726,
 0.640004 -0.704833 -0.305950, 0.640124 0.704939 -0.305453, 0.640139 0.704833 0.305668, 0.640254 -0.704940 0.305179, 0.640274 -0.704833 -0.305386,
 0.640408 0.704833 0.305104, 0.640543 -0.704832 -0.304822, 0.640770 0.704942 -0.304090, 0.641083 0.704832 0.303686, 0.642180 -0.705465 -0.299872,
 0.644044 -0.705565 0.295611, 0.644091 0.705562 -0.295515, 0.644516 -0.705463 -0.294824, 0.644646 0.705463 0.294540, 0.644775 -0.705463 -0.294256,
 0.644905 0.705463 0.293972, 0.644966 -0.705563 0.293598, 0.645035 -0.705463 -0.293687, 0.650801 -0.704824 -0.282278, 0.651850 -0.704824 -0.279849,
 0.653412 -0.704823 -0.276183, 0.654009 -0.705539 0.272923, 0.654118 0.000000 0.756392, 0.654132 0.705538 -0.272630, 0.654152 0.000000 0.756363,
 0.654245 0.000000 -0.756283, 0.654254 -0.705538 0.272337, 0.654376 0.705538 -0.272044, 0.654498 -0.705537 0.271751, 0.657370 0.000000 -0.753568,
 0.657381 0.000000 -0.753559, 0.658305 -0.705455 -0.262616, 0.658954 -0.704938 0.262379, 0.658985 -0.704937 0.262302, 0.659103 0.704937 -0.262006,
 0.659221 -0.704937 0.261709, 0.659339 0.704936 -0.261413, 0.659425 -0.704822 -0.261506, 0.659457 -0.704936 0.261117, 0.659541 0.704822 0.261213,
 0.659657 -0.704822 -0.260920, 0.659773 0.704822 0.260627, 0.659889 -0.704822 -0.260333, 0.660268 0.705455 0.257642, 0.660730 0.705522 -0.256272,
 0.660795 -0.705455 -0.256287, 0.660942 -0.705521 0.255725, 0.661852 -0.704927 0.255009, 0.663173 -0.705455 -0.250069, 0.663284 0.705455 0.249774,
 0.663395 -0.705455 -0.249480, 0.663506 0.705455 0.249185, 0.663617 -0.705455 -0.248890, 0.666050 -0.704912 0.243878, 0.666127 0.000000 0.745838,
 0.667304 0.000000 0.744786, 0.669387 -0.705499 0.232794, 0.671379 -0.705496 0.226991, 0.671481 0.705496 -0.226690, 0.671583 -0.705496 0.226389,
 0.671684 0.705496 -0.226088, 0.671786 -0.705496 0.225787, 0.672189 0.704827 0.226672, 0.672538 0.705454 0.223667, 0.672564 0.000000 0.740039,
 0.672576 -0.705457 -0.223545, 0.673274 0.000000 -0.739393, 0.674195 -0.705458 -0.218608, 0.674239 0.000000 0.738513, 0.674501 0.704883 -0.219521,
 0.674568 0.000000 -0.738213, 0.674602 0.000000 -0.738182, 0.674873 0.000000 0.737934, 0.674894 0.000000 0.737915, 0.675221 0.000000 -0.737615,
 0.675259 0.000000 -0.737581, 0.675463 0.000000 -0.737394, 0.675535 0.000000 0.737328, 0.675545 0.000000 0.737318, 0.675669 -0.704879 0.215908,
 0.675756 0.704879 -0.215638, 0.675767 0.704879 -0.215605, 0.675859 -0.704832 -0.215469, 0.675864 -0.704878 0.215301, 0.675881 0.000000 -0.737011,
 0.675897 0.704832 0.215351, 0.675955 0.704832 0.215167, 0.675961 0.704878 -0.214998, 0.676051 -0.704832 -0.214865, 0.676058 -0.704878 0.214694,
 0.676147 0.704832 0.214562, 0.676243 -0.704832 -0.214260, 0.676467 -0.705486 0.211383, 0.678806 -0.705462 -0.203828, 0.678897 0.705462 0.203524,
 0.678988 -0.705462 -0.203221, 0.679078 0.705463 0.202918, 0.679169 -0.705463 -0.202614, 0.680152 0.000000 -0.733071, 0.680166 0.000000 0.733058,
 0.681526 -0.705474 0.194499, 0.681549 0.705473 -0.194419, 0.682704 -0.704844 -0.192639, 0.683344 0.000000 -0.730096, 0.683422 -0.704846 -0.190069,
 0.684485 -0.704849 -0.186194, 0.684712 0.000000 -0.728814, 0.685502 -0.705469 0.180004, 0.685582 0.705468 -0.179697, 0.685663 -0.705468 0.179391,
 0.685743 0.705468 -0.179084, 0.685823 -0.705468 0.178777, 0.687090 0.705475 0.173816, 0.687343 -0.705475 -0.172814, 0.687585 -0.705465 0.171889,
 0.687683 0.705465 -0.171496, 0.688390 -0.704842 0.171220, 0.689022 0.000000 -0.724741, 0.689023 0.000000 -0.724740, 0.689028 -0.705478 -0.165956,
 0.689050 -0.704840 0.168555, 0.689125 0.704840 -0.168246, 0.689125 -0.704863 -0.168151, 0.689201 -0.704840 0.167938, 0.689201 0.704863 0.167841,
 0.689276 -0.704863 -0.167532, 0.689276 0.704840 -0.167629, 0.689350 0.704864 0.167222, 0.689351 -0.704840 0.167320, 0.689361 0.000000 0.724418,
 0.689367 0.000000 0.724412, 0.689425 -0.704864 -0.166913, 0.689654 0.000000 -0.724139, 0.689670 0.000000 -0.724124, 0.689985 0.000000 0.723824,
 0.690005 0.000000 0.723805, 0.690257 -0.704838 0.163550, 0.690290 0.000000 -0.723532, 0.690297 0.000000 -0.723526, 0.691249 -0.705485 -0.156414,
 0.691319 0.705485 0.156104, 0.691389 -0.705485 -0.155795, 0.691459 0.705485 0.155485, 0.691528 -0.705486 -0.155175, 0.692900 -0.704832 0.151992,
 0.695908 -0.705453 0.134342, 0.696024 -0.705501 -0.133491, 0.696295 -0.705456 0.132309, 0.696354 0.705456 -0.131999, 0.696412 -0.705456 0.131689,
 0.696471 0.705456 -0.131379, 0.696529 -0.705456 0.131069, 0.696685 0.704898 0.133225, 0.697432 -0.705455 0.126182, 0.698092 0.704824 -0.126062,
 0.698508 -0.705510 -0.119760, 0.698508 0.705509 0.119763, 0.698794 0.704823 -0.122114, 0.698841 0.704912 0.121325, 0.699057 -0.704823 0.120598,
 0.699088 -0.704914 -0.119886, 0.699111 0.704823 -0.120287, 0.699141 0.704915 0.119571, 0.699164 -0.704823 0.119975, 0.699194 -0.704915 -0.119257,
 0.699218 0.704823 -0.119664, 0.699248 0.704915 0.118942, 0.699271 -0.704823 0.119353, 0.699301 -0.704916 -0.118627, 0.700385 -0.705522 -0.108166,
 0.700433 0.705522 0.107852, 0.700481 -0.705523 -0.107538, 0.700529 0.705523 0.107224, 0.700576 -0.705523 -0.106910, 0.702340 -0.704942 -0.098868,
 0.702704 -0.704946 -0.096216, 0.702967 0.705457 -0.090381, 0.702978 -0.705454 0.090314, 0.703234 -0.704952 -0.092220, 0.703369 0.705543 0.086496,
 0.703395 -0.705543 -0.086279, 0.703513 -0.705458 0.086013, 0.703597 0.705458 -0.085323, 0.703725 -0.705458 0.084262, 0.703762 0.705459 -0.083950,
 0.703799 -0.705459 0.083639, 0.703836 0.705459 -0.083328, 0.703872 -0.705459 0.083017, 0.705126 -0.704825 0.077584, 0.705641 -0.704964 -0.071394,
 0.705672 0.704963 0.071094, 0.705676 -0.704826 0.072398, 0.705696 -0.705561 -0.064629, 0.705702 -0.704963 -0.070795, 0.705707 0.704827 -0.072087,
 0.705733 0.704962 0.070495, 0.705739 -0.704827 0.071775, 0.705763 -0.704962 -0.070195, 0.705771 0.704827 -0.071463, 0.705802 -0.704827 0.071151,
 0.705937 -0.704827 0.069798, 0.706129 -0.705558 -0.059747, 0.706155 0.705558 0.059445, 0.706181 -0.705557 -0.059144, 0.706206 0.705557 0.058842,
 0.706232 -0.705557 -0.058541, 0.706382 0.704952 0.063772, 0.706721 0.704946 0.059965, 0.706992 -0.704832 0.058088, 0.707147 -0.705543 -0.046388,
 0.707629 -0.705475 0.039575, 0.707807 -0.705477 0.036213, 0.707823 0.705477 -0.035903, 0.707839 -0.705477 0.035593, 0.707854 0.705477 -0.035283,
 0.707869 -0.705477 0.034973, 0.707896 -0.705474 0.034494, 0.708389 -0.704912 -0.035829, 0.708556 -0.705509 -0.014354, 0.708556 0.705510 0.014254,
 0.708585 -0.705511 -0.012722, 0.708591 0.705510 0.012415, 0.708596 -0.705510 -0.012108, 0.708602 0.705510 0.011802, 0.708607 -0.705510 -0.011495,
 0.708627 0.704846 -0.032260, 0.708709 -0.705501 -0.000745, 0.708709 0.705501 0.000632, 0.708792 0.704849 -0.028340, 0.708883 -0.704898 -0.024551,
 0.708894 -0.704898 -0.024257, 0.708894 0.704898 0.024245, 0.708905 -0.704898 -0.023939, 0.708916 0.704897 0.023633, 0.708926 -0.704897 -0.023327,
 0.708938 -0.704851 0.024310, 0.708949 0.704852 -0.024000, 0.708959 -0.704852 0.023690, 0.708969 0.704852 -0.023380, 0.708979 -0.704852 0.023070,
 0.709124 -0.704889 -0.016546, 0.719911 0.000000 0.694066, 0.723331 0.000000 0.690502, 0.723636 0.000000 -0.690182, 0.723661 0.000000 -0.690156,
 0.723942 0.000000 0.689860, 0.723988 0.000000 0.689813, 0.724254 0.000000 -0.689533, 0.724275 0.000000 -0.689512, 0.724582 0.000000 0.689188,
 0.724590 0.000000 0.689180, 0.724879 0.000000 -0.688877, 0.734712 0.000000 0.678379, 0.737175 0.000000 -0.675702, 0.737175 0.000000 -0.675701,
 0.737429 0.000000 0.675425, 0.737448 0.000000 0.675404, 0.737776 0.000000 -0.675046, 0.737788 0.000000 -0.675032, 0.738028 0.000000 0.674770,
 0.738076 0.000000 0.674717, 0.738388 0.000000 -0.674376, 0.738388 0.000000 -0.674376, 0.742410 0.000000 -0.669946, 0.745838 0.000000 0.666127,
 0.754977 0.000000 0.655751, 0.754989 0.000000 0.655737, 0.757775 0.000000 -0.652516, 0.757804 0.000000 -0.652482, 0.758603 0.000000 0.651553,
 0.758988 0.000000 -0.651104, 0.767639 0.000000 -0.640882, 0.769008 0.000000 0.639239, 0.769253 0.000000 -0.638945, 0.769293 0.000000 -0.638896,
 0.769542 0.000000 0.638596, 0.769576 0.000000 0.638556, 0.769818 0.000000 -0.638263, 0.769844 0.000000 -0.638232, 0.770042 0.000000 -0.637994,
 0.770093 0.000000 0.637932, 0.770100 0.000000 0.637923, 0.770402 0.000000 -0.637558, 0.773611 0.000000 -0.633661, 0.781710 0.000000 -0.623642,
 0.781736 0.000000 -0.623610, 0.781807 0.000000 -0.623521, 0.781859 0.000000 0.623455, 0.782021 0.000000 0.623252, 0.782040 0.000000 0.623228,
 0.782257 0.000000 -0.622956, 0.782264 0.000000 -0.622947, 0.782551 0.000000 0.622586, 0.782592 0.000000 0.622535, 0.782806 0.000000 -0.622266,
 0.782816 0.000000 -0.622253, 0.800149 0.000000 0.599801, 0.810874 0.000000 0.585221, 0.811152 0.000000 -0.584835, 0.811178 0.000000 -0.584799,
 0.811390 0.000000 0.584505, 0.811439 0.000000 0.584436, 0.811676 0.000000 -0.584108, 0.811695 0.000000 -0.584082, 0.811953 0.000000 0.583722,
 0.811965 0.000000 0.583706, 0.812202 0.000000 -0.583376, 0.818870 0.000000 -0.573978, 0.819062 0.000000 0.573704, 0.822475 0.000000 -0.568801,
 0.822506 0.000000 -0.568756, 0.822717 0.000000 0.568451, 0.822723 0.000000 0.568442, 0.823011 0.000000 -0.568026, 0.823013 0.000000 -0.568022,
 0.823219 0.000000 0.567724, 0.823257 0.000000 0.567669, 0.823511 0.000000 -0.567301, 0.823517 0.000000 -0.567291, 0.828444 0.000000 0.560072,
 0.830916 0.000000 -0.556397, 0.830916 0.000000 0.556397, 0.832907 0.000000 -0.553412, 0.833345 0.000000 0.552753, 0.840491 0.000000 0.541826,
 0.840509 0.000000 0.541797, 0.841663 0.000000 -0.540003, 0.842827 0.000000 -0.538185, 0.842843 0.000000 -0.538160, 0.845746 0.000000 -0.533586,
 0.847714 0.000000 -0.530453, 0.848800 0.000000 0.528714, 0.848831 0.000000 0.528664, 0.849019 0.000000 -0.528363, 0.849048 0.000000 -0.528316,
 0.849261 0.000000 0.527973, 0.849295 0.000000 0.527919, 0.849482 0.000000 -0.527618, 0.849496 0.000000 -0.527594, 0.849710 0.000000 0.527250,
 0.849713 0.000000 0.527245, 0.850653 0.000000 -0.525727, 0.859160 0.000000 -0.511708, 0.859197 0.000000 -0.511644, 0.859419 0.000000 0.511273,
 0.859429 0.000000 0.511255, 0.859604 0.000000 -0.510962, 0.859622 0.000000 -0.510930, 0.859848 0.000000 0.510551, 0.859875 0.000000 0.510504,
 0.860050 0.000000 -0.510211, 0.860070 0.000000 -0.510177, 0.866025 0.000000 -0.500000, 0.866025 0.000000 0.500000, 0.866027 0.000000 -0.499997,
 0.866031 0.000000 0.499991, 0.867560 0.000000 0.497333, 0.871324 0.000000 0.490709, 0.878738 0.000000 -0.477305, 0.882551 0.000000 -0.470218,
 0.882563 0.000000 0.470194, 0.882596 0.000000 0.470133, 0.882616 0.000000 0.470094, 0.882819 0.000000 -0.469714, 0.882843 0.000000 -0.469669,
 0.883008 0.000000 0.469358, 0.883045 0.000000 0.469289, 0.883237 0.000000 -0.468926, 0.883254 0.000000 -0.468894, 0.883460 0.000000 0.468507,
 0.883465 0.000000 0.468496, 0.887634 0.000000 0.460550, 0.891818 0.000000 -0.452395, 0.891852 0.000000 -0.452326, 0.892021 0.000000 0.451994,
 0.892028 0.000000 0.451981, 0.892241 0.000000 -0.451559, 0.892254 0.000000 -0.451533, 0.892425 0.000000 0.451195, 0.892444 0.000000 0.451159,
 0.892637 0.000000 -0.450777, 0.892654 0.000000 -0.450743, 0.894016 0.000000 -0.448035, 0.894379 0.000000 0.447310, 0.895062 0.000000 0.445941,
 0.905092 0.000000 0.425215, 0.908818 0.000000 -0.417194, 0.908961 0.000000 0.416881, 0.908978 0.000000 0.416844, 0.910376 0.000000 -0.413781,
 0.910771 0.000000 -0.412912, 0.910773 0.000000 -0.412908, 0.911944 0.000000 -0.410315, 0.912539 0.000000 0.408990, 0.912556 0.000000 0.408952,
 0.912699 0.000000 -0.408632, 0.912705 0.000000 -0.408618, 0.912719 0.000000 -0.408587, 0.912891 0.000000 0.408204, 0.912916 0.000000 0.408147,
 0.913066 0.000000 -0.407811, 0.913069 0.000000 -0.407805, 0.913240 0.000000 0.407423, 0.913247 0.000000 0.407407, 0.920560 0.000000 -0.390600,
 0.920597 0.000000 -0.390514, 0.920757 0.000000 0.390135, 0.920762 0.000000 0.390124, 0.920903 0.000000 -0.389791, 0.920928 0.000000 -0.389734,
 0.921094 0.000000 0.389340, 0.921101 0.000000 0.389324, 0.921248 0.000000 -0.388976, 0.921273 0.000000 -0.388917, 0.921642 0.000000 0.388041,
 0.930761 0.000000 0.365627, 0.930857 0.000000 0.365382, 0.930889 0.000000 -0.365301, 0.933756 0.000000 -0.357910, 0.937035 0.000000 0.349236,
 0.938356 0.000000 0.345672, 0.938360 0.000000 0.345659, 0.938519 0.000000 -0.345228, 0.938530 0.000000 -0.345198, 0.938662 0.000000 0.344838,
 0.938680 0.000000 0.344790, 0.938830 0.000000 -0.344382, 0.938835 0.000000 -0.344367, 0.938987 0.000000 0.343953, 0.938995 0.000000 0.343930,
 0.940244 0.000000 -0.340501, 0.940826 0.000000 0.338891, 0.942353 0.000000 0.334619, 0.942544 0.000000 -0.334083, 0.945151 0.000000 -0.326635,
 0.945168 0.000000 -0.326584, 0.945286 0.000000 0.326244, 0.945302 0.000000 0.326195, 0.945436 0.000000 -0.325808, 0.945461 0.000000 -0.325736,
 0.945592 0.000000 0.325355, 0.945592 0.000000 0.325355, 0.945724 0.000000 -0.324971, 0.945751 0.000000 -0.324893, 0.946313 0.000000 0.323252,
 0.954695 0.000000 0.297586, 0.956560 0.000000 -0.291535, 0.957645 0.000000 -0.287952, 0.958989 0.000000 0.283442, 0.958993 0.000000 0.283428,
 0.959252 0.000000 -0.282551, 0.959864 0.000000 0.280464, 0.959868 0.000000 0.280450, 0.959983 0.000000 -0.280059, 0.959983 0.000000 -0.280058,
 0.960107 0.000000 0.279633, 0.960117 0.000000 0.279599, 0.960209 0.000000 -0.279281, 0.960213 0.000000 -0.279268, 0.960225 0.000000 -0.279227,
 0.960232 0.000000 -0.279204, 0.960347 0.000000 0.278809, 0.960357 0.000000 0.278775, 0.962286 0.000000 0.272040, 0.962288 0.000000 -0.272031,
 0.962843 0.000000 -0.270062, 0.965324 0.000000 -0.261054, 0.965331 0.000000 -0.261028, 0.965446 0.000000 0.260604, 0.965463 0.000000 0.260541,
 0.965555 0.000000 -0.260198, 0.965577 0.000000 -0.260116, 0.965677 0.000000 0.259747, 0.965685 0.000000 0.259715, 0.965787 0.000000 -0.259338,
 0.965808 0.000000 -0.259257, 0.974923 0.000000 0.222540, 0.974933 0.000000 -0.222499, 0.975005 0.000000 0.222181, 0.975241 0.000000 0.221144,
 0.976310 0.000000 0.216375, 0.976523 0.000000 -0.215414, 0.976842 0.000000 0.213961, 0.976847 0.000000 0.213937, 0.976942 0.000000 -0.213507,
 0.976945 0.000000 -0.213489, 0.977037 0.000000 0.213068, 0.977040 0.000000 0.213055, 0.977130 0.000000 -0.212642, 0.977138 0.000000 -0.212608,
 0.977223 0.000000 0.212213, 0.977238 0.000000 0.212148, 0.977634 0.000000 0.210314, 0.979380 0.000000 -0.202025, 0.980979 0.000000 -0.194115,
 0.980982 0.000000 -0.194098, 0.981007 0.000000 0.193975, 0.981050 0.000000 0.193757, 0.981065 0.000000 0.193677, 0.981137 0.000000 -0.193316,
 0.981155 0.000000 -0.193220, 0.981230 0.000000 0.192843, 0.981237 0.000000 0.192805, 0.981308 0.000000 -0.192445, 0.981327 0.000000 -0.192346,
 0.986891 0.000000 -0.161386, 0.987485 0.000000 -0.157715, 0.987714 0.000000 0.156272, 0.988352 0.000000 -0.152184, 0.988497 0.000000 0.151239,
 0.988714 0.000000 -0.149812, 0.989210 0.000000 0.146507, 0.989215 0.000000 0.146469, 0.989273 0.000000 -0.146076, 0.989279 0.000000 -0.146035,
 0.989339 0.000000 0.145633, 0.989341 0.000000 0.145615, 0.989400 0.000000 -0.145216, 0.989409 0.000000 -0.145157, 0.989465 0.000000 0.144772,
 0.989473 0.000000 0.144717, 0.989540 0.000000 0.144259, 0.989543 0.000000 0.144238, 0.990150 0.000000 -0.140009, 0.990154 0.000000 -0.139981,
 0.991287 0.000000 -0.131720, 0.991956 0.000000 -0.126581, 0.991958 0.000000 -0.126570, 0.992013 0.000000 0.126132, 0.992024 0.000000 0.126049,
 0.992068 0.000000 -0.125702, 0.992080 0.000000 -0.125607, 0.992125 0.000000 0.125255, 0.992131 0.000000 0.125203, 0.992179 0.000000 -0.124821,
 0.992191 0.000000 -0.124729, 0.995557 0.000000 -0.094159, 0.995572 0.000000 0.093998, 0.995845 0.000000 0.091064, 0.996089 0.000000 0.088353,
 0.996902 0.000000 0.078653, 0.996906 0.000000 0.078605, 0.996936 0.000000 -0.078226, 0.996940 0.000000 -0.078167, 0.996973 0.000000 0.077748,
 0.996975 0.000000 0.077725, 0.997004 0.000000 -0.077349, 0.997008 0.000000 0.077294, 0.997010 0.000000 -0.077276, 0.997038 0.000000 0.076910,
 0.997045 0.000000 0.076821, 0.997201 0.000000 -0.074772, 0.997206 0.000000 0.074703, 0.998000 0.000000 -0.063212, 0.998160 0.000000 0.060643,
 0.998282 0.000000 -0.058588, 0.998283 0.000000 -0.058579, 0.998304 0.000000 0.058218, 0.998308 0.000000 0.058147, 0.998329 0.000000 -0.057792,
 0.998334 0.000000 -0.057696, 0.998356 0.000000 0.057321, 0.998359 0.000000 0.057269, 0.998379 0.000000 -0.056913, 0.998385 0.000000 -0.056818,
 0.999568 0.000000 -0.029388, 0.999596 0.000000 0.028423, 0.999605 0.000000 -0.028122, 0.999669 0.000000 -0.025712, 0.999796 0.000000 -0.020177,
 0.999861 0.000000 0.016689, 0.999941 0.000000 0.010865, 0.999942 0.000000 0.010792, 0.999946 0.000000 -0.010398, 0.999946 0.000000 -0.010348,
 0.999950 0.000000 0.009991, 0.999951 0.000000 0.009928, 0.999955 0.000000 -0.009538, 0.999955 0.000000 -0.009473, 0.999959 0.000000 0.009065,
 0.999959 0.000000 0.009035, 0.999998 0.000000 0.002161, 0.999998 0.000000 0.002118, 1.000000 0.000000 0.000000
]
}
coordIndex [
 107, 28, 105, -1, 105, 28, 25, -1, 105, 25, 103, -1,
 103, 25, 23, -1, 103, 23, 101, -1, 101, 23, 19, -1,
 101, 19, 99, -1, 99, 19, 17, -1, 99, 17, 97, -1,
 97, 17, 15, -1, 97, 15, 96, -1, 96, 15, 12, -1,
 96, 12, 98, -1, 98, 12, 16, -1, 98, 16, 100, -1,
 100, 16, 18, -1, 100, 18, 102, -1, 102, 18, 20, -1,
 102, 20, 104, -1, 104, 20, 24, -1, 104, 24, 106, -1,
 106, 24, 26, -1, 106, 26, 108, -1, 108, 26, 29, -1,
 76, 27, 35, -1, 76, 35, 78, -1, 78, 35, 43, -1,
 78, 43, 80, -1, 80, 43, 46, -1, 80, 46, 82, -1,
 82, 46, 48, -1, 82, 48, 84, -1, 84, 48, 50, -1,
 84, 50, 86, -1, 86, 50, 52, -1, 86, 52, 88, -1,
 88, 52, 54, -1, 88, 54, 90, -1, 90, 54, 56, -1,
 90, 56, 92, -1, 92, 56, 57, -1, 92, 57, 93, -1,
 93, 57, 55, -1, 93, 55, 91, -1, 91, 55, 53, -1,
 91, 53, 89, -1, 89, 53, 51, -1, 89, 51, 87, -1,
 87, 51, 49, -1, 87, 49, 85, -1, 85, 49, 47, -1,
 85, 47, 83, -1, 83, 47, 44, -1, 83, 44, 81, -1,
 81, 44, 36, -1, 81, 36, 79, -1, 79, 36, 30, -1,
 79, 30, 77, -1, 2044, 2123, 2042, -1, 2042, 2123, 2120, -1,
 2042, 2120, 2040, -1, 2040, 2120, 2118, -1, 2040, 2118, 2038, -1,
 2038, 2118, 2114, -1, 2038, 2114, 2036, -1, 2036, 2114, 2112, -1,
 2036, 2112, 2034, -1, 2034, 2112, 2110, -1, 2034, 2110, 2032, -1,
 2032, 2110, 2106, -1, 2032, 2106, 2033, -1, 2033, 2106, 2109, -1,
 2033, 2109, 2035, -1, 2035, 2109, 2111, -1, 2035, 2111, 2037, -1,
 2037, 2111, 2113, -1, 2037, 2113, 2039, -1, 2039, 2113, 2117, -1,
 2039, 2117, 2041, -1, 2041, 2117, 2119, -1, 2041, 2119, 2043, -1,
 2043, 2119, 2122, -1, 2075, 2124, 2130, -1, 2075, 2130, 2077, -1,
 2077, 2130, 2138, -1, 2077, 2138, 2079, -1, 2079, 2138, 2141, -1,
 2079, 2141, 2081, -1, 2081, 2141, 2143, -1, 2081, 2143, 2083, -1,
 2083, 2143, 2145, -1, 2083, 2145, 2085, -1, 2085, 2145, 2147, -1,
 2085, 2147, 2087, -1, 2087, 2147, 2149, -1, 2087, 2149, 2089, -1,
 2089, 2149, 2151, -1, 2089, 2151, 2091, -1, 2091, 2151, 2150, -1,
 2091, 2150, 2090, -1, 2090, 2150, 2148, -1, 2090, 2148, 2088, -1,
 2088, 2148, 2146, -1, 2088, 2146, 2086, -1, 2086, 2146, 2144, -1,
 2086, 2144, 2084, -1, 2084, 2144, 2142, -1, 2084, 2142, 2082, -1,
 2082, 2142, 2140, -1, 2082, 2140, 2080, -1, 2080, 2140, 2137, -1,
 2080, 2137, 2078, -1, 2078, 2137, 2129, -1, 2078, 2129, 2076, -1,
 2076, 2129, 2121, -1, 2076, 2121, 2074, -1, 556, 555, 574, -1,
 1078, 1079, 1062, -1, 1062, 1079, 1043, -1, 1062, 1043, 1023, -1,
 1023, 1043, 1010, -1, 1023, 1010, 1009, -1, 1009, 1010, 993, -1,
 1009, 993, 980, -1, 980, 993, 975, -1, 980, 975, 974, -1,
 974, 975, 945, -1, 974, 945, 936, -1, 936, 945, 923, -1,
 936, 923, 922, -1, 922, 923, 905, -1, 922, 905, 889, -1,
 889, 905, 872, -1, 889, 872, 871, -1, 871, 872, 858, -1,
 871, 858, 843, -1, 843, 858, 829, -1, 843, 829, 828, -1,
 828, 829, 811, -1, 828, 811, 789, -1, 789, 811, 776, -1,
 789, 776, 775, -1, 775, 776, 762, -1, 775, 762, 748, -1,
 748, 762, 749, -1, 748, 749, 745, -1, 745, 749, 711, -1,
 745, 711, 704, -1, 704, 711, 673, -1, 704, 673, 672, -1,
 672, 673, 666, -1, 672, 666, 660, -1, 660, 666, 661, -1,
 660, 661, 640, -1, 640, 661, 622, -1, 640, 622, 605, -1,
 605, 622, 575, -1, 605, 575, 574, -1, 574, 575, 566, -1,
 574, 566, 556, -1, 555, 556, 546, -1, 546, 556, 521, -1,
 546, 521, 520, -1, 520, 521, 506, -1, 520, 506, 498, -1,
 498, 506, 465, -1, 498, 465, 440, -1, 440, 465, 441, -1,
 440, 441, 436, -1, 436, 441, 418, -1, 436, 418, 417, -1,
 417, 418, 406, -1, 417, 406, 383, -1, 383, 406, 316, -1,
 383, 316, 291, -1, 291, 316, 285, -1, 291, 285, 284, -1,
 284, 285, 281, -1, 284, 281, 280, -1, 280, 281, 277, -1,
 280, 277, 271, -1, 277, 255, 271, -1, 271, 255, 247, -1,
 271, 247, 249, -1, 249, 247, 239, -1, 249, 239, 246, -1,
 172, 185, 180, -1, 180, 185, 192, -1, 180, 192, 184, -1,
 246, 239, 238, -1, 238, 239, 234, -1, 238, 234, 224, -1,
 224, 234, 210, -1, 224, 210, 205, -1, 205, 210, 206, -1,
 205, 206, 199, -1, 199, 206, 196, -1, 199, 196, 195, -1,
 195, 196, 188, -1, 195, 188, 177, -1, 177, 188, 169, -1,
 177, 169, 168, -1, 168, 169, 164, -1, 168, 164, 158, -1,
 158, 164, 154, -1, 158, 154, 151, -1, 151, 154, 152, -1,
 151, 152, 133, -1, 133, 152, 125, -1, 133, 125, 124, -1,
 124, 125, 126, -1, 124, 126, 130, -1, 130, 126, 135, -1,
 130, 135, 139, -1, 139, 135, 140, -1, 139, 140, 142, -1,
 142, 140, 148, -1, 142, 148, 147, -1, 147, 148, 157, -1,
 147, 157, 172, -1, 172, 157, 174, -1, 172, 174, 185, -1,
 184, 192, 191, -1, 191, 192, 200, -1, 191, 200, 213, -1,
 213, 200, 220, -1, 213, 220, 227, -1, 227, 220, 228, -1,
 227, 228, 231, -1, 231, 228, 243, -1, 231, 243, 242, -1,
 242, 243, 250, -1, 242, 250, 256, -1, 256, 250, 266, -1,
 256, 266, 265, -1, 265, 266, 267, -1, 265, 267, 274, -1,
 274, 267, 289, -1, 274, 289, 288, -1, 288, 289, 292, -1,
 288, 292, 307, -1, 307, 292, 359, -1, 307, 359, 358, -1,
 358, 359, 379, -1, 358, 379, 405, -1, 405, 379, 430, -1,
 405, 430, 445, -1, 445, 430, 446, -1, 445, 446, 461, -1,
 461, 446, 471, -1, 461, 471, 470, -1, 470, 471, 494, -1,
 470, 494, 507, -1, 507, 494, 540, -1, 507, 540, 559, -1,
 540, 560, 559, -1, 559, 560, 570, -1, 559, 570, 563, -1,
 563, 570, 601, -1, 563, 601, 569, -1, 569, 601, 619, -1,
 619, 601, 636, -1, 619, 636, 649, -1, 649, 636, 650, -1,
 649, 650, 663, -1, 663, 650, 677, -1, 663, 677, 676, -1,
 676, 677, 700, -1, 676, 700, 708, -1, 708, 700, 739, -1,
 708, 739, 738, -1, 738, 739, 740, -1, 738, 740, 756, -1,
 756, 740, 780, -1, 756, 780, 779, -1, 779, 780, 786, -1,
 779, 786, 806, -1, 806, 786, 824, -1, 806, 824, 823, -1,
 823, 824, 840, -1, 823, 840, 855, -1, 855, 840, 868, -1,
 855, 868, 867, -1, 867, 868, 886, -1, 867, 886, 902, -1,
 902, 886, 910, -1, 902, 910, 909, -1, 909, 910, 933, -1,
 909, 933, 942, -1, 942, 933, 971, -1, 942, 971, 970, -1,
 970, 971, 977, -1, 970, 977, 1002, -1, 1077, 1076, 1058, -1,
 1058, 1076, 1040, -1, 1058, 1040, 1020, -1, 1020, 1040, 1001, -1,
 1020, 1001, 1002, -1, 1002, 1001, 990, -1, 1002, 990, 970, -1,
 554, 553, 572, -1, 1074, 1075, 1060, -1, 1060, 1075, 1041, -1,
 1060, 1041, 1021, -1, 1021, 1041, 1008, -1, 1021, 1008, 1007, -1,
 1007, 1008, 991, -1, 1007, 991, 978, -1, 978, 991, 973, -1,
 978, 973, 972, -1, 972, 973, 943, -1, 972, 943, 934, -1,
 934, 943, 921, -1, 934, 921, 920, -1, 920, 921, 903, -1,
 920, 903, 887, -1, 887, 903, 870, -1, 887, 870, 869, -1,
 869, 870, 856, -1, 869, 856, 841, -1, 841, 856, 827, -1,
 841, 827, 826, -1, 826, 827, 807, -1, 826, 807, 787, -1,
 787, 807, 774, -1, 787, 774, 773, -1, 773, 774, 757, -1,
 773, 757, 746, -1, 746, 757, 747, -1, 746, 747, 742, -1,
 742, 747, 709, -1, 742, 709, 701, -1, 701, 709, 671, -1,
 701, 671, 670, -1, 670, 671, 664, -1, 670, 664, 658, -1,
 658, 664, 659, -1, 658, 659, 638, -1, 638, 659, 620, -1,
 638, 620, 602, -1, 602, 620, 573, -1, 602, 573, 572, -1,
 572, 573, 564, -1, 572, 564, 554, -1, 553, 554, 539, -1,
 539, 554, 519, -1, 539, 519, 518, -1, 518, 519, 504, -1,
 518, 504, 495, -1, 495, 504, 464, -1, 495, 464, 438, -1,
 438, 464, 439, -1, 438, 439, 431, -1, 431, 439, 416, -1,
 431, 416, 415, -1, 415, 416, 404, -1, 415, 404, 382, -1,
 382, 404, 312, -1, 382, 312, 290, -1, 290, 312, 283, -1,
 290, 283, 282, -1, 282, 283, 279, -1, 282, 279, 278, -1,
 278, 279, 276, -1, 278, 276, 270, -1, 276, 253, 270, -1,
 270, 253, 245, -1, 270, 245, 248, -1, 248, 245, 237, -1,
 248, 237, 244, -1, 173, 183, 181, -1, 181, 183, 190, -1,
 181, 190, 182, -1, 244, 237, 236, -1, 236, 237, 233, -1,
 236, 233, 223, -1, 223, 233, 209, -1, 223, 209, 203, -1,
 203, 209, 204, -1, 203, 204, 197, -1, 197, 204, 194, -1,
 197, 194, 193, -1, 193, 194, 187, -1, 193, 187, 176, -1,
 176, 187, 167, -1, 176, 167, 166, -1, 166, 167, 163, -1,
 166, 163, 155, -1, 155, 163, 153, -1, 155, 153, 149, -1,
 149, 153, 150, -1, 149, 150, 132, -1, 132, 150, 123, -1,
 132, 123, 122, -1, 122, 123, 127, -1, 122, 127, 131, -1,
 131, 127, 136, -1, 131, 136, 137, -1, 137, 136, 138, -1,
 137, 138, 143, -1, 143, 138, 146, -1, 143, 146, 145, -1,
 145, 146, 159, -1, 145, 159, 173, -1, 173, 159, 175, -1,
 173, 175, 183, -1, 182, 190, 189, -1, 189, 190, 201, -1,
 189, 201, 214, -1, 214, 201, 221, -1, 214, 221, 225, -1,
 225, 221, 226, -1, 225, 226, 232, -1, 232, 226, 241, -1,
 232, 241, 240, -1, 240, 241, 252, -1, 240, 252, 257, -1,
 257, 252, 264, -1, 257, 264, 263, -1, 263, 264, 268, -1,
 263, 268, 275, -1, 275, 268, 287, -1, 275, 287, 286, -1,
 286, 287, 293, -1, 286, 293, 314, -1, 314, 293, 357, -1,
 314, 357, 356, -1, 356, 357, 380, -1, 356, 380, 407, -1,
 407, 380, 435, -1, 407, 435, 443, -1, 443, 435, 444, -1,
 443, 444, 463, -1, 463, 444, 469, -1, 463, 469, 468, -1,
 468, 469, 497, -1, 468, 497, 510, -1, 510, 497, 547, -1,
 510, 547, 557, -1, 547, 558, 557, -1, 557, 558, 568, -1,
 557, 568, 565, -1, 565, 568, 603, -1, 565, 603, 567, -1,
 567, 603, 621, -1, 621, 603, 639, -1, 621, 639, 647, -1,
 647, 639, 648, -1, 647, 648, 665, -1, 665, 648, 675, -1,
 665, 675, 674, -1, 674, 675, 703, -1, 674, 703, 710, -1,
 710, 703, 737, -1, 710, 737, 736, -1, 736, 737, 744, -1,
 736, 744, 760, -1, 760, 744, 778, -1, 760, 778, 777, -1,
 777, 778, 788, -1, 777, 788, 808, -1, 808, 788, 822, -1,
 808, 822, 821, -1, 821, 822, 842, -1, 821, 842, 857, -1,
 857, 842, 866, -1, 857, 866, 865, -1, 865, 866, 888, -1,
 865, 888, 904, -1, 904, 888, 908, -1, 904, 908, 907, -1,
 907, 908, 935, -1, 907, 935, 944, -1, 944, 935, 969, -1,
 944, 969, 968, -1, 968, 969, 979, -1, 968, 979, 1000, -1,
 1073, 1072, 1061, -1, 1061, 1072, 1042, -1, 1061, 1042, 1022, -1,
 1022, 1042, 999, -1, 1022, 999, 1000, -1, 1000, 999, 992, -1,
 1000, 992, 968, -1, 2030, 2028, 2031, -1, 1951, 1939, 1944, -1,
 1564, 1547, 1566, -1, 1566, 1547, 1508, -1, 1566, 1508, 1475, -1,
 1680, 1677, 1660, -1, 1660, 1654, 1680, -1, 1680, 1654, 1597, -1,
 1680, 1597, 1566, -1, 1566, 1597, 1565, -1, 1566, 1565, 1564, -1,
 1817, 1772, 1821, -1, 1821, 1772, 1768, -1, 1821, 1768, 1680, -1,
 1680, 1768, 1704, -1, 1680, 1704, 1677, -1, 1892, 1883, 1893, -1,
 1893, 1883, 1880, -1, 1893, 1880, 1821, -1, 1821, 1880, 1857, -1,
 1821, 1857, 1817, -1, 1939, 1928, 1944, -1, 1944, 1928, 1917, -1,
 1944, 1917, 1893, -1, 1893, 1917, 1900, -1, 1893, 1900, 1892, -1,
 1990, 1987, 1973, -1, 1990, 1973, 1944, -1, 1944, 1973, 1955, -1,
 1944, 1955, 1951, -1, 2028, 2015, 2031, -1, 2031, 2015, 1997, -1,
 2031, 1997, 1990, -1, 1990, 1997, 1995, -1, 1990, 1995, 1987, -1,
 1989, 1996, 2000, -1, 1989, 2000, 2031, -1, 2031, 2000, 2029, -1,
 2031, 2029, 2030, -1, 1940, 1954, 1941, -1, 1954, 1966, 1941, -1,
 1941, 1966, 1984, -1, 1941, 1984, 1989, -1, 1989, 1984, 1985, -1,
 1989, 1985, 1996, -1, 1896, 1916, 1891, -1, 1891, 1916, 1921, -1,
 1891, 1921, 1941, -1, 1941, 1921, 1932, -1, 1941, 1932, 1940, -1,
 1758, 1806, 1813, -1, 1813, 1806, 1844, -1, 1844, 1874, 1813, -1,
 1813, 1874, 1879, -1, 1813, 1879, 1891, -1, 1891, 1879, 1890, -1,
 1891, 1890, 1896, -1, 1656, 1671, 1673, -1, 1673, 1671, 1691, -1,
 1673, 1691, 1813, -1, 1813, 1691, 1751, -1, 1813, 1751, 1758, -1,
 1554, 1559, 1562, -1, 1562, 1559, 1585, -1, 1562, 1585, 1673, -1,
 1673, 1585, 1646, -1, 1673, 1646, 1656, -1, 1457, 1491, 1474, -1,
 1474, 1491, 1507, -1, 1474, 1507, 1562, -1, 1562, 1507, 1533, -1,
 1562, 1533, 1554, -1, 1474, 1458, 1457, -1, 1457, 1458, 1452, -1,
 1457, 1452, 1442, -1, 1442, 1452, 1418, -1, 1442, 1418, 1417, -1,
 1417, 1418, 1412, -1, 1417, 1412, 1393, -1, 1393, 1412, 1366, -1,
 1393, 1366, 1365, -1, 1365, 1366, 1364, -1, 1365, 1364, 1346, -1,
 1346, 1364, 1330, -1, 1346, 1330, 1329, -1, 1329, 1330, 1309, -1,
 1329, 1309, 1295, -1, 1295, 1309, 1270, -1, 1295, 1270, 1269, -1,
 1269, 1270, 1250, -1, 1270, 1268, 1250, -1, 1250, 1268, 1242, -1,
 1250, 1242, 1241, -1, 1241, 1242, 1217, -1, 1241, 1217, 1208, -1,
 1208, 1217, 1175, -1, 1208, 1175, 1169, -1, 1175, 1170, 1169, -1,
 1169, 1170, 1150, -1, 1169, 1150, 1160, -1, 1160, 1150, 1130, -1,
 1079, 1078, 1092, -1, 1092, 1078, 1114, -1, 1092, 1114, 1130, -1,
 1130, 1114, 1149, -1, 1130, 1149, 1160, -1, 1548, 1584, 1577, -1,
 1577, 1584, 1596, -1, 1577, 1596, 1595, -1, 1076, 1077, 1088, -1,
 1088, 1077, 1111, -1, 1088, 1111, 1127, -1, 1127, 1111, 1141, -1,
 1127, 1141, 1140, -1, 1140, 1141, 1157, -1, 1140, 1157, 1172, -1,
 1172, 1157, 1179, -1, 1172, 1179, 1178, -1, 1178, 1179, 1205, -1,
 1178, 1205, 1214, -1, 1214, 1205, 1229, -1, 1214, 1229, 1228, -1,
 1228, 1229, 1247, -1, 1228, 1247, 1265, -1, 1265, 1247, 1282, -1,
 1265, 1282, 1281, -1, 1281, 1282, 1292, -1, 1281, 1292, 1306, -1,
 1306, 1292, 1324, -1, 1306, 1324, 1323, -1, 1323, 1324, 1343, -1,
 1323, 1343, 1361, -1, 1361, 1343, 1377, -1, 1361, 1377, 1376, -1,
 1376, 1377, 1390, -1, 1376, 1390, 1405, -1, 1405, 1390, 1406, -1,
 1405, 1406, 1408, -1, 1408, 1406, 1439, -1, 1408, 1439, 1446, -1,
 1446, 1439, 1483, -1, 1446, 1483, 1482, -1, 1482, 1483, 1488, -1,
 1482, 1488, 1494, -1, 1494, 1488, 1495, -1, 1494, 1495, 1510, -1,
 1510, 1495, 1530, -1, 1510, 1530, 1548, -1, 1548, 1530, 1578, -1,
 1548, 1578, 1584, -1, 1595, 1596, 1609, -1, 1609, 1596, 1634, -1,
 1609, 1634, 1633, -1, 1633, 1634, 1645, -1, 1633, 1645, 1655, -1,
 1655, 1645, 1686, -1, 1655, 1686, 1712, -1, 1712, 1686, 1713, -1,
 1712, 1713, 1718, -1, 1718, 1713, 1738, -1, 1718, 1738, 1737, -1,
 1737, 1738, 1748, -1, 1737, 1748, 1769, -1, 1769, 1748, 1840, -1,
 1769, 1840, 1860, -1, 1860, 1840, 1869, -1, 1860, 1869, 1868, -1,
 1868, 1869, 1873, -1, 1868, 1873, 1872, -1, 1872, 1873, 1875, -1,
 1872, 1875, 1881, -1, 1875, 1897, 1881, -1, 1881, 1897, 1907, -1,
 1881, 1907, 1902, -1, 1902, 1907, 1915, -1, 1902, 1915, 1906, -1,
 1979, 1970, 1972, -1, 1972, 1970, 1963, -1, 1972, 1963, 1969, -1,
 1906, 1915, 1914, -1, 1914, 1915, 1918, -1, 1914, 1918, 1927, -1,
 1927, 1918, 1942, -1, 1927, 1942, 1947, -1, 1947, 1942, 1948, -1,
 1947, 1948, 1952, -1, 1952, 1948, 1959, -1, 1952, 1959, 1958, -1,
 1958, 1959, 1964, -1, 1958, 1964, 1974, -1, 1974, 1964, 1983, -1,
 1974, 1983, 1982, -1, 1982, 1983, 1986, -1, 1982, 1986, 1993, -1,
 1993, 1986, 1998, -1, 1993, 1998, 2003, -1, 2003, 1998, 2004, -1,
 2003, 2004, 2018, -1, 2018, 2004, 2027, -1, 2018, 2027, 2026, -1,
 2026, 2027, 2023, -1, 2026, 2023, 2021, -1, 2021, 2023, 2017, -1,
 2021, 2017, 2013, -1, 2013, 2017, 2014, -1, 2013, 2014, 2010, -1,
 2010, 2014, 2008, -1, 2010, 2008, 2007, -1, 2007, 2008, 1992, -1,
 2007, 1992, 1979, -1, 1979, 1992, 1977, -1, 1979, 1977, 1970, -1,
 1969, 1963, 1962, -1, 1962, 1963, 1950, -1, 1962, 1950, 1938, -1,
 1938, 1950, 1931, -1, 1938, 1931, 1925, -1, 1925, 1931, 1926, -1,
 1925, 1926, 1922, -1, 1922, 1926, 1911, -1, 1922, 1911, 1910, -1,
 1910, 1911, 1901, -1, 1910, 1901, 1895, -1, 1895, 1901, 1889, -1,
 1895, 1889, 1888, -1, 1888, 1889, 1885, -1, 1888, 1885, 1878, -1,
 1878, 1885, 1865, -1, 1878, 1865, 1864, -1, 1864, 1865, 1859, -1,
 1864, 1859, 1843, -1, 1843, 1859, 1798, -1, 1843, 1798, 1797, -1,
 1797, 1798, 1773, -1, 1797, 1773, 1747, -1, 1747, 1773, 1719, -1,
 1747, 1719, 1708, -1, 1708, 1719, 1709, -1, 1708, 1709, 1692, -1,
 1692, 1709, 1685, -1, 1692, 1685, 1684, -1, 1684, 1685, 1657, -1,
 1684, 1657, 1644, -1, 1644, 1657, 1608, -1, 1644, 1608, 1591, -1,
 1608, 1592, 1591, -1, 1591, 1592, 1582, -1, 1591, 1582, 1586, -1,
 1586, 1582, 1581, -1, 1581, 1582, 1549, -1, 1581, 1549, 1531, -1,
 1531, 1549, 1512, -1, 1531, 1512, 1505, -1, 1505, 1512, 1506, -1,
 1505, 1506, 1489, -1, 1489, 1506, 1479, -1, 1489, 1479, 1478, -1,
 1478, 1479, 1447, -1, 1478, 1447, 1440, -1, 1440, 1447, 1416, -1,
 1440, 1416, 1415, -1, 1415, 1416, 1410, -1, 1415, 1410, 1391, -1,
 1391, 1410, 1373, -1, 1391, 1373, 1372, -1, 1372, 1373, 1362, -1,
 1372, 1362, 1344, -1, 1344, 1362, 1328, -1, 1344, 1328, 1327, -1,
 1327, 1328, 1307, -1, 1327, 1307, 1293, -1, 1293, 1307, 1286, -1,
 1293, 1286, 1285, -1, 1285, 1286, 1266, -1, 1285, 1266, 1248, -1,
 1248, 1266, 1240, -1, 1248, 1240, 1239, -1, 1239, 1240, 1215, -1,
 1239, 1215, 1206, -1, 1206, 1215, 1183, -1, 1206, 1183, 1182, -1,
 1182, 1183, 1173, -1, 1182, 1173, 1148, -1, 1075, 1074, 1089, -1,
 1089, 1074, 1112, -1, 1089, 1112, 1128, -1, 1128, 1112, 1147, -1,
 1128, 1147, 1148, -1, 1148, 1147, 1158, -1, 1148, 1158, 1182, -1,
 1550, 1587, 1575, -1, 1575, 1587, 1594, -1, 1575, 1594, 1593, -1,
 1072, 1073, 1091, -1, 1091, 1073, 1113, -1, 1091, 1113, 1129, -1,
 1129, 1113, 1139, -1, 1129, 1139, 1138, -1, 1138, 1139, 1159, -1,
 1138, 1159, 1174, -1, 1174, 1159, 1177, -1, 1174, 1177, 1176, -1,
 1176, 1177, 1207, -1, 1176, 1207, 1216, -1, 1216, 1207, 1227, -1,
 1216, 1227, 1226, -1, 1226, 1227, 1249, -1, 1226, 1249, 1267, -1,
 1267, 1249, 1280, -1, 1267, 1280, 1279, -1, 1279, 1280, 1294, -1,
 1279, 1294, 1308, -1, 1308, 1294, 1322, -1, 1308, 1322, 1321, -1,
 1321, 1322, 1345, -1, 1321, 1345, 1363, -1, 1363, 1345, 1375, -1,
 1363, 1375, 1374, -1, 1374, 1375, 1392, -1, 1374, 1392, 1403, -1,
 1403, 1392, 1404, -1, 1403, 1404, 1411, -1, 1411, 1404, 1441, -1,
 1411, 1441, 1449, -1, 1449, 1441, 1481, -1, 1449, 1481, 1480, -1,
 1480, 1481, 1490, -1, 1480, 1490, 1492, -1, 1492, 1490, 1493, -1,
 1492, 1493, 1513, -1, 1513, 1493, 1532, -1, 1513, 1532, 1550, -1,
 1550, 1532, 1576, -1, 1550, 1576, 1587, -1, 1593, 1594, 1612, -1,
 1612, 1594, 1632, -1, 1612, 1632, 1631, -1, 1631, 1632, 1647, -1,
 1631, 1647, 1658, -1, 1658, 1647, 1690, -1, 1658, 1690, 1710, -1,
 1710, 1690, 1711, -1, 1710, 1711, 1721, -1, 1721, 1711, 1736, -1,
 1721, 1736, 1735, -1, 1735, 1736, 1749, -1, 1735, 1749, 1771, -1,
 1771, 1749, 1845, -1, 1771, 1845, 1861, -1, 1861, 1845, 1867, -1,
 1861, 1867, 1866, -1, 1866, 1867, 1871, -1, 1866, 1871, 1870, -1,
 1870, 1871, 1877, -1, 1870, 1877, 1882, -1, 1877, 1898, 1882, -1,
 1882, 1898, 1905, -1, 1882, 1905, 1903, -1, 1903, 1905, 1913, -1,
 1903, 1913, 1904, -1, 1978, 1968, 1971, -1, 1971, 1968, 1961, -1,
 1971, 1961, 1967, -1, 1904, 1913, 1912, -1, 1912, 1913, 1919, -1,
 1912, 1919, 1929, -1, 1929, 1919, 1943, -1, 1929, 1943, 1945, -1,
 1945, 1943, 1946, -1, 1945, 1946, 1953, -1, 1953, 1946, 1957, -1,
 1953, 1957, 1956, -1, 1956, 1957, 1965, -1, 1956, 1965, 1975, -1,
 1975, 1965, 1981, -1, 1975, 1981, 1980, -1, 1980, 1981, 1988, -1,
 1980, 1988, 1994, -1, 1994, 1988, 1999, -1, 1994, 1999, 2001, -1,
 2001, 1999, 2002, -1, 2001, 2002, 2019, -1, 2019, 2002, 2025, -1,
 2019, 2025, 2024, -1, 2024, 2025, 2022, -1, 2024, 2022, 2020, -1,
 2020, 2022, 2016, -1, 2020, 2016, 2011, -1, 2011, 2016, 2012, -1,
 2011, 2012, 2009, -1, 2009, 2012, 2006, -1, 2009, 2006, 2005, -1,
 2005, 2006, 1991, -1, 2005, 1991, 1978, -1, 1978, 1991, 1976, -1,
 1978, 1976, 1968, -1, 1967, 1961, 1960, -1, 1960, 1961, 1949, -1,
 1960, 1949, 1937, -1, 1937, 1949, 1930, -1, 1937, 1930, 1923, -1,
 1923, 1930, 1924, -1, 1923, 1924, 1920, -1, 1920, 1924, 1909, -1,
 1920, 1909, 1908, -1, 1908, 1909, 1899, -1, 1908, 1899, 1894, -1,
 1894, 1899, 1887, -1, 1894, 1887, 1886, -1, 1886, 1887, 1884, -1,
 1886, 1884, 1876, -1, 1876, 1884, 1863, -1, 1876, 1863, 1862, -1,
 1862, 1863, 1858, -1, 1862, 1858, 1839, -1, 1839, 1858, 1796, -1,
 1839, 1796, 1795, -1, 1795, 1796, 1770, -1, 1795, 1770, 1744, -1,
 1744, 1770, 1714, -1, 1744, 1714, 1706, -1, 1706, 1714, 1707, -1,
 1706, 1707, 1689, -1, 1689, 1707, 1683, -1, 1689, 1683, 1682, -1,
 1682, 1683, 1653, -1, 1682, 1653, 1643, -1, 1643, 1653, 1602, -1,
 1643, 1602, 1589, -1, 1602, 1590, 1589, -1, 1589, 1590, 1580, -1,
 1589, 1580, 1583, -1, 1583, 1580, 1579, -1, 1579, 1580, 1546, -1,
 1579, 1546, 1529, -1, 1529, 1546, 1509, -1, 1529, 1509, 1503, -1,
 1503, 1509, 1504, -1, 1503, 1504, 1485, -1, 1485, 1504, 1477, -1,
 1485, 1477, 1476, -1, 1476, 1477, 1445, -1, 1476, 1445, 1438, -1,
 1438, 1445, 1414, -1, 1438, 1414, 1413, -1, 1413, 1414, 1407, -1,
 1413, 1407, 1389, -1, 1389, 1407, 1371, -1, 1389, 1371, 1370, -1,
 1370, 1371, 1360, -1, 1370, 1360, 1342, -1, 1342, 1360, 1326, -1,
 1342, 1326, 1325, -1, 1325, 1326, 1304, -1, 1325, 1304, 1291, -1,
 1291, 1304, 1284, -1, 1291, 1284, 1283, -1, 1283, 1284, 1264, -1,
 1283, 1264, 1246, -1, 1246, 1264, 1238, -1, 1246, 1238, 1237, -1,
 1237, 1238, 1213, -1, 1237, 1213, 1204, -1, 1204, 1213, 1181, -1,
 1204, 1181, 1180, -1, 1071, 1070, 1087, -1, 1087, 1070, 1110, -1,
 1087, 1110, 1126, -1, 1181, 1171, 1180, -1, 1180, 1171, 1146, -1,
 1180, 1146, 1156, -1, 1156, 1146, 1126, -1, 1156, 1126, 1145, -1,
 1145, 1126, 1110, -1, 523, 491, 95, -1, 1673, 2092, 1562, -1,
 1562, 2092, 1935, -1, 1777, 1399, 1607, -1, 1607, 1399, 1385, -1,
 1607, 1385, 1355, -1, 734, 218, 752, -1, 752, 218, 378, -1,
 491, 459, 95, -1, 95, 459, 452, -1, 95, 452, 421, -1,
 295, 94, 304, -1, 304, 94, 95, -1, 304, 95, 313, -1,
 493, 94, 488, -1, 488, 94, 462, -1, 1673, 1813, 2092, -1,
 2092, 1813, 1891, -1, 2092, 1891, 1941, -1, 1936, 1475, 1777, -1,
 1777, 1475, 1471, -1, 1471, 1444, 1777, -1, 1777, 1444, 1437, -1,
 1777, 1437, 1399, -1, 609, 600, 95, -1, 421, 401, 95, -1,
 95, 401, 390, -1, 95, 390, 363, -1, 295, 326, 94, -1,
 94, 326, 327, -1, 94, 327, 344, -1, 402, 427, 94, -1,
 94, 427, 429, -1, 94, 429, 462, -1, 217, 682, 683, -1,
 683, 713, 217, -1, 217, 713, 715, -1, 217, 715, 753, -1,
 1210, 1209, 1607, -1, 1607, 1209, 1166, -1, 1607, 1166, 1161, -1,
 956, 946, 545, -1, 545, 946, 914, -1, 344, 371, 94, -1,
 94, 371, 373, -1, 94, 373, 402, -1, 493, 525, 94, -1,
 94, 525, 536, -1, 94, 536, 538, -1, 538, 582, 94, -1,
 94, 582, 583, -1, 94, 583, 608, -1, 608, 611, 94, -1,
 94, 611, 630, -1, 94, 630, 217, -1, 217, 630, 631, -1,
 217, 631, 682, -1, 753, 754, 217, -1, 217, 754, 791, -1,
 217, 791, 377, -1, 2093, 1944, 1893, -1, 1893, 1821, 2093, -1,
 2093, 1821, 1680, -1, 2093, 1680, 1936, -1, 1936, 1680, 1566, -1,
 1936, 1566, 1475, -1, 1355, 1336, 1607, -1, 1607, 1336, 1301, -1,
 1607, 1301, 1290, -1, 1290, 1254, 1607, -1, 1607, 1254, 1251, -1,
 1607, 1251, 1210, -1, 545, 790, 378, -1, 378, 790, 782, -1,
 378, 782, 752, -1, 734, 714, 218, -1, 218, 714, 706, -1,
 218, 706, 681, -1, 681, 669, 218, -1, 218, 669, 629, -1,
 218, 629, 95, -1, 95, 629, 628, -1, 95, 628, 609, -1,
 363, 351, 95, -1, 95, 351, 331, -1, 95, 331, 313, -1,
 844, 544, 831, -1, 831, 544, 377, -1, 831, 377, 795, -1,
 795, 377, 791, -1, 1400, 1409, 1606, -1, 1606, 1409, 1448, -1,
 1606, 1448, 1776, -1, 1776, 1448, 1456, -1, 1776, 1456, 1935, -1,
 1935, 1456, 1474, -1, 1935, 1474, 1562, -1, 1161, 1124, 1607, -1,
 1607, 1124, 1121, -1, 1607, 1121, 545, -1, 545, 1121, 1084, -1,
 1084, 1069, 545, -1, 545, 1069, 1044, -1, 545, 1044, 1036, -1,
 1036, 1005, 545, -1, 545, 1005, 995, -1, 545, 995, 956, -1,
 914, 906, 545, -1, 545, 906, 861, -1, 545, 861, 860, -1,
 860, 830, 545, -1, 545, 830, 820, -1, 545, 820, 790, -1,
 600, 581, 95, -1, 95, 581, 561, -1, 95, 561, 537, -1,
 1045, 1053, 544, -1, 1606, 1212, 1255, -1, 1941, 1989, 2092, -1,
 2092, 1989, 2031, -1, 2092, 2031, 2093, -1, 2093, 2031, 1990, -1,
 2093, 1990, 1944, -1, 537, 526, 95, -1, 95, 526, 524, -1,
 95, 524, 523, -1, 844, 862, 544, -1, 544, 862, 880, -1,
 544, 880, 915, -1, 1131, 1167, 1606, -1, 915, 925, 544, -1,
 544, 925, 957, -1, 544, 957, 960, -1, 960, 1006, 544, -1,
 544, 1006, 1016, -1, 544, 1016, 1045, -1, 1255, 1257, 1606, -1,
 1606, 1257, 1302, -1, 1606, 1302, 1303, -1, 1303, 1356, 1606, -1,
 1606, 1356, 1357, -1, 1606, 1357, 1400, -1, 1167, 1168, 1606, -1,
 1606, 1168, 1211, -1, 1606, 1211, 1212, -1, 1053, 1090, 544, -1,
 544, 1090, 1093, -1, 544, 1093, 1606, -1, 1606, 1093, 1125, -1,
 1606, 1125, 1131, -1, 542, 1018, 984, -1, 750, 743, 542, -1,
 542, 743, 702, -1, 542, 702, 375, -1, 375, 702, 693, -1,
 375, 693, 215, -1, 542, 937, 898, -1, 207, 258, 59, -1,
 984, 983, 542, -1, 542, 983, 938, -1, 542, 938, 937, -1,
 480, 58, 592, -1, 592, 58, 215, -1, 592, 215, 678, -1,
 678, 215, 693, -1, 480, 338, 58, -1, 58, 338, 260, -1,
 58, 260, 211, -1, 898, 895, 542, -1, 542, 895, 846, -1,
 542, 846, 845, -1, 845, 793, 542, -1, 542, 793, 792, -1,
 542, 792, 750, -1, 211, 162, 58, -1, 58, 162, 120, -1,
 58, 120, 59, -1, 59, 120, 160, -1, 59, 160, 207, -1,
 258, 330, 59, -1, 59, 330, 474, -1, 59, 474, 216, -1,
 1419, 1934, 1398, -1, 1398, 1934, 1775, -1, 1701, 2057, 1672, -1,
 1672, 2057, 1661, -1, 1544, 1551, 2057, -1, 1701, 1730, 2057, -1,
 2057, 1730, 1733, -1, 2057, 1733, 1762, -1, 1852, 1827, 2056, -1,
 2056, 1827, 1809, -1, 1754, 1750, 2056, -1, 2056, 1750, 1722, -1,
 2056, 1722, 1696, -1, 1933, 1469, 1468, -1, 1468, 1436, 1933, -1,
 1933, 1436, 1434, -1, 1933, 1434, 1397, -1, 1198, 1203, 1605, -1,
 1605, 1203, 1234, -1, 1762, 1788, 2057, -1, 2057, 1788, 1790, -1,
 2057, 1790, 1820, -1, 1809, 1807, 2056, -1, 2056, 1807, 1781, -1,
 2056, 1781, 1754, -1, 1696, 1693, 2056, -1, 2056, 1693, 1659, -1,
 2056, 1659, 1637, -1, 1613, 1568, 2056, -1, 2056, 1568, 1567, -1,
 2056, 1567, 1545, -1, 1545, 1542, 2056, -1, 2056, 1542, 1519, -1,
 2056, 1519, 1933, -1, 1933, 1519, 1518, -1, 1933, 1518, 1469, -1,
 1397, 1396, 1933, -1, 1933, 1396, 1358, -1, 1933, 1358, 1774, -1,
 1108, 1100, 1604, -1, 1605, 1359, 1775, -1, 1775, 1359, 1367, -1,
 1775, 1367, 1398, -1, 1419, 1435, 1934, -1, 1934, 1435, 1443, -1,
 1934, 1443, 1470, -1, 1470, 1484, 1934, -1, 1934, 1484, 1520, -1,
 1934, 1520, 2057, -1, 2057, 1520, 1521, -1, 2057, 1521, 1544, -1,
 1820, 1831, 2057, -1, 2057, 1831, 1842, -1, 2057, 1842, 2056, -1,
 2056, 1842, 1856, -1, 2056, 1856, 1852, -1, 1637, 1625, 2056, -1,
 2056, 1625, 1615, -1, 2056, 1615, 1613, -1, 1305, 1604, 1317, -1,
 1317, 1604, 1774, -1, 1317, 1774, 1354, -1, 1354, 1774, 1358, -1,
 1305, 1287, 1604, -1, 1604, 1287, 1271, -1, 1604, 1271, 1232, -1,
 705, 712, 376, -1, 376, 712, 751, -1, 376, 751, 543, -1,
 543, 751, 763, -1, 543, 763, 794, -1, 1234, 1245, 1605, -1,
 1605, 1245, 1288, -1, 1605, 1288, 1289, -1, 1289, 1320, 1605, -1,
 1605, 1320, 1331, -1, 1605, 1331, 1359, -1, 1551, 1569, 2057, -1,
 2057, 1569, 1588, -1, 2057, 1588, 1614, -1, 1232, 1223, 1604, -1,
 1604, 1223, 1194, -1, 1604, 1194, 1193, -1, 1193, 1142, 1604, -1,
 1604, 1142, 1132, -1, 1604, 1132, 1108, -1, 474, 584, 216, -1,
 216, 584, 679, -1, 216, 679, 376, -1, 376, 679, 680, -1,
 376, 680, 705, -1, 1614, 1626, 2057, -1, 2057, 1626, 1629, -1,
 2057, 1629, 1661, -1, 1100, 1059, 1604, -1, 1604, 1059, 1056, -1,
 1604, 1056, 542, -1, 542, 1056, 1024, -1, 542, 1024, 1018, -1,
 939, 940, 543, -1, 543, 940, 985, -1, 543, 985, 988, -1,
 988, 1027, 543, -1, 543, 1027, 1033, -1, 543, 1033, 1605, -1,
 1605, 1033, 1065, -1, 1065, 1080, 1605, -1, 1605, 1080, 1109, -1,
 1605, 1109, 1115, -1, 1115, 1143, 1605, -1, 1605, 1143, 1154, -1,
 1605, 1154, 1198, -1, 794, 817, 543, -1, 543, 817, 848, -1,
 543, 848, 859, -1, 859, 899, 543, -1, 543, 899, 900, -1,
 543, 900, 939, -1, 216, 218, 59, -1, 59, 218, 95, -1,
 217, 215, 94, -1, 94, 215, 58, -1, 1933, 1935, 2056, -1,
 2056, 1935, 2092, -1, 1936, 1934, 2093, -1, 2093, 1934, 2057, -1,
 1606, 1604, 544, -1, 544, 1604, 542, -1, 545, 543, 1607, -1,
 1607, 543, 1605, -1, 551, 496, 615, -1, 1825, 1828, 1999, -1,
 648, 639, 721, -1, 1506, 1512, 1427, -1, 1592, 1608, 1501, -1,
 1832, 1834, 1998, -1, 650, 636, 725, -1, 560, 540, 652, -1,
 325, 323, 154, -1, 1618, 1626, 1614, -1, 679, 641, 723, -1,
 538, 406, 418, -1, 538, 418, 582, -1, 582, 418, 441, -1,
 582, 441, 583, -1, 583, 441, 465, -1, 583, 465, 608, -1,
 608, 465, 506, -1, 608, 506, 611, -1, 611, 506, 521, -1,
 611, 521, 630, -1, 630, 521, 556, -1, 630, 556, 631, -1,
 631, 556, 566, -1, 631, 566, 682, -1, 682, 566, 575, -1,
 682, 575, 683, -1, 683, 575, 622, -1, 683, 622, 713, -1,
 713, 622, 661, -1, 713, 661, 715, -1, 1092, 1090, 1079, -1,
 1079, 1090, 1053, -1, 1079, 1053, 1043, -1, 1043, 1053, 1045, -1,
 1043, 1045, 1010, -1, 1010, 1045, 1016, -1, 1010, 1016, 993, -1,
 993, 1016, 1006, -1, 993, 1006, 975, -1, 975, 1006, 960, -1,
 975, 960, 945, -1, 945, 960, 957, -1, 945, 957, 923, -1,
 923, 957, 925, -1, 923, 925, 905, -1, 905, 925, 915, -1,
 905, 915, 872, -1, 872, 915, 880, -1, 872, 880, 858, -1,
 858, 880, 862, -1, 858, 862, 829, -1, 829, 862, 844, -1,
 829, 844, 811, -1, 811, 844, 831, -1, 811, 831, 776, -1,
 776, 831, 795, -1, 776, 795, 762, -1, 762, 795, 791, -1,
 762, 791, 749, -1, 749, 791, 754, -1, 749, 754, 711, -1,
 711, 754, 753, -1, 711, 753, 673, -1, 673, 753, 715, -1,
 673, 715, 666, -1, 666, 715, 661, -1, 1168, 1167, 1170, -1,
 1170, 1167, 1150, -1, 1150, 1167, 1131, -1, 1150, 1131, 1130, -1,
 1130, 1131, 1125, -1, 1130, 1125, 1092, -1, 1092, 1125, 1093, -1,
 1092, 1093, 1090, -1, 1170, 1175, 1168, -1, 1168, 1175, 1217, -1,
 1168, 1217, 1211, -1, 1211, 1217, 1212, -1, 1212, 1217, 1242, -1,
 1212, 1242, 1255, -1, 1255, 1242, 1268, -1, 1255, 1268, 1257, -1,
 1257, 1268, 1270, -1, 1257, 1270, 1302, -1, 1302, 1270, 1309, -1,
 1302, 1309, 1303, -1, 1303, 1309, 1330, -1, 1303, 1330, 1356, -1,
 1356, 1330, 1364, -1, 1356, 1364, 1357, -1, 1357, 1364, 1366, -1,
 1357, 1366, 1400, -1, 1400, 1366, 1412, -1, 1400, 1412, 1409, -1,
 1409, 1412, 1418, -1, 1409, 1418, 1448, -1, 1448, 1418, 1452, -1,
 1448, 1452, 1456, -1, 1456, 1452, 1458, -1, 1456, 1458, 1474, -1,
 839, 763, 803, -1, 803, 763, 751, -1, 803, 751, 799, -1,
 799, 751, 712, -1, 799, 712, 768, -1, 768, 712, 705, -1,
 768, 705, 723, -1, 723, 705, 680, -1, 723, 680, 679, -1,
 924, 859, 878, -1, 878, 859, 848, -1, 878, 848, 873, -1,
 873, 848, 817, -1, 873, 817, 839, -1, 839, 817, 794, -1,
 839, 794, 763, -1, 1004, 940, 954, -1, 954, 940, 939, -1,
 954, 939, 949, -1, 949, 939, 900, -1, 949, 900, 924, -1,
 924, 900, 899, -1, 924, 899, 859, -1, 1068, 1033, 1035, -1,
 1035, 1033, 1027, -1, 1035, 1027, 1028, -1, 1028, 1027, 988, -1,
 1028, 988, 1004, -1, 1004, 988, 985, -1, 1004, 985, 940, -1,
 1137, 1115, 1105, -1, 1105, 1115, 1109, -1, 1105, 1109, 1096, -1,
 1096, 1109, 1080, -1, 1096, 1080, 1068, -1, 1068, 1080, 1065, -1,
 1068, 1065, 1033, -1, 1222, 1203, 1190, -1, 1190, 1203, 1198, -1,
 1190, 1198, 1164, -1, 1164, 1198, 1154, -1, 1164, 1154, 1137, -1,
 1137, 1154, 1143, -1, 1137, 1143, 1115, -1, 1300, 1289, 1262, -1,
 1262, 1289, 1288, -1, 1262, 1288, 1243, -1, 1243, 1288, 1245, -1,
 1243, 1245, 1222, -1, 1222, 1245, 1234, -1, 1222, 1234, 1203, -1,
 1380, 1367, 1340, -1, 1340, 1367, 1359, -1, 1340, 1359, 1318, -1,
 1318, 1359, 1331, -1, 1318, 1331, 1300, -1, 1300, 1331, 1320, -1,
 1300, 1320, 1289, -1, 1455, 1443, 1425, -1, 1425, 1443, 1435, -1,
 1425, 1435, 1394, -1, 1394, 1435, 1419, -1, 1394, 1419, 1380, -1,
 1380, 1419, 1398, -1, 1380, 1398, 1367, -1, 1544, 1521, 1498, -1,
 1498, 1521, 1520, -1, 1498, 1520, 1466, -1, 1466, 1520, 1484, -1,
 1466, 1484, 1455, -1, 1455, 1484, 1470, -1, 1455, 1470, 1443, -1,
 1498, 1527, 1544, -1, 1544, 1527, 1537, -1, 1544, 1537, 1551, -1,
 1551, 1537, 1557, -1, 1551, 1557, 1569, -1, 1569, 1557, 1588, -1,
 1588, 1557, 1614, -1, 1614, 1557, 1611, -1, 1614, 1611, 1618, -1,
 538, 536, 406, -1, 406, 536, 525, -1, 406, 525, 316, -1,
 316, 525, 514, -1, 316, 514, 285, -1, 285, 514, 485, -1,
 325, 154, 349, -1, 250, 432, 458, -1, 250, 458, 266, -1,
 266, 458, 476, -1, 266, 476, 267, -1, 560, 652, 570, -1,
 570, 652, 687, -1, 570, 687, 601, -1, 1133, 1157, 1141, -1,
 1832, 1998, 1802, -1, 1901, 1720, 1694, -1, 1901, 1694, 1889, -1,
 1889, 1694, 1676, -1, 1889, 1676, 1885, -1, 1592, 1501, 1582, -1,
 1582, 1501, 1462, -1, 1582, 1462, 1549, -1, 1014, 991, 1008, -1,
 478, 264, 456, -1, 456, 264, 252, -1, 456, 252, 433, -1,
 1594, 1499, 1525, -1, 1825, 1999, 1803, -1, 1675, 1887, 1687, -1,
 1687, 1887, 1899, -1, 1687, 1899, 1715, -1, 403, 460, 596, -1,
 273, 306, 513, -1, 425, 247, 455, -1, 455, 247, 255, -1,
 455, 255, 484, -1, 484, 255, 277, -1, 484, 277, 485, -1,
 485, 277, 281, -1, 485, 281, 285, -1, 370, 206, 397, -1,
 397, 206, 210, -1, 397, 210, 423, -1, 423, 210, 234, -1,
 423, 234, 425, -1, 425, 234, 239, -1, 425, 239, 247, -1,
 154, 164, 349, -1, 349, 164, 169, -1, 349, 169, 368, -1,
 368, 169, 188, -1, 368, 188, 370, -1, 370, 188, 196, -1,
 370, 196, 206, -1, 334, 140, 320, -1, 320, 140, 135, -1,
 320, 135, 301, -1, 301, 135, 126, -1, 301, 126, 308, -1,
 308, 126, 125, -1, 308, 125, 323, -1, 323, 125, 152, -1,
 323, 152, 154, -1, 384, 185, 361, -1, 361, 185, 174, -1,
 361, 174, 350, -1, 350, 174, 157, -1, 350, 157, 334, -1,
 334, 157, 148, -1, 334, 148, 140, -1, 250, 243, 432, -1,
 432, 243, 228, -1, 432, 228, 412, -1, 412, 228, 220, -1,
 412, 220, 400, -1, 400, 220, 200, -1, 400, 200, 384, -1,
 384, 200, 192, -1, 384, 192, 185, -1, 267, 476, 289, -1,
 289, 476, 499, -1, 289, 499, 292, -1, 292, 499, 522, -1,
 292, 522, 359, -1, 359, 522, 531, -1, 359, 531, 379, -1,
 379, 531, 430, -1, 430, 531, 576, -1, 430, 576, 446, -1,
 446, 576, 598, -1, 446, 598, 471, -1, 471, 598, 613, -1,
 471, 613, 494, -1, 494, 613, 540, -1, 540, 613, 632, -1,
 540, 632, 652, -1, 601, 687, 636, -1, 636, 687, 716, -1,
 636, 716, 725, -1, 834, 780, 809, -1, 809, 780, 740, -1,
 809, 740, 796, -1, 796, 740, 739, -1, 796, 739, 764, -1,
 764, 739, 700, -1, 764, 700, 725, -1, 725, 700, 677, -1,
 725, 677, 650, -1, 916, 868, 881, -1, 881, 868, 840, -1,
 881, 840, 875, -1, 875, 840, 824, -1, 875, 824, 834, -1,
 834, 824, 786, -1, 834, 786, 780, -1, 994, 971, 958, -1,
 958, 971, 933, -1, 958, 933, 951, -1, 951, 933, 910, -1,
 951, 910, 916, -1, 916, 910, 886, -1, 916, 886, 868, -1,
 1133, 1141, 1101, -1, 1101, 1141, 1111, -1, 1101, 1111, 1094, -1,
 1094, 1111, 1077, -1, 1094, 1077, 1063, -1, 1063, 1077, 1058, -1,
 1063, 1058, 1037, -1, 1037, 1058, 1020, -1, 1037, 1020, 1030, -1,
 1030, 1020, 1002, -1, 1030, 1002, 994, -1, 994, 1002, 977, -1,
 994, 977, 971, -1, 1157, 1133, 1179, -1, 1179, 1133, 1162, -1,
 1179, 1162, 1205, -1, 1205, 1162, 1186, -1, 1205, 1186, 1229, -1,
 1229, 1186, 1218, -1, 1229, 1218, 1247, -1, 1247, 1218, 1235, -1,
 1247, 1235, 1282, -1, 1282, 1235, 1256, -1, 1282, 1256, 1292, -1,
 1292, 1256, 1324, -1, 1324, 1256, 1296, -1, 1324, 1296, 1343, -1,
 1343, 1296, 1315, -1, 1343, 1315, 1377, -1, 1377, 1315, 1337, -1,
 1377, 1337, 1390, -1, 1390, 1337, 1406, -1, 1406, 1337, 1369, -1,
 1406, 1369, 1439, -1, 1439, 1369, 1387, -1, 1439, 1387, 1483, -1,
 1483, 1387, 1422, -1, 1483, 1422, 1488, -1, 1488, 1422, 1495, -1,
 1495, 1422, 1451, -1, 1495, 1451, 1530, -1, 1530, 1451, 1460, -1,
 1530, 1460, 1578, -1, 1578, 1460, 1496, -1, 1578, 1496, 1584, -1,
 1603, 1713, 1555, -1, 1555, 1713, 1686, -1, 1555, 1686, 1534, -1,
 1534, 1686, 1645, -1, 1534, 1645, 1524, -1, 1524, 1645, 1634, -1,
 1524, 1634, 1496, -1, 1496, 1634, 1596, -1, 1496, 1596, 1584, -1,
 1667, 1869, 1630, -1, 1630, 1869, 1840, -1, 1630, 1840, 1616, -1,
 1616, 1840, 1748, -1, 1616, 1748, 1603, -1, 1603, 1748, 1738, -1,
 1603, 1738, 1713, -1, 1728, 1907, 1697, -1, 1697, 1907, 1897, -1,
 1697, 1897, 1669, -1, 1669, 1897, 1875, -1, 1669, 1875, 1667, -1,
 1667, 1875, 1873, -1, 1667, 1873, 1869, -1, 1785, 1948, 1755, -1,
 1755, 1948, 1942, -1, 1755, 1942, 1731, -1, 1731, 1942, 1918, -1,
 1731, 1918, 1728, -1, 1728, 1918, 1915, -1, 1728, 1915, 1907, -1,
 1998, 1986, 1802, -1, 1802, 1986, 1983, -1, 1802, 1983, 1786, -1,
 1786, 1983, 1964, -1, 1786, 1964, 1785, -1, 1785, 1964, 1959, -1,
 1785, 1959, 1948, -1, 1819, 2014, 1830, -1, 1830, 2014, 2017, -1,
 1830, 2017, 1853, -1, 1853, 2017, 2023, -1, 1853, 2023, 1847, -1,
 1847, 2023, 2027, -1, 1847, 2027, 1834, -1, 1834, 2027, 2004, -1,
 1834, 2004, 1998, -1, 1767, 1970, 1792, -1, 1792, 1970, 1977, -1,
 1792, 1977, 1804, -1, 1804, 1977, 1992, -1, 1804, 1992, 1819, -1,
 1819, 1992, 2008, -1, 1819, 2008, 2014, -1, 1901, 1911, 1720, -1,
 1720, 1911, 1926, -1, 1720, 1926, 1739, -1, 1739, 1926, 1931, -1,
 1739, 1931, 1752, -1, 1752, 1931, 1950, -1, 1752, 1950, 1767, -1,
 1767, 1950, 1963, -1, 1767, 1963, 1970, -1, 1885, 1676, 1865, -1,
 1865, 1676, 1652, -1, 1865, 1652, 1859, -1, 1859, 1652, 1635, -1,
 1859, 1635, 1798, -1, 1798, 1635, 1621, -1, 1798, 1621, 1773, -1,
 1773, 1621, 1719, -1, 1719, 1621, 1574, -1, 1719, 1574, 1709, -1,
 1709, 1574, 1560, -1, 1709, 1560, 1685, -1, 1685, 1560, 1539, -1,
 1685, 1539, 1657, -1, 1657, 1539, 1608, -1, 1608, 1539, 1517, -1,
 1608, 1517, 1501, -1, 1549, 1462, 1512, -1, 1512, 1462, 1433, -1,
 1512, 1433, 1427, -1, 1313, 1373, 1347, -1, 1347, 1373, 1410, -1,
 1347, 1410, 1353, -1, 1353, 1410, 1416, -1, 1353, 1416, 1383, -1,
 1383, 1416, 1447, -1, 1383, 1447, 1427, -1, 1427, 1447, 1479, -1,
 1427, 1479, 1506, -1, 1231, 1286, 1272, -1, 1272, 1286, 1307, -1,
 1272, 1307, 1278, -1, 1278, 1307, 1328, -1, 1278, 1328, 1313, -1,
 1313, 1328, 1362, -1, 1313, 1362, 1373, -1, 1153, 1183, 1195, -1,
 1195, 1183, 1215, -1, 1195, 1215, 1201, -1, 1201, 1215, 1240, -1,
 1201, 1240, 1231, -1, 1231, 1240, 1266, -1, 1231, 1266, 1286, -1,
 1014, 1008, 1051, -1, 1051, 1008, 1041, -1, 1051, 1041, 1054, -1,
 1054, 1041, 1075, -1, 1054, 1075, 1085, -1, 1085, 1075, 1089, -1,
 1085, 1089, 1117, -1, 1117, 1089, 1128, -1, 1117, 1128, 1122, -1,
 1122, 1128, 1148, -1, 1122, 1148, 1153, -1, 1153, 1148, 1173, -1,
 1153, 1173, 1183, -1, 991, 1014, 973, -1, 973, 1014, 986, -1,
 973, 986, 943, -1, 943, 986, 966, -1, 943, 966, 921, -1,
 921, 966, 929, -1, 921, 929, 903, -1, 903, 929, 911, -1,
 903, 911, 870, -1, 870, 911, 893, -1, 870, 893, 856, -1,
 856, 893, 827, -1, 827, 893, 852, -1, 827, 852, 807, -1,
 807, 852, 832, -1, 807, 832, 774, -1, 774, 832, 816, -1,
 774, 816, 757, -1, 757, 816, 747, -1, 747, 816, 771, -1,
 747, 771, 709, -1, 709, 771, 758, -1, 709, 758, 671, -1,
 671, 758, 731, -1, 671, 731, 664, -1, 664, 731, 659, -1,
 659, 731, 696, -1, 659, 696, 620, -1, 620, 696, 685, -1,
 620, 685, 573, -1, 573, 685, 657, -1, 573, 657, 564, -1,
 548, 439, 597, -1, 597, 439, 464, -1, 597, 464, 616, -1,
 616, 464, 504, -1, 616, 504, 624, -1, 624, 504, 519, -1,
 624, 519, 657, -1, 657, 519, 554, -1, 657, 554, 564, -1,
 486, 283, 517, -1, 517, 283, 312, -1, 517, 312, 534, -1,
 534, 312, 404, -1, 534, 404, 548, -1, 548, 404, 416, -1,
 548, 416, 439, -1, 422, 245, 454, -1, 454, 245, 253, -1,
 454, 253, 482, -1, 482, 253, 276, -1, 482, 276, 486, -1,
 486, 276, 279, -1, 486, 279, 283, -1, 367, 204, 396, -1,
 396, 204, 209, -1, 396, 209, 419, -1, 419, 209, 233, -1,
 419, 233, 422, -1, 422, 233, 237, -1, 422, 237, 245, -1,
 348, 167, 365, -1, 365, 167, 187, -1, 365, 187, 367, -1,
 367, 187, 194, -1, 367, 194, 204, -1, 127, 123, 317, -1,
 317, 123, 150, -1, 317, 150, 319, -1, 319, 150, 153, -1,
 319, 153, 348, -1, 348, 153, 163, -1, 348, 163, 167, -1,
 317, 305, 127, -1, 127, 305, 298, -1, 127, 298, 136, -1,
 136, 298, 321, -1, 136, 321, 138, -1, 138, 321, 333, -1,
 386, 183, 362, -1, 362, 183, 175, -1, 362, 175, 345, -1,
 345, 175, 159, -1, 345, 159, 333, -1, 333, 159, 146, -1,
 333, 146, 138, -1, 252, 241, 433, -1, 433, 241, 226, -1,
 433, 226, 413, -1, 413, 226, 221, -1, 413, 221, 398, -1,
 398, 221, 201, -1, 398, 201, 386, -1, 386, 201, 190, -1,
 386, 190, 183, -1, 532, 357, 515, -1, 515, 357, 293, -1,
 515, 293, 500, -1, 500, 293, 287, -1, 500, 287, 478, -1,
 478, 287, 268, -1, 478, 268, 264, -1, 547, 497, 614, -1,
 614, 497, 469, -1, 614, 469, 590, -1, 590, 469, 444, -1,
 590, 444, 577, -1, 577, 444, 435, -1, 577, 435, 532, -1,
 532, 435, 380, -1, 532, 380, 357, -1, 603, 568, 689, -1,
 689, 568, 558, -1, 689, 558, 642, -1, 642, 558, 547, -1,
 642, 547, 633, -1, 633, 547, 614, -1, 603, 689, 639, -1,
 639, 689, 717, -1, 639, 717, 721, -1, 797, 737, 767, -1,
 767, 737, 703, -1, 767, 703, 721, -1, 721, 703, 675, -1,
 721, 675, 648, -1, 919, 866, 876, -1, 876, 866, 842, -1,
 876, 842, 863, -1, 863, 842, 822, -1, 863, 822, 837, -1,
 837, 822, 788, -1, 837, 788, 800, -1, 800, 788, 778, -1,
 800, 778, 797, -1, 797, 778, 744, -1, 797, 744, 737, -1,
 997, 969, 953, -1, 953, 969, 935, -1, 953, 935, 947, -1,
 947, 935, 908, -1, 947, 908, 919, -1, 919, 908, 888, -1,
 919, 888, 866, -1, 1135, 1139, 1103, -1, 1103, 1139, 1113, -1,
 1103, 1113, 1098, -1, 1098, 1113, 1073, -1, 1098, 1073, 1066, -1,
 1066, 1073, 1061, -1, 1066, 1061, 1032, -1, 1032, 1061, 1022, -1,
 1032, 1022, 1025, -1, 1025, 1022, 1000, -1, 1025, 1000, 997, -1,
 997, 1000, 979, -1, 997, 979, 969, -1, 1220, 1227, 1188, -1,
 1188, 1227, 1207, -1, 1188, 1207, 1184, -1, 1184, 1207, 1177, -1,
 1184, 1177, 1135, -1, 1135, 1177, 1159, -1, 1135, 1159, 1139, -1,
 1298, 1322, 1261, -1, 1261, 1322, 1294, -1, 1261, 1294, 1252, -1,
 1252, 1294, 1280, -1, 1252, 1280, 1220, -1, 1220, 1280, 1249, -1,
 1220, 1249, 1227, -1, 1423, 1481, 1401, -1, 1401, 1481, 1441, -1,
 1401, 1441, 1378, -1, 1378, 1441, 1404, -1, 1378, 1404, 1338, -1,
 1338, 1404, 1392, -1, 1338, 1392, 1332, -1, 1332, 1392, 1375, -1,
 1332, 1375, 1298, -1, 1298, 1375, 1345, -1, 1298, 1345, 1322, -1,
 1594, 1587, 1499, -1, 1499, 1587, 1576, -1, 1499, 1576, 1472, -1,
 1472, 1576, 1532, -1, 1472, 1532, 1453, -1, 1453, 1532, 1493, -1,
 1453, 1493, 1423, -1, 1423, 1493, 1490, -1, 1423, 1490, 1481, -1,
 1598, 1711, 1556, -1, 1556, 1711, 1690, -1, 1556, 1690, 1528, -1,
 1528, 1690, 1647, -1, 1528, 1647, 1525, -1, 1525, 1647, 1632, -1,
 1525, 1632, 1594, -1, 1662, 1867, 1638, -1, 1638, 1867, 1845, -1,
 1638, 1845, 1610, -1, 1610, 1845, 1749, -1, 1610, 1749, 1598, -1,
 1598, 1749, 1736, -1, 1598, 1736, 1711, -1, 1723, 1905, 1699, -1,
 1699, 1905, 1898, -1, 1699, 1898, 1668, -1, 1668, 1898, 1877, -1,
 1668, 1877, 1662, -1, 1662, 1877, 1871, -1, 1662, 1871, 1867, -1,
 1778, 1946, 1757, -1, 1757, 1946, 1943, -1, 1757, 1943, 1729, -1,
 1729, 1943, 1919, -1, 1729, 1919, 1723, -1, 1723, 1919, 1913, -1,
 1723, 1913, 1905, -1, 1999, 1988, 1803, -1, 1803, 1988, 1981, -1,
 1803, 1981, 1784, -1, 1784, 1981, 1965, -1, 1784, 1965, 1778, -1,
 1778, 1965, 1957, -1, 1778, 1957, 1946, -1, 1815, 2012, 1836, -1,
 1836, 2012, 2016, -1, 1836, 2016, 1848, -1, 1848, 2016, 2022, -1,
 1848, 2022, 1841, -1, 1841, 2022, 2025, -1, 1841, 2025, 1828, -1,
 1828, 2025, 2002, -1, 1828, 2002, 1999, -1, 1764, 1968, 1793, -1,
 1793, 1968, 1976, -1, 1793, 1976, 1800, -1, 1800, 1976, 1991, -1,
 1800, 1991, 1815, -1, 1815, 1991, 2006, -1, 1815, 2006, 2012, -1,
 1899, 1909, 1715, -1, 1715, 1909, 1924, -1, 1715, 1924, 1741, -1,
 1741, 1924, 1930, -1, 1741, 1930, 1745, -1, 1745, 1930, 1949, -1,
 1745, 1949, 1764, -1, 1764, 1949, 1961, -1, 1764, 1961, 1968, -1,
 1620, 1796, 1627, -1, 1627, 1796, 1858, -1, 1627, 1858, 1649, -1,
 1649, 1858, 1863, -1, 1649, 1863, 1675, -1, 1675, 1863, 1884, -1,
 1675, 1884, 1887, -1, 1536, 1683, 1552, -1, 1552, 1683, 1707, -1,
 1552, 1707, 1571, -1, 1571, 1707, 1714, -1, 1571, 1714, 1620, -1,
 1620, 1714, 1770, -1, 1620, 1770, 1796, -1, 1459, 1580, 1486, -1,
 1486, 1580, 1590, -1, 1486, 1590, 1514, -1, 1514, 1590, 1602, -1,
 1514, 1602, 1536, -1, 1536, 1602, 1653, -1, 1536, 1653, 1683, -1,
 1381, 1477, 1420, -1, 1420, 1477, 1504, -1, 1420, 1504, 1430, -1,
 1430, 1504, 1509, -1, 1430, 1509, 1459, -1, 1459, 1509, 1546, -1,
 1459, 1546, 1580, -1, 1310, 1371, 1334, -1, 1334, 1371, 1407, -1,
 1334, 1407, 1350, -1, 1350, 1407, 1414, -1, 1350, 1414, 1381, -1,
 1381, 1414, 1445, -1, 1381, 1445, 1477, -1, 1225, 1284, 1258, -1,
 1258, 1284, 1304, -1, 1258, 1304, 1275, -1, 1275, 1304, 1326, -1,
 1275, 1326, 1310, -1, 1310, 1326, 1360, -1, 1310, 1360, 1371, -1,
 1151, 1181, 1191, -1, 1191, 1181, 1213, -1, 1191, 1213, 1199, -1,
 1199, 1213, 1238, -1, 1199, 1238, 1225, -1, 1225, 1238, 1264, -1,
 1225, 1264, 1284, -1, 1012, 1003, 1046, -1, 1046, 1003, 1039, -1,
 1046, 1039, 1049, -1, 1049, 1039, 1071, -1, 1049, 1071, 1082, -1,
 1082, 1071, 1087, -1, 1082, 1087, 1106, -1, 1106, 1087, 1126, -1,
 1106, 1126, 1119, -1, 1119, 1126, 1146, -1, 1119, 1146, 1151, -1,
 1151, 1146, 1171, -1, 1151, 1171, 1181, -1, 964, 981, 1012, -1,
 1012, 981, 989, -1, 1012, 989, 1003, -1, 850, 825, 891, -1,
 891, 825, 854, -1, 891, 854, 896, -1, 896, 854, 883, -1,
 896, 883, 927, -1, 927, 883, 901, -1, 927, 901, 962, -1,
 962, 901, 913, -1, 962, 913, 964, -1, 964, 913, 941, -1,
 964, 941, 981, -1, 770, 735, 813, -1, 813, 735, 755, -1,
 813, 755, 818, -1, 818, 755, 784, -1, 818, 784, 850, -1,
 850, 784, 805, -1, 850, 805, 825, -1, 695, 646, 728, -1,
 728, 646, 662, -1, 728, 662, 732, -1, 732, 662, 692, -1,
 732, 692, 770, -1, 770, 692, 707, -1, 770, 707, 735, -1,
 505, 562, 654, -1, 654, 562, 571, -1, 654, 571, 667, -1,
 667, 571, 594, -1, 667, 594, 695, -1, 695, 594, 618, -1,
 695, 618, 646, -1, 654, 623, 505, -1, 505, 623, 606, -1,
 505, 606, 481, -1, 481, 606, 596, -1, 481, 596, 472, -1,
 472, 596, 460, -1, 596, 549, 403, -1, 403, 549, 527, -1,
 403, 527, 355, -1, 355, 527, 513, -1, 355, 513, 341, -1,
 341, 513, 306, -1, 513, 487, 273, -1, 273, 487, 466, -1,
 273, 466, 262, -1, 262, 466, 453, -1, 262, 453, 261, -1,
 395, 219, 408, -1, 408, 219, 229, -1, 408, 229, 424, -1,
 424, 229, 230, -1, 424, 230, 453, -1, 453, 230, 254, -1,
 453, 254, 261, -1, 347, 171, 353, -1, 353, 171, 179, -1,
 353, 179, 369, -1, 369, 179, 186, -1, 369, 186, 395, -1,
 395, 186, 212, -1, 395, 212, 219, -1, 322, 121, 296, -1,
 296, 121, 128, -1, 296, 128, 303, -1, 303, 128, 129, -1,
 303, 129, 310, -1, 310, 129, 141, -1, 310, 141, 324, -1,
 324, 141, 144, -1, 324, 144, 347, -1, 347, 144, 170, -1,
 347, 170, 171, -1, 364, 165, 342, -1, 342, 165, 161, -1,
 342, 161, 332, -1, 332, 161, 156, -1, 332, 156, 322, -1,
 322, 156, 134, -1, 322, 134, 121, -1, 414, 208, 393, -1,
 393, 208, 202, -1, 393, 202, 385, -1, 385, 202, 198, -1,
 385, 198, 364, -1, 364, 198, 178, -1, 364, 178, 165, -1,
 479, 259, 449, -1, 449, 259, 251, -1, 449, 251, 434, -1,
 434, 251, 235, -1, 434, 235, 414, -1, 414, 235, 222, -1,
 414, 222, 208, -1, 533, 335, 508, -1, 508, 335, 294, -1,
 508, 294, 501, -1, 501, 294, 272, -1, 501, 272, 479, -1,
 479, 272, 269, -1, 479, 269, 259, -1, 496, 492, 615, -1,
 615, 492, 477, -1, 615, 477, 585, -1, 585, 477, 447, -1,
 585, 447, 578, -1, 578, 447, 387, -1, 578, 387, 533, -1,
 533, 387, 381, -1, 533, 381, 335, -1, 604, 589, 690, -1,
 690, 589, 587, -1, 690, 587, 644, -1, 644, 587, 551, -1,
 644, 551, 635, -1, 635, 551, 615, -1, 604, 690, 641, -1,
 641, 690, 719, -1, 641, 719, 723, -1, 1805, 1812, 1984, -1,
 743, 750, 741, -1, 537, 541, 526, -1, 599, 588, 581, -1,
 1349, 1437, 1382, -1, 1382, 1437, 1444, -1, 1382, 1444, 1388, -1,
 1274, 1336, 1311, -1, 1311, 1336, 1355, -1, 1311, 1355, 1316, -1,
 1316, 1355, 1385, -1, 1316, 1385, 1349, -1, 1349, 1385, 1399, -1,
 1349, 1399, 1437, -1, 1197, 1251, 1224, -1, 1224, 1251, 1254, -1,
 1224, 1254, 1236, -1, 1236, 1254, 1290, -1, 1236, 1290, 1274, -1,
 1274, 1290, 1301, -1, 1274, 1301, 1336, -1, 1116, 1161, 1144, -1,
 1144, 1161, 1166, -1, 1144, 1166, 1163, -1, 1163, 1166, 1209, -1,
 1163, 1209, 1197, -1, 1197, 1209, 1210, -1, 1197, 1210, 1251, -1,
 1048, 1069, 1081, -1, 1081, 1069, 1084, -1, 1081, 1084, 1095, -1,
 1095, 1084, 1121, -1, 1095, 1121, 1116, -1, 1116, 1121, 1124, -1,
 1116, 1124, 1161, -1, 926, 946, 959, -1, 959, 946, 956, -1,
 959, 956, 961, -1, 961, 956, 995, -1, 961, 995, 1011, -1,
 1011, 995, 1005, -1, 1011, 1005, 1038, -1, 1038, 1005, 1036, -1,
 1038, 1036, 1048, -1, 1048, 1036, 1044, -1, 1048, 1044, 1069, -1,
 849, 860, 882, -1, 882, 860, 861, -1, 882, 861, 890, -1,
 890, 861, 906, -1, 890, 906, 926, -1, 926, 906, 914, -1,
 926, 914, 946, -1, 769, 782, 810, -1, 810, 782, 790, -1,
 810, 790, 812, -1, 812, 790, 820, -1, 812, 820, 849, -1,
 849, 820, 830, -1, 849, 830, 860, -1, 694, 706, 726, -1,
 726, 706, 714, -1, 726, 714, 727, -1, 727, 714, 734, -1,
 727, 734, 769, -1, 769, 734, 752, -1, 769, 752, 782, -1,
 651, 629, 653, -1, 653, 629, 669, -1, 653, 669, 694, -1,
 694, 669, 681, -1, 694, 681, 706, -1, 599, 581, 625, -1,
 581, 600, 625, -1, 625, 600, 609, -1, 625, 609, 651, -1,
 651, 609, 628, -1, 651, 628, 629, -1, 541, 537, 588, -1,
 588, 537, 561, -1, 588, 561, 581, -1, 1795, 1615, 1625, -1,
 1795, 1625, 1839, -1, 1615, 1795, 1613, -1, 1613, 1795, 1744, -1,
 1613, 1744, 1568, -1, 1568, 1744, 1706, -1, 1568, 1706, 1567, -1,
 1706, 1689, 1567, -1, 1567, 1689, 1682, -1, 1567, 1682, 1545, -1,
 1545, 1682, 1643, -1, 1545, 1643, 1542, -1, 1542, 1643, 1519, -1,
 1519, 1643, 1589, -1, 1519, 1589, 1518, -1, 1518, 1589, 1583, -1,
 1518, 1583, 1469, -1, 1469, 1583, 1579, -1, 1469, 1579, 1468, -1,
 1468, 1579, 1529, -1, 1468, 1529, 1436, -1, 1436, 1529, 1503, -1,
 1436, 1503, 1434, -1, 1057, 1059, 1070, -1, 1070, 1059, 1100, -1,
 1070, 1100, 1110, -1, 1110, 1100, 1108, -1, 1110, 1108, 1145, -1,
 1145, 1108, 1132, -1, 1145, 1132, 1156, -1, 1156, 1132, 1142, -1,
 1156, 1142, 1180, -1, 1180, 1142, 1193, -1, 1180, 1193, 1204, -1,
 1204, 1193, 1194, -1, 1204, 1194, 1237, -1, 1237, 1194, 1223, -1,
 1237, 1223, 1246, -1, 1246, 1223, 1232, -1, 1246, 1232, 1283, -1,
 1283, 1232, 1271, -1, 1283, 1271, 1291, -1, 1291, 1271, 1287, -1,
 1291, 1287, 1325, -1, 1325, 1287, 1305, -1, 1325, 1305, 1342, -1,
 1342, 1305, 1317, -1, 1342, 1317, 1370, -1, 1370, 1317, 1354, -1,
 1370, 1354, 1389, -1, 1389, 1354, 1358, -1, 1389, 1358, 1413, -1,
 1413, 1358, 1396, -1, 1413, 1396, 1438, -1, 1438, 1396, 1397, -1,
 1438, 1397, 1476, -1, 1476, 1397, 1434, -1, 1476, 1434, 1485, -1,
 1485, 1434, 1503, -1, 983, 984, 982, -1, 982, 984, 1017, -1,
 1017, 984, 1018, -1, 1017, 1018, 1019, -1, 1019, 1018, 1024, -1,
 1019, 1024, 1057, -1, 1057, 1024, 1056, -1, 1057, 1056, 1059, -1,
 982, 976, 983, -1, 983, 976, 932, -1, 983, 932, 938, -1,
 895, 847, 846, -1, 846, 847, 838, -1, 846, 838, 845, -1,
 938, 932, 937, -1, 937, 932, 931, -1, 937, 931, 898, -1,
 898, 931, 885, -1, 898, 885, 895, -1, 895, 885, 884, -1,
 895, 884, 847, -1, 845, 838, 793, -1, 793, 838, 785, -1,
 793, 785, 792, -1, 792, 785, 783, -1, 792, 783, 750, -1,
 750, 783, 761, -1, 750, 761, 741, -1, 743, 741, 702, -1,
 702, 741, 698, -1, 702, 698, 693, -1, 693, 698, 691, -1,
 693, 691, 678, -1, 1508, 1547, 1464, -1, 1444, 1471, 1388, -1,
 1388, 1471, 1475, -1, 1388, 1475, 1429, -1, 1429, 1475, 1508, -1,
 1429, 1508, 1461, -1, 1461, 1508, 1464, -1, 2015, 1833, 1997, -1,
 1997, 1833, 1814, -1, 1805, 1984, 1782, -1, 1454, 1500, 1554, -1,
 580, 417, 535, -1, 535, 417, 383, -1, 535, 383, 530, -1,
 271, 483, 280, -1, 280, 483, 503, -1, 280, 503, 284, -1,
 172, 180, 372, -1, 626, 593, 470, -1, 1572, 1737, 1599, -1,
 1599, 1737, 1769, -1, 1599, 1769, 1622, -1, 1881, 1663, 1872, -1,
 1872, 1663, 1650, -1, 1872, 1650, 1868, -1, 173, 181, 374, -1,
 1277, 1321, 1314, -1, 1314, 1321, 1363, -1, 1314, 1363, 1319, -1,
 1573, 1735, 1619, -1, 1619, 1735, 1771, -1, 1619, 1771, 1624, -1,
 1882, 1674, 1870, -1, 1870, 1674, 1651, -1, 1870, 1651, 1866, -1,
 1978, 1971, 1780, -1, 1547, 1564, 1464, -1, 1464, 1564, 1565, -1,
 1464, 1565, 1511, -1, 1511, 1565, 1597, -1, 1511, 1597, 1535, -1,
 1535, 1597, 1654, -1, 1535, 1654, 1541, -1, 1654, 1660, 1541, -1,
 1541, 1660, 1677, -1, 1541, 1677, 1570, -1, 1677, 1704, 1570, -1,
 1570, 1704, 1768, -1, 1570, 1768, 1617, -1, 1617, 1768, 1772, -1,
 1617, 1772, 1623, -1, 1623, 1772, 1817, -1, 1623, 1817, 1648, -1,
 1817, 1857, 1648, -1, 1648, 1857, 1880, -1, 1648, 1880, 1670, -1,
 1670, 1880, 1883, -1, 1670, 1883, 1679, -1, 1679, 1883, 1892, -1,
 1679, 1892, 1705, -1, 1892, 1900, 1705, -1, 1705, 1900, 1917, -1,
 1705, 1917, 1732, -1, 1732, 1917, 1928, -1, 1732, 1928, 1742, -1,
 1742, 1928, 1939, -1, 1742, 1939, 1763, -1, 1939, 1951, 1763, -1,
 1763, 1951, 1955, -1, 1763, 1955, 1787, -1, 1787, 1955, 1973, -1,
 1787, 1973, 1794, -1, 1794, 1973, 1987, -1, 1794, 1987, 1814, -1,
 1814, 1987, 1995, -1, 1814, 1995, 1997, -1, 2028, 1850, 2015, -1,
 2015, 1850, 1837, -1, 2015, 1837, 1833, -1, 2028, 2030, 1850, -1,
 1850, 2030, 2029, -1, 1850, 2029, 1854, -1, 1854, 2029, 2000, -1,
 1854, 2000, 1823, -1, 1823, 2000, 1996, -1, 1823, 1996, 1812, -1,
 1812, 1996, 1985, -1, 1812, 1985, 1984, -1, 1984, 1966, 1782, -1,
 1782, 1966, 1954, -1, 1782, 1954, 1761, -1, 1761, 1954, 1940, -1,
 1761, 1940, 1753, -1, 1753, 1940, 1932, -1, 1753, 1932, 1727, -1,
 1932, 1921, 1727, -1, 1727, 1921, 1916, -1, 1727, 1916, 1703, -1,
 1703, 1916, 1896, -1, 1703, 1896, 1695, -1, 1695, 1896, 1890, -1,
 1695, 1890, 1666, -1, 1890, 1879, 1666, -1, 1666, 1879, 1874, -1,
 1666, 1874, 1642, -1, 1642, 1874, 1844, -1, 1642, 1844, 1636, -1,
 1844, 1806, 1636, -1, 1636, 1806, 1758, -1, 1636, 1758, 1601, -1,
 1601, 1758, 1751, -1, 1601, 1751, 1563, -1, 1563, 1751, 1691, -1,
 1563, 1691, 1561, -1, 1691, 1671, 1561, -1, 1561, 1671, 1656, -1,
 1561, 1656, 1523, -1, 1523, 1656, 1646, -1, 1523, 1646, 1502, -1,
 1502, 1646, 1585, -1, 1502, 1585, 1500, -1, 1500, 1585, 1559, -1,
 1500, 1559, 1554, -1, 1554, 1533, 1454, -1, 1454, 1533, 1507, -1,
 1454, 1507, 1428, -1, 1428, 1507, 1491, -1, 1428, 1491, 1426, -1,
 1426, 1491, 1457, -1, 1426, 1457, 1379, -1, 1457, 1442, 1379, -1,
 1379, 1442, 1417, -1, 1379, 1417, 1348, -1, 1348, 1417, 1393, -1,
 1348, 1393, 1341, -1, 1341, 1393, 1365, -1, 1341, 1365, 1299, -1,
 1365, 1346, 1299, -1, 1299, 1346, 1329, -1, 1299, 1329, 1273, -1,
 1273, 1329, 1295, -1, 1273, 1295, 1263, -1, 1263, 1295, 1269, -1,
 1263, 1269, 1221, -1, 1269, 1250, 1221, -1, 1221, 1250, 1241, -1,
 1221, 1241, 1196, -1, 1196, 1241, 1208, -1, 1196, 1208, 1189, -1,
 1189, 1208, 1169, -1, 1189, 1169, 1136, -1, 1169, 1160, 1136, -1,
 1136, 1160, 1149, -1, 1136, 1149, 1118, -1, 1118, 1149, 1114, -1,
 1118, 1114, 1104, -1, 1104, 1114, 1078, -1, 1104, 1078, 1067, -1,
 1067, 1078, 1062, -1, 1067, 1062, 1055, -1, 1055, 1062, 1023, -1,
 1055, 1023, 1034, -1, 1034, 1023, 1009, -1, 1034, 1009, 998, -1,
 998, 1009, 980, -1, 998, 980, 987, -1, 987, 980, 974, -1,
 987, 974, 955, -1, 974, 936, 955, -1, 955, 936, 922, -1,
 955, 922, 918, -1, 918, 922, 889, -1, 918, 889, 912, -1,
 912, 889, 871, -1, 912, 871, 879, -1, 833, 748, 802, -1,
 802, 748, 745, -1, 802, 745, 765, -1, 765, 745, 704, -1,
 765, 704, 759, -1, 871, 843, 879, -1, 879, 843, 828, -1,
 879, 828, 836, -1, 836, 828, 789, -1, 836, 789, 833, -1,
 833, 789, 775, -1, 833, 775, 748, -1, 684, 686, 640, -1,
 640, 686, 720, -1, 640, 720, 660, -1, 660, 720, 759, -1,
 660, 759, 672, -1, 672, 759, 704, -1, 555, 637, 574, -1,
 574, 637, 684, -1, 574, 684, 605, -1, 605, 684, 640, -1,
 555, 546, 637, -1, 637, 546, 520, -1, 637, 520, 617, -1,
 617, 520, 498, -1, 617, 498, 612, -1, 612, 498, 440, -1,
 612, 440, 580, -1, 580, 440, 436, -1, 580, 436, 417, -1,
 530, 383, 503, -1, 503, 383, 291, -1, 503, 291, 284, -1,
 249, 442, 271, -1, 271, 442, 475, -1, 271, 475, 483, -1,
 249, 246, 442, -1, 442, 246, 238, -1, 442, 238, 420, -1,
 420, 238, 224, -1, 420, 224, 411, -1, 411, 224, 205, -1,
 411, 205, 389, -1, 205, 199, 389, -1, 389, 199, 195, -1,
 389, 195, 366, -1, 366, 195, 177, -1, 366, 177, 360, -1,
 360, 177, 168, -1, 360, 168, 336, -1, 168, 158, 336, -1,
 336, 158, 151, -1, 336, 151, 318, -1, 318, 151, 133, -1,
 318, 133, 315, -1, 315, 133, 124, -1, 315, 124, 302, -1,
 302, 124, 130, -1, 302, 130, 299, -1, 299, 130, 139, -1,
 299, 139, 328, -1, 372, 346, 172, -1, 172, 346, 340, -1,
 172, 340, 147, -1, 147, 340, 328, -1, 147, 328, 142, -1,
 142, 328, 139, -1, 180, 184, 372, -1, 372, 184, 191, -1,
 372, 191, 392, -1, 392, 191, 213, -1, 392, 213, 399, -1,
 399, 213, 227, -1, 399, 227, 426, -1, 227, 231, 426, -1,
 426, 231, 242, -1, 426, 242, 451, -1, 451, 242, 256, -1,
 451, 256, 457, -1, 457, 256, 265, -1, 457, 265, 489, -1,
 265, 274, 489, -1, 489, 274, 288, -1, 489, 288, 511, -1,
 511, 288, 307, -1, 511, 307, 516, -1, 516, 307, 358, -1,
 516, 358, 550, -1, 550, 358, 405, -1, 550, 405, 591, -1,
 591, 405, 445, -1, 591, 445, 593, -1, 593, 445, 461, -1,
 593, 461, 470, -1, 470, 507, 626, -1, 626, 507, 559, -1,
 626, 559, 643, -1, 643, 559, 563, -1, 643, 563, 655, -1,
 655, 563, 569, -1, 655, 569, 697, -1, 569, 619, 697, -1,
 697, 619, 649, -1, 697, 649, 722, -1, 722, 649, 663, -1,
 722, 663, 729, -1, 729, 663, 676, -1, 729, 676, 772, -1,
 676, 708, 772, -1, 772, 708, 738, -1, 772, 738, 801, -1,
 801, 738, 756, -1, 801, 756, 814, -1, 814, 756, 779, -1,
 814, 779, 851, -1, 779, 806, 851, -1, 851, 806, 823, -1,
 851, 823, 864, -1, 864, 823, 855, -1, 864, 855, 892, -1,
 892, 855, 867, -1, 892, 867, 928, -1, 867, 902, 928, -1,
 928, 902, 909, -1, 928, 909, 948, -1, 948, 909, 942, -1,
 948, 942, 965, -1, 965, 942, 970, -1, 965, 970, 1013, -1,
 970, 990, 1013, -1, 1013, 990, 1001, -1, 1013, 1001, 1026, -1,
 1026, 1001, 1040, -1, 1026, 1040, 1050, -1, 1050, 1040, 1076, -1,
 1050, 1076, 1083, -1, 1083, 1076, 1088, -1, 1083, 1088, 1099, -1,
 1099, 1088, 1127, -1, 1099, 1127, 1120, -1, 1120, 1127, 1140, -1,
 1120, 1140, 1152, -1, 1140, 1172, 1152, -1, 1152, 1172, 1178, -1,
 1152, 1178, 1185, -1, 1185, 1178, 1214, -1, 1185, 1214, 1200, -1,
 1200, 1214, 1228, -1, 1200, 1228, 1230, -1, 1333, 1405, 1351, -1,
 1351, 1405, 1408, -1, 1351, 1408, 1384, -1, 1384, 1408, 1446, -1,
 1384, 1446, 1402, -1, 1228, 1265, 1230, -1, 1230, 1265, 1281, -1,
 1230, 1281, 1253, -1, 1253, 1281, 1306, -1, 1253, 1306, 1276, -1,
 1276, 1306, 1323, -1, 1276, 1323, 1312, -1, 1312, 1323, 1361, -1,
 1312, 1361, 1333, -1, 1333, 1361, 1376, -1, 1333, 1376, 1405, -1,
 1516, 1473, 1595, -1, 1446, 1482, 1402, -1, 1402, 1482, 1494, -1,
 1402, 1494, 1431, -1, 1431, 1494, 1510, -1, 1431, 1510, 1463, -1,
 1463, 1510, 1548, -1, 1463, 1548, 1473, -1, 1473, 1548, 1577, -1,
 1473, 1577, 1595, -1, 1595, 1609, 1516, -1, 1516, 1609, 1633, -1,
 1516, 1633, 1526, -1, 1526, 1633, 1655, -1, 1526, 1655, 1540, -1,
 1540, 1655, 1712, -1, 1540, 1712, 1572, -1, 1572, 1712, 1718, -1,
 1572, 1718, 1737, -1, 1622, 1769, 1650, -1, 1650, 1769, 1860, -1,
 1650, 1860, 1868, -1, 1902, 1716, 1881, -1, 1881, 1716, 1678, -1,
 1881, 1678, 1663, -1, 1902, 1906, 1716, -1, 1716, 1906, 1914, -1,
 1716, 1914, 1724, -1, 1724, 1914, 1927, -1, 1724, 1927, 1740, -1,
 1740, 1927, 1947, -1, 1740, 1947, 1766, -1, 1766, 1947, 1952, -1,
 1766, 1952, 1779, -1, 1779, 1952, 1958, -1, 1779, 1958, 1791, -1,
 1958, 1974, 1791, -1, 1791, 1974, 1982, -1, 1791, 1982, 1818, -1,
 1818, 1982, 1993, -1, 1818, 1993, 1826, -1, 1826, 1993, 2003, -1,
 1826, 2003, 1829, -1, 2003, 2018, 1829, -1, 1829, 2018, 2026, -1,
 1829, 2026, 1846, -1, 1846, 2026, 2021, -1, 1846, 2021, 1849, -1,
 1849, 2021, 2013, -1, 1849, 2013, 1824, -1, 2013, 2010, 1824, -1,
 1824, 2010, 2007, -1, 1824, 2007, 1810, -1, 1810, 2007, 1979, -1,
 1810, 1979, 1801, -1, 1801, 1979, 1972, -1, 1801, 1972, 1783, -1,
 1972, 1969, 1783, -1, 1783, 1969, 1962, -1, 1783, 1962, 1759, -1,
 1759, 1962, 1938, -1, 1759, 1938, 1746, -1, 1746, 1938, 1925, -1,
 1746, 1925, 1726, -1, 1925, 1922, 1726, -1, 1726, 1922, 1910, -1,
 1726, 1910, 1700, -1, 1700, 1910, 1895, -1, 1700, 1895, 1688, -1,
 1688, 1895, 1888, -1, 1688, 1888, 1665, -1, 1888, 1878, 1665, -1,
 1665, 1878, 1864, -1, 1665, 1864, 1640, -1, 1640, 1864, 1843, -1,
 1640, 1843, 1628, -1, 1628, 1843, 1797, -1, 1628, 1797, 1600, -1,
 1797, 1747, 1600, -1, 1600, 1747, 1708, -1, 1600, 1708, 1558, -1,
 1558, 1708, 1692, -1, 1558, 1692, 1553, -1, 1553, 1692, 1684, -1,
 1553, 1684, 1522, -1, 1684, 1644, 1522, -1, 1522, 1644, 1591, -1,
 1522, 1591, 1497, -1, 1497, 1591, 1586, -1, 1497, 1586, 1487, -1,
 1487, 1586, 1581, -1, 1487, 1581, 1450, -1, 1581, 1531, 1450, -1,
 1450, 1531, 1505, -1, 1450, 1505, 1424, -1, 1424, 1505, 1489, -1,
 1424, 1489, 1421, -1, 1421, 1489, 1478, -1, 1421, 1478, 1368, -1,
 1478, 1440, 1368, -1, 1368, 1440, 1415, -1, 1368, 1415, 1339, -1,
 1339, 1415, 1391, -1, 1339, 1391, 1335, -1, 1335, 1391, 1372, -1,
 1335, 1372, 1297, -1, 1372, 1344, 1297, -1, 1297, 1344, 1327, -1,
 1297, 1327, 1260, -1, 1260, 1327, 1293, -1, 1260, 1293, 1259, -1,
 1259, 1293, 1285, -1, 1259, 1285, 1219, -1, 1285, 1248, 1219, -1,
 1219, 1248, 1239, -1, 1219, 1239, 1192, -1, 1192, 1239, 1206, -1,
 1192, 1206, 1187, -1, 1187, 1206, 1182, -1, 1187, 1182, 1134, -1,
 1182, 1158, 1134, -1, 1134, 1158, 1147, -1, 1134, 1147, 1107, -1,
 1107, 1147, 1112, -1, 1107, 1112, 1102, -1, 1102, 1112, 1074, -1,
 1102, 1074, 1064, -1, 1064, 1074, 1060, -1, 1064, 1060, 1047, -1,
 1047, 1060, 1021, -1, 1047, 1021, 1031, -1, 1031, 1021, 1007, -1,
 1031, 1007, 996, -1, 1007, 978, 996, -1, 996, 978, 972, -1,
 996, 972, 963, -1, 963, 972, 934, -1, 963, 934, 952, -1,
 952, 934, 920, -1, 952, 920, 917, -1, 920, 887, 917, -1,
 917, 887, 869, -1, 917, 869, 897, -1, 897, 869, 841, -1,
 897, 841, 877, -1, 877, 841, 826, -1, 877, 826, 835, -1,
 826, 787, 835, -1, 835, 787, 773, -1, 835, 773, 819, -1,
 819, 773, 746, -1, 819, 746, 798, -1, 798, 746, 742, -1,
 798, 742, 766, -1, 742, 701, 766, -1, 766, 701, 670, -1,
 766, 670, 733, -1, 733, 670, 658, -1, 733, 658, 718, -1,
 718, 658, 638, -1, 718, 638, 688, -1, 638, 602, 688, -1,
 688, 602, 572, -1, 688, 572, 668, -1, 668, 572, 553, -1,
 668, 553, 634, -1, 553, 539, 634, -1, 634, 539, 518, -1,
 634, 518, 610, -1, 610, 518, 495, -1, 610, 495, 607, -1,
 607, 495, 438, -1, 607, 438, 579, -1, 382, 290, 502, -1,
 438, 431, 579, -1, 579, 431, 415, -1, 579, 415, 529, -1,
 529, 415, 382, -1, 529, 382, 528, -1, 528, 382, 502, -1,
 270, 248, 437, -1, 290, 282, 502, -1, 502, 282, 278, -1,
 502, 278, 473, -1, 473, 278, 270, -1, 473, 270, 467, -1,
 467, 270, 437, -1, 248, 244, 437, -1, 437, 244, 236, -1,
 437, 236, 410, -1, 410, 236, 223, -1, 410, 223, 409, -1,
 409, 223, 203, -1, 409, 203, 388, -1, 388, 203, 197, -1,
 388, 197, 354, -1, 354, 197, 193, -1, 354, 193, 352, -1,
 193, 176, 352, -1, 352, 176, 166, -1, 352, 166, 337, -1,
 166, 155, 337, -1, 337, 155, 149, -1, 337, 149, 311, -1,
 311, 149, 132, -1, 311, 132, 309, -1, 309, 132, 122, -1,
 309, 122, 300, -1, 300, 122, 131, -1, 300, 131, 297, -1,
 297, 131, 137, -1, 297, 137, 329, -1, 374, 343, 173, -1,
 173, 343, 339, -1, 173, 339, 145, -1, 145, 339, 329, -1,
 145, 329, 143, -1, 143, 329, 137, -1, 181, 182, 374, -1,
 374, 182, 189, -1, 374, 189, 391, -1, 391, 189, 214, -1,
 391, 214, 394, -1, 394, 214, 225, -1, 394, 225, 428, -1,
 225, 232, 428, -1, 428, 232, 240, -1, 428, 240, 448, -1,
 448, 240, 257, -1, 448, 257, 450, -1, 450, 257, 263, -1,
 450, 263, 490, -1, 263, 275, 490, -1, 490, 275, 286, -1,
 490, 286, 509, -1, 509, 286, 314, -1, 509, 314, 512, -1,
 512, 314, 356, -1, 512, 356, 552, -1, 356, 407, 552, -1,
 552, 407, 443, -1, 552, 443, 586, -1, 586, 443, 463, -1,
 586, 463, 595, -1, 595, 463, 468, -1, 595, 468, 627, -1,
 468, 510, 627, -1, 627, 510, 557, -1, 627, 557, 645, -1,
 645, 557, 565, -1, 645, 565, 656, -1, 656, 565, 567, -1,
 656, 567, 699, -1, 567, 621, 699, -1, 699, 621, 647, -1,
 699, 647, 724, -1, 724, 647, 665, -1, 724, 665, 730, -1,
 730, 665, 674, -1, 730, 674, 781, -1, 674, 710, 781, -1,
 781, 710, 736, -1, 781, 736, 804, -1, 804, 736, 760, -1,
 804, 760, 815, -1, 815, 760, 777, -1, 815, 777, 853, -1,
 777, 808, 853, -1, 853, 808, 821, -1, 853, 821, 874, -1,
 874, 821, 857, -1, 874, 857, 894, -1, 894, 857, 865, -1,
 894, 865, 930, -1, 865, 904, 930, -1, 930, 904, 907, -1,
 930, 907, 950, -1, 950, 907, 944, -1, 950, 944, 967, -1,
 967, 944, 968, -1, 967, 968, 1015, -1, 968, 992, 1015, -1,
 1015, 992, 999, -1, 1015, 999, 1029, -1, 1029, 999, 1042, -1,
 1029, 1042, 1052, -1, 1052, 1042, 1072, -1, 1052, 1072, 1086, -1,
 1086, 1072, 1091, -1, 1086, 1091, 1097, -1, 1097, 1091, 1129, -1,
 1097, 1129, 1123, -1, 1123, 1129, 1138, -1, 1123, 1138, 1155, -1,
 1155, 1138, 1174, -1, 1155, 1174, 1165, -1, 1165, 1174, 1176, -1,
 1165, 1176, 1202, -1, 1176, 1216, 1202, -1, 1202, 1216, 1226, -1,
 1202, 1226, 1233, -1, 1233, 1226, 1267, -1, 1233, 1267, 1244, -1,
 1244, 1267, 1279, -1, 1244, 1279, 1277, -1, 1277, 1279, 1308, -1,
 1277, 1308, 1321, -1, 1395, 1492, 1432, -1, 1432, 1492, 1513, -1,
 1432, 1513, 1465, -1, 1465, 1513, 1550, -1, 1465, 1550, 1467, -1,
 1363, 1374, 1319, -1, 1319, 1374, 1403, -1, 1319, 1403, 1352, -1,
 1352, 1403, 1411, -1, 1352, 1411, 1386, -1, 1386, 1411, 1449, -1,
 1386, 1449, 1395, -1, 1395, 1449, 1480, -1, 1395, 1480, 1492, -1,
 1550, 1575, 1467, -1, 1467, 1575, 1593, -1, 1467, 1593, 1515, -1,
 1593, 1612, 1515, -1, 1515, 1612, 1631, -1, 1515, 1631, 1538, -1,
 1538, 1631, 1658, -1, 1538, 1658, 1543, -1, 1543, 1658, 1710, -1,
 1543, 1710, 1573, -1, 1573, 1710, 1721, -1, 1573, 1721, 1735, -1,
 1624, 1771, 1651, -1, 1651, 1771, 1861, -1, 1651, 1861, 1866, -1,
 1903, 1717, 1882, -1, 1882, 1717, 1681, -1, 1882, 1681, 1674, -1,
 1903, 1904, 1717, -1, 1717, 1904, 1912, -1, 1717, 1912, 1734, -1,
 1734, 1912, 1929, -1, 1734, 1929, 1743, -1, 1743, 1929, 1945, -1,
 1743, 1945, 1765, -1, 1945, 1953, 1765, -1, 1765, 1953, 1956, -1,
 1765, 1956, 1789, -1, 1789, 1956, 1975, -1, 1789, 1975, 1799, -1,
 1799, 1975, 1980, -1, 1799, 1980, 1816, -1, 1980, 1994, 1816, -1,
 1816, 1994, 2001, -1, 1816, 2001, 1835, -1, 1835, 2001, 2019, -1,
 1835, 2019, 1838, -1, 1838, 2019, 2024, -1, 1838, 2024, 1851, -1,
 1851, 2024, 2020, -1, 1851, 2020, 1855, -1, 1855, 2020, 2011, -1,
 1855, 2011, 1822, -1, 1780, 1808, 1978, -1, 1978, 1808, 1811, -1,
 1978, 1811, 2005, -1, 2005, 1811, 1822, -1, 2005, 1822, 2009, -1,
 2009, 1822, 2011, -1, 1971, 1967, 1780, -1, 1780, 1967, 1960, -1,
 1780, 1960, 1760, -1, 1760, 1960, 1937, -1, 1760, 1937, 1756, -1,
 1756, 1937, 1923, -1, 1756, 1923, 1725, -1, 1923, 1920, 1725, -1,
 1725, 1920, 1908, -1, 1725, 1908, 1702, -1, 1702, 1908, 1894, -1,
 1702, 1894, 1698, -1, 1698, 1894, 1886, -1, 1698, 1886, 1664, -1,
 1625, 1639, 1839, -1, 1839, 1639, 1641, -1, 1839, 1641, 1862, -1,
 1862, 1641, 1664, -1, 1862, 1664, 1876, -1, 1876, 1664, 1886, -1,
 1637, 1639, 1625, -1, 1827, 1852, 1855, -1, 423, 425, 427, -1,
 327, 326, 325, -1, 325, 326, 323, -1, 323, 326, 308, -1,
 308, 326, 295, -1, 308, 295, 301, -1, 301, 295, 304, -1,
 301, 304, 320, -1, 320, 304, 313, -1, 320, 313, 334, -1,
 334, 313, 331, -1, 334, 331, 350, -1, 350, 331, 351, -1,
 350, 351, 361, -1, 361, 351, 363, -1, 361, 363, 384, -1,
 384, 363, 390, -1, 384, 390, 400, -1, 400, 390, 401, -1,
 400, 401, 412, -1, 412, 401, 421, -1, 412, 421, 432, -1,
 432, 421, 452, -1, 432, 452, 458, -1, 458, 452, 459, -1,
 458, 459, 476, -1, 476, 459, 491, -1, 476, 491, 499, -1,
 499, 491, 523, -1, 499, 523, 522, -1, 370, 371, 368, -1,
 368, 371, 344, -1, 327, 325, 344, -1, 344, 325, 349, -1,
 344, 349, 368, -1, 423, 427, 397, -1, 397, 427, 402, -1,
 397, 402, 370, -1, 370, 402, 373, -1, 370, 373, 371, -1,
 488, 462, 455, -1, 455, 462, 425, -1, 425, 462, 429, -1,
 425, 429, 427, -1, 455, 484, 488, -1, 488, 484, 485, -1,
 488, 485, 493, -1, 493, 485, 514, -1, 493, 514, 525, -1,
 1855, 1852, 1851, -1, 1851, 1852, 1856, -1, 1851, 1856, 1838, -1,
 1838, 1856, 1842, -1, 1838, 1842, 1835, -1, 1835, 1842, 1831, -1,
 1835, 1831, 1816, -1, 1816, 1831, 1820, -1, 1816, 1820, 1799, -1,
 1799, 1820, 1790, -1, 1799, 1790, 1789, -1, 1789, 1790, 1788, -1,
 1789, 1788, 1765, -1, 1765, 1788, 1762, -1, 1765, 1762, 1743, -1,
 1743, 1762, 1733, -1, 1743, 1733, 1734, -1, 1734, 1733, 1730, -1,
 1734, 1730, 1717, -1, 1717, 1730, 1701, -1, 1717, 1701, 1681, -1,
 1681, 1701, 1672, -1, 1681, 1672, 1674, -1, 1674, 1672, 1661, -1,
 1674, 1661, 1651, -1, 1855, 1822, 1827, -1, 1827, 1822, 1811, -1,
 1827, 1811, 1809, -1, 1809, 1811, 1808, -1, 1809, 1808, 1807, -1,
 1807, 1808, 1781, -1, 1756, 1754, 1760, -1, 1760, 1754, 1781, -1,
 1760, 1781, 1780, -1, 1780, 1781, 1808, -1, 1702, 1698, 1696, -1,
 1702, 1696, 1725, -1, 1725, 1696, 1722, -1, 1725, 1722, 1756, -1,
 1756, 1722, 1750, -1, 1756, 1750, 1754, -1, 1639, 1637, 1641, -1,
 1641, 1637, 1664, -1, 1664, 1637, 1659, -1, 1664, 1659, 1698, -1,
 1698, 1659, 1693, -1, 1698, 1693, 1696, -1, 1661, 1629, 1651, -1,
 1651, 1629, 1626, -1, 1651, 1626, 1624, -1, 1624, 1626, 1618, -1,
 1624, 1618, 1619, -1, 1619, 1618, 1611, -1, 1619, 1611, 1573, -1,
 1573, 1611, 1557, -1, 1573, 1557, 1543, -1, 1543, 1557, 1537, -1,
 1543, 1537, 1538, -1, 1538, 1537, 1527, -1, 1538, 1527, 1515, -1,
 1515, 1527, 1498, -1, 1515, 1498, 1467, -1, 1467, 1498, 1466, -1,
 1467, 1466, 1465, -1, 1465, 1466, 1455, -1, 1465, 1455, 1432, -1,
 1432, 1455, 1425, -1, 1432, 1425, 1395, -1, 1395, 1425, 1394, -1,
 1395, 1394, 1386, -1, 1386, 1394, 1380, -1, 1386, 1380, 1352, -1,
 1352, 1380, 1340, -1, 1352, 1340, 1319, -1, 1319, 1340, 1318, -1,
 1319, 1318, 1314, -1, 1314, 1318, 1300, -1, 1314, 1300, 1277, -1,
 1277, 1300, 1262, -1, 1277, 1262, 1244, -1, 1244, 1262, 1243, -1,
 1244, 1243, 1233, -1, 1233, 1243, 1222, -1, 1233, 1222, 1202, -1,
 1202, 1222, 1190, -1, 1202, 1190, 1165, -1, 1165, 1190, 1164, -1,
 1165, 1164, 1155, -1, 1155, 1164, 1137, -1, 1155, 1137, 1123, -1,
 1123, 1137, 1105, -1, 1123, 1105, 1097, -1, 1097, 1105, 1096, -1,
 1097, 1096, 1086, -1, 1086, 1096, 1068, -1, 1086, 1068, 1052, -1,
 1052, 1068, 1035, -1, 1052, 1035, 1029, -1, 1029, 1035, 1028, -1,
 1029, 1028, 1015, -1, 1015, 1028, 1004, -1, 1015, 1004, 967, -1,
 967, 1004, 954, -1, 967, 954, 950, -1, 950, 954, 949, -1,
 950, 949, 930, -1, 930, 949, 924, -1, 930, 924, 894, -1,
 894, 924, 878, -1, 894, 878, 874, -1, 874, 878, 873, -1,
 874, 873, 853, -1, 853, 873, 839, -1, 853, 839, 815, -1,
 815, 839, 803, -1, 815, 803, 804, -1, 804, 803, 799, -1,
 804, 799, 781, -1, 781, 799, 768, -1, 781, 768, 730, -1,
 730, 768, 723, -1, 730, 723, 724, -1, 724, 723, 719, -1,
 724, 719, 699, -1, 699, 719, 690, -1, 699, 690, 656, -1,
 656, 690, 644, -1, 656, 644, 645, -1, 645, 644, 635, -1,
 645, 635, 627, -1, 627, 635, 615, -1, 627, 615, 595, -1,
 595, 615, 585, -1, 595, 585, 586, -1, 586, 585, 578, -1,
 586, 578, 552, -1, 552, 578, 533, -1, 552, 533, 512, -1,
 512, 533, 508, -1, 512, 508, 509, -1, 509, 508, 501, -1,
 509, 501, 490, -1, 490, 501, 479, -1, 490, 479, 450, -1,
 450, 479, 449, -1, 450, 449, 448, -1, 448, 449, 434, -1,
 448, 434, 428, -1, 428, 434, 414, -1, 428, 414, 394, -1,
 394, 414, 393, -1, 394, 393, 391, -1, 391, 393, 385, -1,
 391, 385, 374, -1, 374, 385, 364, -1, 374, 364, 343, -1,
 343, 364, 342, -1, 343, 342, 339, -1, 339, 342, 332, -1,
 339, 332, 329, -1, 329, 332, 322, -1, 329, 322, 297, -1,
 297, 322, 296, -1, 297, 296, 300, -1, 300, 296, 303, -1,
 300, 303, 309, -1, 309, 303, 310, -1, 309, 310, 311, -1,
 311, 310, 324, -1, 311, 324, 337, -1, 337, 324, 347, -1,
 337, 347, 352, -1, 352, 347, 353, -1, 352, 353, 354, -1,
 354, 353, 369, -1, 354, 369, 388, -1, 388, 369, 395, -1,
 388, 395, 409, -1, 409, 395, 408, -1, 409, 408, 410, -1,
 410, 408, 424, -1, 410, 424, 437, -1, 437, 424, 453, -1,
 437, 453, 467, -1, 467, 453, 466, -1, 467, 466, 473, -1,
 473, 466, 487, -1, 473, 487, 502, -1, 502, 487, 513, -1,
 502, 513, 528, -1, 528, 513, 527, -1, 528, 527, 529, -1,
 529, 527, 549, -1, 529, 549, 579, -1, 579, 549, 596, -1,
 579, 596, 607, -1, 607, 596, 606, -1, 607, 606, 610, -1,
 610, 606, 623, -1, 610, 623, 634, -1, 634, 623, 654, -1,
 634, 654, 668, -1, 668, 654, 667, -1, 668, 667, 688, -1,
 688, 667, 695, -1, 688, 695, 718, -1, 718, 695, 728, -1,
 718, 728, 733, -1, 733, 728, 732, -1, 733, 732, 766, -1,
 766, 732, 770, -1, 766, 770, 798, -1, 798, 770, 813, -1,
 798, 813, 819, -1, 819, 813, 818, -1, 819, 818, 835, -1,
 835, 818, 850, -1, 835, 850, 877, -1, 877, 850, 891, -1,
 877, 891, 897, -1, 897, 891, 896, -1, 897, 896, 917, -1,
 917, 896, 927, -1, 917, 927, 952, -1, 952, 927, 962, -1,
 964, 996, 962, -1, 962, 996, 963, -1, 962, 963, 952, -1,
 1012, 1047, 964, -1, 964, 1047, 1031, -1, 964, 1031, 996, -1,
 1012, 1046, 1047, -1, 1047, 1046, 1049, -1, 1047, 1049, 1064, -1,
 1064, 1049, 1082, -1, 1064, 1082, 1102, -1, 1102, 1082, 1106, -1,
 1102, 1106, 1107, -1, 1107, 1106, 1119, -1, 1107, 1119, 1134, -1,
 1134, 1119, 1151, -1, 1134, 1151, 1187, -1, 1187, 1151, 1191, -1,
 1187, 1191, 1192, -1, 1192, 1191, 1199, -1, 1192, 1199, 1219, -1,
 1219, 1199, 1225, -1, 1219, 1225, 1259, -1, 1259, 1225, 1258, -1,
 1259, 1258, 1260, -1, 1260, 1258, 1275, -1, 1260, 1275, 1297, -1,
 1297, 1275, 1310, -1, 1297, 1310, 1335, -1, 1335, 1310, 1334, -1,
 1335, 1334, 1339, -1, 1339, 1334, 1350, -1, 1339, 1350, 1368, -1,
 1368, 1350, 1381, -1, 1368, 1381, 1421, -1, 1421, 1381, 1420, -1,
 1421, 1420, 1424, -1, 1424, 1420, 1430, -1, 1424, 1430, 1450, -1,
 1450, 1430, 1459, -1, 1450, 1459, 1487, -1, 1487, 1459, 1486, -1,
 1487, 1486, 1497, -1, 1497, 1486, 1514, -1, 1497, 1514, 1522, -1,
 1522, 1514, 1536, -1, 1522, 1536, 1553, -1, 1553, 1536, 1552, -1,
 1553, 1552, 1558, -1, 1558, 1552, 1571, -1, 1558, 1571, 1600, -1,
 1600, 1571, 1620, -1, 1600, 1620, 1628, -1, 1628, 1620, 1627, -1,
 1628, 1627, 1640, -1, 1640, 1627, 1649, -1, 1640, 1649, 1665, -1,
 1665, 1649, 1675, -1, 1665, 1675, 1688, -1, 1688, 1675, 1687, -1,
 1688, 1687, 1700, -1, 1700, 1687, 1715, -1, 1700, 1715, 1726, -1,
 1726, 1715, 1741, -1, 1726, 1741, 1746, -1, 1746, 1741, 1745, -1,
 1746, 1745, 1759, -1, 1759, 1745, 1764, -1, 1759, 1764, 1783, -1,
 1783, 1764, 1793, -1, 1783, 1793, 1801, -1, 1801, 1793, 1800, -1,
 1801, 1800, 1810, -1, 1810, 1800, 1815, -1, 1810, 1815, 1824, -1,
 1824, 1815, 1836, -1, 1824, 1836, 1849, -1, 1849, 1836, 1848, -1,
 1849, 1848, 1846, -1, 1846, 1848, 1841, -1, 1846, 1841, 1829, -1,
 1829, 1841, 1828, -1, 1829, 1828, 1826, -1, 1826, 1828, 1825, -1,
 1826, 1825, 1818, -1, 1818, 1825, 1803, -1, 1818, 1803, 1791, -1,
 1791, 1803, 1784, -1, 1791, 1784, 1779, -1, 1779, 1784, 1778, -1,
 1779, 1778, 1766, -1, 1766, 1778, 1757, -1, 1766, 1757, 1740, -1,
 1740, 1757, 1729, -1, 1740, 1729, 1724, -1, 1724, 1729, 1723, -1,
 1724, 1723, 1716, -1, 1716, 1723, 1699, -1, 1716, 1699, 1678, -1,
 1678, 1699, 1668, -1, 1678, 1668, 1663, -1, 1663, 1668, 1662, -1,
 1663, 1662, 1650, -1, 1650, 1662, 1638, -1, 1650, 1638, 1622, -1,
 1622, 1638, 1610, -1, 1622, 1610, 1599, -1, 1599, 1610, 1598, -1,
 1599, 1598, 1572, -1, 1572, 1598, 1556, -1, 1572, 1556, 1540, -1,
 1540, 1556, 1528, -1, 1540, 1528, 1526, -1, 1526, 1528, 1525, -1,
 1526, 1525, 1516, -1, 1516, 1525, 1499, -1, 1516, 1499, 1473, -1,
 1473, 1499, 1472, -1, 1473, 1472, 1463, -1, 1463, 1472, 1453, -1,
 1463, 1453, 1431, -1, 1431, 1453, 1423, -1, 1431, 1423, 1402, -1,
 1402, 1423, 1401, -1, 1402, 1401, 1384, -1, 1384, 1401, 1378, -1,
 1384, 1378, 1351, -1, 1351, 1378, 1338, -1, 1351, 1338, 1333, -1,
 1333, 1338, 1332, -1, 1333, 1332, 1312, -1, 1312, 1332, 1298, -1,
 1312, 1298, 1276, -1, 1276, 1298, 1261, -1, 1276, 1261, 1253, -1,
 1253, 1261, 1252, -1, 1253, 1252, 1230, -1, 1230, 1252, 1220, -1,
 1230, 1220, 1200, -1, 1200, 1220, 1188, -1, 1200, 1188, 1185, -1,
 1185, 1188, 1184, -1, 1185, 1184, 1152, -1, 1152, 1184, 1135, -1,
 1152, 1135, 1120, -1, 1120, 1135, 1103, -1, 1120, 1103, 1099, -1,
 1099, 1103, 1098, -1, 1099, 1098, 1083, -1, 1083, 1098, 1066, -1,
 1083, 1066, 1050, -1, 1050, 1066, 1032, -1, 1050, 1032, 1026, -1,
 1026, 1032, 1025, -1, 1026, 1025, 1013, -1, 1013, 1025, 997, -1,
 1013, 997, 965, -1, 965, 997, 953, -1, 965, 953, 948, -1,
 948, 953, 947, -1, 948, 947, 928, -1, 928, 947, 919, -1,
 928, 919, 892, -1, 892, 919, 876, -1, 892, 876, 864, -1,
 864, 876, 863, -1, 864, 863, 851, -1, 851, 863, 837, -1,
 851, 837, 814, -1, 814, 837, 800, -1, 814, 800, 801, -1,
 801, 800, 797, -1, 801, 797, 772, -1, 772, 797, 767, -1,
 772, 767, 729, -1, 729, 767, 721, -1, 729, 721, 722, -1,
 722, 721, 717, -1, 722, 717, 697, -1, 697, 717, 689, -1,
 697, 689, 655, -1, 655, 689, 642, -1, 655, 642, 643, -1,
 633, 614, 593, -1, 593, 614, 591, -1, 633, 593, 642, -1,
 642, 593, 626, -1, 642, 626, 643, -1, 614, 590, 591, -1,
 591, 590, 577, -1, 591, 577, 550, -1, 550, 577, 532, -1,
 550, 532, 516, -1, 516, 532, 515, -1, 516, 515, 511, -1,
 511, 515, 500, -1, 511, 500, 489, -1, 489, 500, 478, -1,
 489, 478, 457, -1, 457, 478, 456, -1, 457, 456, 451, -1,
 451, 456, 433, -1, 451, 433, 426, -1, 426, 433, 413, -1,
 426, 413, 399, -1, 399, 413, 398, -1, 399, 398, 392, -1,
 392, 398, 386, -1, 392, 386, 372, -1, 372, 386, 362, -1,
 372, 362, 346, -1, 346, 362, 345, -1, 346, 345, 340, -1,
 340, 345, 333, -1, 340, 333, 328, -1, 328, 333, 321, -1,
 328, 321, 299, -1, 299, 321, 298, -1, 299, 298, 302, -1,
 302, 298, 305, -1, 302, 305, 315, -1, 315, 305, 317, -1,
 319, 336, 317, -1, 317, 336, 318, -1, 317, 318, 315, -1,
 348, 366, 319, -1, 319, 366, 360, -1, 319, 360, 336, -1,
 348, 365, 366, -1, 366, 365, 367, -1, 366, 367, 389, -1,
 389, 367, 396, -1, 389, 396, 411, -1, 411, 396, 419, -1,
 411, 419, 420, -1, 420, 419, 422, -1, 420, 422, 442, -1,
 442, 422, 454, -1, 442, 454, 475, -1, 475, 454, 482, -1,
 475, 482, 483, -1, 483, 482, 486, -1, 483, 486, 503, -1,
 503, 486, 517, -1, 503, 517, 530, -1, 530, 517, 534, -1,
 530, 534, 535, -1, 535, 534, 548, -1, 535, 548, 580, -1,
 580, 548, 597, -1, 580, 597, 612, -1, 612, 597, 616, -1,
 612, 616, 617, -1, 624, 657, 684, -1, 684, 657, 686, -1,
 624, 684, 616, -1, 616, 684, 637, -1, 616, 637, 617, -1,
 657, 685, 686, -1, 686, 685, 696, -1, 686, 696, 720, -1,
 720, 696, 731, -1, 720, 731, 759, -1, 759, 731, 758, -1,
 759, 758, 765, -1, 765, 758, 771, -1, 765, 771, 802, -1,
 802, 771, 816, -1, 802, 816, 833, -1, 833, 816, 832, -1,
 833, 832, 836, -1, 836, 832, 852, -1, 836, 852, 879, -1,
 879, 852, 893, -1, 879, 893, 912, -1, 912, 893, 911, -1,
 912, 911, 918, -1, 918, 911, 929, -1, 918, 929, 955, -1,
 955, 929, 966, -1, 955, 966, 987, -1, 987, 966, 986, -1,
 987, 986, 998, -1, 998, 986, 1014, -1, 998, 1014, 1034, -1,
 1034, 1014, 1051, -1, 1034, 1051, 1055, -1, 1055, 1051, 1054, -1,
 1055, 1054, 1067, -1, 1067, 1054, 1085, -1, 1067, 1085, 1104, -1,
 1104, 1085, 1117, -1, 1104, 1117, 1118, -1, 1118, 1117, 1122, -1,
 1118, 1122, 1136, -1, 1136, 1122, 1153, -1, 1136, 1153, 1189, -1,
 1189, 1153, 1195, -1, 1189, 1195, 1196, -1, 1196, 1195, 1201, -1,
 1196, 1201, 1221, -1, 1221, 1201, 1231, -1, 1221, 1231, 1263, -1,
 1263, 1231, 1272, -1, 1263, 1272, 1273, -1, 1273, 1272, 1278, -1,
 1273, 1278, 1299, -1, 1299, 1278, 1313, -1, 1299, 1313, 1341, -1,
 1341, 1313, 1347, -1, 1341, 1347, 1348, -1, 1348, 1347, 1353, -1,
 1348, 1353, 1379, -1, 1379, 1353, 1383, -1, 1379, 1383, 1426, -1,
 1426, 1383, 1427, -1, 1426, 1427, 1428, -1, 1428, 1427, 1433, -1,
 1428, 1433, 1454, -1, 1454, 1433, 1462, -1, 1454, 1462, 1500, -1,
 1500, 1462, 1501, -1, 1500, 1501, 1502, -1, 1502, 1501, 1517, -1,
 1502, 1517, 1523, -1, 1523, 1517, 1539, -1, 1523, 1539, 1561, -1,
 1561, 1539, 1560, -1, 1561, 1560, 1563, -1, 1563, 1560, 1574, -1,
 1563, 1574, 1601, -1, 1601, 1574, 1621, -1, 1601, 1621, 1636, -1,
 1636, 1621, 1635, -1, 1636, 1635, 1642, -1, 1642, 1635, 1652, -1,
 1642, 1652, 1666, -1, 1666, 1652, 1676, -1, 1666, 1676, 1695, -1,
 1695, 1676, 1694, -1, 1695, 1694, 1703, -1, 1703, 1694, 1720, -1,
 1703, 1720, 1727, -1, 1727, 1720, 1739, -1, 1727, 1739, 1753, -1,
 1753, 1739, 1752, -1, 1753, 1752, 1761, -1, 1761, 1752, 1767, -1,
 1761, 1767, 1782, -1, 1782, 1767, 1792, -1, 1782, 1792, 1805, -1,
 1805, 1792, 1804, -1, 1805, 1804, 1812, -1, 1812, 1804, 1819, -1,
 1812, 1819, 1823, -1, 1823, 1819, 1830, -1, 1823, 1830, 1854, -1,
 1854, 1830, 1853, -1, 1854, 1853, 1850, -1, 1850, 1853, 1847, -1,
 1850, 1847, 1837, -1, 1837, 1847, 1834, -1, 1837, 1834, 1833, -1,
 1833, 1834, 1832, -1, 1833, 1832, 1814, -1, 1814, 1832, 1802, -1,
 1814, 1802, 1794, -1, 1794, 1802, 1786, -1, 1794, 1786, 1787, -1,
 1787, 1786, 1785, -1, 1787, 1785, 1763, -1, 1763, 1785, 1755, -1,
 1763, 1755, 1742, -1, 1742, 1755, 1731, -1, 1742, 1731, 1732, -1,
 1732, 1731, 1728, -1, 1732, 1728, 1705, -1, 1705, 1728, 1697, -1,
 1705, 1697, 1679, -1, 1679, 1697, 1669, -1, 1679, 1669, 1670, -1,
 1670, 1669, 1667, -1, 1670, 1667, 1648, -1, 1648, 1667, 1630, -1,
 1648, 1630, 1623, -1, 1623, 1630, 1616, -1, 1623, 1616, 1617, -1,
 1617, 1616, 1603, -1, 1617, 1603, 1570, -1, 1570, 1603, 1555, -1,
 1570, 1555, 1541, -1, 1541, 1555, 1534, -1, 1541, 1534, 1535, -1,
 1535, 1534, 1524, -1, 1535, 1524, 1511, -1, 1511, 1524, 1496, -1,
 1511, 1496, 1464, -1, 1464, 1496, 1460, -1, 1464, 1460, 1461, -1,
 1461, 1460, 1451, -1, 1461, 1451, 1429, -1, 1429, 1451, 1422, -1,
 1429, 1422, 1388, -1, 1388, 1422, 1387, -1, 1388, 1387, 1382, -1,
 1382, 1387, 1369, -1, 1382, 1369, 1349, -1, 1349, 1369, 1337, -1,
 1349, 1337, 1316, -1, 1316, 1337, 1315, -1, 1316, 1315, 1311, -1,
 1311, 1315, 1296, -1, 1311, 1296, 1274, -1, 1274, 1296, 1256, -1,
 1274, 1256, 1236, -1, 1236, 1256, 1235, -1, 1236, 1235, 1224, -1,
 1224, 1235, 1218, -1, 1224, 1218, 1197, -1, 1197, 1218, 1186, -1,
 1197, 1186, 1163, -1, 1163, 1186, 1162, -1, 1163, 1162, 1144, -1,
 1144, 1162, 1133, -1, 1144, 1133, 1116, -1, 1116, 1133, 1101, -1,
 1116, 1101, 1095, -1, 1095, 1101, 1094, -1, 1095, 1094, 1081, -1,
 1081, 1094, 1063, -1, 1081, 1063, 1048, -1, 1048, 1063, 1037, -1,
 1048, 1037, 1038, -1, 1038, 1037, 1030, -1, 1038, 1030, 1011, -1,
 1011, 1030, 994, -1, 1011, 994, 961, -1, 961, 994, 958, -1,
 961, 958, 959, -1, 959, 958, 951, -1, 959, 951, 926, -1,
 926, 951, 916, -1, 926, 916, 890, -1, 890, 916, 881, -1,
 890, 881, 882, -1, 882, 881, 875, -1, 882, 875, 849, -1,
 849, 875, 834, -1, 849, 834, 812, -1, 812, 834, 809, -1,
 812, 809, 810, -1, 810, 809, 796, -1, 810, 796, 769, -1,
 769, 796, 764, -1, 769, 764, 727, -1, 727, 764, 725, -1,
 727, 725, 726, -1, 726, 725, 716, -1, 726, 716, 694, -1,
 694, 716, 687, -1, 694, 687, 653, -1, 653, 687, 652, -1,
 653, 652, 651, -1, 651, 652, 632, -1, 651, 632, 625, -1,
 625, 632, 613, -1, 625, 613, 599, -1, 599, 613, 598, -1,
 599, 598, 588, -1, 588, 598, 576, -1, 588, 576, 541, -1,
 541, 576, 531, -1, 541, 531, 526, -1, 526, 531, 522, -1,
 526, 522, 524, -1, 524, 522, 523, -1, 156, 161, 160, -1,
 202, 208, 207, -1, 1070, 1071, 1057, -1, 1057, 1071, 1039, -1,
 1057, 1039, 1019, -1, 1019, 1039, 1003, -1, 1019, 1003, 1017, -1,
 1017, 1003, 989, -1, 1017, 989, 982, -1, 982, 989, 981, -1,
 982, 981, 976, -1, 976, 981, 941, -1, 976, 941, 932, -1,
 932, 941, 913, -1, 932, 913, 931, -1, 931, 913, 901, -1,
 931, 901, 885, -1, 885, 901, 884, -1, 884, 901, 883, -1,
 884, 883, 847, -1, 847, 883, 854, -1, 847, 854, 838, -1,
 854, 825, 838, -1, 838, 825, 805, -1, 838, 805, 785, -1,
 785, 805, 784, -1, 785, 784, 783, -1, 783, 784, 755, -1,
 783, 755, 761, -1, 761, 755, 735, -1, 761, 735, 741, -1,
 741, 735, 707, -1, 741, 707, 698, -1, 698, 707, 692, -1,
 698, 692, 691, -1, 691, 692, 678, -1, 692, 662, 678, -1,
 678, 662, 646, -1, 678, 646, 592, -1, 589, 604, 584, -1,
 584, 604, 641, -1, 584, 641, 679, -1, 474, 477, 492, -1,
 492, 496, 474, -1, 474, 496, 551, -1, 474, 551, 584, -1,
 584, 551, 587, -1, 584, 587, 589, -1, 335, 381, 330, -1,
 330, 381, 387, -1, 330, 387, 474, -1, 474, 387, 447, -1,
 474, 447, 477, -1, 259, 269, 258, -1, 258, 269, 272, -1,
 258, 272, 330, -1, 330, 272, 294, -1, 330, 294, 335, -1,
 208, 222, 207, -1, 207, 222, 235, -1, 207, 235, 258, -1,
 258, 235, 251, -1, 258, 251, 259, -1, 161, 165, 160, -1,
 160, 165, 178, -1, 160, 178, 207, -1, 207, 178, 198, -1,
 207, 198, 202, -1, 156, 160, 134, -1, 134, 160, 120, -1,
 134, 120, 121, -1, 162, 170, 144, -1, 144, 141, 162, -1,
 162, 141, 129, -1, 162, 129, 120, -1, 120, 129, 128, -1,
 120, 128, 121, -1, 212, 186, 211, -1, 211, 186, 179, -1,
 211, 179, 162, -1, 162, 179, 171, -1, 162, 171, 170, -1,
 254, 230, 260, -1, 260, 230, 229, -1, 260, 229, 211, -1,
 211, 229, 219, -1, 211, 219, 212, -1, 306, 273, 338, -1,
 338, 273, 262, -1, 338, 262, 260, -1, 260, 262, 261, -1,
 260, 261, 254, -1, 403, 355, 338, -1, 338, 355, 341, -1,
 338, 341, 306, -1, 403, 338, 460, -1, 460, 338, 480, -1,
 460, 480, 472, -1, 646, 618, 592, -1, 592, 618, 594, -1,
 592, 594, 571, -1, 571, 562, 592, -1, 592, 562, 505, -1,
 592, 505, 480, -1, 480, 505, 481, -1, 480, 481, 472, -1,
 218, 216, 376, -1, 218, 376, 378, -1, 378, 376, 543, -1,
 378, 543, 545, -1, 544, 542, 375, -1, 544, 375, 377, -1,
 377, 375, 215, -1, 377, 215, 217, -1, 1935, 1933, 1774, -1,
 1935, 1774, 1776, -1, 1776, 1774, 1604, -1, 1776, 1604, 1606, -1,
 1607, 1605, 1775, -1, 1607, 1775, 1777, -1, 1777, 1775, 1934, -1,
 1777, 1934, 1936, -1, 2088, 2086, 2092, -1, 2056, 2092, 2074, -1,
 2074, 2072, 2056, -1, 2056, 2072, 2070, -1, 2056, 2070, 2068, -1,
 2061, 2063, 2057, -1, 2057, 2063, 2065, -1, 2079, 2081, 2093, -1,
 2086, 2084, 2092, -1, 2092, 2084, 2082, -1, 2092, 2082, 2080, -1,
 2068, 2066, 2056, -1, 2056, 2066, 2064, -1, 2056, 2064, 2062, -1,
 2062, 2060, 2056, -1, 2056, 2060, 2058, -1, 2056, 2058, 2057, -1,
 2057, 2058, 2059, -1, 2057, 2059, 2061, -1, 2065, 2067, 2057, -1,
 2057, 2067, 2069, -1, 2057, 2069, 2071, -1, 2081, 2083, 2093, -1,
 2093, 2083, 2085, -1, 2093, 2085, 2087, -1, 2087, 2089, 2093, -1,
 2093, 2089, 2091, -1, 2093, 2091, 2092, -1, 2092, 2091, 2090, -1,
 2092, 2090, 2088, -1, 2080, 2078, 2092, -1, 2092, 2078, 2076, -1,
 2092, 2076, 2074, -1, 2071, 2073, 2057, -1, 2057, 2073, 2075, -1,
 2057, 2075, 2093, -1, 2093, 2075, 2077, -1, 2093, 2077, 2079, -1,
 2074, 2121, 2115, -1, 2074, 2115, 2072, -1, 2072, 2115, 2107, -1,
 2072, 2107, 2070, -1, 2070, 2107, 2104, -1, 2070, 2104, 2068, -1,
 2068, 2104, 2102, -1, 2068, 2102, 2066, -1, 2066, 2102, 2100, -1,
 2066, 2100, 2064, -1, 2064, 2100, 2098, -1, 2064, 2098, 2062, -1,
 2062, 2098, 2096, -1, 2062, 2096, 2060, -1, 2060, 2096, 2094, -1,
 2060, 2094, 2058, -1, 2058, 2094, 2095, -1, 2058, 2095, 2059, -1,
 2059, 2095, 2097, -1, 2059, 2097, 2061, -1, 2061, 2097, 2099, -1,
 2061, 2099, 2063, -1, 2063, 2099, 2101, -1, 2063, 2101, 2065, -1,
 2065, 2101, 2103, -1, 2065, 2103, 2067, -1, 2067, 2103, 2105, -1,
 2067, 2105, 2069, -1, 2069, 2105, 2108, -1, 2069, 2108, 2071, -1,
 2071, 2108, 2116, -1, 2071, 2116, 2073, -1, 2073, 2116, 2124, -1,
 2073, 2124, 2075, -1, 2114, 2101, 2112, -1, 2112, 2101, 2099, -1,
 2112, 2099, 2110, -1, 2139, 2151, 2136, -1, 2136, 2151, 2149, -1,
 2136, 2149, 2134, -1, 2131, 2144, 2133, -1, 2133, 2144, 2146, -1,
 2133, 2146, 2135, -1, 2135, 2146, 2148, -1, 2135, 2148, 2139, -1,
 2139, 2148, 2150, -1, 2139, 2150, 2151, -1, 2125, 2137, 2127, -1,
 2127, 2137, 2140, -1, 2127, 2140, 2131, -1, 2131, 2140, 2142, -1,
 2131, 2142, 2144, -1, 2117, 2107, 2119, -1, 2119, 2107, 2115, -1,
 2119, 2115, 2122, -1, 2122, 2115, 2121, -1, 2122, 2121, 2125, -1,
 2125, 2121, 2129, -1, 2125, 2129, 2137, -1, 2111, 2100, 2113, -1,
 2113, 2100, 2102, -1, 2113, 2102, 2117, -1, 2117, 2102, 2104, -1,
 2117, 2104, 2107, -1, 2099, 2097, 2110, -1, 2110, 2097, 2095, -1,
 2110, 2095, 2106, -1, 2106, 2095, 2094, -1, 2106, 2094, 2109, -1,
 2109, 2094, 2096, -1, 2109, 2096, 2111, -1, 2111, 2096, 2098, -1,
 2111, 2098, 2100, -1, 2120, 2108, 2118, -1, 2118, 2108, 2105, -1,
 2118, 2105, 2114, -1, 2114, 2105, 2103, -1, 2114, 2103, 2101, -1,
 2128, 2138, 2126, -1, 2126, 2138, 2130, -1, 2126, 2130, 2123, -1,
 2123, 2130, 2124, -1, 2123, 2124, 2120, -1, 2120, 2124, 2116, -1,
 2120, 2116, 2108, -1, 2149, 2147, 2134, -1, 2134, 2147, 2145, -1,
 2134, 2145, 2132, -1, 2132, 2145, 2143, -1, 2132, 2143, 2128, -1,
 2128, 2143, 2141, -1, 2128, 2141, 2138, -1, 2043, 2122, 2045, -1,
 2045, 2122, 2125, -1, 2045, 2125, 2047, -1, 2047, 2125, 2127, -1,
 2047, 2127, 2049, -1, 2049, 2127, 2131, -1, 2049, 2131, 2051, -1,
 2051, 2131, 2133, -1, 2051, 2133, 2053, -1, 2053, 2133, 2135, -1,
 2053, 2135, 2055, -1, 2055, 2135, 2139, -1, 2055, 2139, 2054, -1,
 2054, 2139, 2136, -1, 2054, 2136, 2052, -1, 2052, 2136, 2134, -1,
 2052, 2134, 2050, -1, 2050, 2134, 2132, -1, 2050, 2132, 2048, -1,
 2048, 2132, 2128, -1, 2048, 2128, 2046, -1, 2046, 2128, 2126, -1,
 2046, 2126, 2044, -1, 2044, 2126, 2123, -1, 2053, 2055, 2032, -1,
 2049, 2051, 2035, -1, 2053, 2032, 2051, -1, 2051, 2032, 2033, -1,
 2051, 2033, 2035, -1, 2055, 2054, 2032, -1, 2032, 2054, 2052, -1,
 2032, 2052, 2034, -1, 2034, 2052, 2036, -1, 2037, 2039, 2045, -1,
 2045, 2039, 2041, -1, 2045, 2041, 2043, -1, 2037, 2045, 2035, -1,
 2035, 2045, 2047, -1, 2035, 2047, 2049, -1, 2040, 2050, 2048, -1,
 2048, 2046, 2040, -1, 2040, 2046, 2044, -1, 2040, 2044, 2042, -1,
 2050, 2040, 2052, -1, 2052, 2040, 2038, -1, 2052, 2038, 2036, -1,
 91, 89, 95, -1, 59, 95, 77, -1, 77, 75, 59, -1,
 59, 75, 73, -1, 59, 73, 71, -1, 71, 69, 59, -1,
 59, 69, 67, -1, 59, 67, 65, -1, 62, 64, 58, -1,
 58, 64, 66, -1, 65, 63, 59, -1, 59, 63, 61, -1,
 59, 61, 58, -1, 58, 61, 60, -1, 58, 60, 62, -1,
 66, 68, 58, -1, 58, 68, 70, -1, 58, 70, 72, -1,
 80, 82, 94, -1, 89, 87, 95, -1, 95, 87, 85, -1,
 95, 85, 83, -1, 82, 84, 94, -1, 94, 84, 86, -1,
 94, 86, 88, -1, 88, 90, 94, -1, 94, 90, 92, -1,
 94, 92, 95, -1, 95, 92, 93, -1, 95, 93, 91, -1,
 83, 81, 95, -1, 95, 81, 79, -1, 95, 79, 77, -1,
 72, 74, 58, -1, 58, 74, 76, -1, 58, 76, 94, -1,
 94, 76, 78, -1, 94, 78, 80, -1, 77, 30, 22, -1,
 77, 22, 75, -1, 75, 22, 14, -1, 75, 14, 73, -1,
 73, 14, 11, -1, 73, 11, 71, -1, 71, 11, 9, -1,
 71, 9, 69, -1, 69, 9, 7, -1, 69, 7, 67, -1,
 67, 7, 5, -1, 67, 5, 65, -1, 65, 5, 3, -1,
 65, 3, 63, -1, 63, 3, 1, -1, 63, 1, 61, -1,
 61, 1, 0, -1, 61, 0, 60, -1, 60, 0, 2, -1,
 60, 2, 62, -1, 62, 2, 4, -1, 62, 4, 64, -1,
 64, 4, 6, -1, 64, 6, 66, -1, 66, 6, 8, -1,
 66, 8, 68, -1, 68, 8, 10, -1, 68, 10, 70, -1,
 70, 10, 13, -1, 70, 13, 72, -1, 72, 13, 21, -1,
 72, 21, 74, -1, 74, 21, 27, -1, 74, 27, 76, -1,
 19, 6, 17, -1, 17, 6, 4, -1, 17, 4, 15, -1,
 45, 56, 41, -1, 41, 56, 54, -1, 41, 54, 39, -1,
 38, 51, 40, -1, 40, 51, 53, -1, 40, 53, 42, -1,
 42, 53, 55, -1, 42, 55, 45, -1, 45, 55, 57, -1,
 45, 57, 56, -1, 32, 44, 34, -1, 34, 44, 47, -1,
 34, 47, 38, -1, 38, 47, 49, -1, 38, 49, 51, -1,
 24, 14, 26, -1, 26, 14, 22, -1, 26, 22, 29, -1,
 29, 22, 30, -1, 29, 30, 32, -1, 32, 30, 36, -1,
 32, 36, 44, -1, 18, 7, 20, -1, 20, 7, 9, -1,
 20, 9, 24, -1, 24, 9, 11, -1, 24, 11, 14, -1,
 4, 2, 15, -1, 15, 2, 0, -1, 15, 0, 12, -1,
 12, 0, 1, -1, 12, 1, 16, -1, 16, 1, 3, -1,
 16, 3, 18, -1, 18, 3, 5, -1, 18, 5, 7, -1,
 25, 13, 23, -1, 23, 13, 10, -1, 23, 10, 19, -1,
 19, 10, 8, -1, 19, 8, 6, -1, 33, 43, 31, -1,
 31, 43, 35, -1, 31, 35, 28, -1, 28, 35, 27, -1,
 28, 27, 25, -1, 25, 27, 21, -1, 25, 21, 13, -1,
 54, 52, 39, -1, 39, 52, 50, -1, 39, 50, 37, -1,
 37, 50, 48, -1, 37, 48, 33, -1, 33, 48, 46, -1,
 33, 46, 43, -1, 108, 29, 110, -1, 110, 29, 32, -1,
 110, 32, 112, -1, 112, 32, 34, -1, 112, 34, 114, -1,
 114, 34, 38, -1, 114, 38, 116, -1, 116, 38, 40, -1,
 116, 40, 118, -1, 118, 40, 42, -1, 118, 42, 119, -1,
 119, 42, 45, -1, 119, 45, 117, -1, 117, 45, 41, -1,
 117, 41, 115, -1, 115, 41, 39, -1, 115, 39, 113, -1,
 113, 39, 37, -1, 113, 37, 111, -1, 111, 37, 33, -1,
 111, 33, 109, -1, 109, 33, 31, -1, 109, 31, 107, -1,
 107, 31, 28, -1, 118, 119, 96, -1, 114, 116, 100, -1,
 118, 96, 116, -1, 116, 96, 98, -1, 116, 98, 100, -1,
 119, 117, 96, -1, 96, 117, 115, -1, 96, 115, 97, -1,
 97, 115, 99, -1, 102, 104, 110, -1, 110, 104, 106, -1,
 110, 106, 108, -1, 102, 110, 100, -1, 100, 110, 112, -1,
 100, 112, 114, -1, 103, 113, 111, -1, 111, 109, 103, -1,
 103, 109, 107, -1, 103, 107, 105, -1, 113, 103, 115, -1,
 115, 103, 101, -1, 115, 101, 99, -1
]
normalIndex [
 1478, 1478, 1482, -1, 1482, 1478, 1482, -1, 1482, 1482, 1486, -1,
 1486, 1482, 1486, -1, 1486, 1486, 1492, -1, 1492, 1486, 1492, -1,
 1492, 1492, 1496, -1, 1496, 1492, 1496, -1, 1496, 1496, 1502, -1,
 1502, 1496, 1502, -1, 1502, 1502, 1505, -1, 1505, 1502, 1505, -1,
 1505, 1505, 1501, -1, 1501, 1505, 1501, -1, 1501, 1501, 1495, -1,
 1495, 1501, 1495, -1, 1495, 1495, 1491, -1, 1491, 1495, 1491, -1,
 1491, 1491, 1485, -1, 1485, 1491, 1485, -1, 1485, 1485, 1481, -1,
 1481, 1485, 1481, -1, 1481, 1481, 1477, -1, 1477, 1481, 1477, -1,
 1477, 1477, 1479, -1, 1477, 1479, 1479, -1, 1479, 1479, 1483, -1,
 1479, 1483, 1483, -1, 1483, 1483, 1487, -1, 1483, 1487, 1487, -1,
 1487, 1487, 1489, -1, 1487, 1489, 1489, -1, 1489, 1489, 1493, -1,
 1489, 1493, 1493, -1, 1493, 1493, 1497, -1, 1493, 1497, 1497, -1,
 1497, 1497, 1499, -1, 1497, 1499, 1499, -1, 1499, 1499, 1503, -1,
 1499, 1503, 1503, -1, 1503, 1503, 1504, -1, 1503, 1504, 1504, -1,
 1504, 1504, 1500, -1, 1504, 1500, 1500, -1, 1500, 1500, 1498, -1,
 1500, 1498, 1498, -1, 1498, 1498, 1494, -1, 1498, 1494, 1494, -1,
 1494, 1494, 1490, -1, 1494, 1490, 1490, -1, 1490, 1490, 1488, -1,
 1490, 1488, 1488, -1, 1488, 1488, 1484, -1, 1488, 1484, 1484, -1,
 1484, 1484, 1480, -1, 1484, 1480, 1480, -1, 1480, 1480, 1478, -1,
 1480, 1478, 1478, -1, 1477, 1477, 1481, -1, 1481, 1477, 1481, -1,
 1481, 1481, 1485, -1, 1485, 1481, 1485, -1, 1485, 1485, 1491, -1,
 1491, 1485, 1491, -1, 1491, 1491, 1495, -1, 1495, 1491, 1495, -1,
 1495, 1495, 1501, -1, 1501, 1495, 1501, -1, 1501, 1501, 1505, -1,
 1505, 1501, 1505, -1, 1505, 1505, 1502, -1, 1502, 1505, 1502, -1,
 1502, 1502, 1496, -1, 1496, 1502, 1496, -1, 1496, 1496, 1492, -1,
 1492, 1496, 1492, -1, 1492, 1492, 1486, -1, 1486, 1492, 1486, -1,
 1486, 1486, 1482, -1, 1482, 1486, 1482, -1, 1482, 1482, 1478, -1,
 1478, 1482, 1478, -1, 1478, 1478, 1480, -1, 1478, 1480, 1480, -1,
 1480, 1480, 1484, -1, 1480, 1484, 1484, -1, 1484, 1484, 1488, -1,
 1484, 1488, 1488, -1, 1488, 1488, 1490, -1, 1488, 1490, 1490, -1,
 1490, 1490, 1494, -1, 1490, 1494, 1494, -1, 1494, 1494, 1498, -1,
 1494, 1498, 1498, -1, 1498, 1498, 1500, -1, 1498, 1500, 1500, -1,
 1500, 1500, 1504, -1, 1500, 1504, 1504, -1, 1504, 1504, 1503, -1,
 1504, 1503, 1503, -1, 1503, 1503, 1499, -1, 1503, 1499, 1499, -1,
 1499, 1499, 1497, -1, 1499, 1497, 1497, -1, 1497, 1497, 1493, -1,
 1497, 1493, 1493, -1, 1493, 1493, 1489, -1, 1493, 1489, 1489, -1,
 1489, 1489, 1487, -1, 1489, 1487, 1487, -1, 1487, 1487, 1483, -1,
 1487, 1483, 1483, -1, 1483, 1483, 1479, -1, 1483, 1479, 1479, -1,
 1479, 1479, 1477, -1, 1479, 1477, 1477, -1, 2489, 2489, 2445, -1,
 1478, 1478, 1508, -1, 1508, 1478, 1556, -1, 1508, 1556, 1597, -1,
 1597, 1556, 1628, -1, 1597, 1628, 1628, -1, 1628, 1628, 1644, -1,
 1628, 1644, 1672, -1, 1672, 1644, 1683, -1, 1672, 1683, 1683, -1,
 1683, 1683, 1726, -1, 1683, 1726, 1749, -1, 1749, 1726, 1786, -1,
 1749, 1786, 1786, -1, 1786, 1786, 1804, -1, 1786, 1804, 1842, -1,
 1842, 1804, 1862, -1, 1842, 1862, 1862, -1, 1862, 1862, 1895, -1,
 1862, 1895, 1924, -1, 1924, 1895, 1950, -1, 1924, 1950, 1950, -1,
 1950, 1950, 1979, -1, 1950, 1979, 2004, -1, 2004, 1979, 2047, -1,
 2004, 2047, 2047, -1, 2047, 2047, 2058, -1, 2047, 2058, 2097, -1,
 2097, 2058, 2097, -1, 2097, 2097, 2100, -1, 2100, 2097, 2152, -1,
 2100, 2152, 2176, -1, 2176, 2152, 2230, -1, 2176, 2230, 2230, -1,
 2230, 2230, 2245, -1, 2230, 2245, 2256, -1, 2256, 2245, 2256, -1,
 2256, 2256, 2279, -1, 2279, 2256, 2343, -1, 2279, 2343, 2379, -1,
 2379, 2343, 2445, -1, 2379, 2445, 2445, -1, 2445, 2445, 2458, -1,
 2445, 2458, 2489, -1, 2489, 2489, 2519, -1, 2519, 2489, 2631, -1,
 2519, 2631, 2631, -1, 2631, 2631, 2632, -1, 2631, 2632, 2645, -1,
 2645, 2632, 2662, -1, 2645, 2662, 2677, -1, 2677, 2662, 2677, -1,
 2677, 2677, 2679, -1, 2679, 2677, 2686, -1, 2679, 2686, 2686, -1,
 2686, 2686, 2687, -1, 2686, 2687, 2701, -1, 2701, 2687, 2722, -1,
 2701, 2722, 2735, -1, 2735, 2722, 2745, -1, 2735, 2745, 2745, -1,
 2745, 2745, 2746, -1, 2745, 2746, 2746, -1, 2746, 2746, 2751, -1,
 2746, 2751, 2765, -1, 2751, 2784, 2765, -1, 2765, 2784, 2804, -1,
 2765, 2804, 2796, -1, 2796, 2804, 2806, -1, 2796, 2806, 2804, -1,
 2908, 2871, 2878, -1, 2878, 2871, 2867, -1, 2878, 2867, 2871, -1,
 2804, 2806, 2806, -1, 2806, 2806, 2810, -1, 2806, 2810, 2827, -1,
 2827, 2810, 2842, -1, 2827, 2842, 2853, -1, 2853, 2842, 2853, -1,
 2853, 2853, 2858, -1, 2858, 2853, 2866, -1, 2858, 2866, 2866, -1,
 2866, 2866, 2873, -1, 2866, 2873, 2888, -1, 2888, 2873, 2899, -1,
 2888, 2899, 2899, -1, 2899, 2899, 2901, -1, 2899, 2901, 2918, -1,
 2918, 2901, 2931, -1, 2918, 2931, 2942, -1, 2942, 2931, 2942, -1,
 2942, 2942, 2948, -1, 2948, 2942, 2956, -1, 2948, 2956, 2956, -1,
 2956, 2956, 2961, -1, 2956, 2961, 2968, -1, 2968, 2961, 2953, -1,
 2968, 2953, 2941, -1, 2941, 2953, 2941, -1, 2941, 2941, 2936, -1,
 2936, 2941, 2926, -1, 2936, 2926, 2926, -1, 2926, 2926, 2925, -1,
 2926, 2925, 2908, -1, 2908, 2925, 2893, -1, 2908, 2893, 2871, -1,
 2871, 2867, 2867, -1, 2867, 2867, 2865, -1, 2867, 2865, 2850, -1,
 2850, 2865, 2832, -1, 2850, 2832, 2823, -1, 2823, 2832, 2823, -1,
 2823, 2823, 2817, -1, 2817, 2823, 2807, -1, 2817, 2807, 2807, -1,
 2807, 2807, 2803, -1, 2807, 2803, 2790, -1, 2790, 2803, 2772, -1,
 2790, 2772, 2772, -1, 2772, 2772, 2770, -1, 2772, 2770, 2758, -1,
 2758, 2770, 2744, -1, 2758, 2744, 2744, -1, 2744, 2744, 2741, -1,
 2744, 2741, 2727, -1, 2727, 2741, 2712, -1, 2727, 2712, 2712, -1,
 2712, 2712, 2707, -1, 2712, 2707, 2693, -1, 2693, 2707, 2685, -1,
 2693, 2685, 2676, -1, 2676, 2685, 2676, -1, 2676, 2676, 2667, -1,
 2667, 2676, 2660, -1, 2667, 2660, 2660, -1, 2660, 2660, 2651, -1,
 2660, 2651, 2638, -1, 2638, 2651, 2528, -1, 2638, 2528, 2488, -1,
 2528, 2488, 2488, -1, 2488, 2488, 2456, -1, 2488, 2456, 2464, -1,
 2464, 2456, 2384, -1, 2464, 2384, 2456, -1, 2456, 2384, 2351, -1,
 2351, 2384, 2286, -1, 2351, 2286, 2263, -1, 2263, 2286, 2263, -1,
 2263, 2263, 2250, -1, 2250, 2263, 2231, -1, 2250, 2231, 2231, -1,
 2231, 2231, 2182, -1, 2231, 2182, 2159, -1, 2159, 2182, 2110, -1,
 2159, 2110, 2110, -1, 2110, 2110, 2107, -1, 2110, 2107, 2063, -1,
 2063, 2107, 2046, -1, 2063, 2046, 2046, -1, 2046, 2046, 2010, -1,
 2046, 2010, 1987, -1, 1987, 2010, 1957, -1, 1987, 1957, 1957, -1,
 1957, 1957, 1933, -1, 1957, 1933, 1900, -1, 1900, 1933, 1861, -1,
 1900, 1861, 1861, -1, 1861, 1861, 1849, -1, 1861, 1849, 1812, -1,
 1812, 1849, 1791, -1, 1812, 1791, 1791, -1, 1791, 1791, 1755, -1,
 1791, 1755, 1731, -1, 1731, 1755, 1682, -1, 1731, 1682, 1682, -1,
 1682, 1682, 1678, -1, 1682, 1678, 1643, -1, 1477, 1477, 1514, -1,
 1514, 1477, 1561, -1, 1514, 1561, 1603, -1, 1603, 1561, 1643, -1,
 1603, 1643, 1643, -1, 1643, 1643, 1650, -1, 1643, 1650, 1682, -1,
 2489, 2489, 2445, -1, 1478, 1478, 1512, -1, 1512, 1478, 1560, -1,
 1512, 1560, 1601, -1, 1601, 1560, 1628, -1, 1601, 1628, 1628, -1,
 1628, 1628, 1647, -1, 1628, 1647, 1676, -1, 1676, 1647, 1683, -1,
 1676, 1683, 1683, -1, 1683, 1683, 1730, -1, 1683, 1730, 1753, -1,
 1753, 1730, 1786, -1, 1753, 1786, 1786, -1, 1786, 1786, 1808, -1,
 1786, 1808, 1847, -1, 1847, 1808, 1862, -1, 1847, 1862, 1862, -1,
 1862, 1862, 1899, -1, 1862, 1899, 1930, -1, 1930, 1899, 1950, -1,
 1930, 1950, 1950, -1, 1950, 1950, 1985, -1, 1950, 1985, 2008, -1,
 2008, 1985, 2047, -1, 2008, 2047, 2047, -1, 2047, 2047, 2062, -1,
 2047, 2062, 2097, -1, 2097, 2062, 2097, -1, 2097, 2097, 2105, -1,
 2105, 2097, 2156, -1, 2105, 2156, 2180, -1, 2180, 2156, 2230, -1,
 2180, 2230, 2230, -1, 2230, 2230, 2249, -1, 2230, 2249, 2256, -1,
 2256, 2249, 2256, -1, 2256, 2256, 2284, -1, 2284, 2256, 2347, -1,
 2284, 2347, 2382, -1, 2382, 2347, 2445, -1, 2382, 2445, 2445, -1,
 2445, 2445, 2463, -1, 2445, 2463, 2489, -1, 2489, 2489, 2525, -1,
 2525, 2489, 2631, -1, 2525, 2631, 2631, -1, 2631, 2631, 2635, -1,
 2631, 2635, 2649, -1, 2649, 2635, 2666, -1, 2649, 2666, 2677, -1,
 2677, 2666, 2677, -1, 2677, 2677, 2683, -1, 2683, 2677, 2686, -1,
 2683, 2686, 2686, -1, 2686, 2686, 2690, -1, 2686, 2690, 2705, -1,
 2705, 2690, 2726, -1, 2705, 2726, 2739, -1, 2739, 2726, 2745, -1,
 2739, 2745, 2745, -1, 2745, 2745, 2746, -1, 2745, 2746, 2746, -1,
 2746, 2746, 2755, -1, 2746, 2755, 2768, -1, 2755, 2789, 2768, -1,
 2768, 2789, 2804, -1, 2768, 2804, 2801, -1, 2801, 2804, 2806, -1,
 2801, 2806, 2804, -1, 2904, 2871, 2874, -1, 2874, 2871, 2867, -1,
 2874, 2867, 2871, -1, 2804, 2806, 2806, -1, 2806, 2806, 2814, -1,
 2806, 2814, 2831, -1, 2831, 2814, 2846, -1, 2831, 2846, 2853, -1,
 2853, 2846, 2853, -1, 2853, 2853, 2862, -1, 2862, 2853, 2866, -1,
 2862, 2866, 2866, -1, 2866, 2866, 2876, -1, 2866, 2876, 2892, -1,
 2892, 2876, 2899, -1, 2892, 2899, 2899, -1, 2899, 2899, 2905, -1,
 2899, 2905, 2922, -1, 2922, 2905, 2935, -1, 2922, 2935, 2942, -1,
 2942, 2935, 2942, -1, 2942, 2942, 2952, -1, 2952, 2942, 2956, -1,
 2952, 2956, 2956, -1, 2956, 2956, 2965, -1, 2956, 2965, 2964, -1,
 2964, 2965, 2949, -1, 2964, 2949, 2941, -1, 2941, 2949, 2941, -1,
 2941, 2941, 2932, -1, 2932, 2941, 2926, -1, 2932, 2926, 2926, -1,
 2926, 2926, 2921, -1, 2926, 2921, 2904, -1, 2904, 2921, 2889, -1,
 2904, 2889, 2871, -1, 2871, 2867, 2867, -1, 2867, 2867, 2861, -1,
 2867, 2861, 2844, -1, 2844, 2861, 2828, -1, 2844, 2828, 2823, -1,
 2823, 2828, 2823, -1, 2823, 2823, 2813, -1, 2813, 2823, 2807, -1,
 2813, 2807, 2807, -1, 2807, 2807, 2799, -1, 2807, 2799, 2786, -1,
 2786, 2799, 2772, -1, 2786, 2772, 2772, -1, 2772, 2772, 2766, -1,
 2772, 2766, 2754, -1, 2754, 2766, 2744, -1, 2754, 2744, 2744, -1,
 2744, 2744, 2737, -1, 2744, 2737, 2723, -1, 2723, 2737, 2712, -1,
 2723, 2712, 2712, -1, 2712, 2712, 2703, -1, 2712, 2703, 2689, -1,
 2689, 2703, 2681, -1, 2689, 2681, 2676, -1, 2676, 2681, 2676, -1,
 2676, 2676, 2663, -1, 2663, 2676, 2660, -1, 2663, 2660, 2660, -1,
 2660, 2660, 2648, -1, 2660, 2648, 2634, -1, 2634, 2648, 2522, -1,
 2634, 2522, 2488, -1, 2522, 2488, 2488, -1, 2488, 2488, 2456, -1,
 2488, 2456, 2460, -1, 2460, 2456, 2381, -1, 2460, 2381, 2456, -1,
 2456, 2381, 2345, -1, 2345, 2381, 2281, -1, 2345, 2281, 2263, -1,
 2263, 2281, 2263, -1, 2263, 2263, 2246, -1, 2246, 2263, 2231, -1,
 2246, 2231, 2231, -1, 2231, 2231, 2179, -1, 2231, 2179, 2155, -1,
 2155, 2179, 2110, -1, 2155, 2110, 2110, -1, 2110, 2110, 2103, -1,
 2110, 2103, 2059, -1, 2059, 2103, 2046, -1, 2059, 2046, 2046, -1,
 2046, 2046, 2006, -1, 2046, 2006, 1982, -1, 1982, 2006, 1957, -1,
 1982, 1957, 1957, -1, 1957, 1957, 1927, -1, 1957, 1927, 1896, -1,
 1896, 1927, 1861, -1, 1896, 1861, 1861, -1, 1861, 1861, 1844, -1,
 1861, 1844, 1806, -1, 1806, 1844, 1791, -1, 1806, 1791, 1791, -1,
 1791, 1791, 1751, -1, 1791, 1751, 1727, -1, 1727, 1751, 1682, -1,
 1727, 1682, 1682, -1, 1682, 1682, 1674, -1, 1682, 1674, 1643, -1,
 1477, 1477, 1510, -1, 1510, 1477, 1557, -1, 1510, 1557, 1598, -1,
 1598, 1557, 1643, -1, 1598, 1643, 1643, -1, 1643, 1643, 1646, -1,
 1643, 1646, 1682, -1, 3, 2, 1, -1, 117, 125, 126, -1,
 552, 595, 550, -1, 550, 595, 697, -1, 550, 697, 751, -1,
 314, 315, 318, -1, 318, 327, 314, -1, 314, 327, 468, -1,
 314, 468, 550, -1, 550, 468, 551, -1, 550, 551, 552, -1,
 255, 271, 254, -1, 254, 271, 273, -1, 254, 273, 314, -1,
 314, 273, 300, -1, 314, 300, 315, -1, 192, 209, 191, -1,
 191, 209, 212, -1, 191, 212, 254, -1, 254, 212, 241, -1,
 254, 241, 255, -1, 125, 147, 126, -1, 126, 147, 164, -1,
 126, 164, 191, -1, 191, 164, 178, -1, 191, 178, 192, -1,
 61, 60, 87, -1, 61, 87, 126, -1, 126, 87, 107, -1,
 126, 107, 117, -1, 2, 27, 1, -1, 1, 27, 47, -1,
 1, 47, 61, -1, 61, 47, 57, -1, 61, 57, 60, -1,
 63, 58, 34, -1, 63, 34, 1, -1, 1, 34, 4, -1,
 1, 4, 3, -1, 121, 108, 134, -1, 108, 93, 134, -1,
 134, 93, 64, -1, 134, 64, 63, -1, 63, 64, 62, -1,
 63, 62, 58, -1, 180, 168, 196, -1, 196, 168, 154, -1,
 196, 154, 134, -1, 134, 154, 133, -1, 134, 133, 121, -1,
 276, 258, 257, -1, 257, 258, 242, -1, 242, 225, 257, -1,
 257, 225, 214, -1, 257, 214, 196, -1, 196, 214, 195, -1,
 196, 195, 180, -1, 329, 317, 316, -1, 316, 317, 303, -1,
 316, 303, 257, -1, 257, 303, 278, -1, 257, 278, 276, -1,
 563, 559, 558, -1, 558, 559, 503, -1, 558, 503, 316, -1,
 316, 503, 333, -1, 316, 333, 329, -1, 765, 718, 752, -1,
 752, 718, 707, -1, 752, 707, 558, -1, 558, 707, 619, -1,
 558, 619, 563, -1, 752, 766, 765, -1, 765, 766, 788, -1,
 765, 788, 813, -1, 813, 788, 861, -1, 813, 861, 861, -1,
 861, 861, 862, -1, 861, 862, 904, -1, 904, 862, 952, -1,
 904, 952, 952, -1, 952, 952, 957, -1, 952, 957, 978, -1,
 978, 957, 1013, -1, 978, 1013, 1013, -1, 1013, 1013, 1034, -1,
 1013, 1034, 1062, -1, 1062, 1034, 1114, -1, 1062, 1114, 1114, -1,
 1114, 1114, 1151, -1, 1114, 1115, 1151, -1, 1151, 1115, 1172, -1,
 1151, 1172, 1172, -1, 1172, 1172, 1202, -1, 1172, 1202, 1226, -1,
 1226, 1202, 1278, -1, 1226, 1278, 1290, -1, 1278, 1290, 1290, -1,
 1290, 1290, 1314, -1, 1290, 1314, 1304, -1, 1304, 1314, 1350, -1,
 1478, 1478, 1440, -1, 1440, 1478, 1387, -1, 1440, 1387, 1350, -1,
 1350, 1387, 1314, -1, 1350, 1314, 1304, -1, 592, 509, 528, -1,
 528, 509, 482, -1, 528, 482, 482, -1, 1477, 1477, 1446, -1,
 1446, 1477, 1393, -1, 1446, 1393, 1355, -1, 1355, 1393, 1328, -1,
 1355, 1328, 1328, -1, 1328, 1328, 1312, -1, 1328, 1312, 1284, -1,
 1284, 1312, 1275, -1, 1284, 1275, 1275, -1, 1275, 1275, 1231, -1,
 1275, 1231, 1207, -1, 1207, 1231, 1175, -1, 1207, 1175, 1175, -1,
 1175, 1175, 1159, -1, 1175, 1159, 1121, -1, 1121, 1159, 1102, -1,
 1121, 1102, 1102, -1, 1102, 1102, 1067, -1, 1102, 1067, 1039, -1,
 1039, 1067, 1019, -1, 1039, 1019, 1019, -1, 1019, 1019, 986, -1,
 1019, 986, 963, -1, 963, 986, 923, -1, 963, 923, 923, -1,
 923, 923, 910, -1, 923, 910, 873, -1, 873, 910, 873, -1,
 873, 873, 867, -1, 867, 873, 820, -1, 867, 820, 794, -1,
 794, 820, 743, -1, 794, 743, 743, -1, 743, 743, 724, -1,
 743, 724, 716, -1, 716, 724, 716, -1, 716, 716, 692, -1,
 692, 716, 629, -1, 692, 629, 592, -1, 592, 629, 528, -1,
 592, 528, 509, -1, 482, 482, 453, -1, 453, 482, 343, -1,
 453, 343, 343, -1, 343, 343, 341, -1, 343, 341, 323, -1,
 323, 341, 309, -1, 323, 309, 297, -1, 297, 309, 297, -1,
 297, 297, 294, -1, 294, 297, 288, -1, 294, 288, 288, -1,
 288, 288, 285, -1, 288, 285, 267, -1, 267, 285, 248, -1,
 267, 248, 237, -1, 237, 248, 228, -1, 237, 228, 228, -1,
 228, 228, 227, -1, 228, 227, 227, -1, 227, 227, 220, -1,
 227, 220, 204, -1, 220, 186, 204, -1, 204, 186, 169, -1,
 204, 169, 175, -1, 175, 169, 166, -1, 175, 166, 169, -1,
 68, 102, 97, -1, 97, 102, 104, -1, 97, 104, 102, -1,
 169, 166, 166, -1, 166, 166, 160, -1, 166, 160, 143, -1,
 143, 160, 129, -1, 143, 129, 120, -1, 120, 129, 120, -1,
 120, 120, 114, -1, 114, 120, 105, -1, 114, 105, 105, -1,
 105, 105, 99, -1, 105, 99, 83, -1, 83, 99, 74, -1,
 83, 74, 74, -1, 74, 74, 71, -1, 74, 71, 53, -1,
 53, 71, 39, -1, 53, 39, 30, -1, 30, 39, 30, -1,
 30, 30, 23, -1, 23, 30, 17, -1, 23, 17, 17, -1,
 17, 17, 11, -1, 17, 11, 8, -1, 8, 11, 22, -1,
 8, 22, 32, -1, 32, 22, 32, -1, 32, 32, 38, -1,
 38, 32, 46, -1, 38, 46, 46, -1, 46, 46, 50, -1,
 46, 50, 68, -1, 68, 50, 82, -1, 68, 82, 102, -1,
 102, 104, 104, -1, 104, 104, 111, -1, 104, 111, 127, -1,
 127, 111, 142, -1, 127, 142, 149, -1, 149, 142, 149, -1,
 149, 149, 158, -1, 158, 149, 165, -1, 158, 165, 165, -1,
 165, 165, 172, -1, 165, 172, 184, -1, 184, 172, 199, -1,
 184, 199, 199, -1, 199, 199, 203, -1, 199, 203, 217, -1,
 217, 203, 229, -1, 217, 229, 229, -1, 229, 229, 234, -1,
 229, 234, 246, -1, 246, 234, 260, -1, 246, 260, 260, -1,
 260, 260, 266, -1, 260, 266, 282, -1, 282, 266, 291, -1,
 282, 291, 298, -1, 298, 291, 298, -1, 298, 298, 307, -1,
 307, 298, 313, -1, 307, 313, 313, -1, 313, 313, 321, -1,
 313, 321, 338, -1, 338, 321, 450, -1, 338, 450, 483, -1,
 450, 483, 483, -1, 483, 483, 514, -1, 483, 514, 506, -1,
 506, 514, 514, -1, 514, 514, 590, -1, 514, 590, 627, -1,
 627, 590, 690, -1, 627, 690, 707, -1, 707, 690, 707, -1,
 707, 707, 722, -1, 722, 707, 742, -1, 722, 742, 742, -1,
 742, 742, 792, -1, 742, 792, 817, -1, 817, 792, 861, -1,
 817, 861, 861, -1, 861, 861, 865, -1, 861, 865, 908, -1,
 908, 865, 924, -1, 908, 924, 924, -1, 924, 924, 961, -1,
 924, 961, 982, -1, 982, 961, 1013, -1, 982, 1013, 1013, -1,
 1013, 1013, 1037, -1, 1013, 1037, 1065, -1, 1065, 1037, 1103, -1,
 1065, 1103, 1103, -1, 1103, 1103, 1119, -1, 1103, 1119, 1157, -1,
 1157, 1119, 1172, -1, 1157, 1172, 1172, -1, 1172, 1172, 1205, -1,
 1172, 1205, 1229, -1, 1229, 1205, 1276, -1, 1229, 1276, 1276, -1,
 1276, 1276, 1282, -1, 1276, 1282, 1314, -1, 1478, 1478, 1444, -1,
 1444, 1478, 1392, -1, 1444, 1392, 1353, -1, 1353, 1392, 1314, -1,
 1353, 1314, 1314, -1, 1314, 1314, 1308, -1, 1314, 1308, 1276, -1,
 586, 504, 528, -1, 528, 504, 482, -1, 528, 482, 482, -1,
 1477, 1477, 1442, -1, 1442, 1477, 1389, -1, 1442, 1389, 1351, -1,
 1351, 1389, 1328, -1, 1351, 1328, 1328, -1, 1328, 1328, 1307, -1,
 1328, 1307, 1280, -1, 1280, 1307, 1275, -1, 1280, 1275, 1275, -1,
 1275, 1275, 1227, -1, 1275, 1227, 1203, -1, 1203, 1227, 1175, -1,
 1203, 1175, 1175, -1, 1175, 1175, 1154, -1, 1175, 1154, 1117, -1,
 1117, 1154, 1102, -1, 1117, 1102, 1102, -1, 1102, 1102, 1063, -1,
 1102, 1063, 1035, -1, 1035, 1063, 1019, -1, 1035, 1019, 1019, -1,
 1019, 1019, 980, -1, 1019, 980, 959, -1, 959, 980, 923, -1,
 959, 923, 923, -1, 923, 923, 906, -1, 923, 906, 873, -1,
 873, 906, 873, -1, 873, 873, 864, -1, 864, 873, 815, -1,
 864, 815, 790, -1, 790, 815, 743, -1, 790, 743, 743, -1,
 743, 743, 720, -1, 743, 720, 716, -1, 716, 720, 716, -1,
 716, 716, 689, -1, 689, 716, 624, -1, 689, 624, 586, -1,
 586, 624, 528, -1, 586, 528, 504, -1, 482, 482, 448, -1,
 448, 482, 343, -1, 448, 343, 343, -1, 343, 343, 336, -1,
 343, 336, 320, -1, 320, 336, 304, -1, 320, 304, 297, -1,
 297, 304, 297, -1, 297, 297, 289, -1, 289, 297, 288, -1,
 289, 288, 288, -1, 288, 288, 281, -1, 288, 281, 264, -1,
 264, 281, 244, -1, 264, 244, 232, -1, 232, 244, 228, -1,
 232, 228, 228, -1, 228, 228, 227, -1, 228, 227, 227, -1,
 227, 227, 216, -1, 227, 216, 200, -1, 216, 182, 200, -1,
 200, 182, 169, -1, 200, 169, 171, -1, 171, 169, 166, -1,
 171, 166, 169, -1, 72, 102, 101, -1, 101, 102, 104, -1,
 101, 104, 102, -1, 169, 166, 166, -1, 166, 166, 155, -1,
 166, 155, 139, -1, 139, 155, 124, -1, 139, 124, 120, -1,
 120, 124, 120, -1, 120, 120, 110, -1, 110, 120, 105, -1,
 110, 105, 105, -1, 105, 105, 94, -1, 105, 94, 79, -1,
 79, 94, 74, -1, 79, 74, 74, -1, 74, 74, 67, -1,
 74, 67, 49, -1, 49, 67, 35, -1, 49, 35, 30, -1,
 30, 35, 30, -1, 30, 30, 19, -1, 19, 30, 17, -1,
 19, 17, 17, -1, 17, 17, 7, -1, 17, 7, 12, -1,
 12, 7, 26, -1, 12, 26, 32, -1, 32, 26, 32, -1,
 32, 32, 43, -1, 43, 32, 46, -1, 43, 46, 46, -1,
 46, 46, 54, -1, 46, 54, 72, -1, 72, 54, 86, -1,
 72, 86, 102, -1, 102, 104, 104, -1, 104, 104, 115, -1,
 104, 115, 131, -1, 131, 115, 146, -1, 131, 146, 149, -1,
 149, 146, 149, -1, 149, 149, 161, -1, 161, 149, 165, -1,
 161, 165, 165, -1, 165, 165, 176, -1, 165, 176, 189, -1,
 189, 176, 199, -1, 189, 199, 199, -1, 199, 199, 207, -1,
 199, 207, 221, -1, 221, 207, 229, -1, 221, 229, 229, -1,
 229, 229, 238, -1, 229, 238, 251, -1, 251, 238, 260, -1,
 251, 260, 260, -1, 260, 260, 270, -1, 260, 270, 286, -1,
 286, 270, 295, -1, 286, 295, 298, -1, 298, 295, 298, -1,
 298, 298, 311, -1, 311, 298, 313, -1, 311, 313, 313, -1,
 313, 313, 326, -1, 313, 326, 342, -1, 342, 326, 457, -1,
 342, 457, 483, -1, 457, 483, 483, -1, 483, 483, 514, -1,
 483, 514, 512, -1, 512, 514, 514, -1, 514, 514, 594, -1,
 514, 594, 631, -1, 631, 594, 694, -1, 631, 694, 707, -1,
 707, 694, 707, -1, 707, 707, 726, -1, 726, 707, 742, -1,
 726, 742, 742, -1, 742, 742, 796, -1, 742, 796, 822, -1,
 822, 796, 861, -1, 822, 861, 861, -1, 861, 861, 870, -1,
 861, 870, 912, -1, 912, 870, 924, -1, 912, 924, 924, -1,
 924, 924, 965, -1, 924, 965, 989, -1, 989, 965, 1013, -1,
 989, 1013, 1013, -1, 1013, 1013, 1042, -1, 1013, 1042, 1069, -1,
 1069, 1042, 1103, -1, 1069, 1103, 1103, -1, 1103, 1103, 1124, -1,
 1103, 1124, 1160, -1, 1160, 1124, 1172, -1, 1160, 1172, 1172, -1,
 1172, 1172, 1209, -1, 1172, 1209, 1233, -1, 1233, 1209, 1276, -1,
 1233, 1276, 1276, -1, 1478, 1478, 1448, -1, 1448, 1478, 1395, -1,
 1448, 1395, 1357, -1, 1276, 1286, 1276, -1, 1276, 1286, 1314, -1,
 1276, 1314, 1313, -1, 1313, 1314, 1357, -1, 1313, 1357, 1314, -1,
 1314, 1357, 1395, -1, 1505, 1505, 1505, -1, 1505, 1505, 1505, -1,
 1505, 1505, 1505, -1, 1505, 1505, 1505, -1, 1505, 1505, 1505, -1,
 1505, 1505, 1505, -1, 1505, 1505, 1505, -1, 1505, 1505, 1505, -1,
 1505, 1505, 1505, -1, 1505, 1505, 1505, -1, 1505, 1505, 1505, -1,
 1505, 1505, 1505, -1, 1505, 1505, 1505, -1, 1505, 1505, 1505, -1,
 1505, 1505, 1505, -1, 1505, 1505, 1505, -1, 1505, 1505, 1505, -1,
 1505, 1505, 1505, -1, 1505, 1505, 1505, -1, 1505, 1505, 1505, -1,
 1505, 1505, 1505, -1, 1505, 1505, 1505, -1, 1505, 1505, 1505, -1,
 1505, 1505, 1505, -1, 1505, 1505, 1505, -1, 1505, 1505, 1505, -1,
 1505, 1505, 1505, -1, 1505, 1505, 1505, -1, 1505, 1505, 1505, -1,
 1505, 1505, 1505, -1, 1505, 1505, 1505, -1, 1505, 1505, 1505, -1,
 1505, 1505, 1505, -1, 1505, 1505, 1505, -1, 1505, 1505, 1505, -1,
 1505, 1505, 1505, -1, 1505, 1505, 1505, -1, 1505, 1505, 1505, -1,
 1505, 1505, 1505, -1, 1505, 1505, 1505, -1, 1505, 1505, 1505, -1,
 1505, 1505, 1505, -1, 1505, 1505, 1505, -1, 1505, 1505, 1505, -1,
 1505, 1505, 1505, -1, 1505, 1505, 1505, -1, 1505, 1505, 1505, -1,
 1505, 1505, 1505, -1, 1505, 1505, 1505, -1, 1505, 1505, 1505, -1,
 1505, 1505, 1505, -1, 1505, 1505, 1505, -1, 1505, 1505, 1505, -1,
 1505, 1505, 1505, -1, 1505, 1505, 1505, -1, 1505, 1505, 1505, -1,
 1505, 1505, 1505, -1, 1505, 1505, 1505, -1, 1505, 1505, 1505, -1,
 1505, 1505, 1505, -1, 1505, 1505, 1505, -1, 1505, 1505, 1505, -1,
 1505, 1505, 1505, -1, 1505, 1505, 1505, -1, 1505, 1505, 1505, -1,
 1505, 1505, 1505, -1, 1505, 1505, 1505, -1, 1505, 1505, 1505, -1,
 1505, 1505, 1505, -1, 1505, 1505, 1505, -1, 1505, 1505, 1505, -1,
 1505, 1505, 1505, -1, 1505, 1505, 1505, -1, 1505, 1505, 1505, -1,
 1505, 1505, 1505, -1, 1505, 1505, 1505, -1, 1505, 1505, 1505, -1,
 1505, 1505, 1505, -1, 1505, 1505, 1505, -1, 1505, 1505, 1505, -1,
 1505, 1505, 1505, -1, 1505, 1505, 1505, -1, 1505, 1505, 1505, -1,
 1505, 1505, 1505, -1, 1505, 1505, 1505, -1, 1505, 1505, 1505, -1,
 1505, 1505, 1505, -1, 1505, 1505, 1505, -1, 1505, 1505, 1505, -1,
 1505, 1505, 1505, -1, 1505, 1505, 1505, -1, 1505, 1505, 1505, -1,
 1505, 1505, 1505, -1, 1505, 1505, 1505, -1, 1505, 1505, 1505, -1,
 1505, 1505, 1505, -1, 1505, 1505, 1505, -1, 1505, 1505, 1505, -1,
 1505, 1505, 1505, -1, 1505, 1505, 1505, -1, 1505, 1505, 1505, -1,
 1505, 1505, 1505, -1, 1505, 1505, 1505, -1, 1505, 1505, 1505, -1,
 1505, 1505, 1505, -1, 1505, 1505, 1505, -1, 1505, 1505, 1505, -1,
 1505, 1505, 1505, -1, 1505, 1505, 1505, -1, 1505, 1505, 1505, -1,
 1505, 1505, 1505, -1, 1505, 1505, 1505, -1, 1505, 1505, 1505, -1,
 1505, 1505, 1505, -1, 1505, 1505, 1505, -1, 1505, 1505, 1505, -1,
 1505, 1505, 1505, -1, 1505, 1505, 1505, -1, 1505, 1505, 1505, -1,
 1505, 1505, 1505, -1, 1505, 1505, 1505, -1, 1505, 1505, 1505, -1,
 1505, 1505, 1505, -1, 1505, 1505, 1505, -1, 1505, 1505, 1505, -1,
 1505, 1505, 1505, -1, 1505, 1505, 1505, -1, 1505, 1505, 1505, -1,
 1505, 1505, 1505, -1, 1505, 1505, 1505, -1, 1505, 1505, 1505, -1,
 1505, 1505, 1505, -1, 1505, 1505, 1505, -1, 1505, 1505, 1505, -1,
 1505, 1505, 1505, -1, 1505, 1505, 1505, -1, 1505, 1505, 1505, -1,
 1505, 1505, 1505, -1, 1505, 1505, 1505, -1, 1505, 1505, 1505, -1,
 1505, 1505, 1505, -1, 1505, 1505, 1505, -1, 1505, 1505, 1505, -1,
 1505, 1505, 1505, -1, 1505, 1505, 1505, -1, 1505, 1505, 1505, -1,
 1505, 1505, 1505, -1, 1505, 1505, 1505, -1, 1505, 1505, 1505, -1,
 1505, 1505, 1505, -1, 1450, 1450, 1450, -1, 1450, 1450, 1450, -1,
 1450, 1450, 1450, -1, 1450, 1450, 1450, -1, 1450, 1450, 1450, -1,
 1450, 1450, 1450, -1, 1450, 1450, 1450, -1, 1450, 1450, 1450, -1,
 1450, 1450, 1450, -1, 1450, 1450, 1450, -1, 1450, 1450, 1450, -1,
 1450, 1450, 1450, -1, 1450, 1450, 1450, -1, 1450, 1450, 1450, -1,
 1450, 1450, 1450, -1, 1450, 1450, 1450, -1, 1450, 1450, 1450, -1,
 1450, 1450, 1450, -1, 1450, 1450, 1450, -1, 1450, 1450, 1450, -1,
 1450, 1450, 1450, -1, 1450, 1450, 1450, -1, 1450, 1450, 1450, -1,
 1450, 1450, 1450, -1, 1450, 1450, 1450, -1, 1450, 1450, 1450, -1,
 1450, 1450, 1450, -1, 1450, 1450, 1450, -1, 1450, 1450, 1450, -1,
 1450, 1450, 1450, -1, 1450, 1450, 1450, -1, 1450, 1450, 1450, -1,
 1450, 1450, 1450, -1, 1450, 1450, 1450, -1, 1450, 1450, 1450, -1,
 1450, 1450, 1450, -1, 1450, 1450, 1450, -1, 1450, 1450, 1450, -1,
 1450, 1450, 1450, -1, 1450, 1450, 1450, -1, 1450, 1450, 1450, -1,
 1450, 1450, 1450, -1, 1450, 1450, 1450, -1, 1450, 1450, 1450, -1,
 1450, 1450, 1450, -1, 1450, 1450, 1450, -1, 1450, 1450, 1450, -1,
 1450, 1450, 1450, -1, 1450, 1450, 1450, -1, 1450, 1450, 1450, -1,
 1450, 1450, 1450, -1, 1450, 1450, 1450, -1, 1450, 1450, 1450, -1,
 1450, 1450, 1450, -1, 1450, 1450, 1450, -1, 1450, 1450, 1450, -1,
 1450, 1450, 1450, -1, 1450, 1450, 1450, -1, 1450, 1450, 1450, -1,
 1450, 1450, 1450, -1, 1450, 1450, 1450, -1, 1450, 1450, 1450, -1,
 1450, 1450, 1450, -1, 1450, 1450, 1450, -1, 1450, 1450, 1450, -1,
 1450, 1450, 1450, -1, 1450, 1450, 1450, -1, 1450, 1450, 1450, -1,
 1450, 1450, 1450, -1, 1450, 1450, 1450, -1, 1450, 1450, 1450, -1,
 1450, 1450, 1450, -1, 1450, 1450, 1450, -1, 1450, 1450, 1450, -1,
 1450, 1450, 1450, -1, 1450, 1450, 1450, -1, 1450, 1450, 1450, -1,
 1450, 1450, 1450, -1, 1450, 1450, 1450, -1, 1450, 1450, 1450, -1,
 1450, 1450, 1450, -1, 1450, 1450, 1450, -1, 1450, 1450, 1450, -1,
 1450, 1450, 1450, -1, 1450, 1450, 1450, -1, 1450, 1450, 1450, -1,
 1450, 1450, 1450, -1, 1450, 1450, 1450, -1, 1450, 1450, 1450, -1,
 1450, 1450, 1450, -1, 1450, 1450, 1450, -1, 1450, 1450, 1450, -1,
 1450, 1450, 1450, -1, 1450, 1450, 1450, -1, 1450, 1450, 1450, -1,
 1450, 1450, 1450, -1, 1450, 1450, 1450, -1, 1450, 1450, 1450, -1,
 1450, 1450, 1450, -1, 1450, 1450, 1450, -1, 1450, 1450, 1450, -1,
 1450, 1450, 1450, -1, 1450, 1450, 1450, -1, 1450, 1450, 1450, -1,
 1450, 1450, 1450, -1, 1450, 1450, 1450, -1, 1450, 1450, 1450, -1,
 1450, 1450, 1450, -1, 1450, 1450, 1450, -1, 1450, 1450, 1450, -1,
 1450, 1450, 1450, -1, 1450, 1450, 1450, -1, 1450, 1450, 1450, -1,
 1450, 1450, 1450, -1, 1450, 1450, 1450, -1, 1450, 1450, 1450, -1,
 1450, 1450, 1450, -1, 1450, 1450, 1450, -1, 1450, 1450, 1450, -1,
 1450, 1450, 1450, -1, 1450, 1450, 1450, -1, 1450, 1450, 1450, -1,
 1450, 1450, 1450, -1, 1450, 1450, 1450, -1, 1450, 1450, 1450, -1,
 1450, 1450, 1450, -1, 1450, 1450, 1450, -1, 1450, 1450, 1450, -1,
 1450, 1450, 1450, -1, 1450, 1450, 1450, -1, 1450, 1450, 1450, -1,
 1450, 1450, 1450, -1, 1450, 1450, 1450, -1, 1450, 1450, 1450, -1,
 1450, 1450, 1450, -1, 1450, 1450, 1450, -1, 1450, 1450, 1450, -1,
 1450, 1450, 1450, -1, 1450, 1450, 1450, -1, 1450, 1450, 1450, -1,
 1450, 1450, 1450, -1, 1450, 1450, 1450, -1, 1450, 1450, 1450, -1,
 1450, 1450, 1450, -1, 1450, 1450, 1450, -1, 1450, 1450, 1450, -1,
 1450, 1450, 1450, -1, 1450, 1450, 1450, -1, 1450, 1450, 1450, -1,
 1450, 1450, 1450, -1, 231, 231, 231, -1, 231, 231, 231, -1,
 230, 230, 230, -1, 230, 230, 230, -1, 2742, 2742, 2742, -1,
 2742, 2742, 2742, -1, 2743, 2743, 2743, -1, 2743, 2743, 2743, -1,
 1477, 1477, 1477, -1, 1477, 1477, 1477, -1, 1478, 1478, 1478, -1,
 1478, 1478, 1478, -1, 2048, 2114, 2087, -1, 344, 354, 362, -1,
 1947, 1953, 1928, -1, 1022, 1015, 1048, -1, 927, 918, 943, -1,
 351, 352, 360, -1, 1947, 1955, 1915, -1, 2044, 2053, 2022, -1,
 2630, 2624, 2614, -1, 617, 610, 635, -1, 1912, 1951, 1921, -1,
 2331, 2324, 2319, -1, 2331, 2319, 2296, -1, 2296, 2319, 2309, -1,
 2296, 2309, 2295, -1, 2295, 2309, 2287, -1, 2295, 2287, 2240, -1,
 2240, 2287, 2222, -1, 2240, 2222, 2232, -1, 2232, 2222, 2218, -1,
 2232, 2218, 2191, -1, 2191, 2218, 2187, -1, 2191, 2187, 2190, -1,
 2190, 2187, 2170, -1, 2190, 2170, 2132, -1, 2132, 2170, 2166, -1,
 2132, 2166, 2131, -1, 2131, 2166, 2125, -1, 2131, 2125, 2084, -1,
 2084, 2125, 2076, -1, 2084, 2076, 2081, -1, 1564, 1575, 1577, -1,
 1577, 1575, 1619, -1, 1577, 1619, 1621, -1, 1621, 1619, 1626, -1,
 1621, 1626, 1681, -1, 1681, 1626, 1684, -1, 1681, 1684, 1688, -1,
 1688, 1684, 1694, -1, 1688, 1694, 1713, -1, 1713, 1694, 1737, -1,
 1713, 1737, 1738, -1, 1738, 1737, 1744, -1, 1738, 1744, 1785, -1,
 1785, 1744, 1790, -1, 1785, 1790, 1795, -1, 1795, 1790, 1801, -1,
 1795, 1801, 1838, -1, 1838, 1801, 1855, -1, 1838, 1855, 1856, -1,
 1856, 1855, 1863, -1, 1856, 1863, 1880, -1, 1880, 1863, 1910, -1,
 1880, 1910, 1909, -1, 1909, 1910, 1920, -1, 1909, 1920, 1959, -1,
 1959, 1920, 1966, -1, 1959, 1966, 1961, -1, 1961, 1966, 1967, -1,
 1961, 1967, 1976, -1, 1976, 1967, 2028, -1, 1976, 2028, 2021, -1,
 2021, 2028, 2030, -1, 2021, 2030, 2068, -1, 2068, 2030, 2081, -1,
 2068, 2081, 2070, -1, 2070, 2081, 2076, -1, 1408, 1410, 1409, -1,
 1409, 1410, 1428, -1, 1428, 1410, 1519, -1, 1428, 1519, 1517, -1,
 1517, 1519, 1524, -1, 1517, 1524, 1564, -1, 1564, 1524, 1555, -1,
 1564, 1555, 1575, -1, 1409, 1401, 1408, -1, 1408, 1401, 1342, -1,
 1408, 1342, 1348, -1, 1348, 1342, 1347, -1, 1347, 1342, 1337, -1,
 1347, 1337, 1300, -1, 1300, 1337, 1295, -1, 1300, 1295, 1292, -1,
 1292, 1295, 1293, -1, 1292, 1293, 1245, -1, 1245, 1293, 1239, -1,
 1245, 1239, 1238, -1, 1238, 1239, 1234, -1, 1238, 1234, 1185, -1,
 1185, 1234, 1179, -1, 1185, 1179, 1181, -1, 1181, 1179, 1178, -1,
 1181, 1178, 1132, -1, 1132, 1178, 1130, -1, 1132, 1130, 1127, -1,
 1127, 1130, 1126, -1, 1127, 1126, 1076, -1, 1076, 1126, 1075, -1,
 1076, 1075, 1073, -1, 1073, 1075, 1070, -1, 1073, 1070, 1053, -1,
 1758, 1810, 1807, -1, 1807, 1810, 1830, -1, 1807, 1830, 1818, -1,
 1818, 1830, 1865, -1, 1818, 1865, 1868, -1, 1868, 1865, 1881, -1,
 1868, 1881, 1921, -1, 1921, 1881, 1907, -1, 1921, 1907, 1912, -1,
 1632, 1697, 1700, -1, 1700, 1697, 1715, -1, 1700, 1715, 1708, -1,
 1708, 1715, 1746, -1, 1708, 1746, 1758, -1, 1758, 1746, 1774, -1,
 1758, 1774, 1810, -1, 1528, 1592, 1584, -1, 1584, 1592, 1605, -1,
 1584, 1605, 1593, -1, 1593, 1605, 1642, -1, 1593, 1642, 1632, -1,
 1632, 1642, 1655, -1, 1632, 1655, 1697, -1, 1365, 1427, 1416, -1,
 1416, 1427, 1431, -1, 1416, 1431, 1429, -1, 1429, 1431, 1540, -1,
 1429, 1540, 1528, -1, 1528, 1540, 1541, -1, 1528, 1541, 1592, -1,
 1250, 1325, 1319, -1, 1319, 1325, 1329, -1, 1319, 1329, 1340, -1,
 1340, 1329, 1370, -1, 1340, 1370, 1365, -1, 1365, 1370, 1376, -1,
 1365, 1376, 1427, -1, 1142, 1194, 1192, -1, 1192, 1194, 1214, -1,
 1192, 1214, 1235, -1, 1235, 1214, 1260, -1, 1235, 1260, 1250, -1,
 1250, 1260, 1263, -1, 1250, 1263, 1325, -1, 1023, 1084, 1089, -1,
 1089, 1084, 1100, -1, 1089, 1100, 1113, -1, 1113, 1100, 1138, -1,
 1113, 1138, 1142, -1, 1142, 1138, 1161, -1, 1142, 1161, 1194, -1,
 931, 973, 985, -1, 985, 973, 1000, -1, 985, 1000, 1011, -1,
 1011, 1000, 1021, -1, 1011, 1021, 1023, -1, 1023, 1021, 1041, -1,
 1023, 1041, 1084, -1, 831, 854, 875, -1, 875, 854, 886, -1,
 875, 886, 914, -1, 914, 886, 915, -1, 914, 915, 931, -1,
 931, 915, 938, -1, 931, 938, 973, -1, 740, 758, 769, -1,
 769, 758, 778, -1, 769, 778, 810, -1, 810, 778, 808, -1,
 810, 808, 831, -1, 831, 808, 840, -1, 831, 840, 854, -1,
 769, 729, 740, -1, 740, 729, 708, -1, 740, 708, 703, -1,
 703, 708, 663, -1, 703, 663, 672, -1, 672, 663, 654, -1,
 654, 663, 635, -1, 635, 663, 633, -1, 635, 633, 617, -1,
 2331, 2342, 2324, -1, 2324, 2342, 2364, -1, 2324, 2364, 2368, -1,
 2368, 2364, 2387, -1, 2368, 2387, 2400, -1, 2400, 2387, 2422, -1,
 2630, 2614, 2625, -1, 2357, 2337, 2321, -1, 2357, 2321, 2318, -1,
 2318, 2321, 2305, -1, 2318, 2305, 2317, -1, 2044, 2022, 2032, -1,
 2032, 2022, 1981, -1, 2032, 1981, 2001, -1, 1259, 1270, 1277, -1,
 351, 360, 348, -1, 618, 639, 653, -1, 618, 653, 657, -1,
 657, 653, 670, -1, 657, 670, 659, -1, 927, 943, 939, -1,
 939, 943, 990, -1, 939, 990, 969, -1, 1701, 1690, 1681, -1,
 2300, 2318, 2322, -1, 2322, 2318, 2353, -1, 2322, 2353, 2333, -1,
 785, 773, 738, -1, 344, 362, 346, -1, 675, 657, 656, -1,
 656, 657, 622, -1, 656, 622, 642, -1, 2328, 2291, 2307, -1,
 2418, 2373, 2393, -1, 2506, 2482, 2469, -1, 2469, 2482, 2447, -1,
 2469, 2447, 2423, -1, 2423, 2447, 2411, -1, 2423, 2411, 2422, -1,
 2422, 2411, 2406, -1, 2422, 2406, 2400, -1, 2578, 2543, 2549, -1,
 2549, 2543, 2537, -1, 2549, 2537, 2510, -1, 2510, 2537, 2497, -1,
 2510, 2497, 2506, -1, 2506, 2497, 2490, -1, 2506, 2490, 2482, -1,
 2614, 2601, 2625, -1, 2625, 2601, 2600, -1, 2625, 2600, 2581, -1,
 2581, 2600, 2573, -1, 2581, 2573, 2578, -1, 2578, 2573, 2567, -1,
 2578, 2567, 2543, -1, 2521, 2545, 2558, -1, 2558, 2545, 2563, -1,
 2558, 2563, 2564, -1, 2564, 2563, 2595, -1, 2564, 2595, 2587, -1,
 2587, 2595, 2599, -1, 2587, 2599, 2624, -1, 2624, 2599, 2608, -1,
 2624, 2608, 2614, -1, 2432, 2457, 2481, -1, 2481, 2457, 2487, -1,
 2481, 2487, 2492, -1, 2492, 2487, 2533, -1, 2492, 2533, 2521, -1,
 2521, 2533, 2536, -1, 2521, 2536, 2545, -1, 2357, 2367, 2337, -1,
 2337, 2367, 2399, -1, 2337, 2399, 2396, -1, 2396, 2399, 2407, -1,
 2396, 2407, 2408, -1, 2408, 2407, 2442, -1, 2408, 2442, 2432, -1,
 2432, 2442, 2455, -1, 2432, 2455, 2457, -1, 2317, 2305, 2266, -1,
 2266, 2305, 2244, -1, 2266, 2244, 2262, -1, 2262, 2244, 2217, -1,
 2262, 2217, 2216, -1, 2216, 2217, 2203, -1, 2216, 2203, 2214, -1,
 2214, 2203, 2153, -1, 2153, 2203, 2145, -1, 2153, 2145, 2146, -1,
 2146, 2145, 2121, -1, 2146, 2121, 2123, -1, 2123, 2121, 2094, -1,
 2123, 2094, 2118, -1, 2118, 2094, 2053, -1, 2053, 2094, 2043, -1,
 2053, 2043, 2022, -1, 2001, 1981, 1955, -1, 1955, 1981, 1943, -1,
 1955, 1943, 1915, -1, 1768, 1793, 1800, -1, 1800, 1793, 1835, -1,
 1800, 1835, 1826, -1, 1826, 1835, 1840, -1, 1826, 1840, 1876, -1,
 1876, 1840, 1885, -1, 1876, 1885, 1915, -1, 1915, 1885, 1918, -1,
 1915, 1918, 1947, -1, 1639, 1669, 1695, -1, 1695, 1669, 1720, -1,
 1695, 1720, 1710, -1, 1710, 1720, 1725, -1, 1710, 1725, 1768, -1,
 1768, 1725, 1780, -1, 1768, 1780, 1793, -1, 1535, 1553, 1579, -1,
 1579, 1553, 1612, -1, 1579, 1612, 1590, -1, 1590, 1612, 1620, -1,
 1590, 1620, 1639, -1, 1639, 1620, 1661, -1, 1639, 1661, 1669, -1,
 1259, 1277, 1327, -1, 1327, 1277, 1335, -1, 1327, 1335, 1341, -1,
 1341, 1335, 1374, -1, 1341, 1374, 1372, -1, 1372, 1374, 1385, -1,
 1372, 1385, 1415, -1, 1415, 1385, 1438, -1, 1415, 1438, 1424, -1,
 1424, 1438, 1526, -1, 1424, 1526, 1535, -1, 1535, 1526, 1550, -1,
 1535, 1550, 1553, -1, 1270, 1259, 1247, -1, 1247, 1259, 1236, -1,
 1247, 1236, 1220, -1, 1220, 1236, 1201, -1, 1220, 1201, 1177, -1,
 1177, 1201, 1152, -1, 1177, 1152, 1167, -1, 1167, 1152, 1123, -1,
 1167, 1123, 1128, -1, 1128, 1123, 1097, -1, 1128, 1097, 1108, -1,
 1108, 1097, 1083, -1, 1083, 1097, 1030, -1, 1083, 1030, 1055, -1,
 1055, 1030, 1012, -1, 1055, 1012, 1010, -1, 1010, 1012, 996, -1,
 1010, 996, 1006, -1, 1006, 996, 992, -1, 992, 996, 937, -1,
 992, 937, 947, -1, 947, 937, 916, -1, 947, 916, 901, -1,
 901, 916, 883, -1, 901, 883, 897, -1, 897, 883, 893, -1,
 893, 883, 839, -1, 893, 839, 848, -1, 848, 839, 818, -1,
 848, 818, 807, -1, 807, 818, 777, -1, 807, 777, 801, -1,
 640, 664, 674, -1, 674, 664, 686, -1, 674, 686, 715, -1,
 715, 686, 749, -1, 715, 749, 739, -1, 739, 749, 754, -1,
 739, 754, 777, -1, 777, 754, 785, -1, 777, 785, 801, -1,
 546, 572, 582, -1, 582, 572, 605, -1, 582, 605, 630, -1,
 630, 605, 651, -1, 630, 651, 640, -1, 640, 651, 655, -1,
 640, 655, 664, -1, 464, 490, 500, -1, 500, 490, 522, -1,
 500, 522, 535, -1, 535, 522, 557, -1, 535, 557, 546, -1,
 546, 557, 566, -1, 546, 566, 572, -1, 391, 429, 422, -1,
 422, 429, 435, -1, 422, 435, 449, -1, 449, 435, 475, -1,
 449, 475, 464, -1, 464, 475, 479, -1, 464, 479, 490, -1,
 360, 372, 348, -1, 348, 372, 374, -1, 348, 374, 385, -1,
 385, 374, 401, -1, 385, 401, 391, -1, 391, 401, 405, -1,
 391, 405, 429, -1, 456, 426, 417, -1, 417, 426, 410, -1,
 417, 410, 407, -1, 407, 410, 380, -1, 407, 380, 390, -1,
 390, 380, 376, -1, 390, 376, 352, -1, 352, 376, 365, -1,
 352, 365, 360, -1, 539, 513, 492, -1, 492, 513, 485, -1,
 492, 485, 477, -1, 477, 485, 443, -1, 477, 443, 456, -1,
 456, 443, 438, -1, 456, 438, 426, -1, 618, 607, 639, -1,
 639, 607, 573, -1, 639, 573, 575, -1, 575, 573, 567, -1,
 575, 567, 561, -1, 561, 567, 531, -1, 561, 531, 539, -1,
 539, 531, 516, -1, 539, 516, 513, -1, 659, 670, 705, -1,
 705, 670, 728, -1, 705, 728, 711, -1, 711, 728, 753, -1,
 711, 753, 755, -1, 755, 753, 770, -1, 755, 770, 760, -1,
 760, 770, 823, -1, 823, 770, 832, -1, 823, 832, 828, -1,
 828, 832, 850, -1, 828, 850, 851, -1, 851, 850, 876, -1,
 851, 876, 857, -1, 857, 876, 918, -1, 918, 876, 929, -1,
 918, 929, 943, -1, 969, 990, 1015, -1, 1015, 990, 1028, -1,
 1015, 1028, 1048, -1, 1193, 1170, 1162, -1, 1162, 1170, 1133, -1,
 1162, 1133, 1141, -1, 1141, 1133, 1126, -1, 1141, 1126, 1090, -1,
 1090, 1126, 1078, -1, 1090, 1078, 1048, -1, 1048, 1078, 1047, -1,
 1048, 1047, 1022, -1, 1318, 1289, 1262, -1, 1262, 1289, 1241, -1,
 1262, 1241, 1251, -1, 1251, 1241, 1234, -1, 1251, 1234, 1193, -1,
 1193, 1234, 1182, -1, 1193, 1182, 1170, -1, 1421, 1399, 1373, -1,
 1373, 1399, 1344, -1, 1373, 1344, 1363, -1, 1363, 1344, 1337, -1,
 1363, 1337, 1318, -1, 1318, 1337, 1297, -1, 1318, 1297, 1289, -1,
 1701, 1681, 1630, -1, 1630, 1681, 1623, -1, 1630, 1623, 1616, -1,
 1616, 1623, 1577, -1, 1616, 1577, 1581, -1, 1581, 1577, 1570, -1,
 1581, 1570, 1537, -1, 1537, 1570, 1520, -1, 1537, 1520, 1532, -1,
 1532, 1520, 1428, -1, 1532, 1428, 1421, -1, 1421, 1428, 1403, -1,
 1421, 1403, 1399, -1, 1690, 1701, 1713, -1, 1713, 1701, 1724, -1,
 1713, 1724, 1740, -1, 1740, 1724, 1759, -1, 1740, 1759, 1785, -1,
 1785, 1759, 1815, -1, 1785, 1815, 1797, -1, 1797, 1815, 1846, -1,
 1797, 1846, 1838, -1, 1838, 1846, 1869, -1, 1838, 1869, 1858, -1,
 1858, 1869, 1880, -1, 1880, 1869, 1942, -1, 1880, 1942, 1914, -1,
 1914, 1942, 1958, -1, 1914, 1958, 1959, -1, 1959, 1958, 1974, -1,
 1959, 1974, 1963, -1, 1963, 1974, 1976, -1, 1976, 1974, 2035, -1,
 1976, 2035, 2024, -1, 2024, 2035, 2055, -1, 2024, 2055, 2068, -1,
 2068, 2055, 2086, -1, 2068, 2086, 2072, -1, 2072, 2086, 2076, -1,
 2076, 2086, 2138, -1, 2076, 2138, 2127, -1, 2127, 2138, 2160, -1,
 2127, 2160, 2166, -1, 2166, 2160, 2195, -1, 2166, 2195, 2172, -1,
 2336, 2309, 2302, -1, 2302, 2309, 2289, -1, 2302, 2289, 2257, -1,
 2257, 2289, 2224, -1, 2257, 2224, 2235, -1, 2235, 2224, 2218, -1,
 2235, 2218, 2195, -1, 2195, 2218, 2187, -1, 2195, 2187, 2172, -1,
 2425, 2400, 2389, -1, 2389, 2400, 2370, -1, 2389, 2370, 2346, -1,
 2346, 2370, 2326, -1, 2346, 2326, 2336, -1, 2336, 2326, 2319, -1,
 2336, 2319, 2309, -1, 2513, 2482, 2473, -1, 2473, 2482, 2449, -1,
 2473, 2449, 2437, -1, 2437, 2449, 2416, -1, 2437, 2416, 2425, -1,
 2425, 2416, 2406, -1, 2425, 2406, 2400, -1, 2586, 2543, 2553, -1,
 2553, 2543, 2539, -1, 2553, 2539, 2526, -1, 2526, 2539, 2499, -1,
 2526, 2499, 2513, -1, 2513, 2499, 2490, -1, 2513, 2490, 2482, -1,
 2627, 2600, 2590, -1, 2590, 2600, 2575, -1, 2590, 2575, 2586, -1,
 2586, 2575, 2567, -1, 2586, 2567, 2543, -1, 2593, 2599, 2620, -1,
 2620, 2599, 2608, -1, 2620, 2608, 2622, -1, 2622, 2608, 2612, -1,
 2622, 2612, 2627, -1, 2627, 2612, 2603, -1, 2627, 2603, 2600, -1,
 2620, 2583, 2593, -1, 2593, 2583, 2565, -1, 2593, 2565, 2561, -1,
 2561, 2565, 2554, -1, 2561, 2554, 2545, -1, 2545, 2554, 2515, -1,
 2430, 2457, 2478, -1, 2478, 2457, 2485, -1, 2478, 2485, 2494, -1,
 2494, 2485, 2531, -1, 2494, 2531, 2515, -1, 2515, 2531, 2536, -1,
 2515, 2536, 2545, -1, 2353, 2367, 2333, -1, 2333, 2367, 2399, -1,
 2333, 2399, 2394, -1, 2394, 2399, 2404, -1, 2394, 2404, 2409, -1,
 2409, 2404, 2440, -1, 2409, 2440, 2430, -1, 2430, 2440, 2455, -1,
 2430, 2455, 2457, -1, 2198, 2216, 2219, -1, 2219, 2216, 2260, -1,
 2219, 2260, 2241, -1, 2241, 2260, 2266, -1, 2241, 2266, 2300, -1,
 2300, 2266, 2315, -1, 2300, 2315, 2318, -1, 2050, 2116, 2090, -1,
 2090, 2116, 2123, -1, 2090, 2123, 2124, -1, 2124, 2123, 2146, -1,
 2124, 2146, 2141, -1, 2141, 2146, 2150, -1, 2141, 2150, 2198, -1,
 2198, 2150, 2212, -1, 2198, 2212, 2216, -1, 1998, 2032, 1975, -1,
 1975, 2032, 2044, -1, 1975, 2044, 2031, -1, 2031, 2044, 2050, -1,
 2031, 2050, 2041, -1, 2041, 2050, 2090, -1, 1998, 1975, 1953, -1,
 1953, 1975, 1938, -1, 1953, 1938, 1928, -1, 1823, 1840, 1872, -1,
 1872, 1840, 1883, -1, 1872, 1883, 1928, -1, 1928, 1883, 1918, -1,
 1928, 1918, 1947, -1, 1636, 1669, 1705, -1, 1705, 1669, 1718, -1,
 1705, 1718, 1711, -1, 1711, 1718, 1725, -1, 1711, 1725, 1762, -1,
 1762, 1725, 1777, -1, 1762, 1777, 1817, -1, 1817, 1777, 1793, -1,
 1817, 1793, 1823, -1, 1823, 1793, 1832, -1, 1823, 1832, 1840, -1,
 1531, 1553, 1588, -1, 1588, 1553, 1609, -1, 1588, 1609, 1594, -1,
 1594, 1609, 1620, -1, 1594, 1620, 1636, -1, 1636, 1620, 1659, -1,
 1636, 1659, 1669, -1, 1254, 1277, 1323, -1, 1323, 1277, 1333, -1,
 1323, 1333, 1330, -1, 1330, 1333, 1374, -1, 1330, 1374, 1369, -1,
 1369, 1374, 1381, -1, 1369, 1381, 1420, -1, 1420, 1381, 1435, -1,
 1420, 1435, 1430, -1, 1430, 1435, 1526, -1, 1430, 1526, 1531, -1,
 1531, 1526, 1548, -1, 1531, 1548, 1553, -1, 1147, 1177, 1197, -1,
 1197, 1177, 1218, -1, 1197, 1218, 1216, -1, 1216, 1218, 1247, -1,
 1216, 1247, 1254, -1, 1254, 1247, 1268, -1, 1254, 1268, 1277, -1,
 1025, 1083, 1093, -1, 1093, 1083, 1105, -1, 1093, 1105, 1106, -1,
 1106, 1105, 1128, -1, 1106, 1128, 1147, -1, 1147, 1128, 1165, -1,
 1147, 1165, 1177, -1, 879, 901, 902, -1, 902, 901, 945, -1,
 902, 945, 935, -1, 935, 945, 992, -1, 935, 992, 991, -1,
 991, 992, 1004, -1, 991, 1004, 1008, -1, 1008, 1004, 1010, -1,
 1008, 1010, 1025, -1, 1025, 1010, 1051, -1, 1025, 1051, 1083, -1,
 785, 799, 773, -1, 773, 799, 807, -1, 773, 807, 806, -1,
 806, 807, 846, -1, 806, 846, 835, -1, 835, 846, 893, -1,
 835, 893, 879, -1, 879, 893, 895, -1, 879, 895, 901, -1,
 645, 664, 668, -1, 668, 664, 684, -1, 668, 684, 735, -1,
 735, 684, 747, -1, 735, 747, 738, -1, 738, 747, 754, -1,
 738, 754, 785, -1, 549, 572, 579, -1, 579, 572, 603, -1,
 579, 603, 636, -1, 636, 603, 649, -1, 636, 649, 645, -1,
 645, 649, 655, -1, 645, 655, 664, -1, 470, 490, 495, -1,
 495, 490, 520, -1, 495, 520, 544, -1, 544, 520, 555, -1,
 544, 555, 549, -1, 549, 555, 566, -1, 549, 566, 572, -1,
 397, 429, 418, -1, 418, 429, 433, -1, 418, 433, 459, -1,
 459, 433, 473, -1, 459, 473, 470, -1, 470, 473, 479, -1,
 470, 479, 490, -1, 362, 370, 346, -1, 346, 370, 374, -1,
 346, 374, 387, -1, 387, 374, 399, -1, 387, 399, 397, -1,
 397, 399, 405, -1, 397, 405, 429, -1, 461, 426, 421, -1,
 421, 426, 412, -1, 421, 412, 408, -1, 408, 412, 382, -1,
 408, 382, 395, -1, 395, 382, 376, -1, 395, 376, 354, -1,
 354, 376, 365, -1, 354, 365, 362, -1, 541, 513, 496, -1,
 496, 513, 487, -1, 496, 487, 481, -1, 481, 487, 445, -1,
 481, 445, 461, -1, 461, 445, 438, -1, 461, 438, 426, -1,
 622, 607, 642, -1, 642, 607, 573, -1, 642, 573, 578, -1,
 578, 573, 569, -1, 578, 569, 564, -1, 564, 569, 533, -1,
 564, 533, 541, -1, 541, 533, 516, -1, 541, 516, 513, -1,
 774, 755, 756, -1, 756, 755, 713, -1, 756, 713, 733, -1,
 733, 713, 705, -1, 733, 705, 675, -1, 675, 705, 661, -1,
 675, 661, 657, -1, 880, 851, 853, -1, 853, 851, 828, -1,
 853, 828, 836, -1, 836, 828, 825, -1, 836, 825, 774, -1,
 774, 825, 762, -1, 774, 762, 755, -1, 995, 939, 956, -1,
 956, 939, 927, -1, 956, 927, 932, -1, 932, 927, 921, -1,
 932, 921, 880, -1, 880, 921, 859, -1, 880, 859, 851, -1,
 1094, 1047, 1059, -1, 1059, 1047, 1022, -1, 1059, 1022, 1032, -1,
 1032, 1022, 1017, -1, 1032, 1017, 995, -1, 995, 1017, 971, -1,
 995, 971, 939, -1, 1198, 1170, 1171, -1, 1171, 1170, 1135, -1,
 1171, 1135, 1146, -1, 1146, 1135, 1126, -1, 1146, 1126, 1094, -1,
 1094, 1126, 1080, -1, 1094, 1080, 1047, -1, 1322, 1289, 1273, -1,
 1273, 1289, 1244, -1, 1273, 1244, 1255, -1, 1255, 1244, 1234, -1,
 1255, 1234, 1198, -1, 1198, 1234, 1186, -1, 1198, 1186, 1170, -1,
 1425, 1399, 1382, -1, 1382, 1399, 1346, -1, 1382, 1346, 1366, -1,
 1366, 1346, 1337, -1, 1366, 1337, 1322, -1, 1322, 1337, 1299, -1,
 1322, 1299, 1289, -1, 1706, 1686, 1640, -1, 1640, 1686, 1625, -1,
 1640, 1625, 1635, -1, 1635, 1625, 1577, -1, 1635, 1577, 1585, -1,
 1585, 1577, 1572, -1, 1585, 1572, 1546, -1, 1546, 1572, 1522, -1,
 1546, 1522, 1536, -1, 1536, 1522, 1428, -1, 1536, 1428, 1425, -1,
 1425, 1428, 1405, -1, 1425, 1405, 1399, -1, 1763, 1702, 1706, -1,
 1706, 1702, 1692, -1, 1706, 1692, 1686, -1, 1945, 1888, 1873, -1,
 1873, 1888, 1860, -1, 1873, 1860, 1866, -1, 1866, 1860, 1827, -1,
 1866, 1827, 1822, -1, 1822, 1827, 1799, -1, 1822, 1799, 1765, -1,
 1765, 1799, 1787, -1, 1765, 1787, 1763, -1, 1763, 1787, 1742, -1,
 1763, 1742, 1702, -1, 2038, 1994, 1980, -1, 1980, 1994, 1965, -1,
 1980, 1965, 1969, -1, 1969, 1965, 1949, -1, 1969, 1949, 1945, -1,
 1945, 1949, 1917, -1, 1945, 1917, 1888, -1, 2142, 2080, 2091, -1,
 2091, 2080, 2074, -1, 2091, 2074, 2078, -1, 2078, 2074, 2051, -1,
 2078, 2051, 2038, -1, 2038, 2051, 2026, -1, 2038, 2026, 1994, -1,
 2226, 2174, 2200, -1, 2200, 2174, 2168, -1, 2200, 2168, 2185, -1,
 2185, 2168, 2164, -1, 2185, 2164, 2142, -1, 2142, 2164, 2129, -1,
 2142, 2129, 2080, -1, 2200, 2239, 2226, -1, 2226, 2239, 2271, -1,
 2226, 2271, 2265, -1, 2265, 2271, 2307, -1, 2265, 2307, 2274, -1,
 2274, 2307, 2291, -1, 2307, 2340, 2328, -1, 2328, 2340, 2362, -1,
 2328, 2362, 2361, -1, 2361, 2362, 2393, -1, 2361, 2393, 2363, -1,
 2363, 2393, 2373, -1, 2393, 2428, 2418, -1, 2418, 2428, 2443, -1,
 2418, 2443, 2436, -1, 2436, 2443, 2479, -1, 2436, 2479, 2446, -1,
 2557, 2535, 2534, -1, 2534, 2535, 2504, -1, 2534, 2504, 2518, -1,
 2518, 2504, 2501, -1, 2518, 2501, 2479, -1, 2479, 2501, 2451, -1,
 2479, 2451, 2446, -1, 2629, 2605, 2598, -1, 2598, 2605, 2577, -1,
 2598, 2577, 2589, -1, 2589, 2577, 2571, -1, 2589, 2571, 2557, -1,
 2557, 2571, 2541, -1, 2557, 2541, 2535, -1, 2550, 2570, 2568, -1,
 2568, 2570, 2582, -1, 2568, 2582, 2579, -1, 2579, 2582, 2591, -1,
 2579, 2591, 2607, -1, 2607, 2591, 2610, -1, 2607, 2610, 2619, -1,
 2619, 2610, 2616, -1, 2619, 2616, 2629, -1, 2629, 2616, 2606, -1,
 2629, 2606, 2605, -1, 2472, 2503, 2495, -1, 2495, 2503, 2509, -1,
 2495, 2509, 2512, -1, 2512, 2509, 2529, -1, 2512, 2529, 2550, -1,
 2550, 2529, 2559, -1, 2550, 2559, 2570, -1, 2390, 2421, 2410, -1,
 2410, 2421, 2435, -1, 2410, 2435, 2427, -1, 2427, 2435, 2438, -1,
 2427, 2438, 2472, -1, 2472, 2438, 2483, -1, 2472, 2483, 2503, -1,
 2297, 2329, 2323, -1, 2323, 2329, 2349, -1, 2323, 2349, 2330, -1,
 2330, 2349, 2371, -1, 2330, 2371, 2390, -1, 2390, 2371, 2402, -1,
 2390, 2402, 2421, -1, 2194, 2228, 2227, -1, 2227, 2228, 2258, -1,
 2227, 2258, 2236, -1, 2236, 2258, 2293, -1, 2236, 2293, 2297, -1,
 2297, 2293, 2313, -1, 2297, 2313, 2329, -1, 2114, 2119, 2087, -1,
 2087, 2119, 2122, -1, 2087, 2122, 2130, -1, 2130, 2122, 2147, -1,
 2130, 2147, 2137, -1, 2137, 2147, 2204, -1, 2137, 2204, 2194, -1,
 2194, 2204, 2210, -1, 2194, 2210, 2228, -1, 1996, 2014, 1970, -1,
 1970, 2014, 2015, -1, 1970, 2015, 2029, -1, 2029, 2015, 2048, -1,
 2029, 2048, 2037, -1, 2037, 2048, 2087, -1, 1996, 1970, 1951, -1,
 1951, 1970, 1935, -1, 1951, 1935, 1921, -1, 358, 345, 369, -1,
 1839, 1834, 1836, -1, 2339, 2341, 2365, -1, 2294, 2310, 2301, -1,
 1148, 1099, 1096, -1, 1096, 1099, 1081, -1, 1096, 1081, 1087, -1,
 1258, 1212, 1200, -1, 1200, 1212, 1187, -1, 1200, 1187, 1189, -1,
 1189, 1187, 1155, -1, 1189, 1155, 1148, -1, 1148, 1155, 1136, -1,
 1148, 1136, 1099, -1, 1368, 1315, 1324, -1, 1324, 1315, 1301, -1,
 1324, 1301, 1310, -1, 1310, 1301, 1261, -1, 1310, 1261, 1258, -1,
 1258, 1261, 1246, -1, 1258, 1246, 1212, -1, 1538, 1414, 1426, -1,
 1426, 1414, 1411, -1, 1426, 1411, 1412, -1, 1412, 1411, 1361, -1,
 1412, 1361, 1368, -1, 1368, 1361, 1349, -1, 1368, 1349, 1315, -1,
 1637, 1582, 1587, -1, 1587, 1582, 1576, -1, 1587, 1576, 1573, -1,
 1573, 1576, 1527, -1, 1573, 1527, 1538, -1, 1538, 1527, 1525, -1,
 1538, 1525, 1414, -1, 1824, 1764, 1773, -1, 1773, 1764, 1745, -1,
 1773, 1745, 1767, -1, 1767, 1745, 1698, -1, 1767, 1698, 1709, -1,
 1709, 1698, 1696, -1, 1709, 1696, 1656, -1, 1656, 1696, 1631, -1,
 1656, 1631, 1637, -1, 1637, 1631, 1627, -1, 1637, 1627, 1582, -1,
 1946, 1878, 1879, -1, 1879, 1878, 1864, -1, 1879, 1864, 1875, -1,
 1875, 1864, 1828, -1, 1875, 1828, 1824, -1, 1824, 1828, 1802, -1,
 1824, 1802, 1764, -1, 2040, 1995, 1992, -1, 1992, 1995, 1968, -1,
 1992, 1968, 1984, -1, 1984, 1968, 1948, -1, 1984, 1948, 1946, -1,
 1946, 1948, 1925, -1, 1946, 1925, 1878, -1, 2144, 2120, 2096, -1,
 2096, 2120, 2083, -1, 2096, 2083, 2093, -1, 2093, 2083, 2054, -1,
 2093, 2054, 2040, -1, 2040, 2054, 2033, -1, 2040, 2033, 1995, -1,
 2202, 2192, 2199, -1, 2199, 2192, 2165, -1, 2199, 2165, 2144, -1,
 2144, 2165, 2135, -1, 2144, 2135, 2120, -1, 2294, 2301, 2242, -1,
 2301, 2268, 2242, -1, 2242, 2268, 2233, -1, 2242, 2233, 2202, -1,
 2202, 2233, 2215, -1, 2202, 2215, 2192, -1, 2341, 2339, 2310, -1,
 2310, 2339, 2320, -1, 2310, 2320, 2301, -1, 613, 632, 611, -1,
 613, 611, 606, -1, 632, 613, 643, -1, 643, 613, 652, -1,
 643, 652, 677, -1, 677, 652, 665, -1, 677, 665, 679, -1,
 665, 687, 679, -1, 679, 687, 699, -1, 679, 699, 731, -1,
 731, 699, 750, -1, 731, 750, 741, -1, 741, 750, 779, -1,
 779, 750, 786, -1, 779, 786, 781, -1, 781, 786, 802, -1,
 781, 802, 843, -1, 843, 802, 803, -1, 843, 803, 844, -1,
 844, 803, 849, -1, 844, 849, 885, -1, 885, 849, 889, -1,
 885, 889, 888, -1, 1388, 1377, 1375, -1, 1375, 1377, 1338, -1,
 1375, 1338, 1336, -1, 1336, 1338, 1331, -1, 1336, 1331, 1272, -1,
 1272, 1331, 1274, -1, 1272, 1274, 1271, -1, 1271, 1274, 1265, -1,
 1271, 1265, 1248, -1, 1248, 1265, 1222, -1, 1248, 1222, 1221, -1,
 1221, 1222, 1215, -1, 1221, 1215, 1174, -1, 1174, 1215, 1173, -1,
 1174, 1173, 1168, -1, 1168, 1173, 1163, -1, 1168, 1163, 1129, -1,
 1129, 1163, 1110, -1, 1129, 1110, 1109, -1, 1109, 1110, 1101, -1,
 1109, 1101, 1074, -1, 1074, 1101, 1056, -1, 1074, 1056, 1057, -1,
 1057, 1056, 1045, -1, 1057, 1045, 1009, -1, 1009, 1045, 1002, -1,
 1009, 1002, 1007, -1, 1007, 1002, 1001, -1, 1007, 1001, 975, -1,
 975, 1001, 941, -1, 975, 941, 948, -1, 948, 941, 940, -1,
 948, 940, 900, -1, 900, 940, 888, -1, 900, 888, 898, -1,
 898, 888, 889, -1, 1545, 1543, 1544, -1, 1544, 1543, 1506, -1,
 1506, 1543, 1437, -1, 1506, 1437, 1439, -1, 1439, 1437, 1432, -1,
 1439, 1432, 1388, -1, 1388, 1432, 1396, -1, 1388, 1396, 1377, -1,
 1544, 1551, 1545, -1, 1545, 1551, 1613, -1, 1545, 1613, 1606, -1,
 1664, 1714, 1716, -1, 1716, 1714, 1721, -1, 1716, 1721, 1722, -1,
 1606, 1613, 1607, -1, 1607, 1613, 1615, -1, 1607, 1615, 1657, -1,
 1657, 1615, 1662, -1, 1657, 1662, 1664, -1, 1664, 1662, 1663, -1,
 1664, 1663, 1714, -1, 1722, 1721, 1776, -1, 1776, 1721, 1781, -1,
 1776, 1781, 1779, -1, 1779, 1781, 1783, -1, 1779, 1783, 1834, -1,
 1834, 1783, 1803, -1, 1834, 1803, 1836, -1, 1839, 1836, 1886, -1,
 1886, 1836, 1887, -1, 1886, 1887, 1892, -1, 1892, 1887, 1894, -1,
 1892, 1894, 1913, -1, 1018, 972, 997, -1, 1081, 1058, 1087, -1,
 1087, 1058, 1054, -1, 1087, 1054, 1033, -1, 1033, 1054, 1018, -1,
 1033, 1018, 998, -1, 998, 1018, 997, -1, 413, 432, 441, -1,
 441, 432, 463, -1, 358, 369, 386, -1, 833, 771, 829, -1,
 2139, 2167, 2189, -1, 2189, 2167, 2211, -1, 2189, 2211, 2196, -1,
 2314, 2292, 2273, -1, 2273, 2292, 2238, -1, 2273, 2238, 2267, -1,
 2604, 2576, 2588, -1, 2237, 2304, 2275, -1, 834, 805, 804, -1,
 804, 805, 761, -1, 804, 761, 772, -1, 660, 698, 700, -1,
 700, 698, 730, -1, 700, 730, 704, -1, 2602, 2574, 2584, -1,
 1249, 1237, 1191, -1, 1191, 1237, 1180, -1, 1191, 1180, 1188, -1,
 830, 805, 780, -1, 780, 805, 759, -1, 780, 759, 768, -1,
 658, 680, 700, -1, 700, 680, 727, -1, 700, 727, 704, -1,
 373, 402, 394, -1, 972, 955, 997, -1, 997, 955, 954, -1,
 997, 954, 934, -1, 934, 954, 922, -1, 934, 922, 887, -1,
 887, 922, 860, -1, 887, 860, 881, -1, 860, 855, 881, -1,
 881, 855, 852, -1, 881, 852, 838, -1, 852, 827, 838, -1,
 838, 827, 764, -1, 838, 764, 783, -1, 783, 764, 763, -1,
 783, 763, 776, -1, 776, 763, 745, -1, 776, 745, 736, -1,
 745, 714, 736, -1, 736, 714, 678, -1, 736, 678, 681, -1,
 681, 678, 662, -1, 681, 662, 676, -1, 676, 662, 646, -1,
 676, 646, 644, -1, 646, 625, 644, -1, 644, 625, 600, -1,
 644, 600, 599, -1, 599, 600, 570, -1, 599, 570, 580, -1,
 580, 570, 548, -1, 580, 548, 543, -1, 548, 534, 543, -1,
 543, 534, 526, -1, 543, 526, 518, -1, 518, 526, 488, -1,
 518, 488, 498, -1, 498, 488, 467, -1, 498, 467, 463, -1,
 463, 467, 446, -1, 463, 446, 441, -1, 392, 396, 413, -1,
 413, 396, 423, -1, 413, 423, 432, -1, 392, 384, 396, -1,
 396, 384, 383, -1, 396, 383, 377, -1, 377, 383, 363, -1,
 377, 363, 355, -1, 355, 363, 366, -1, 355, 366, 345, -1,
 345, 366, 368, -1, 345, 368, 369, -1, 369, 398, 386, -1,
 386, 398, 414, -1, 386, 414, 416, -1, 416, 414, 431, -1,
 416, 431, 428, -1, 428, 431, 439, -1, 428, 439, 455, -1,
 439, 472, 455, -1, 455, 472, 480, -1, 455, 480, 493, -1,
 493, 480, 519, -1, 493, 519, 511, -1, 511, 519, 525, -1,
 511, 525, 542, -1, 525, 554, 542, -1, 542, 554, 562, -1,
 542, 562, 577, -1, 577, 562, 602, -1, 577, 602, 588, -1,
 602, 612, 588, -1, 588, 612, 647, -1, 588, 647, 634, -1,
 634, 647, 648, -1, 634, 648, 666, -1, 666, 648, 683, -1,
 666, 683, 669, -1, 683, 706, 669, -1, 669, 706, 734, -1,
 669, 734, 732, -1, 732, 734, 746, -1, 732, 746, 767, -1,
 767, 746, 798, -1, 767, 798, 771, -1, 771, 798, 809, -1,
 771, 809, 829, -1, 829, 845, 833, -1, 833, 845, 889, -1,
 833, 889, 869, -1, 869, 889, 894, -1, 869, 894, 877, -1,
 877, 894, 919, -1, 877, 919, 933, -1, 919, 944, 933, -1,
 933, 944, 975, -1, 933, 975, 974, -1, 974, 975, 1003, -1,
 974, 1003, 988, -1, 988, 1003, 1020, -1, 988, 1020, 1024, -1,
 1020, 1050, 1024, -1, 1024, 1050, 1074, -1, 1024, 1074, 1082, -1,
 1082, 1074, 1104, -1, 1082, 1104, 1091, -1, 1091, 1104, 1139, -1,
 1091, 1139, 1144, -1, 1139, 1164, 1144, -1, 1144, 1164, 1174, -1,
 1144, 1174, 1183, -1, 1183, 1174, 1217, -1, 1183, 1217, 1195, -1,
 1195, 1217, 1256, -1, 1195, 1256, 1252, -1, 1256, 1267, 1252, -1,
 1252, 1267, 1272, -1, 1252, 1272, 1294, -1, 1294, 1272, 1332, -1,
 1294, 1332, 1321, -1, 1321, 1332, 1375, -1, 1321, 1375, 1367, -1,
 1367, 1375, 1380, -1, 1367, 1380, 1379, -1, 1379, 1380, 1434, -1,
 1379, 1434, 1417, -1, 1417, 1434, 1523, -1, 1417, 1523, 1529, -1,
 1529, 1523, 1547, -1, 1529, 1547, 1542, -1, 1542, 1547, 1552, -1,
 1542, 1552, 1586, -1, 1552, 1608, 1586, -1, 1586, 1608, 1618, -1,
 1586, 1618, 1634, -1, 1634, 1618, 1658, -1, 1634, 1658, 1651, -1,
 1651, 1658, 1670, -1, 1651, 1670, 1703, -1, 1772, 1829, 1821, -1,
 1821, 1829, 1831, -1, 1821, 1831, 1870, -1, 1870, 1831, 1882, -1,
 1870, 1882, 1877, -1, 1670, 1717, 1703, -1, 1703, 1717, 1723, -1,
 1703, 1723, 1760, -1, 1760, 1723, 1775, -1, 1760, 1775, 1772, -1,
 1772, 1775, 1794, -1, 1772, 1794, 1829, -1, 1973, 1971, 1952, -1,
 1952, 1971, 1937, -1, 1952, 1937, 1940, -1, 1940, 1937, 1877, -1,
 1940, 1877, 1919, -1, 1919, 1877, 1882, -1, 2045, 2039, 2027, -1,
 2027, 2039, 1973, -1, 2027, 1973, 1997, -1, 1997, 1973, 1952, -1,
 2045, 2049, 2039, -1, 2039, 2049, 2077, -1, 2039, 2077, 2082, -1,
 2082, 2077, 2115, -1, 2082, 2115, 2088, -1, 2088, 2115, 2148, -1,
 2088, 2148, 2139, -1, 2139, 2148, 2149, -1, 2139, 2149, 2167, -1,
 2196, 2211, 2238, -1, 2238, 2211, 2259, -1, 2238, 2259, 2267, -1,
 2352, 2332, 2314, -1, 2314, 2332, 2298, -1, 2314, 2298, 2292, -1,
 2352, 2359, 2332, -1, 2332, 2359, 2366, -1, 2332, 2366, 2374, -1,
 2374, 2366, 2403, -1, 2374, 2403, 2392, -1, 2392, 2403, 2433, -1,
 2392, 2433, 2429, -1, 2433, 2439, 2429, -1, 2429, 2439, 2453, -1,
 2429, 2453, 2452, -1, 2452, 2453, 2484, -1, 2452, 2484, 2476, -1,
 2476, 2484, 2502, -1, 2476, 2502, 2514, -1, 2502, 2530, 2514, -1,
 2514, 2530, 2546, -1, 2514, 2546, 2542, -1, 2542, 2546, 2560, -1,
 2542, 2560, 2552, -1, 2552, 2560, 2569, -1, 2552, 2569, 2580, -1,
 2580, 2569, 2592, -1, 2580, 2592, 2597, -1, 2597, 2592, 2609, -1,
 2597, 2609, 2621, -1, 2588, 2615, 2604, -1, 2604, 2615, 2628, -1,
 2604, 2628, 2617, -1, 2617, 2628, 2621, -1, 2617, 2621, 2611, -1,
 2611, 2621, 2609, -1, 2576, 2572, 2588, -1, 2588, 2572, 2566, -1,
 2588, 2566, 2555, -1, 2555, 2566, 2540, -1, 2555, 2540, 2544, -1,
 2544, 2540, 2505, -1, 2544, 2505, 2516, -1, 2505, 2500, 2516, -1,
 2516, 2500, 2491, -1, 2516, 2491, 2477, -1, 2477, 2491, 2450, -1,
 2477, 2450, 2459, -1, 2459, 2450, 2434, -1, 2459, 2434, 2426, -1,
 2434, 2417, 2426, -1, 2426, 2417, 2401, -1, 2426, 2401, 2391, -1,
 2391, 2401, 2372, -1, 2391, 2372, 2386, -1, 2386, 2372, 2360, -1,
 2386, 2360, 2338, -1, 2338, 2360, 2327, -1, 2338, 2327, 2306, -1,
 2306, 2327, 2308, -1, 2306, 2308, 2304, -1, 2304, 2308, 2290, -1,
 2304, 2290, 2275, -1, 2275, 2225, 2237, -1, 2237, 2225, 2186, -1,
 2237, 2186, 2209, -1, 2209, 2186, 2173, -1, 2209, 2173, 2197, -1,
 2197, 2173, 2169, -1, 2197, 2169, 2140, -1, 2169, 2128, 2140, -1,
 2140, 2128, 2079, -1, 2140, 2079, 2113, -1, 2113, 2079, 2073, -1,
 2113, 2073, 2089, -1, 2089, 2073, 2069, -1, 2089, 2069, 2036, -1,
 2069, 2025, 2036, -1, 2036, 2025, 1993, -1, 2036, 1993, 2002, -1,
 2002, 1993, 1964, -1, 2002, 1964, 1977, -1, 1977, 1964, 1960, -1,
 1977, 1960, 1944, -1, 1960, 1916, 1944, -1, 1944, 1916, 1890, -1,
 1944, 1890, 1891, -1, 1891, 1890, 1859, -1, 1891, 1859, 1871, -1,
 1871, 1859, 1837, -1, 1871, 1837, 1819, -1, 1837, 1798, 1819, -1,
 1819, 1798, 1788, -1, 1819, 1788, 1784, -1, 1784, 1788, 1741, -1,
 1784, 1741, 1761, -1, 1761, 1741, 1712, -1, 1761, 1712, 1704, -1,
 1712, 1691, 1704, -1, 1704, 1691, 1687, -1, 1704, 1687, 1666, -1,
 1666, 1687, 1624, -1, 1666, 1624, 1633, -1, 1633, 1624, 1578, -1,
 1633, 1578, 1583, -1, 1583, 1578, 1571, -1, 1583, 1571, 1554, -1,
 1554, 1571, 1521, -1, 1554, 1521, 1534, -1, 1534, 1521, 1433, -1,
 1534, 1433, 1423, -1, 1433, 1404, 1423, -1, 1423, 1404, 1400, -1,
 1423, 1400, 1397, -1, 1397, 1400, 1345, -1, 1397, 1345, 1364, -1,
 1364, 1345, 1339, -1, 1364, 1339, 1320, -1, 1176, 1137, 1143, -1,
 1143, 1137, 1134, -1, 1143, 1134, 1092, -1, 1092, 1134, 1079, -1,
 1092, 1079, 1072, -1, 1339, 1298, 1320, -1, 1320, 1298, 1288, -1,
 1320, 1288, 1291, -1, 1291, 1288, 1243, -1, 1291, 1243, 1253, -1,
 1253, 1243, 1237, -1, 1253, 1237, 1196, -1, 1196, 1237, 1184, -1,
 1196, 1184, 1176, -1, 1176, 1184, 1169, -1, 1176, 1169, 1137, -1,
 930, 967, 926, -1, 1079, 1046, 1072, -1, 1072, 1046, 1029, -1,
 1072, 1029, 1031, -1, 1031, 1029, 1016, -1, 1031, 1016, 993, -1,
 993, 1016, 970, -1, 993, 970, 967, -1, 967, 970, 942, -1,
 967, 942, 926, -1, 926, 920, 930, -1, 930, 920, 891, -1,
 930, 891, 899, -1, 899, 891, 858, -1, 899, 858, 878, -1,
 878, 858, 826, -1, 878, 826, 834, -1, 834, 826, 824, -1,
 834, 824, 805, -1, 772, 761, 730, -1, 730, 761, 712, -1,
 730, 712, 704, -1, 621, 641, 660, -1, 660, 641, 673, -1,
 660, 673, 698, -1, 621, 614, 641, -1, 641, 614, 608, -1,
 641, 608, 609, -1, 609, 608, 568, -1, 609, 568, 576, -1,
 576, 568, 537, -1, 576, 537, 540, -1, 540, 537, 532, -1,
 540, 532, 527, -1, 527, 532, 517, -1, 527, 517, 494, -1,
 517, 486, 494, -1, 494, 486, 471, -1, 494, 471, 460, -1,
 460, 471, 444, -1, 460, 444, 440, -1, 440, 444, 425, -1,
 440, 425, 419, -1, 425, 411, 419, -1, 419, 411, 404, -1,
 419, 404, 393, -1, 393, 404, 381, -1, 393, 381, 375, -1,
 375, 381, 364, -1, 375, 364, 353, -1, 364, 361, 353, -1,
 353, 361, 356, -1, 353, 356, 347, -1, 347, 356, 371, -1,
 347, 371, 367, -1, 367, 371, 400, -1, 367, 400, 389, -1,
 400, 403, 389, -1, 389, 403, 406, -1, 389, 406, 420, -1,
 420, 406, 434, -1, 420, 434, 437, -1, 437, 434, 469, -1,
 437, 469, 462, -1, 469, 474, 462, -1, 462, 474, 478, -1,
 462, 478, 497, -1, 497, 478, 521, -1, 497, 521, 524, -1,
 524, 521, 536, -1, 524, 536, 545, -1, 536, 556, 545, -1,
 545, 556, 571, -1, 545, 571, 581, -1, 581, 571, 604, -1,
 581, 604, 601, -1, 601, 604, 613, -1, 601, 613, 638, -1,
 613, 650, 638, -1, 638, 650, 665, -1, 638, 665, 671, -1,
 671, 665, 685, -1, 671, 685, 682, -1, 682, 685, 699, -1,
 682, 699, 737, -1, 699, 748, 737, -1, 737, 748, 786, -1,
 737, 786, 775, -1, 775, 786, 800, -1, 775, 800, 784, -1,
 784, 800, 803, -1, 784, 803, 837, -1, 803, 847, 837, -1,
 837, 847, 889, -1, 837, 889, 882, -1, 882, 889, 896, -1,
 882, 896, 890, -1, 890, 896, 900, -1, 890, 900, 936, -1,
 900, 946, 936, -1, 936, 946, 975, -1, 936, 975, 994, -1,
 994, 975, 1005, -1, 994, 1005, 999, -1, 999, 1005, 1009, -1,
 999, 1009, 1027, -1, 1009, 1052, 1027, -1, 1027, 1052, 1074, -1,
 1027, 1074, 1095, -1, 1095, 1074, 1107, -1, 1095, 1107, 1098, -1,
 1098, 1107, 1129, -1, 1098, 1129, 1149, -1, 1129, 1166, 1149, -1,
 1149, 1166, 1174, -1, 1149, 1174, 1190, -1, 1190, 1174, 1219, -1,
 1190, 1219, 1199, -1, 1199, 1219, 1248, -1, 1199, 1248, 1257, -1,
 1248, 1269, 1257, -1, 1257, 1269, 1272, -1, 1257, 1272, 1316, -1,
 1316, 1272, 1334, -1, 1316, 1334, 1326, -1, 1326, 1334, 1375, -1,
 1326, 1375, 1371, -1, 1371, 1375, 1383, -1, 1371, 1383, 1406, -1,
 1406, 1383, 1436, -1, 1406, 1436, 1422, -1, 1422, 1436, 1523, -1,
 1422, 1523, 1533, -1, 1523, 1549, 1533, -1, 1533, 1549, 1552, -1,
 1533, 1552, 1563, -1, 1563, 1552, 1610, -1, 1563, 1610, 1589, -1,
 1589, 1610, 1618, -1, 1589, 1618, 1638, -1, 1618, 1660, 1638, -1,
 1638, 1660, 1670, -1, 1638, 1670, 1685, -1, 1685, 1670, 1719, -1,
 1685, 1719, 1707, -1, 1707, 1719, 1723, -1, 1707, 1723, 1766, -1,
 1723, 1778, 1766, -1, 1766, 1778, 1794, -1, 1766, 1794, 1792, -1,
 1792, 1794, 1829, -1, 1792, 1829, 1825, -1, 1825, 1829, 1833, -1,
 1825, 1833, 1874, -1, 1833, 1884, 1874, -1, 1874, 1884, 1919, -1,
 1874, 1919, 1905, -1, 1905, 1919, 1940, -1, 1905, 1940, 1941, -1,
 1941, 1940, 1954, -1, 1941, 1954, 1978, -1, 1954, 2000, 1978, -1,
 1978, 2000, 2027, -1, 1978, 2027, 2013, -1, 2013, 2027, 2045, -1,
 2013, 2045, 2042, -1, 2045, 2052, 2042, -1, 2042, 2052, 2077, -1,
 2042, 2077, 2092, -1, 2092, 2077, 2117, -1, 2092, 2117, 2109, -1,
 2109, 2117, 2148, -1, 2109, 2148, 2143, -1, 2213, 2261, 2243, -1,
 2148, 2151, 2143, -1, 2143, 2151, 2167, -1, 2143, 2167, 2201, -1,
 2201, 2167, 2213, -1, 2201, 2213, 2205, -1, 2205, 2213, 2243, -1,
 2316, 2356, 2335, -1, 2261, 2267, 2243, -1, 2243, 2267, 2273, -1,
 2243, 2273, 2303, -1, 2303, 2273, 2316, -1, 2303, 2316, 2311, -1,
 2311, 2316, 2335, -1, 2356, 2359, 2335, -1, 2335, 2359, 2366, -1,
 2335, 2366, 2395, -1, 2395, 2366, 2405, -1, 2395, 2405, 2398, -1,
 2398, 2405, 2433, -1, 2398, 2433, 2431, -1, 2431, 2433, 2441, -1,
 2431, 2441, 2475, -1, 2475, 2441, 2453, -1, 2475, 2453, 2480, -1,
 2453, 2486, 2480, -1, 2480, 2486, 2502, -1, 2480, 2502, 2517, -1,
 2502, 2532, 2517, -1, 2517, 2532, 2546, -1, 2517, 2546, 2548, -1,
 2548, 2546, 2562, -1, 2548, 2562, 2556, -1, 2556, 2562, 2569, -1,
 2556, 2569, 2585, -1, 2585, 2569, 2594, -1, 2585, 2594, 2596, -1,
 2596, 2594, 2609, -1, 2596, 2609, 2623, -1, 2584, 2618, 2602, -1,
 2602, 2618, 2626, -1, 2602, 2626, 2617, -1, 2617, 2626, 2623, -1,
 2617, 2623, 2613, -1, 2613, 2623, 2609, -1, 2574, 2572, 2584, -1,
 2584, 2572, 2566, -1, 2584, 2566, 2551, -1, 2551, 2566, 2538, -1,
 2551, 2538, 2547, -1, 2547, 2538, 2505, -1, 2547, 2505, 2511, -1,
 2505, 2498, 2511, -1, 2511, 2498, 2491, -1, 2511, 2491, 2471, -1,
 2471, 2491, 2448, -1, 2471, 2448, 2470, -1, 2470, 2448, 2434, -1,
 2470, 2434, 2424, -1, 2434, 2413, 2424, -1, 2424, 2413, 2401, -1,
 2424, 2401, 2397, -1, 2397, 2401, 2369, -1, 2397, 2369, 2388, -1,
 2388, 2369, 2360, -1, 2388, 2360, 2334, -1, 2360, 2325, 2334, -1,
 2334, 2325, 2308, -1, 2334, 2308, 2312, -1, 2312, 2308, 2288, -1,
 2312, 2288, 2299, -1, 2299, 2288, 2275, -1, 2299, 2275, 2234, -1,
 2275, 2223, 2234, -1, 2234, 2223, 2186, -1, 2234, 2186, 2208, -1,
 2208, 2186, 2171, -1, 2208, 2171, 2193, -1, 2193, 2171, 2169, -1,
 2193, 2169, 2136, -1, 2169, 2126, 2136, -1, 2136, 2126, 2079, -1,
 2136, 2079, 2111, -1, 2111, 2079, 2071, -1, 2111, 2071, 2085, -1,
 2085, 2071, 2069, -1, 2085, 2069, 2034, -1, 2069, 2023, 2034, -1,
 2034, 2023, 1993, -1, 2034, 1993, 1999, -1, 1999, 1993, 1962, -1,
 1999, 1962, 1972, -1, 1972, 1962, 1960, -1, 1972, 1960, 1939, -1,
 1960, 1911, 1939, -1, 1939, 1911, 1890, -1, 1939, 1890, 1889, -1,
 1889, 1890, 1857, -1, 1889, 1857, 1867, -1, 1867, 1857, 1837, -1,
 1867, 1837, 1813, -1, 1837, 1796, 1813, -1, 1813, 1796, 1788, -1,
 1813, 1788, 1782, -1, 1782, 1788, 1739, -1, 1782, 1739, 1757, -1,
 1757, 1739, 1712, -1, 1757, 1712, 1699, -1, 1712, 1689, 1699, -1,
 1699, 1689, 1687, -1, 1699, 1687, 1665, -1, 1665, 1687, 1622, -1,
 1665, 1622, 1629, -1, 1629, 1622, 1578, -1, 1629, 1578, 1580, -1,
 1580, 1578, 1568, -1, 1580, 1568, 1566, -1, 1566, 1568, 1518, -1,
 1566, 1518, 1530, -1, 1530, 1518, 1433, -1, 1530, 1433, 1419, -1,
 1419, 1433, 1402, -1, 1419, 1402, 1407, -1, 1407, 1402, 1400, -1,
 1407, 1400, 1362, -1, 1400, 1343, 1362, -1, 1362, 1343, 1339, -1,
 1362, 1339, 1317, -1, 1317, 1339, 1296, -1, 1317, 1296, 1302, -1,
 1302, 1296, 1288, -1, 1302, 1288, 1249, -1, 1249, 1288, 1240, -1,
 1249, 1240, 1237, -1, 1086, 1029, 1026, -1, 1026, 1029, 1014, -1,
 1026, 1014, 987, -1, 987, 1014, 968, -1, 987, 968, 983, -1,
 1180, 1169, 1188, -1, 1188, 1169, 1137, -1, 1188, 1137, 1140, -1,
 1140, 1137, 1131, -1, 1140, 1131, 1088, -1, 1088, 1131, 1077, -1,
 1088, 1077, 1086, -1, 1086, 1077, 1046, -1, 1086, 1046, 1029, -1,
 968, 942, 983, -1, 983, 942, 926, -1, 983, 926, 928, -1,
 926, 917, 928, -1, 928, 917, 891, -1, 928, 891, 884, -1,
 884, 891, 856, -1, 884, 856, 874, -1, 874, 856, 826, -1,
 874, 826, 830, -1, 830, 826, 821, -1, 830, 821, 805, -1,
 768, 759, 727, -1, 727, 759, 710, -1, 727, 710, 704, -1,
 616, 637, 658, -1, 658, 637, 667, -1, 658, 667, 680, -1,
 616, 614, 637, -1, 637, 614, 608, -1, 637, 608, 598, -1,
 598, 608, 565, -1, 598, 565, 574, -1, 574, 565, 537, -1,
 574, 537, 538, -1, 537, 530, 538, -1, 538, 530, 517, -1,
 538, 517, 515, -1, 515, 517, 484, -1, 515, 484, 491, -1,
 491, 484, 471, -1, 491, 471, 454, -1, 471, 442, 454, -1,
 454, 442, 425, -1, 454, 425, 430, -1, 430, 425, 409, -1,
 430, 409, 415, -1, 415, 409, 404, -1, 415, 404, 388, -1,
 388, 404, 379, -1, 388, 379, 378, -1, 378, 379, 364, -1,
 378, 364, 350, -1, 394, 357, 373, -1, 373, 357, 349, -1,
 373, 349, 356, -1, 356, 349, 350, -1, 356, 350, 359, -1,
 359, 350, 364, -1, 402, 403, 394, -1, 394, 403, 406, -1,
 394, 406, 424, -1, 424, 406, 436, -1, 424, 436, 427, -1,
 427, 436, 469, -1, 427, 469, 465, -1, 469, 476, 465, -1,
 465, 476, 478, -1, 465, 478, 501, -1, 501, 478, 523, -1,
 501, 523, 508, -1, 508, 523, 536, -1, 508, 536, 547, -1,
 611, 585, 606, -1, 606, 585, 584, -1, 606, 584, 571, -1,
 571, 584, 547, -1, 571, 547, 560, -1, 560, 547, 536, -1,
 252, 252, 262, -1, 44, 15, 15, -1, 2811, 2809, 2809, -1,
 2928, 2929, 2929, -1, 2929, 2929, 2930, -1, 2930, 2929, 2962, -1,
 2962, 2929, 2960, -1, 2962, 2960, 2955, -1, 2955, 2960, 2955, -1,
 2955, 2955, 2954, -1, 2954, 2955, 2943, -1, 2954, 2943, 2924, -1,
 2924, 2943, 2915, -1, 2924, 2915, 2895, -1, 2895, 2915, 2895, -1,
 2895, 2895, 2894, -1, 2894, 2895, 2883, -1, 2894, 2883, 2864, -1,
 2864, 2883, 2854, -1, 2864, 2854, 2836, -1, 2836, 2854, 2836, -1,
 2836, 2836, 2833, -1, 2833, 2836, 2820, -1, 2833, 2820, 2802, -1,
 2802, 2820, 2782, -1, 2802, 2782, 2776, -1, 2776, 2782, 2776, -1,
 2776, 2776, 2771, -1, 2771, 2776, 2748, -1, 2771, 2748, 2740, -1,
 2740, 2748, 2719, -1, 2740, 2719, 2719, -1, 2869, 2869, 2872, -1,
 2872, 2869, 2897, -1, 2928, 2929, 2897, -1, 2897, 2929, 2902, -1,
 2897, 2902, 2872, -1, 2811, 2809, 2841, -1, 2841, 2809, 2835, -1,
 2841, 2835, 2869, -1, 2869, 2835, 2868, -1, 2869, 2868, 2869, -1,
 2750, 2775, 2783, -1, 2783, 2775, 2809, -1, 2809, 2775, 2805, -1,
 2809, 2805, 2809, -1, 2783, 2752, 2750, -1, 2750, 2752, 2750, -1,
 2750, 2750, 2747, -1, 2747, 2750, 2721, -1, 2747, 2721, 2711, -1,
 15, 15, 13, -1, 13, 15, 14, -1, 13, 14, 20, -1,
 20, 14, 29, -1, 20, 29, 31, -1, 31, 29, 31, -1,
 31, 31, 48, -1, 48, 31, 59, -1, 48, 59, 80, -1,
 80, 59, 89, -1, 80, 89, 90, -1, 90, 89, 90, -1,
 90, 90, 109, -1, 109, 90, 119, -1, 109, 119, 140, -1,
 140, 119, 150, -1, 140, 150, 150, -1, 150, 150, 152, -1,
 150, 152, 170, -1, 170, 152, 190, -1, 170, 190, 201, -1,
 201, 190, 210, -1, 201, 210, 210, -1, 210, 210, 224, -1,
 210, 224, 233, -1, 15, 42, 44, -1, 44, 42, 73, -1,
 44, 73, 75, -1, 75, 73, 76, -1, 75, 76, 76, -1,
 76, 76, 103, -1, 135, 135, 132, -1, 132, 135, 103, -1,
 132, 103, 100, -1, 100, 103, 76, -1, 188, 193, 193, -1,
 188, 193, 162, -1, 162, 193, 167, -1, 162, 167, 135, -1,
 135, 167, 137, -1, 135, 137, 135, -1, 252, 252, 250, -1,
 250, 252, 222, -1, 222, 252, 226, -1, 222, 226, 193, -1,
 193, 226, 197, -1, 193, 197, 193, -1, 224, 256, 233, -1,
 233, 256, 261, -1, 233, 261, 263, -1, 263, 261, 274, -1,
 263, 274, 274, -1, 274, 274, 277, -1, 274, 277, 290, -1,
 290, 277, 301, -1, 290, 301, 319, -1, 319, 301, 330, -1,
 319, 330, 330, -1, 330, 330, 332, -1, 330, 332, 447, -1,
 447, 332, 499, -1, 447, 499, 583, -1, 583, 499, 583, -1,
 583, 583, 587, -1, 587, 583, 615, -1, 587, 615, 688, -1,
 688, 615, 717, -1, 688, 717, 782, -1, 782, 717, 782, -1,
 782, 782, 789, -1, 789, 782, 811, -1, 789, 811, 863, -1,
 863, 811, 903, -1, 863, 903, 951, -1, 951, 903, 951, -1,
 951, 951, 958, -1, 958, 951, 976, -1, 958, 976, 1036, -1,
 1036, 976, 1060, -1, 1036, 1060, 1111, -1, 1111, 1060, 1111, -1,
 1111, 1111, 1116, -1, 1116, 1111, 1145, -1, 1116, 1145, 1204, -1,
 1204, 1145, 1224, -1, 1204, 1224, 1264, -1, 1264, 1224, 1264, -1,
 1264, 1264, 1279, -1, 1279, 1264, 1303, -1, 1279, 1303, 1352, -1,
 1352, 1303, 1384, -1, 1352, 1384, 1413, -1, 1413, 1384, 1413, -1,
 1413, 1413, 1441, -1, 1441, 1413, 1507, -1, 1441, 1507, 1558, -1,
 1558, 1507, 1595, -1, 1558, 1595, 1611, -1, 1611, 1595, 1611, -1,
 1611, 1611, 1645, -1, 1645, 1611, 1671, -1, 1645, 1671, 1728, -1,
 1728, 1671, 1747, -1, 1728, 1747, 1769, -1, 1769, 1747, 1769, -1,
 1769, 1769, 1805, -1, 1805, 1769, 1841, -1, 1805, 1841, 1897, -1,
 1897, 1841, 1922, -1, 1897, 1922, 1931, -1, 1931, 1922, 1931, -1,
 1931, 1931, 1983, -1, 1983, 1931, 2003, -1, 1983, 2003, 2060, -1,
 2060, 2003, 2095, -1, 2060, 2095, 2095, -1, 2095, 2095, 2099, -1,
 2095, 2099, 2154, -1, 2154, 2099, 2175, -1, 2154, 2175, 2247, -1,
 2247, 2175, 2272, -1, 2247, 2272, 2272, -1, 2272, 2272, 2278, -1,
 2272, 2278, 2344, -1, 2344, 2278, 2375, -1, 2344, 2375, 2461, -1,
 2461, 2375, 2493, -1, 2461, 2493, 2493, -1, 2493, 2493, 2507, -1,
 2493, 2507, 2633, -1, 2633, 2507, 2643, -1, 2633, 2643, 2664, -1,
 2664, 2643, 2673, -1, 2664, 2673, 2673, -1, 2673, 2673, 2674, -1,
 2673, 2674, 2688, -1, 2688, 2674, 2700, -1, 2688, 2700, 2724, -1,
 2724, 2700, 2731, -1, 2724, 2731, 2731, -1, 2731, 2731, 2732, -1,
 2731, 2732, 2753, -1, 2753, 2732, 2763, -1, 2753, 2763, 2785, -1,
 2785, 2763, 2785, -1, 2785, 2785, 2787, -1, 2787, 2785, 2794, -1,
 2787, 2794, 2812, -1, 2812, 2794, 2825, -1, 2812, 2825, 2840, -1,
 2840, 2825, 2840, -1, 2840, 2840, 2843, -1, 2843, 2840, 2856, -1,
 2843, 2856, 2875, -1, 2875, 2856, 2885, -1, 2875, 2885, 2898, -1,
 2898, 2885, 2898, -1, 2898, 2898, 2903, -1, 2903, 2898, 2916, -1,
 2903, 2916, 2933, -1, 2933, 2916, 2946, -1, 2933, 2946, 2959, -1,
 2959, 2946, 2959, -1, 2959, 2959, 2963, -1, 2963, 2959, 2969, -1,
 2963, 2969, 2951, -1, 2951, 2969, 2944, -1, 2951, 2944, 2944, -1,
 2944, 2944, 2940, -1, 2944, 2940, 2923, -1, 2923, 2940, 2909, -1,
 2923, 2909, 2891, -1, 2891, 2909, 2886, -1, 2891, 2886, 2886, -1,
 2886, 2886, 2881, -1, 2886, 2881, 2863, -1, 2863, 2881, 2851, -1,
 2863, 2851, 2834, -1, 2834, 2851, 2834, -1, 2834, 2834, 2830, -1,
 2830, 2834, 2819, -1, 2830, 2819, 2800, -1, 2800, 2819, 2792, -1,
 2800, 2792, 2774, -1, 2774, 2792, 2774, -1, 2774, 2774, 2769, -1,
 2769, 2774, 2760, -1, 2769, 2760, 2738, -1, 2738, 2760, 2729, -1,
 2738, 2729, 2709, -1, 2709, 2729, 2709, -1, 2709, 2709, 2706, -1,
 2706, 2709, 2695, -1, 2706, 2695, 2682, -1, 2682, 2695, 2670, -1,
 2682, 2670, 2654, -1, 2654, 2670, 2654, -1, 2654, 2654, 2650, -1,
 2650, 2654, 2640, -1, 2650, 2640, 2524, -1, 2524, 2640, 2467, -1,
 2524, 2467, 2444, -1, 2444, 2467, 2444, -1, 2444, 2444, 2383, -1,
 2383, 2444, 2355, -1, 2383, 2355, 2283, -1, 2283, 2355, 2252, -1,
 2283, 2252, 2229, -1, 2229, 2252, 2229, -1, 2229, 2229, 2181, -1,
 2181, 2229, 2162, -1, 2181, 2162, 2104, -1, 2104, 2162, 2065, -1,
 2104, 2065, 2056, -1, 2056, 2065, 2056, -1, 2056, 2056, 2009, -1,
 2009, 2056, 1990, -1, 2009, 1990, 1929, -1, 1929, 1990, 1902, -1,
 1929, 1902, 1893, -1, 1893, 1902, 1893, -1, 1893, 1893, 1848, -1,
 1848, 1893, 1816, -1, 1848, 1816, 1752, -1, 1752, 1816, 1735, -1,
 1733, 1677, 1735, -1, 1735, 1677, 1735, -1, 1735, 1735, 1752, -1,
 1653, 1574, 1733, -1, 1733, 1574, 1600, -1, 1733, 1600, 1677, -1,
 1653, 1574, 1574, -1, 1574, 1574, 1567, -1, 1574, 1567, 1513, -1,
 1513, 1567, 1447, -1, 1513, 1447, 1391, -1, 1391, 1447, 1378, -1,
 1391, 1378, 1378, -1, 1378, 1378, 1358, -1, 1378, 1358, 1309, -1,
 1309, 1358, 1285, -1, 1309, 1285, 1230, -1, 1230, 1285, 1223, -1,
 1230, 1223, 1223, -1, 1223, 1223, 1210, -1, 1223, 1210, 1156, -1,
 1156, 1210, 1122, -1, 1156, 1122, 1071, -1, 1071, 1122, 1071, -1,
 1071, 1071, 1066, -1, 1066, 1071, 1043, -1, 1066, 1043, 981, -1,
 981, 1043, 964, -1, 981, 964, 913, -1, 913, 964, 913, -1,
 913, 913, 909, -1, 909, 913, 871, -1, 909, 871, 816, -1,
 816, 871, 795, -1, 816, 795, 744, -1, 744, 795, 744, -1,
 744, 744, 723, -1, 723, 744, 695, -1, 723, 695, 626, -1,
 626, 695, 593, -1, 626, 593, 529, -1, 529, 593, 529, -1,
 529, 529, 507, -1, 507, 529, 458, -1, 507, 458, 337, -1,
 337, 458, 325, -1, 337, 325, 312, -1, 312, 325, 312, -1,
 312, 312, 308, -1, 308, 312, 296, -1, 308, 296, 283, -1,
 283, 296, 269, -1, 283, 269, 259, -1, 259, 269, 259, -1,
 259, 259, 247, -1, 247, 259, 239, -1, 247, 239, 218, -1,
 218, 239, 206, -1, 218, 206, 198, -1, 198, 206, 198, -1,
 198, 198, 185, -1, 185, 198, 177, -1, 185, 177, 157, -1,
 157, 177, 145, -1, 157, 145, 138, -1, 138, 145, 138, -1,
 138, 138, 128, -1, 128, 138, 116, -1, 128, 116, 96, -1,
 96, 116, 85, -1, 96, 85, 78, -1, 78, 85, 78, -1,
 78, 78, 69, -1, 69, 78, 55, -1, 69, 55, 37, -1,
 37, 55, 25, -1, 37, 25, 18, -1, 18, 25, 18, -1,
 18, 18, 9, -1, 9, 18, 6, -1, 9, 6, 24, -1,
 24, 6, 36, -1, 24, 36, 45, -1, 45, 36, 45, -1,
 45, 45, 52, -1, 52, 45, 66, -1, 52, 66, 84, -1,
 84, 66, 95, -1, 84, 95, 106, -1, 106, 95, 106, -1,
 106, 106, 113, -1, 113, 106, 123, -1, 113, 123, 144, -1,
 144, 123, 156, -1, 144, 156, 163, -1, 163, 156, 163, -1,
 163, 163, 174, -1, 174, 163, 183, -1, 174, 183, 205, -1,
 205, 183, 215, -1, 205, 215, 223, -1, 223, 215, 223, -1,
 223, 223, 236, -1, 236, 223, 245, -1, 236, 245, 268, -1,
 268, 245, 280, -1, 268, 280, 287, -1, 287, 280, 287, -1,
 287, 287, 293, -1, 293, 287, 305, -1, 293, 305, 324, -1,
 324, 305, 335, -1, 324, 335, 339, -1, 339, 335, 339, -1,
 339, 339, 452, -1, 452, 339, 505, -1, 452, 505, 553, -1,
 553, 505, 553, -1, 553, 553, 591, -1, 591, 553, 623, -1,
 591, 623, 693, -1, 693, 623, 721, -1, 693, 721, 757, -1,
 757, 721, 757, -1, 757, 757, 793, -1, 793, 757, 814, -1,
 793, 814, 868, -1, 868, 814, 907, -1, 868, 907, 925, -1,
 925, 907, 925, -1, 925, 925, 962, -1, 962, 925, 979, -1,
 962, 979, 1040, -1, 1040, 979, 1064, -1, 1040, 1064, 1085, -1,
 1085, 1064, 1085, -1, 1085, 1085, 1120, -1, 1120, 1085, 1153, -1,
 1120, 1153, 1208, -1, 1208, 1153, 1228, -1, 1208, 1228, 1242, -1,
 1242, 1228, 1242, -1, 1242, 1242, 1283, -1, 1283, 1242, 1306, -1,
 1283, 1306, 1356, -1, 1356, 1306, 1390, -1, 1356, 1390, 1398, -1,
 1398, 1390, 1398, -1, 1398, 1398, 1445, -1, 1445, 1398, 1511, -1,
 1445, 1511, 1562, -1, 1562, 1511, 1599, -1, 1562, 1599, 1614, -1,
 1614, 1599, 1614, -1, 1614, 1614, 1649, -1, 1649, 1614, 1675, -1,
 1649, 1675, 1732, -1, 1732, 1675, 1750, -1, 1732, 1750, 1771, -1,
 1771, 1750, 1771, -1, 1771, 1771, 1811, -1, 1811, 1771, 1845, -1,
 1811, 1845, 1901, -1, 1901, 1845, 1926, -1, 1901, 1926, 1936, -1,
 1936, 1926, 1936, -1, 1936, 1936, 1988, -1, 1988, 1936, 2007, -1,
 1988, 2007, 2064, -1, 2064, 2007, 2098, -1, 2064, 2098, 2098, -1,
 2098, 2098, 2102, -1, 2098, 2102, 2158, -1, 2158, 2102, 2178, -1,
 2158, 2178, 2251, -1, 2251, 2178, 2276, -1, 2251, 2276, 2276, -1,
 2276, 2276, 2282, -1, 2276, 2282, 2350, -1, 2350, 2282, 2380, -1,
 2350, 2380, 2465, -1, 2465, 2380, 2496, -1, 2465, 2496, 2496, -1,
 2523, 2647, 2668, -1, 2668, 2647, 2669, -1, 2523, 2668, 2496, -1,
 2496, 2668, 2637, -1, 2496, 2637, 2496, -1, 2647, 2669, 2669, -1,
 2669, 2669, 2680, -1, 2669, 2680, 2692, -1, 2692, 2680, 2704, -1,
 2692, 2704, 2720, -1, 2720, 2704, 2720, -1, 2720, 2720, 2728, -1,
 2728, 2720, 2736, -1, 2728, 2736, 2757, -1, 2757, 2736, 2767, -1,
 2757, 2767, 2779, -1, 2779, 2767, 2779, -1, 2779, 2779, 2791, -1,
 2791, 2779, 2798, -1, 2791, 2798, 2816, -1, 2816, 2798, 2829, -1,
 2816, 2829, 2837, -1, 2837, 2829, 2837, -1, 2837, 2837, 2849, -1,
 2849, 2837, 2860, -1, 2849, 2860, 2879, -1, 2879, 2860, 2890, -1,
 2879, 2890, 2896, -1, 2896, 2890, 2896, -1, 2896, 2896, 2907, -1,
 2907, 2896, 2920, -1, 2907, 2920, 2938, -1, 2938, 2920, 2950, -1,
 2938, 2950, 2958, -1, 2958, 2950, 2958, -1, 2958, 2958, 2967, -1,
 2967, 2958, 2966, -1, 2967, 2966, 2947, -1, 2947, 2966, 2937, -1,
 2934, 2919, 2937, -1, 2937, 2919, 2937, -1, 2937, 2937, 2947, -1,
 2906, 2882, 2934, -1, 2934, 2882, 2887, -1, 2934, 2887, 2919, -1,
 2906, 2882, 2882, -1, 2882, 2882, 2877, -1, 2882, 2877, 2859, -1,
 2859, 2877, 2845, -1, 2859, 2845, 2826, -1, 2826, 2845, 2821, -1,
 2826, 2821, 2821, -1, 2821, 2821, 2815, -1, 2821, 2815, 2797, -1,
 2797, 2815, 2788, -1, 2797, 2788, 2764, -1, 2764, 2788, 2761, -1,
 2764, 2761, 2761, -1, 2761, 2761, 2756, -1, 2761, 2756, 2734, -1,
 2734, 2756, 2725, -1, 2734, 2725, 2702, -1, 2702, 2725, 2698, -1,
 2702, 2698, 2698, -1, 2698, 2698, 2691, -1, 2698, 2691, 2678, -1,
 2678, 2691, 2665, -1, 2678, 2665, 2646, -1, 2646, 2665, 2642, -1,
 2646, 2642, 2642, -1, 2636, 2462, 2378, -1, 2378, 2462, 2377, -1,
 2636, 2378, 2642, -1, 2642, 2378, 2520, -1, 2642, 2520, 2642, -1,
 2462, 2377, 2377, -1, 2377, 2377, 2348, -1, 2377, 2348, 2280, -1,
 2280, 2348, 2248, -1, 2280, 2248, 2188, -1, 2188, 2248, 2188, -1,
 2188, 2188, 2177, -1, 2177, 2188, 2157, -1, 2177, 2157, 2101, -1,
 2101, 2157, 2061, -1, 2101, 2061, 2016, -1, 2016, 2061, 2016, -1,
 2016, 2016, 2005, -1, 2005, 2016, 1986, -1, 2005, 1986, 1923, -1,
 1923, 1986, 1898, -1, 1923, 1898, 1854, -1, 1854, 1898, 1854, -1,
 1854, 1854, 1843, -1, 1843, 1854, 1809, -1, 1843, 1809, 1748, -1,
 1748, 1809, 1729, -1, 1748, 1729, 1693, -1, 1693, 1729, 1693, -1,
 1693, 1693, 1673, -1, 1673, 1693, 1648, -1, 1673, 1648, 1596, -1,
 1596, 1648, 1559, -1, 1596, 1559, 1539, -1, 1539, 1559, 1539, -1,
 1539, 1539, 1509, -1, 1509, 1539, 1443, -1, 1509, 1443, 1386, -1,
 1386, 1443, 1359, -1, 1386, 1359, 1359, -1, 1359, 1359, 1354, -1,
 1359, 1354, 1305, -1, 1305, 1354, 1281, -1, 1305, 1281, 1225, -1,
 1225, 1281, 1213, -1, 1225, 1213, 1213, -1, 1213, 1213, 1206, -1,
 1213, 1206, 1150, -1, 1150, 1206, 1118, -1, 1150, 1118, 1061, -1,
 1061, 1118, 1049, -1, 1061, 1049, 1049, -1, 1049, 1049, 1038, -1,
 1049, 1038, 977, -1, 977, 1038, 960, -1, 977, 960, 905, -1,
 905, 960, 892, -1, 905, 892, 892, -1, 892, 892, 866, -1,
 892, 866, 812, -1, 812, 866, 791, -1, 812, 791, 719, -1,
 719, 791, 709, -1, 719, 709, 709, -1, 709, 709, 691, -1,
 709, 691, 620, -1, 620, 691, 589, -1, 620, 589, 502, -1,
 502, 589, 489, -1, 502, 489, 489, -1, 489, 489, 451, -1,
 489, 451, 334, -1, 334, 451, 322, -1, 334, 322, 306, -1,
 306, 322, 306, -1, 306, 306, 302, -1, 302, 306, 292, -1,
 302, 292, 279, -1, 279, 292, 265, -1, 279, 265, 253, -1,
 253, 265, 253, -1, 253, 253, 243, -1, 243, 253, 235, -1,
 243, 235, 213, -1, 213, 235, 202, -1, 213, 202, 194, -1,
 194, 202, 194, -1, 194, 194, 181, -1, 181, 194, 173, -1,
 181, 173, 153, -1, 153, 173, 141, -1, 153, 141, 136, -1,
 136, 141, 136, -1, 136, 136, 122, -1, 122, 136, 112, -1,
 122, 112, 92, -1, 92, 112, 81, -1, 92, 81, 77, -1,
 77, 81, 77, -1, 77, 77, 65, -1, 65, 77, 51, -1,
 65, 51, 33, -1, 33, 51, 21, -1, 33, 21, 16, -1,
 16, 21, 16, -1, 16, 16, 5, -1, 5, 16, 10, -1,
 5, 10, 28, -1, 28, 10, 40, -1, 28, 40, 41, -1,
 41, 40, 41, -1, 41, 41, 56, -1, 56, 41, 70, -1,
 56, 70, 88, -1, 88, 70, 91, -1, 88, 91, 91, -1,
 91, 91, 98, -1, 91, 98, 118, -1, 118, 98, 130, -1,
 118, 130, 148, -1, 148, 130, 151, -1, 148, 151, 151, -1,
 151, 151, 159, -1, 151, 159, 179, -1, 179, 159, 187, -1,
 179, 187, 208, -1, 208, 187, 211, -1, 208, 211, 211, -1,
 211, 211, 219, -1, 211, 219, 240, -1, 240, 219, 249, -1,
 240, 249, 272, -1, 272, 249, 275, -1, 272, 275, 275, -1,
 275, 275, 284, -1, 275, 284, 299, -1, 299, 284, 310, -1,
 299, 310, 328, -1, 328, 310, 331, -1, 328, 331, 331, -1,
 331, 331, 340, -1, 331, 340, 466, -1, 466, 340, 510, -1,
 466, 510, 596, -1, 596, 510, 597, -1, 596, 597, 597, -1,
 597, 597, 628, -1, 597, 628, 696, -1, 696, 628, 725, -1,
 696, 725, 787, -1, 787, 725, 787, -1, 787, 787, 797, -1,
 797, 787, 819, -1, 797, 819, 872, -1, 872, 819, 911, -1,
 872, 911, 953, -1, 953, 911, 953, -1, 953, 953, 966, -1,
 966, 953, 984, -1, 966, 984, 1044, -1, 1044, 984, 1068, -1,
 1044, 1068, 1112, -1, 1112, 1068, 1112, -1, 1112, 1112, 1125, -1,
 1125, 1112, 1158, -1, 1125, 1158, 1211, -1, 1211, 1158, 1232, -1,
 1211, 1232, 1266, -1, 1266, 1232, 1266, -1, 1266, 1266, 1287, -1,
 1287, 1266, 1311, -1, 1287, 1311, 1360, -1, 1360, 1311, 1394, -1,
 1360, 1394, 1418, -1, 1418, 1394, 1418, -1, 1418, 1418, 1449, -1,
 1449, 1418, 1515, -1, 1449, 1515, 1569, -1, 1569, 1515, 1591, -1,
 1569, 1591, 1591, -1, 1591, 1591, 1602, -1, 1591, 1602, 1654, -1,
 1654, 1602, 1679, -1, 1654, 1679, 1736, -1, 1736, 1679, 1743, -1,
 1736, 1743, 1743, -1, 1743, 1743, 1754, -1, 1743, 1754, 1820, -1,
 1820, 1754, 1850, -1, 1820, 1850, 1904, -1, 1904, 1850, 1906, -1,
 1904, 1906, 1906, -1, 1906, 1906, 1932, -1, 1906, 1932, 1991, -1,
 1991, 1932, 2011, -1, 1991, 2011, 2067, -1, 2067, 2011, 2075, -1,
 2067, 2075, 2075, -1, 2075, 2075, 2106, -1, 2075, 2106, 2163, -1,
 2163, 2106, 2183, -1, 2163, 2183, 2254, -1, 2254, 2183, 2255, -1,
 2254, 2255, 2255, -1, 2255, 2255, 2285, -1, 2255, 2285, 2358, -1,
 2358, 2285, 2385, -1, 2358, 2385, 2466, -1, 2466, 2385, 2466, -1,
 2466, 2466, 2474, -1, 2474, 2466, 2527, -1, 2474, 2527, 2641, -1,
 2641, 2527, 2652, -1, 2641, 2652, 2661, -1, 2661, 2652, 2661, -1,
 2661, 2661, 2672, -1, 2672, 2661, 2684, -1, 2672, 2684, 2696, -1,
 2696, 2684, 2708, -1, 2696, 2708, 2710, -1, 2710, 2708, 2719, -1,
 2710, 2719, 2716, -1, 2716, 2719, 2719, -1, 2917, 2913, 2914, -1,
 2855, 2848, 2847, -1, 1478, 1478, 1516, -1, 1516, 1478, 1565, -1,
 1516, 1565, 1604, -1, 1604, 1565, 1641, -1, 1604, 1641, 1617, -1,
 1617, 1641, 1652, -1, 1617, 1652, 1668, -1, 1668, 1652, 1667, -1,
 1668, 1667, 1680, -1, 1680, 1667, 1734, -1, 1680, 1734, 1756, -1,
 1756, 1734, 1789, -1, 1756, 1789, 1770, -1, 1770, 1789, 1814, -1,
 1770, 1814, 1851, -1, 1851, 1814, 1853, -1, 1853, 1814, 1852, -1,
 1853, 1852, 1908, -1, 1908, 1852, 1903, -1, 1908, 1903, 1934, -1,
 1903, 1956, 1934, -1, 1934, 1956, 1989, -1, 1934, 1989, 2012, -1,
 2012, 1989, 2017, -1, 2012, 2017, 2018, -1, 2018, 2017, 2066, -1,
 2018, 2066, 2057, -1, 2057, 2066, 2112, -1, 2057, 2112, 2108, -1,
 2108, 2112, 2161, -1, 2108, 2161, 2184, -1, 2184, 2161, 2206, -1,
 2184, 2206, 2207, -1, 2207, 2206, 2221, -1, 2206, 2253, 2221, -1,
 2221, 2253, 2264, -1, 2221, 2264, 2412, -1, 2415, 2376, 2420, -1,
 2420, 2376, 2277, -1, 2420, 2277, 2220, -1, 2658, 2657, 2653, -1,
 2653, 2644, 2658, -1, 2658, 2644, 2508, -1, 2658, 2508, 2420, -1,
 2420, 2508, 2419, -1, 2420, 2419, 2415, -1, 2717, 2699, 2718, -1,
 2718, 2699, 2697, -1, 2718, 2697, 2658, -1, 2658, 2697, 2675, -1,
 2658, 2675, 2657, -1, 2781, 2762, 2780, -1, 2780, 2762, 2749, -1,
 2780, 2749, 2718, -1, 2718, 2749, 2733, -1, 2718, 2733, 2717, -1,
 2848, 2824, 2847, -1, 2847, 2824, 2808, -1, 2847, 2808, 2780, -1,
 2780, 2808, 2795, -1, 2780, 2795, 2781, -1, 2913, 2900, 2914, -1,
 2914, 2900, 2884, -1, 2914, 2884, 2847, -1, 2847, 2884, 2857, -1,
 2847, 2857, 2855, -1, 2917, 2914, 2945, -1, 2945, 2914, 2971, -1,
 2945, 2971, 2957, -1, 2911, 2912, 2927, -1, 2927, 2939, 2911, -1,
 2911, 2939, 2970, -1, 2911, 2970, 2971, -1, 2971, 2970, 2972, -1,
 2971, 2972, 2957, -1, 2852, 2870, 2839, -1, 2839, 2870, 2880, -1,
 2839, 2880, 2911, -1, 2911, 2880, 2910, -1, 2911, 2910, 2912, -1,
 2793, 2818, 2778, -1, 2778, 2818, 2822, -1, 2778, 2822, 2839, -1,
 2839, 2822, 2838, -1, 2839, 2838, 2852, -1, 2730, 2759, 2715, -1,
 2715, 2759, 2773, -1, 2715, 2773, 2778, -1, 2778, 2773, 2777, -1,
 2778, 2777, 2793, -1, 2694, 2713, 2715, -1, 2715, 2713, 2714, -1,
 2715, 2714, 2730, -1, 2694, 2715, 2671, -1, 2671, 2715, 2655, -1,
 2671, 2655, 2659, -1, 2264, 2354, 2412, -1, 2412, 2354, 2414, -1,
 2412, 2414, 2454, -1, 2454, 2468, 2412, -1, 2412, 2468, 2639, -1,
 2412, 2639, 2655, -1, 2655, 2639, 2656, -1, 2655, 2656, 2659, -1,
 702, 702, 842, -1, 702, 842, 842, -1, 842, 842, 950, -1,
 842, 950, 950, -1, 949, 949, 841, -1, 949, 841, 841, -1,
 841, 841, 701, -1, 841, 701, 701, -1, 2269, 2269, 2133, -1,
 2269, 2133, 2133, -1, 2133, 2133, 2019, -1, 2133, 2019, 2019, -1,
 2020, 2020, 2134, -1, 2020, 2134, 2134, -1, 2134, 2134, 2270, -1,
 2134, 2270, 2270, -1, 2973, 2973, 2973, -1, 2973, 2973, 2973, -1,
 2973, 2973, 2973, -1, 2973, 2973, 2973, -1, 2973, 2973, 2973, -1,
 2973, 2973, 2973, -1, 2973, 2973, 2973, -1, 2973, 2973, 2973, -1,
 2973, 2973, 2973, -1, 2973, 2973, 2973, -1, 2973, 2973, 2973, -1,
 2973, 2973, 2973, -1, 2973, 2973, 2973, -1, 2973, 2973, 2973, -1,
 2973, 2973, 2973, -1, 2973, 2973, 2973, -1, 2973, 2973, 2973, -1,
 2973, 2973, 2973, -1, 2973, 2973, 2973, -1, 2973, 2973, 2973, -1,
 2973, 2973, 2973, -1, 2973, 2973, 2973, -1, 2973, 2973, 2973, -1,
 2973, 2973, 2973, -1, 2973, 2973, 2973, -1, 2973, 2973, 2973, -1,
 2973, 2973, 2973, -1, 2973, 2973, 2973, -1, 2973, 2973, 2973, -1,
 2973, 2973, 2973, -1, 2973, 2973, 2973, -1, 2973, 2973, 2973, -1,
 2973, 2973, 2973, -1, 2973, 2973, 2973, -1, 2973, 2973, 2973, -1,
 2973, 2973, 2973, -1, 2973, 2973, 2973, -1, 2973, 2973, 2973, -1,
 1477, 1477, 1475, -1, 1477, 1475, 1475, -1, 1475, 1475, 1471, -1,
 1475, 1471, 1471, -1, 1471, 1471, 1467, -1, 1471, 1467, 1467, -1,
 1467, 1467, 1465, -1, 1467, 1465, 1465, -1, 1465, 1465, 1461, -1,
 1465, 1461, 1461, -1, 1461, 1461, 1457, -1, 1461, 1457, 1457, -1,
 1457, 1457, 1455, -1, 1457, 1455, 1455, -1, 1455, 1455, 1451, -1,
 1455, 1451, 1451, -1, 1451, 1451, 1452, -1, 1451, 1452, 1452, -1,
 1452, 1452, 1456, -1, 1452, 1456, 1456, -1, 1456, 1456, 1458, -1,
 1456, 1458, 1458, -1, 1458, 1458, 1462, -1, 1458, 1462, 1462, -1,
 1462, 1462, 1466, -1, 1462, 1466, 1466, -1, 1466, 1466, 1468, -1,
 1466, 1468, 1468, -1, 1468, 1468, 1472, -1, 1468, 1472, 1472, -1,
 1472, 1472, 1476, -1, 1472, 1476, 1476, -1, 1476, 1476, 1478, -1,
 1476, 1478, 1478, -1, 2973, 2973, 2973, -1, 2973, 2973, 2973, -1,
 2973, 2973, 2973, -1, 2973, 2973, 2973, -1, 2973, 2973, 2973, -1,
 2973, 2973, 2973, -1, 2973, 2973, 2973, -1, 2973, 2973, 2973, -1,
 2973, 2973, 2973, -1, 2973, 2973, 2973, -1, 2973, 2973, 2973, -1,
 2973, 2973, 2973, -1, 2973, 2973, 2973, -1, 2973, 2973, 2973, -1,
 2973, 2973, 2973, -1, 2973, 2973, 2973, -1, 2973, 2973, 2973, -1,
 2973, 2973, 2973, -1, 2973, 2973, 2973, -1, 2973, 2973, 2973, -1,
 2973, 2973, 2973, -1, 2973, 2973, 2973, -1, 2973, 2973, 2973, -1,
 2973, 2973, 2973, -1, 2973, 2973, 2973, -1, 2973, 2973, 2973, -1,
 2973, 2973, 2973, -1, 2973, 2973, 2973, -1, 2973, 2973, 2973, -1,
 2973, 2973, 2973, -1, 2973, 2973, 2973, -1, 2973, 2973, 2973, -1,
 2973, 2973, 2973, -1, 2973, 2973, 2973, -1, 2973, 2973, 2973, -1,
 2973, 2973, 2973, -1, 2973, 2973, 2973, -1, 2973, 2973, 2973, -1,
 2973, 2973, 2973, -1, 2973, 2973, 2973, -1, 2973, 2973, 2973, -1,
 2973, 2973, 2973, -1, 2973, 2973, 2973, -1, 2973, 2973, 2973, -1,
 2973, 2973, 2973, -1, 2973, 2973, 2973, -1, 2973, 2973, 2973, -1,
 2973, 2973, 2973, -1, 2973, 2973, 2973, -1, 2973, 2973, 2973, -1,
 2973, 2973, 2973, -1, 2973, 2973, 2973, -1, 2973, 2973, 2973, -1,
 2973, 2973, 2973, -1, 2973, 2973, 2973, -1, 2973, 2973, 2973, -1,
 2973, 2973, 2973, -1, 2973, 2973, 2973, -1, 1478, 1478, 1474, -1,
 1474, 1478, 1474, -1, 1474, 1474, 1470, -1, 1470, 1474, 1470, -1,
 1470, 1470, 1464, -1, 1464, 1470, 1464, -1, 1464, 1464, 1460, -1,
 1460, 1464, 1460, -1, 1460, 1460, 1454, -1, 1454, 1460, 1454, -1,
 1454, 1454, 1450, -1, 1450, 1454, 1450, -1, 1450, 1450, 1453, -1,
 1453, 1450, 1453, -1, 1453, 1453, 1459, -1, 1459, 1453, 1459, -1,
 1459, 1459, 1463, -1, 1463, 1459, 1463, -1, 1463, 1463, 1469, -1,
 1469, 1463, 1469, -1, 1469, 1469, 1473, -1, 1473, 1469, 1473, -1,
 1473, 1473, 1477, -1, 1477, 1473, 1477, -1, 2973, 2973, 2973, -1,
 2973, 2973, 2973, -1, 2973, 2973, 2973, -1, 2973, 2973, 2973, -1,
 2973, 2973, 2973, -1, 2973, 2973, 2973, -1, 2973, 2973, 2973, -1,
 2973, 2973, 2973, -1, 2973, 2973, 2973, -1, 2973, 2973, 2973, -1,
 2973, 2973, 2973, -1, 2973, 2973, 2973, -1, 2973, 2973, 2973, -1,
 2973, 2973, 2973, -1, 2973, 2973, 2973, -1, 2973, 2973, 2973, -1,
 2973, 2973, 2973, -1, 2973, 2973, 2973, -1, 2973, 2973, 2973, -1,
 2973, 2973, 2973, -1, 2973, 2973, 2973, -1, 2973, 2973, 2973, -1,
 0, 0, 0, -1, 0, 0, 0, -1, 0, 0, 0, -1,
 0, 0, 0, -1, 0, 0, 0, -1, 0, 0, 0, -1,
 0, 0, 0, -1, 0, 0, 0, -1, 0, 0, 0, -1,
 0, 0, 0, -1, 0, 0, 0, -1, 0, 0, 0, -1,
 0, 0, 0, -1, 0, 0, 0, -1, 0, 0, 0, -1,
 0, 0, 0, -1, 0, 0, 0, -1, 0, 0, 0, -1,
 0, 0, 0, -1, 0, 0, 0, -1, 0, 0, 0, -1,
 0, 0, 0, -1, 0, 0, 0, -1, 0, 0, 0, -1,
 0, 0, 0, -1, 0, 0, 0, -1, 0, 0, 0, -1,
 0, 0, 0, -1, 0, 0, 0, -1, 0, 0, 0, -1,
 0, 0, 0, -1, 0, 0, 0, -1, 0, 0, 0, -1,
 0, 0, 0, -1, 0, 0, 0, -1, 0, 0, 0, -1,
 0, 0, 0, -1, 0, 0, 0, -1, 1478, 1478, 1476, -1,
 1478, 1476, 1476, -1, 1476, 1476, 1472, -1, 1476, 1472, 1472, -1,
 1472, 1472, 1468, -1, 1472, 1468, 1468, -1, 1468, 1468, 1466, -1,
 1468, 1466, 1466, -1, 1466, 1466, 1462, -1, 1466, 1462, 1462, -1,
 1462, 1462, 1458, -1, 1462, 1458, 1458, -1, 1458, 1458, 1456, -1,
 1458, 1456, 1456, -1, 1456, 1456, 1452, -1, 1456, 1452, 1452, -1,
 1452, 1452, 1451, -1, 1452, 1451, 1451, -1, 1451, 1451, 1455, -1,
 1451, 1455, 1455, -1, 1455, 1455, 1457, -1, 1455, 1457, 1457, -1,
 1457, 1457, 1461, -1, 1457, 1461, 1461, -1, 1461, 1461, 1465, -1,
 1461, 1465, 1465, -1, 1465, 1465, 1467, -1, 1465, 1467, 1467, -1,
 1467, 1467, 1471, -1, 1467, 1471, 1471, -1, 1471, 1471, 1475, -1,
 1471, 1475, 1475, -1, 1475, 1475, 1477, -1, 1475, 1477, 1477, -1,
 0, 0, 0, -1, 0, 0, 0, -1, 0, 0, 0, -1,
 0, 0, 0, -1, 0, 0, 0, -1, 0, 0, 0, -1,
 0, 0, 0, -1, 0, 0, 0, -1, 0, 0, 0, -1,
 0, 0, 0, -1, 0, 0, 0, -1, 0, 0, 0, -1,
 0, 0, 0, -1, 0, 0, 0, -1, 0, 0, 0, -1,
 0, 0, 0, -1, 0, 0, 0, -1, 0, 0, 0, -1,
 0, 0, 0, -1, 0, 0, 0, -1, 0, 0, 0, -1,
 0, 0, 0, -1, 0, 0, 0, -1, 0, 0, 0, -1,
 0, 0, 0, -1, 0, 0, 0, -1, 0, 0, 0, -1,
 0, 0, 0, -1, 0, 0, 0, -1, 0, 0, 0, -1,
 0, 0, 0, -1, 0, 0, 0, -1, 0, 0, 0, -1,
 0, 0, 0, -1, 0, 0, 0, -1, 0, 0, 0, -1,
 0, 0, 0, -1, 0, 0, 0, -1, 0, 0, 0, -1,
 0, 0, 0, -1, 0, 0, 0, -1, 0, 0, 0, -1,
 0, 0, 0, -1, 0, 0, 0, -1, 0, 0, 0, -1,
 0, 0, 0, -1, 0, 0, 0, -1, 0, 0, 0, -1,
 0, 0, 0, -1, 0, 0, 0, -1, 0, 0, 0, -1,
 0, 0, 0, -1, 0, 0, 0, -1, 0, 0, 0, -1,
 0, 0, 0, -1, 0, 0, 0, -1, 0, 0, 0, -1,
 0, 0, 0, -1, 1477, 1477, 1473, -1, 1473, 1477, 1473, -1,
 1473, 1473, 1469, -1, 1469, 1473, 1469, -1, 1469, 1469, 1463, -1,
 1463, 1469, 1463, -1, 1463, 1463, 1459, -1, 1459, 1463, 1459, -1,
 1459, 1459, 1453, -1, 1453, 1459, 1453, -1, 1453, 1453, 1450, -1,
 1450, 1453, 1450, -1, 1450, 1450, 1454, -1, 1454, 1450, 1454, -1,
 1454, 1454, 1460, -1, 1460, 1454, 1460, -1, 1460, 1460, 1464, -1,
 1464, 1460, 1464, -1, 1464, 1464, 1470, -1, 1470, 1464, 1470, -1,
 1470, 1470, 1474, -1, 1474, 1470, 1474, -1, 1474, 1474, 1478, -1,
 1478, 1474, 1478, -1, 0, 0, 0, -1, 0, 0, 0, -1,
 0, 0, 0, -1, 0, 0, 0, -1, 0, 0, 0, -1,
 0, 0, 0, -1, 0, 0, 0, -1, 0, 0, 0, -1,
 0, 0, 0, -1, 0, 0, 0, -1, 0, 0, 0, -1,
 0, 0, 0, -1, 0, 0, 0, -1, 0, 0, 0, -1,
 0, 0, 0, -1, 0, 0, 0, -1, 0, 0, 0, -1,
 0, 0, 0, -1, 0, 0, 0, -1, 0, 0, 0, -1,
 0, 0, 0, -1, 0, 0, 0, -1
]
colorPerVertex FALSE
normalPerVertex TRUE
}
}
]
}
