#VRML V2.0 utf8
Transform {
children [
Shape {
appearance Appearance {
material Material {
ambientIntensity 1.000000
diffuseColor 1.000000 1.000000 1.000000
emissiveColor 0.210000 0.210000 0.210000
specularColor 0.880000 0.880000 0.880000
shininess 0.210000
transparency 0.000000
}
}
geometry IndexedFaceSet {
color Color {
color [
 1.000000 1.000000 1.000000
]
}
coord Coordinate {
point [
 -0.016949 0.000000 -0.001322, -0.016949 0.012000 -0.001322, -0.016853 0.000000 -0.002231, -0.016853 0.012000 -0.002231, -0.016303 0.000000 0.004817,
 -0.016303 0.012000 0.004817, -0.016185 0.000000 -0.000724, -0.016185 0.012000 -0.000724, -0.016136 0.000000 -0.002594, -0.016136 0.012000 -0.002594,
 -0.016021 0.000000 0.005686, -0.016021 0.012000 0.005686, -0.015681 0.000000 0.004073, -0.015681 0.012000 0.004073, -0.015377 0.000000 -0.002858,
 -0.015377 0.012000 -0.002858, -0.015335 0.000000 -0.000256, -0.015335 0.012000 -0.000256, -0.015080 0.000000 0.005922, -0.015080 0.012000 0.005922,
 -0.014947 0.000000 0.003439, -0.014947 0.012000 0.003439, -0.014945 0.000000 -0.008101, -0.014945 0.012000 -0.008101, -0.014842 0.012000 0.003375,
 -0.014590 0.000000 -0.003019, -0.014590 0.012000 -0.003019, -0.014491 0.000000 -0.007244, -0.014491 0.012000 -0.007244, -0.014489 0.000000 -0.008892,
 -0.014489 0.012000 -0.008892, -0.014421 0.000000 0.000068, -0.014421 0.012000 0.000068, -0.014120 0.000000 0.002932, -0.014120 0.012000 0.002932,
 -0.014113 0.000000 0.006003, -0.014113 0.012000 0.006003, -0.013905 0.000000 -0.006472, -0.013905 0.012000 -0.006472, -0.013788 0.000000 -0.003072,
 -0.013788 0.012000 -0.003072, -0.013787 0.000000 -0.008934, -0.013787 0.012000 -0.008934, -0.013466 0.000000 0.000241, -0.013466 0.012000 0.000241,
 -0.013222 0.000000 0.002564, -0.013222 0.012000 0.002564, -0.013202 0.000000 -0.005803, -0.013202 0.012000 -0.005803, -0.013146 0.000000 0.005928,
 -0.013146 0.012000 0.005928, -0.012971 0.000000 -0.003017, -0.012971 0.012000 -0.003017, -0.012934 0.000000 0.011032, -0.012934 0.012000 0.011032,
 -0.012754 0.000000 -0.008844, -0.012754 0.012000 -0.008844, -0.012668 0.000000 0.010099, -0.012668 0.012000 0.010099, -0.012496 0.000000 0.000258,
 -0.012496 0.012000 0.000258, -0.012431 0.000000 0.001307, -0.012431 0.012000 0.001307, -0.012400 0.000000 -0.005257, -0.012400 0.012000 -0.005257,
 -0.012323 0.000000 0.011710, -0.012323 0.012000 0.011710, -0.012277 0.000000 0.002346, -0.012277 0.012000 0.002346, -0.012256 0.000000 0.009221,
 -0.012256 0.012000 0.009221, -0.012204 0.000000 0.005697, -0.012204 0.012000 0.005697, -0.012170 0.000000 -0.002850, -0.012170 0.012000 -0.002850,
 -0.011887 0.000000 -0.003862, -0.011887 0.012000 -0.003862, -0.011752 0.000000 -0.008578, -0.011752 0.012000 -0.008578, -0.011707 0.000000 0.008421,
 -0.011707 0.012000 0.008421, -0.011521 0.000000 -0.004847, -0.011521 0.012000 -0.004847, -0.011368 0.000000 0.011543, -0.011368 0.012000 0.011543,
 -0.011311 0.000000 0.005318, -0.011311 0.012000 0.005318, -0.011036 0.000000 0.007720, -0.011036 0.012000 0.007720, -0.010824 0.000000 0.006249,
 -0.010824 0.012000 0.006249, -0.010811 0.000000 -0.008144, -0.010811 0.012000 -0.008144, -0.010500 0.000000 0.000000, -0.010500 0.005200 0.000000,
 -0.010452 0.000000 0.011225, -0.010452 0.012000 0.011225, -0.010410 0.000000 -0.001371, -0.010410 0.000000 0.001371, -0.010410 0.005200 -0.001371,
 -0.010410 0.005200 0.001371, -0.010358 0.000000 -0.013480, -0.010358 0.012000 -0.013480, -0.010292 0.000000 -0.012512, -0.010292 0.012000 -0.012512,
 -0.010261 0.000000 0.007137, -0.010261 0.012000 0.007137, -0.010142 0.000000 -0.002718, -0.010142 0.000000 0.002718, -0.010142 0.005200 -0.002718,
 -0.010142 0.005200 0.002718, -0.010071 0.000000 -0.011568, -0.010071 0.012000 -0.011568, -0.009978 0.008000 -0.000362, -0.009978 0.008000 0.000362,
 -0.009978 0.012000 -0.000362, -0.009978 0.012000 0.000362, -0.009958 0.000000 -0.007554, -0.009958 0.012000 -0.007554, -0.009877 0.005200 0.003500,
 -0.009805 0.008000 -0.001064, -0.009805 0.008000 0.001064, -0.009805 0.012000 -0.001064, -0.009805 0.012000 0.001064, -0.009701 0.000000 -0.004018,
 -0.009701 0.000000 0.004018, -0.009701 0.005200 -0.004018, -0.009701 0.005200 0.004018, -0.009700 0.000000 -0.010671, -0.009700 0.012000 -0.010671,
 -0.009619 0.000000 -0.014017, -0.009619 0.012000 -0.014017, -0.009599 0.000000 0.010762, -0.009599 0.012000 0.010762, -0.009469 0.008000 -0.001704,
 -0.009469 0.008000 0.001704, -0.009469 0.012000 -0.001704, -0.009469 0.012000 0.001704, -0.009289 0.000000 -0.008363, -0.009289 0.012000 -0.008363,
 -0.009190 0.000000 -0.009846, -0.009190 0.012000 -0.009846, -0.009093 0.000000 -0.005250, -0.009093 0.000000 0.005250, -0.009093 0.005200 -0.005250,
 -0.009093 0.005200 0.005250, -0.008989 0.008000 -0.002246, -0.008989 0.008000 0.002246, -0.008989 0.012000 -0.002246, -0.008989 0.012000 0.002246,
 -0.008832 0.000000 0.010169, -0.008832 0.012000 0.010169, -0.008719 0.000000 -0.013655, -0.008719 0.012000 -0.013655, -0.008650 0.005200 -0.000000,
 -0.008650 0.008000 -0.000000, -0.008594 0.005200 -0.000427, -0.008594 0.005200 0.000427, -0.008594 0.008000 -0.000427, -0.008594 0.008000 0.000427,
 -0.008553 0.000000 -0.009114, -0.008553 0.012000 -0.009114, -0.008429 0.005200 -0.000825, -0.008429 0.005200 0.000825, -0.008429 0.008000 -0.000825,
 -0.008429 0.008000 0.000825, -0.008394 0.008000 -0.002656, -0.008394 0.008000 0.002656, -0.008394 0.012000 -0.002656, -0.008394 0.012000 0.002656,
 -0.008330 0.000000 -0.006392, -0.008330 0.000000 0.006392, -0.008330 0.005200 -0.006392, -0.008330 0.005200 0.006392, -0.008170 0.000000 0.009459,
 -0.008170 0.012000 0.009459, -0.008167 0.005200 -0.001167, -0.008167 0.005200 0.001167, -0.008167 0.008000 -0.001167, -0.008167 0.008000 0.001167,
 -0.007890 0.000000 -0.013152, -0.007890 0.012000 -0.013152, -0.007825 0.005200 -0.001429, -0.007825 0.005200 0.001429, -0.007825 0.008000 -0.001429,
 -0.007825 0.008000 0.001429, -0.007718 0.008000 -0.002913, -0.007718 0.008000 0.002913, -0.007718 0.012000 -0.002913, -0.007718 0.012000 0.002913,
 -0.007466 0.000000 0.014379, -0.007466 0.012000 0.014379, -0.007445 0.000000 0.013409, -0.007445 0.012000 0.013409, -0.007427 0.005200 -0.001594,
 -0.007427 0.005200 0.001594, -0.007427 0.008000 -0.001594, -0.007427 0.008000 0.001594, -0.007425 0.000000 -0.007425, -0.007425 0.000000 0.007425,
 -0.007425 0.005200 -0.007425, -0.007425 0.005200 0.007425, -0.007347 0.000000 0.010112, -0.007347 0.012000 0.010112, -0.007329 0.000000 0.015339,
 -0.007329 0.012000 0.015339, -0.007269 0.000000 0.012455, -0.007269 0.012000 0.012455, -0.007151 0.000000 -0.012523, -0.007151 0.012000 -0.012523,
 -0.007000 0.005200 -0.001650, -0.007000 0.005200 0.001650, -0.007000 0.008000 -0.003000, -0.007000 0.008000 -0.001650, -0.007000 0.008000 0.001650,
 -0.007000 0.008000 0.003000, -0.007000 0.012000 -0.003000, -0.007000 0.012000 0.003000, -0.006942 0.000000 0.011542, -0.006942 0.012000 0.011542,
 -0.006573 0.005200 -0.001594, -0.006573 0.005200 0.001594, -0.006573 0.008000 -0.001594, -0.006573 0.008000 0.001594, -0.006525 0.000000 -0.011783,
 -0.006525 0.012000 -0.011783, -0.006495 0.000000 0.015710, -0.006495 0.012000 0.015710, -0.006471 0.000000 0.010693, -0.006471 0.012000 0.010693,
 -0.006392 0.000000 -0.008330, -0.006392 0.000000 0.008330, -0.006392 0.005200 -0.008330, -0.006392 0.005200 0.008330, -0.006282 0.008000 -0.002913,
 -0.006282 0.008000 0.002913, -0.006282 0.012000 -0.002913, -0.006282 0.012000 0.002913, -0.006175 0.005200 -0.001429, -0.006175 0.005200 0.001429,
 -0.006175 0.008000 -0.001429, -0.006175 0.008000 0.001429, -0.006025 0.000000 -0.010951, -0.006025 0.012000 -0.010951, -0.005833 0.005200 -0.001167,
 -0.005833 0.005200 0.001167, -0.005833 0.008000 -0.001167, -0.005833 0.008000 0.001167, -0.005690 0.000000 0.015169, -0.005690 0.012000 0.015169,
 -0.005606 0.008000 -0.002656, -0.005606 0.008000 0.002656, -0.005606 0.012000 -0.002656, -0.005606 0.012000 0.002656, -0.005571 0.005200 -0.000825,
 -0.005571 0.005200 0.000825, -0.005571 0.008000 -0.000825, -0.005571 0.008000 0.000825, -0.005406 0.005200 -0.000427, -0.005406 0.005200 0.000427,
 -0.005406 0.008000 -0.000427, -0.005406 0.008000 0.000427, -0.005350 0.005200 0.000000, -0.005350 0.008000 0.000000, -0.005250 0.000000 -0.009093,
 -0.005250 0.000000 0.009093, -0.005250 0.005200 -0.009093, -0.005250 0.005200 0.009093, -0.005084 0.000000 -0.011418, -0.005084 0.012000 -0.011418,
 -0.005011 0.008000 -0.002246, -0.005011 0.008000 0.002246, -0.005011 0.012000 -0.002246, -0.005011 0.012000 0.002246, -0.004983 0.000000 0.014505,
 -0.004983 0.012000 0.014505, -0.004531 0.008000 -0.001704, -0.004531 0.008000 0.001704, -0.004531 0.012000 -0.001704, -0.004531 0.012000 0.001704,
 -0.004521 0.000000 -0.013694, -0.004521 0.012000 -0.013694, -0.004495 0.000000 -0.014664, -0.004495 0.012000 -0.014664, -0.004392 0.000000 0.013736,
 -0.004392 0.012000 0.013736, -0.004390 0.000000 -0.012733, -0.004390 0.012000 -0.012733, -0.004313 0.000000 -0.015616, -0.004313 0.012000 -0.015616,
 -0.004195 0.008000 -0.001064, -0.004195 0.008000 0.001064, -0.004195 0.012000 -0.001064, -0.004195 0.012000 0.001064, -0.004107 0.000000 -0.011805,
 -0.004107 0.012000 -0.011805, -0.004022 0.008000 -0.000362, -0.004022 0.008000 0.000362, -0.004022 0.012000 -0.000362, -0.004022 0.012000 0.000362,
 -0.004018 0.000000 -0.009701, -0.004018 0.000000 0.009701, -0.004018 0.005200 -0.009701, -0.004018 0.005200 0.009701, -0.003980 0.000000 -0.016528,
 -0.003980 0.012000 -0.016528, -0.003932 0.000000 0.012882, -0.003932 0.012000 0.012882, -0.003750 0.012000 0.000000, -0.003750 0.013500 0.000000,
 -0.003656 0.012000 -0.000834, -0.003656 0.012000 0.000834, -0.003656 0.013500 -0.000834, -0.003656 0.013500 0.000834, -0.003617 0.000000 0.011964,
 -0.003617 0.012000 0.011964, -0.003500 0.005200 -0.009877, -0.003500 0.005200 0.003500, -0.003500 0.005200 0.009877, -0.003379 0.012000 -0.001627,
 -0.003379 0.012000 0.001627, -0.003379 0.013500 -0.001627, -0.003379 0.013500 0.001627, -0.003375 0.012000 -0.016656, -0.003375 0.012000 -0.001633,
 -0.003375 0.012000 0.001633, -0.003375 0.012000 0.003375, -0.003375 0.012000 0.012026, -0.003087 0.000000 -0.016717, -0.003087 0.012000 -0.016717,
 -0.002978 0.008000 -0.007362, -0.002978 0.008000 -0.006638, -0.002978 0.008000 0.006638, -0.002978 0.008000 0.007362, -0.002978 0.012000 -0.007362,
 -0.002978 0.012000 -0.006638, -0.002978 0.012000 0.006638, -0.002978 0.012000 0.007362, -0.002932 0.012000 -0.002338, -0.002932 0.012000 0.002338,
 -0.002932 0.013500 -0.002338, -0.002932 0.013500 0.002338, -0.002805 0.008000 -0.008064, -0.002805 0.008000 -0.005936, -0.002805 0.008000 0.005936,
 -0.002805 0.008000 0.008064, -0.002805 0.012000 -0.008064, -0.002805 0.012000 -0.005936, -0.002805 0.012000 0.005936, -0.002805 0.012000 0.008064,
 -0.002718 0.000000 -0.010142, -0.002718 0.000000 0.010142, -0.002718 0.005200 -0.010142, -0.002718 0.005200 0.010142, -0.002599 0.000000 0.012226,
 -0.002599 0.012000 0.012226, -0.002469 0.008000 -0.008704, -0.002469 0.008000 -0.005296, -0.002469 0.008000 0.005296, -0.002469 0.008000 0.008704,
 -0.002469 0.012000 -0.008704, -0.002469 0.012000 -0.005296, -0.002469 0.012000 0.005296, -0.002469 0.012000 0.008704, -0.002412 0.000000 -0.016021,
 -0.002412 0.012000 -0.016021, -0.002338 0.012000 -0.002932, -0.002338 0.012000 0.002932, -0.002338 0.013500 -0.002932, -0.002338 0.013500 0.002932,
 -0.001989 0.008000 -0.009246, -0.001989 0.008000 -0.004754, -0.001989 0.008000 0.004754, -0.001989 0.008000 0.009246, -0.001989 0.012000 -0.009246,
 -0.001989 0.012000 -0.004754, -0.001989 0.012000 0.004754, -0.001989 0.012000 0.009246, -0.001858 0.000000 -0.015224, -0.001858 0.012000 -0.015224,
 -0.001650 0.005200 -0.007000, -0.001650 0.005200 -0.000000, -0.001650 0.005200 0.007000, -0.001650 0.008000 -0.007000, -0.001650 0.008000 0.007000,
 -0.001650 0.013500 -0.000000, -0.001647 0.000000 0.013367, -0.001647 0.012000 0.013367, -0.001633 0.012000 0.003375, -0.001627 0.012000 -0.003379,
 -0.001627 0.012000 0.003379, -0.001627 0.013500 -0.003379, -0.001627 0.013500 0.003379, -0.001594 0.005200 -0.007427, -0.001594 0.005200 -0.006573,
 -0.001594 0.005200 -0.000427, -0.001594 0.005200 0.000427, -0.001594 0.005200 0.006573, -0.001594 0.005200 0.007427, -0.001594 0.008000 -0.007427,
 -0.001594 0.008000 -0.006573, -0.001594 0.008000 0.006573, -0.001594 0.008000 0.007427, -0.001594 0.013500 -0.000427, -0.001594 0.013500 0.000427,
 -0.001575 0.000000 0.014335, -0.001575 0.012000 0.014335, -0.001562 0.000000 0.012401, -0.001562 0.012000 0.012401, -0.001440 0.000000 -0.014349,
 -0.001440 0.012000 -0.014349, -0.001429 0.005200 -0.007825, -0.001429 0.005200 -0.006175, -0.001429 0.005200 -0.000825, -0.001429 0.005200 0.000825,
 -0.001429 0.005200 0.006175, -0.001429 0.005200 0.007825, -0.001429 0.008000 -0.007825, -0.001429 0.008000 -0.006175, -0.001429 0.008000 0.006175,
 -0.001429 0.008000 0.007825, -0.001429 0.013500 -0.000825, -0.001429 0.013500 0.000825, -0.001394 0.008000 -0.009656, -0.001394 0.008000 -0.004344,
 -0.001394 0.008000 0.004344, -0.001394 0.008000 0.009656, -0.001394 0.012000 -0.009656, -0.001394 0.012000 -0.004344, -0.001394 0.012000 0.004344,
 -0.001394 0.012000 0.009656, -0.001371 0.000000 -0.010410, -0.001371 0.000000 0.010410, -0.001371 0.005200 -0.010410, -0.001371 0.005200 0.010410,
 -0.001348 0.000000 0.015278, -0.001348 0.012000 0.015278, -0.001168 0.000000 -0.013418, -0.001168 0.012000 -0.013418, -0.001167 0.005200 -0.008167,
 -0.001167 0.005200 -0.005833, -0.001167 0.005200 -0.001167, -0.001167 0.005200 0.001167, -0.001167 0.005200 0.005833, -0.001167 0.005200 0.008167,
 -0.001167 0.008000 -0.008167, -0.001167 0.008000 -0.005833, -0.001167 0.008000 0.005833, -0.001167 0.008000 0.008167, -0.001167 0.013500 -0.001167,
 -0.001167 0.013500 0.001167, -0.001050 0.000000 -0.012455, -0.001050 0.012000 -0.012455, -0.000972 0.000000 0.016172, -0.000972 0.012000 0.016172,
 -0.000834 0.012000 -0.003656, -0.000834 0.012000 0.003656, -0.000834 0.013500 -0.003656, -0.000834 0.013500 0.003656, -0.000825 0.005200 -0.008429,
 -0.000825 0.005200 -0.005571, -0.000825 0.005200 -0.001429, -0.000825 0.005200 0.001429, -0.000825 0.005200 0.005571, -0.000825 0.005200 0.008429,
 -0.000825 0.008000 -0.008429, -0.000825 0.008000 -0.005571, -0.000825 0.008000 0.005571, -0.000825 0.008000 0.008429, -0.000825 0.013500 -0.001429,
 -0.000825 0.013500 0.001429, -0.000718 0.008000 -0.009913, -0.000718 0.008000 -0.004087, -0.000718 0.008000 0.004087, -0.000718 0.008000 0.009913,
 -0.000718 0.012000 -0.009913, -0.000718 0.012000 -0.004087, -0.000718 0.012000 0.004087, -0.000718 0.012000 0.009913, -0.000457 0.000000 0.016994,
 -0.000457 0.012000 0.016994, -0.000427 0.005200 -0.008594, -0.000427 0.005200 -0.005406, -0.000427 0.005200 -0.001594, -0.000427 0.005200 0.001594,
 -0.000427 0.005200 0.005406, -0.000427 0.005200 0.008594, -0.000427 0.008000 -0.008594, -0.000427 0.008000 -0.005406, -0.000427 0.008000 0.005406,
 -0.000427 0.008000 0.008594, -0.000427 0.013500 -0.001594, -0.000427 0.013500 0.001594, -0.000000 0.000000 -0.012499, -0.000000 0.000000 -0.010500,
 0.000000 0.000000 0.010500, -0.000000 0.005200 -0.010500, -0.000000 0.005200 -0.008650, -0.000000 0.005200 -0.005350, 0.000000 0.005200 -0.001650,
 -0.000000 0.005200 0.001650, 0.000000 0.005200 0.005350, 0.000000 0.005200 0.008650, 0.000000 0.005200 0.010500, -0.000000 0.008000 -0.010000,
 -0.000000 0.008000 -0.008650, -0.000000 0.008000 -0.005350, -0.000000 0.008000 -0.004000, 0.000000 0.008000 0.004000, 0.000000 0.008000 0.005350,
 0.000000 0.008000 0.008650, 0.000000 0.008000 0.010000, -0.000000 0.012000 -0.012499, -0.000000 0.012000 -0.010000, -0.000000 0.012000 -0.004000,
 0.000000 0.012000 -0.003750, 0.000000 0.012000 0.003750, 0.000000 0.012000 0.004000, 0.000000 0.012000 0.010000, 0.000000 0.013500 -0.003750,
 0.000000 0.013500 -0.001650, -0.000000 0.013500 0.001650, 0.000000 0.013500 0.003750, 0.000427 0.005200 -0.008594, 0.000427 0.005200 -0.005406,
 0.000427 0.005200 -0.001594, 0.000427 0.005200 0.001594, 0.000427 0.005200 0.005406, 0.000427 0.005200 0.008594, 0.000427 0.008000 -0.008594,
 0.000427 0.008000 -0.005406, 0.000427 0.008000 0.005406, 0.000427 0.008000 0.008594, 0.000427 0.013500 -0.001594, 0.000427 0.013500 0.001594,
 0.000457 0.000000 0.016994, 0.000457 0.012000 0.016994, 0.000718 0.008000 -0.009913, 0.000718 0.008000 -0.004087, 0.000718 0.008000 0.004087,
 0.000718 0.008000 0.009913, 0.000718 0.012000 -0.009913, 0.000718 0.012000 -0.004087, 0.000718 0.012000 0.004087, 0.000718 0.012000 0.009913,
 0.000825 0.005200 -0.008429, 0.000825 0.005200 -0.005571, 0.000825 0.005200 -0.001429, 0.000825 0.005200 0.001429, 0.000825 0.005200 0.005571,
 0.000825 0.005200 0.008429, 0.000825 0.008000 -0.008429, 0.000825 0.008000 -0.005571, 0.000825 0.008000 0.005571, 0.000825 0.008000 0.008429,
 0.000825 0.013500 -0.001429, 0.000825 0.013500 0.001429, 0.000834 0.012000 -0.003656, 0.000834 0.012000 0.003656, 0.000834 0.013500 -0.003656,
 0.000834 0.013500 0.003656, 0.000972 0.000000 0.016172, 0.000972 0.012000 0.016172, 0.001050 0.000000 -0.012455, 0.001050 0.012000 -0.012455,
 0.001167 0.005200 -0.008167, 0.001167 0.005200 -0.005833, 0.001167 0.005200 -0.001167, 0.001167 0.005200 0.001167, 0.001167 0.005200 0.005833,
 0.001167 0.005200 0.008167, 0.001167 0.008000 -0.008167, 0.001167 0.008000 -0.005833, 0.001167 0.008000 0.005833, 0.001167 0.008000 0.008167,
 0.001167 0.013500 -0.001167, 0.001167 0.013500 0.001167, 0.001168 0.000000 -0.013418, 0.001168 0.012000 -0.013418, 0.001348 0.000000 0.015278,
 0.001348 0.012000 0.015278, 0.001371 0.000000 -0.010410, 0.001371 0.000000 0.010410, 0.001371 0.005200 -0.010410, 0.001371 0.005200 0.010410,
 0.001394 0.008000 -0.009656, 0.001394 0.008000 -0.004344, 0.001394 0.008000 0.004344, 0.001394 0.008000 0.009656, 0.001394 0.012000 -0.009656,
 0.001394 0.012000 -0.004344, 0.001394 0.012000 0.004344, 0.001394 0.012000 0.009656, 0.001429 0.005200 -0.007825, 0.001429 0.005200 -0.006175,
 0.001429 0.005200 -0.000825, 0.001429 0.005200 0.000825, 0.001429 0.005200 0.006175, 0.001429 0.005200 0.007825, 0.001429 0.008000 -0.007825,
 0.001429 0.008000 -0.006175, 0.001429 0.008000 0.006175, 0.001429 0.008000 0.007825, 0.001429 0.013500 -0.000825, 0.001429 0.013500 0.000825,
 0.001440 0.000000 -0.014349, 0.001440 0.012000 -0.014349, 0.001562 0.000000 0.012401, 0.001562 0.012000 0.012401, 0.001575 0.000000 0.014335,
 0.001575 0.012000 0.014335, 0.001594 0.005200 -0.007427, 0.001594 0.005200 -0.006573, 0.001594 0.005200 -0.000427, 0.001594 0.005200 0.000427,
 0.001594 0.005200 0.006573, 0.001594 0.005200 0.007427, 0.001594 0.008000 -0.007427, 0.001594 0.008000 -0.006573, 0.001594 0.008000 0.006573,
 0.001594 0.008000 0.007427, 0.001594 0.013500 -0.000427, 0.001594 0.013500 0.000427, 0.001627 0.012000 -0.003379, 0.001627 0.012000 0.003379,
 0.001627 0.013500 -0.003379, 0.001627 0.013500 0.003379, 0.001633 0.012000 0.003375, 0.001647 0.000000 0.013367, 0.001647 0.012000 0.013367,
 0.001650 0.005200 -0.007000, 0.001650 0.005200 0.000000, 0.001650 0.005200 0.007000, 0.001650 0.008000 -0.007000, 0.001650 0.008000 0.007000,
 0.001650 0.013500 0.000000, 0.001858 0.000000 -0.015224, 0.001858 0.012000 -0.015224, 0.001989 0.008000 -0.009246, 0.001989 0.008000 -0.004754,
 0.001989 0.008000 0.004754, 0.001989 0.008000 0.009246, 0.001989 0.012000 -0.009246, 0.001989 0.012000 -0.004754, 0.001989 0.012000 0.004754,
 0.001989 0.012000 0.009246, 0.002338 0.012000 -0.002932, 0.002338 0.012000 0.002932, 0.002338 0.013500 -0.002932, 0.002338 0.013500 0.002932,
 0.002412 0.000000 -0.016021, 0.002412 0.012000 -0.016021, 0.002469 0.008000 -0.008704, 0.002469 0.008000 -0.005296, 0.002469 0.008000 0.005296,
 0.002469 0.008000 0.008704, 0.002469 0.012000 -0.008704, 0.002469 0.012000 -0.005296, 0.002469 0.012000 0.005296, 0.002469 0.012000 0.008704,
 0.002599 0.000000 0.012226, 0.002599 0.012000 0.012226, 0.002718 0.000000 -0.010142, 0.002718 0.000000 0.010142, 0.002718 0.005200 -0.010142,
 0.002718 0.005200 0.010142, 0.002805 0.008000 -0.008064, 0.002805 0.008000 -0.005936, 0.002805 0.008000 0.005936, 0.002805 0.008000 0.008064,
 0.002805 0.012000 -0.008064, 0.002805 0.012000 -0.005936, 0.002805 0.012000 0.005936, 0.002805 0.012000 0.008064, 0.002932 0.012000 -0.002338,
 0.002932 0.012000 0.002338, 0.002932 0.013500 -0.002338, 0.002932 0.013500 0.002338, 0.002978 0.008000 -0.007362, 0.002978 0.008000 -0.006638,
 0.002978 0.008000 0.006638, 0.002978 0.008000 0.007362, 0.002978 0.012000 -0.007362, 0.002978 0.012000 -0.006638, 0.002978 0.012000 0.006638,
 0.002978 0.012000 0.007362, 0.003087 0.000000 -0.016717, 0.003087 0.012000 -0.016717, 0.003379 0.012000 -0.001627, 0.003379 0.012000 0.001627,
 0.003379 0.013500 -0.001627, 0.003379 0.013500 0.001627, 0.003617 0.000000 0.011964, 0.003617 0.012000 0.011964, 0.003656 0.012000 -0.000834,
 0.003656 0.012000 0.000834, 0.003656 0.013500 -0.000834, 0.003656 0.013500 0.000834, 0.003750 0.012000 -0.000000, 0.003750 0.013500 -0.000000,
 0.003932 0.000000 0.012882, 0.003932 0.012000 0.012882, 0.003980 0.000000 -0.016528, 0.003980 0.012000 -0.016528, 0.004018 0.000000 -0.009701,
 0.004018 0.000000 0.009701, 0.004018 0.005200 -0.009701, 0.004018 0.005200 0.009701, 0.004022 0.008000 -0.000362, 0.004022 0.008000 0.000362,
 0.004022 0.012000 -0.000362, 0.004022 0.012000 0.000362, 0.004107 0.000000 -0.011805, 0.004107 0.012000 -0.011805, 0.004195 0.008000 -0.001064,
 0.004195 0.008000 0.001064, 0.004195 0.012000 -0.001064, 0.004195 0.012000 0.001064, 0.004313 0.000000 -0.015616, 0.004313 0.012000 -0.015616,
 0.004390 0.000000 -0.012733, 0.004390 0.012000 -0.012733, 0.004392 0.000000 0.013736, 0.004392 0.012000 0.013736, 0.004495 0.000000 -0.014664,
 0.004495 0.012000 -0.014664, 0.004521 0.000000 -0.013694, 0.004521 0.012000 -0.013694, 0.004531 0.008000 -0.001704, 0.004531 0.008000 0.001704,
 0.004531 0.012000 -0.001704, 0.004531 0.012000 0.001704, 0.004983 0.000000 0.014505, 0.004983 0.012000 0.014505, 0.005011 0.008000 -0.002246,
 0.005011 0.008000 0.002246, 0.005011 0.012000 -0.002246, 0.005011 0.012000 0.002246, 0.005084 0.000000 -0.011418, 0.005084 0.012000 -0.011418,
 0.005250 0.000000 -0.009093, 0.005250 0.000000 0.009093, 0.005250 0.005200 -0.009093, 0.005250 0.005200 0.009093, 0.005350 0.005200 -0.000000,
 0.005350 0.008000 -0.000000, 0.005406 0.005200 -0.000427, 0.005406 0.005200 0.000427, 0.005406 0.008000 -0.000427, 0.005406 0.008000 0.000427,
 0.005571 0.005200 -0.000825, 0.005571 0.005200 0.000825, 0.005571 0.008000 -0.000825, 0.005571 0.008000 0.000825, 0.005606 0.008000 -0.002656,
 0.005606 0.008000 0.002656, 0.005606 0.012000 -0.002656, 0.005606 0.012000 0.002656, 0.005690 0.000000 0.015169, 0.005690 0.012000 0.015169,
 0.005833 0.005200 -0.001167, 0.005833 0.005200 0.001167, 0.005833 0.008000 -0.001167, 0.005833 0.008000 0.001167, 0.006025 0.000000 -0.010951,
 0.006025 0.012000 -0.010951, 0.006175 0.005200 -0.001429, 0.006175 0.005200 0.001429, 0.006175 0.008000 -0.001429, 0.006175 0.008000 0.001429,
 0.006282 0.008000 -0.002913, 0.006282 0.008000 0.002913, 0.006282 0.012000 -0.002913, 0.006282 0.012000 0.002913, 0.006392 0.000000 -0.008330,
 0.006392 0.000000 0.008330, 0.006392 0.005200 -0.008330, 0.006392 0.005200 0.008330, 0.006471 0.000000 0.010693, 0.006471 0.012000 0.010693,
 0.006495 0.000000 0.015710, 0.006495 0.012000 0.015710, 0.006525 0.000000 -0.011783, 0.006525 0.012000 -0.011783, 0.006573 0.005200 -0.001594,
 0.006573 0.005200 0.001594, 0.006573 0.008000 -0.001594, 0.006573 0.008000 0.001594, 0.006942 0.000000 0.011542, 0.006942 0.012000 0.011542,
 0.007000 0.005200 -0.001650, 0.007000 0.005200 0.001650, 0.007000 0.008000 -0.003000, 0.007000 0.008000 -0.001650, 0.007000 0.008000 0.001650,
 0.007000 0.008000 0.003000, 0.007000 0.012000 -0.003000, 0.007000 0.012000 0.003000, 0.007151 0.000000 -0.012523, 0.007151 0.012000 -0.012523,
 0.007269 0.000000 0.012455, 0.007269 0.012000 0.012455, 0.007329 0.000000 0.015339, 0.007329 0.012000 0.015339, 0.007347 0.000000 0.010112,
 0.007347 0.012000 0.010112, 0.007425 0.000000 -0.007425, 0.007425 0.000000 0.007425, 0.007425 0.005200 -0.007425, 0.007425 0.005200 0.007425,
 0.007427 0.005200 -0.001594, 0.007427 0.005200 0.001594, 0.007427 0.008000 -0.001594, 0.007427 0.008000 0.001594, 0.007445 0.000000 0.013409,
 0.007445 0.012000 0.013409, 0.007466 0.000000 0.014379, 0.007466 0.012000 0.014379, 0.007718 0.008000 -0.002913, 0.007718 0.008000 0.002913,
 0.007718 0.012000 -0.002913, 0.007718 0.012000 0.002913, 0.007825 0.005200 -0.001429, 0.007825 0.005200 0.001429, 0.007825 0.008000 -0.001429,
 0.007825 0.008000 0.001429, 0.007890 0.000000 -0.013152, 0.007890 0.012000 -0.013152, 0.008167 0.005200 -0.001167, 0.008167 0.005200 0.001167,
 0.008167 0.008000 -0.001167, 0.008167 0.008000 0.001167, 0.008170 0.000000 0.009459, 0.008170 0.012000 0.009459, 0.008330 0.000000 -0.006392,
 0.008330 0.000000 0.006392, 0.008330 0.005200 -0.006392, 0.008330 0.005200 0.006392, 0.008394 0.008000 -0.002656, 0.008394 0.008000 0.002656,
 0.008394 0.012000 -0.002656, 0.008394 0.012000 0.002656, 0.008429 0.005200 -0.000825, 0.008429 0.005200 0.000825, 0.008429 0.008000 -0.000825,
 0.008429 0.008000 0.000825, 0.008553 0.000000 -0.009114, 0.008553 0.012000 -0.009114, 0.008594 0.005200 -0.000427, 0.008594 0.005200 0.000427,
 0.008594 0.008000 -0.000427, 0.008594 0.008000 0.000427, 0.008650 0.005200 -0.000000, 0.008650 0.008000 -0.000000, 0.008719 0.000000 -0.013655,
 0.008719 0.012000 -0.013655, 0.008832 0.000000 0.010169, 0.008832 0.012000 0.010169, 0.008989 0.008000 -0.002246, 0.008989 0.008000 0.002246,
 0.008989 0.012000 -0.002246, 0.008989 0.012000 0.002246, 0.009093 0.000000 -0.005250, 0.009093 0.000000 0.005250, 0.009093 0.005200 -0.005250,
 0.009093 0.005200 0.005250, 0.009190 0.000000 -0.009846, 0.009190 0.012000 -0.009846, 0.009289 0.000000 -0.008363, 0.009289 0.012000 -0.008363,
 0.009469 0.008000 -0.001704, 0.009469 0.008000 0.001704, 0.009469 0.012000 -0.001704, 0.009469 0.012000 0.001704, 0.009599 0.000000 0.010762,
 0.009599 0.012000 0.010762, 0.009619 0.000000 -0.014017, 0.009619 0.012000 -0.014017, 0.009700 0.000000 -0.010671, 0.009700 0.012000 -0.010671,
 0.009701 0.000000 -0.004018, 0.009701 0.000000 0.004018, 0.009701 0.005200 -0.004018, 0.009701 0.005200 0.004018, 0.009805 0.008000 -0.001064,
 0.009805 0.008000 0.001064, 0.009805 0.012000 -0.001064, 0.009805 0.012000 0.001064, 0.009877 0.005200 0.003500, 0.009958 0.000000 -0.007554,
 0.009958 0.012000 -0.007554, 0.009978 0.008000 -0.000362, 0.009978 0.008000 0.000362, 0.009978 0.012000 -0.000362, 0.009978 0.012000 0.000362,
 0.010071 0.000000 -0.011568, 0.010071 0.012000 -0.011568, 0.010142 0.000000 -0.002718, 0.010142 0.000000 0.002718, 0.010142 0.005200 -0.002718,
 0.010142 0.005200 0.002718, 0.010261 0.000000 0.007137, 0.010261 0.012000 0.007137, 0.010292 0.000000 -0.012512, 0.010292 0.012000 -0.012512,
 0.010358 0.000000 -0.013480, 0.010358 0.012000 -0.013480, 0.010410 0.000000 -0.001371, 0.010410 0.000000 0.001371, 0.010410 0.005200 -0.001371,
 0.010410 0.005200 0.001371, 0.010452 0.000000 0.011225, 0.010452 0.012000 0.011225, 0.010500 0.000000 -0.000000, 0.010500 0.005200 -0.000000,
 0.010811 0.000000 -0.008144, 0.010811 0.012000 -0.008144, 0.010824 0.000000 0.006249, 0.010824 0.012000 0.006249, 0.011036 0.000000 0.007720,
 0.011036 0.012000 0.007720, 0.011311 0.000000 0.005318, 0.011311 0.012000 0.005318, 0.011368 0.000000 0.011543, 0.011368 0.012000 0.011543,
 0.011521 0.000000 -0.004847, 0.011521 0.012000 -0.004847, 0.011707 0.000000 0.008421, 0.011707 0.012000 0.008421, 0.011752 0.000000 -0.008578,
 0.011752 0.012000 -0.008578, 0.011887 0.000000 -0.003862, 0.011887 0.012000 -0.003862, 0.012170 0.000000 -0.002850, 0.012170 0.012000 -0.002850,
 0.012204 0.000000 0.005697, 0.012204 0.012000 0.005697, 0.012256 0.000000 0.009221, 0.012256 0.012000 0.009221, 0.012277 0.000000 0.002346,
 0.012277 0.012000 0.002346, 0.012323 0.000000 0.011710, 0.012323 0.012000 0.011710, 0.012400 0.000000 -0.005257, 0.012400 0.012000 -0.005257,
 0.012431 0.000000 0.001307, 0.012431 0.012000 0.001307, 0.012496 0.000000 0.000258, 0.012496 0.012000 0.000258, 0.012668 0.000000 0.010099,
 0.012668 0.012000 0.010099, 0.012754 0.000000 -0.008844, 0.012754 0.012000 -0.008844, 0.012934 0.000000 0.011032, 0.012934 0.012000 0.011032,
 0.012971 0.000000 -0.003017, 0.012971 0.012000 -0.003017, 0.013146 0.000000 0.005928, 0.013146 0.012000 0.005928, 0.013202 0.000000 -0.005803,
 0.013202 0.012000 -0.005803, 0.013222 0.000000 0.002564, 0.013222 0.012000 0.002564, 0.013466 0.000000 0.000241, 0.013466 0.012000 0.000241,
 0.013787 0.000000 -0.008934, 0.013787 0.012000 -0.008934, 0.013788 0.000000 -0.003072, 0.013788 0.012000 -0.003072, 0.013905 0.000000 -0.006472,
 0.013905 0.012000 -0.006472, 0.014113 0.000000 0.006003, 0.014113 0.012000 0.006003, 0.014120 0.000000 0.002932, 0.014120 0.012000 0.002932,
 0.014421 0.000000 0.000068, 0.014421 0.012000 0.000068, 0.014489 0.000000 -0.008892, 0.014489 0.012000 -0.008892, 0.014491 0.000000 -0.007244,
 0.014491 0.012000 -0.007244, 0.014590 0.000000 -0.003019, 0.014590 0.012000 -0.003019, 0.014842 0.012000 0.003375, 0.014945 0.000000 -0.008101,
 0.014945 0.012000 -0.008101, 0.014947 0.000000 0.003439, 0.014947 0.012000 0.003439, 0.015080 0.000000 0.005922, 0.015080 0.012000 0.005922,
 0.015335 0.000000 -0.000256, 0.015335 0.012000 -0.000256, 0.015377 0.000000 -0.002858, 0.015377 0.012000 -0.002858, 0.015681 0.000000 0.004073,
 0.015681 0.012000 0.004073, 0.016021 0.000000 0.005686, 0.016021 0.012000 0.005686, 0.016136 0.000000 -0.002594, 0.016136 0.012000 -0.002594,
 0.016185 0.000000 -0.000724, 0.016185 0.012000 -0.000724, 0.016303 0.000000 0.004817, 0.016303 0.012000 0.004817, 0.016853 0.000000 -0.002231,
 0.016853 0.012000 -0.002231, 0.016949 0.000000 -0.001322, 0.016949 0.012000 -0.001322
]
}
normal Normal {
vector [
 -1.000000 0.000000 -0.000000, -0.999979 0.000000 -0.006528, -0.999921 0.000000 -0.012558, -0.999788 0.000000 0.020608, -0.999157 0.000000 -0.041049,
 -0.998536 0.000000 0.054090, -0.998192 0.000000 0.060110, -0.996971 0.000000 -0.077775, -0.994833 0.000000 -0.101529, -0.994522 0.000000 0.104528,
 -0.994202 0.000000 -0.107527, -0.992709 0.000000 -0.120537, -0.992709 0.000000 0.120537, -0.991445 0.000000 -0.130526, -0.991445 0.000000 0.130526,
 -0.991355 0.000000 -0.131207, -0.988877 0.000000 0.148739, -0.987962 0.000000 0.154699, -0.985858 0.000000 -0.167585, -0.982225 0.000000 0.187710,
 -0.980681 0.000000 -0.195612, -0.979484 0.000000 -0.201522, -0.976770 0.000000 0.214293, -0.975460 0.000000 0.220179, -0.974928 0.000000 -0.222521,
 -0.974928 0.000000 0.222521, -0.973655 0.000000 -0.228025, -0.968789 0.000000 0.247888, -0.965926 0.000000 -0.258819, -0.965926 0.000000 0.258819,
 -0.965470 0.000000 -0.260515, -0.963881 0.000000 -0.266333, -0.959014 0.000000 0.283357, -0.951984 0.000000 0.306148, -0.951057 0.000000 -0.309017,
 -0.950120 0.000000 0.311883, -0.942566 0.000000 -0.334019, -0.942412 0.000000 0.334454, -0.936343 0.000000 -0.351088, -0.935016 0.000000 -0.354605,
 -0.935016 0.000000 0.354605, -0.934208 0.000000 -0.356728, -0.929471 0.000000 0.368894, -0.923880 0.000000 -0.382683, -0.923880 0.000000 0.382683,
 -0.921733 0.000000 -0.387824, -0.918581 0.000000 0.395232, -0.916181 0.000000 0.400764, -0.910871 0.000000 -0.412692, -0.908366 0.000000 -0.418177,
 -0.904969 0.000000 0.425477, -0.900969 0.000000 -0.433884, -0.900969 0.000000 0.433884, -0.900182 0.000000 -0.435514, -0.900182 0.000000 0.435514,
 -0.896079 0.000000 -0.443894, -0.890208 0.000000 0.455555, -0.887444 0.000000 0.460915, -0.879144 0.000000 -0.476555, -0.867529 0.000000 -0.497386,
 -0.866025 0.000000 -0.500000, -0.866025 0.000000 0.500000, -0.864514 0.000000 -0.502609, -0.852281 0.000000 -0.523084, -0.842886 0.000000 0.538092,
 -0.839626 0.000000 0.543165, -0.832463 0.000000 -0.554081, -0.822984 0.000000 -0.568065, -0.822984 0.000000 0.568065, -0.820958 0.000000 0.570988,
 -0.816335 0.000000 -0.577579, -0.812837 0.000000 -0.582492, -0.805163 0.000000 0.593054, -0.801572 0.000000 0.597899, -0.796732 0.000000 -0.604333,
 -0.793353 0.000000 -0.608761, -0.793353 0.000000 0.608761, -0.784207 0.000000 0.620499, -0.781832 0.000000 -0.623490, -0.781832 0.000000 0.623490,
 -0.776039 0.000000 -0.630684, -0.772222 0.000000 -0.635353, -0.760852 0.000000 0.648926, -0.745159 0.000000 0.666887, -0.743145 0.000000 -0.669131,
 -0.741124 0.000000 0.671368, -0.724902 0.000000 0.688852, -0.712591 0.000000 -0.701579, -0.708348 0.000000 -0.705864, -0.707107 0.000000 -0.707107,
 -0.707107 0.000000 0.707107, -0.699072 0.000000 0.715051, -0.684303 0.000000 -0.729198, -0.678410 0.000000 0.734683, -0.673968 0.000000 0.738761,
 -0.664265 0.000000 -0.747497, -0.663123 0.000000 -0.748511, -0.663123 0.000000 0.748511, -0.659745 0.000000 -0.751489, -0.653674 0.000000 0.756776,
 -0.638061 0.000000 -0.769985, -0.627954 0.000000 0.778250, -0.623490 0.000000 -0.781832, -0.623490 0.000000 0.781832, -0.623250 0.000000 0.782023,
 -0.609306 0.000000 -0.792935, -0.608761 0.000000 -0.793353, -0.608761 0.000000 0.793353, -0.590222 0.000000 -0.807241, -0.587785 0.000000 0.809017,
 -0.585343 0.000000 -0.810786, -0.573642 0.000000 -0.819106, -0.565840 0.000000 -0.824515, -0.551153 0.000000 0.834404, -0.546111 0.000000 0.837713,
 -0.535128 0.000000 -0.844771, -0.517741 0.000000 0.855538, -0.510836 0.000000 -0.859678, -0.500000 0.000000 -0.866025, -0.500000 0.000000 0.866025,
 -0.495998 0.000000 -0.868324, -0.494336 0.000000 0.869271, -0.489085 0.000000 0.872236, -0.482047 0.000000 -0.876145, -0.464723 0.000000 -0.885456,
 -0.464723 0.000000 0.885456, -0.464029 0.000000 0.885820, -0.452425 0.000000 -0.891803, -0.447039 0.000000 -0.894515, -0.435514 0.000000 0.900182,
 -0.433884 0.000000 -0.900969, -0.433884 0.000000 0.900969, -0.431131 0.000000 0.902290, -0.409489 0.000000 0.912315, -0.406737 0.000000 -0.913545,
 -0.403980 0.000000 0.914768, -0.391368 0.000000 -0.920234, -0.382683 0.000000 -0.923880, -0.382683 0.000000 0.923880, -0.382049 0.000000 0.924142,
 -0.347796 0.000000 0.937570, -0.339127 0.000000 -0.940741, -0.328551 0.000000 -0.944486, -0.320936 0.000000 0.947101, -0.315219 0.000000 0.949019,
 -0.302802 0.000000 -0.953053, -0.297049 0.000000 -0.954862, -0.289352 0.000000 0.957223, -0.270195 0.000000 0.962806, -0.269717 0.000000 -0.962940,
 -0.264879 0.000000 -0.964282, -0.258819 0.000000 -0.965926, -0.258819 0.000000 0.965926, -0.257122 0.000000 0.966379, -0.251290 0.000000 0.967912,
 -0.239316 0.000000 -0.970942, -0.239316 0.000000 0.970942, -0.234113 0.000000 -0.972209, -0.222521 0.000000 -0.974928, -0.222521 0.000000 0.974928,
 -0.207912 0.000000 0.978148, -0.198592 0.000000 -0.980082, -0.181560 0.000000 -0.983380, -0.172133 0.000000 -0.985074, -0.164121 0.000000 0.986440,
 -0.158169 0.000000 0.987412, -0.145264 0.000000 -0.989393, -0.136126 0.000000 -0.990692, -0.133638 0.000000 -0.991030, -0.130526 0.000000 -0.991445,
 -0.130526 0.000000 0.991445, -0.125001 0.000000 0.992157, -0.117010 0.000000 -0.993131, -0.098034 0.000000 0.995183, -0.092031 0.000000 0.995756,
 -0.084011 0.000000 -0.996465, -0.063616 0.000000 0.997974, -0.026863 0.000000 0.999639, -0.003015 0.000000 0.999995, 0.000000 -1.000000 0.000000,
 0.000000 0.000000 -1.000000, 0.000000 0.000000 1.000000, 0.000000 1.000000 0.000000, 0.003015 0.000000 0.999995, 0.026863 0.000000 0.999639,
 0.063616 0.000000 0.997974, 0.084011 0.000000 -0.996465, 0.092031 0.000000 0.995756, 0.098034 0.000000 0.995183, 0.117010 0.000000 -0.993131,
 0.125001 0.000000 0.992157, 0.130526 0.000000 -0.991445, 0.130526 0.000000 0.991445, 0.133638 0.000000 -0.991030, 0.136126 0.000000 -0.990692,
 0.145264 0.000000 -0.989393, 0.158169 0.000000 0.987412, 0.164121 0.000000 0.986440, 0.172133 0.000000 -0.985074, 0.181560 0.000000 -0.983380,
 0.207912 0.000000 0.978148, 0.222521 0.000000 -0.974928, 0.222521 0.000000 0.974928, 0.234113 0.000000 -0.972209, 0.239316 0.000000 -0.970942,
 0.239316 0.000000 0.970942, 0.251290 0.000000 0.967912, 0.257122 0.000000 0.966379, 0.258819 0.000000 -0.965926, 0.258819 0.000000 0.965926,
 0.264879 0.000000 -0.964282, 0.269717 0.000000 -0.962940, 0.289352 0.000000 0.957223, 0.297049 0.000000 -0.954862, 0.302802 0.000000 -0.953053,
 0.315219 0.000000 0.949019, 0.320936 0.000000 0.947101, 0.328551 0.000000 -0.944486, 0.334019 0.000000 -0.942566, 0.334019 0.000000 0.942566,
 0.339127 0.000000 -0.940741, 0.347796 0.000000 0.937570, 0.382049 0.000000 0.924142, 0.382683 0.000000 -0.923880, 0.382683 0.000000 0.923880,
 0.391368 0.000000 -0.920234, 0.403980 0.000000 0.914768, 0.406737 0.000000 -0.913545, 0.409489 0.000000 0.912315, 0.431131 0.000000 0.902290,
 0.433884 0.000000 -0.900969, 0.433884 0.000000 0.900969, 0.435514 0.000000 0.900182, 0.447039 0.000000 -0.894515, 0.452425 0.000000 -0.891803,
 0.464029 0.000000 0.885820, 0.464723 0.000000 -0.885456, 0.464723 0.000000 0.885456, 0.482047 0.000000 -0.876145, 0.489085 0.000000 0.872236,
 0.494336 0.000000 0.869271, 0.495998 0.000000 -0.868324, 0.500000 0.000000 -0.866025, 0.500000 0.000000 0.866025, 0.510836 0.000000 -0.859678,
 0.517741 0.000000 0.855538, 0.535128 0.000000 -0.844771, 0.546111 0.000000 0.837713, 0.551153 0.000000 0.834404, 0.565840 0.000000 -0.824515,
 0.573642 0.000000 -0.819106, 0.585343 0.000000 -0.810786, 0.587785 0.000000 0.809017, 0.590222 0.000000 -0.807241, 0.608761 0.000000 -0.793353,
 0.608761 0.000000 0.793353, 0.609306 0.000000 -0.792935, 0.623250 0.000000 0.782023, 0.623490 0.000000 -0.781832, 0.623490 0.000000 0.781832,
 0.627954 0.000000 0.778250, 0.638061 0.000000 -0.769985, 0.653674 0.000000 0.756776, 0.659745 0.000000 -0.751489, 0.663123 0.000000 -0.748511,
 0.663123 0.000000 0.748511, 0.664265 0.000000 -0.747497, 0.673968 0.000000 0.738761, 0.678410 0.000000 0.734683, 0.684303 0.000000 -0.729198,
 0.699072 0.000000 0.715051, 0.707107 0.000000 -0.707107, 0.707107 0.000000 0.707107, 0.708348 0.000000 -0.705864, 0.712591 0.000000 -0.701579,
 0.724902 0.000000 0.688852, 0.741124 0.000000 0.671368, 0.743145 0.000000 -0.669131, 0.745159 0.000000 0.666887, 0.760852 0.000000 0.648926,
 0.772222 0.000000 -0.635353, 0.776039 0.000000 -0.630684, 0.781832 0.000000 -0.623490, 0.781832 0.000000 0.623490, 0.784207 0.000000 0.620499,
 0.793353 0.000000 -0.608761, 0.793353 0.000000 0.608761, 0.796732 0.000000 -0.604333, 0.801572 0.000000 0.597899, 0.805163 0.000000 0.593054,
 0.812837 0.000000 -0.582492, 0.816335 0.000000 -0.577579, 0.820958 0.000000 0.570988, 0.822984 0.000000 -0.568065, 0.822984 0.000000 0.568065,
 0.832463 0.000000 -0.554081, 0.839626 0.000000 0.543165, 0.842886 0.000000 0.538092, 0.852281 0.000000 -0.523084, 0.864514 0.000000 -0.502609,
 0.866025 0.000000 -0.500000, 0.866025 0.000000 0.500000, 0.867529 0.000000 -0.497386, 0.879144 0.000000 -0.476555, 0.887444 0.000000 0.460915,
 0.890208 0.000000 0.455555, 0.896079 0.000000 -0.443894, 0.900969 0.000000 -0.433884, 0.900969 0.000000 0.433884, 0.904969 0.000000 0.425477,
 0.908366 0.000000 -0.418177, 0.910871 0.000000 -0.412692, 0.916181 0.000000 0.400764, 0.918581 0.000000 0.395232, 0.921733 0.000000 -0.387824,
 0.923880 0.000000 -0.382683, 0.923880 0.000000 0.382683, 0.929471 0.000000 0.368894, 0.934208 0.000000 -0.356728, 0.935016 0.000000 -0.354605,
 0.935016 0.000000 0.354605, 0.936343 0.000000 -0.351088, 0.942412 0.000000 0.334454, 0.942566 0.000000 -0.334019, 0.950120 0.000000 0.311883,
 0.951057 0.000000 -0.309017, 0.951984 0.000000 0.306148, 0.959014 0.000000 0.283357, 0.963881 0.000000 -0.266333, 0.965470 0.000000 -0.260515,
 0.965926 0.000000 -0.258819, 0.965926 0.000000 0.258819, 0.968789 0.000000 0.247888, 0.973655 0.000000 -0.228025, 0.974928 0.000000 -0.222521,
 0.974928 0.000000 0.222521, 0.975460 0.000000 0.220179, 0.976770 0.000000 0.214293, 0.979484 0.000000 -0.201522, 0.980681 0.000000 -0.195612,
 0.982225 0.000000 0.187710, 0.985858 0.000000 -0.167585, 0.987962 0.000000 0.154699, 0.988877 0.000000 0.148739, 0.991355 0.000000 -0.131207,
 0.991445 0.000000 -0.130526, 0.991445 0.000000 0.130526, 0.992709 0.000000 -0.120537, 0.992709 0.000000 0.120537, 0.994202 0.000000 -0.107527,
 0.994522 0.000000 0.104528, 0.994833 0.000000 -0.101529, 0.996971 0.000000 -0.077775, 0.998192 0.000000 0.060110, 0.998536 0.000000 0.054090,
 0.999157 0.000000 -0.041049, 0.999788 0.000000 0.020608, 0.999921 0.000000 -0.012558, 0.999979 0.000000 -0.006528, 1.000000 0.000000 -0.000000
]
}
coordIndex [
 624, 560, 558, -1, 558, 560, 522, -1, 558, 522, 516, -1,
 627, 649, 624, -1, 624, 649, 626, -1, 624, 626, 560, -1,
 627, 647, 649, -1, 649, 647, 675, -1, 649, 675, 677, -1,
 677, 675, 689, -1, 677, 689, 691, -1, 691, 689, 695, -1,
 691, 695, 697, -1, 697, 695, 698, -1, 697, 698, 699, -1,
 699, 698, 694, -1, 699, 694, 696, -1, 696, 694, 688, -1,
 696, 688, 690, -1, 690, 688, 674, -1, 690, 674, 676, -1,
 676, 674, 646, -1, 676, 646, 648, -1, 648, 646, 623, -1,
 648, 623, 625, -1, 625, 623, 557, -1, 625, 557, 559, -1,
 559, 557, 515, -1, 559, 515, 519, -1, 508, 517, 473, -1,
 473, 517, 477, -1, 473, 477, 425, -1, 425, 477, 429, -1,
 425, 429, 372, -1, 372, 429, 376, -1, 372, 376, 358, -1,
 358, 376, 362, -1, 358, 362, 344, -1, 344, 362, 348, -1,
 344, 348, 332, -1, 332, 348, 336, -1, 332, 336, 333, -1,
 333, 336, 337, -1, 333, 337, 345, -1, 345, 337, 349, -1,
 345, 349, 359, -1, 359, 349, 363, -1, 359, 363, 373, -1,
 373, 363, 377, -1, 373, 377, 426, -1, 426, 377, 430, -1,
 426, 430, 474, -1, 474, 430, 478, -1, 474, 478, 511, -1,
 511, 478, 518, -1, 792, 796, 770, -1, 770, 796, 772, -1,
 770, 772, 754, -1, 754, 772, 756, -1, 754, 756, 734, -1,
 734, 756, 736, -1, 734, 736, 728, -1, 728, 736, 730, -1,
 728, 730, 714, -1, 714, 730, 716, -1, 714, 716, 708, -1,
 708, 716, 710, -1, 708, 710, 709, -1, 709, 710, 711, -1,
 709, 711, 715, -1, 715, 711, 717, -1, 715, 717, 729, -1,
 729, 717, 731, -1, 729, 731, 735, -1, 735, 731, 737, -1,
 735, 737, 755, -1, 755, 737, 757, -1, 755, 757, 771, -1,
 771, 757, 773, -1, 771, 773, 795, -1, 795, 773, 797, -1,
 212, 216, 186, -1, 186, 216, 188, -1, 186, 188, 166, -1,
 166, 188, 168, -1, 166, 168, 146, -1, 146, 168, 148, -1,
 146, 148, 134, -1, 134, 148, 136, -1, 134, 136, 120, -1,
 120, 136, 122, -1, 120, 122, 113, -1, 113, 122, 115, -1,
 113, 115, 114, -1, 114, 115, 116, -1, 114, 116, 121, -1,
 121, 116, 123, -1, 121, 123, 135, -1, 135, 123, 137, -1,
 135, 137, 147, -1, 147, 137, 149, -1, 147, 149, 167, -1,
 167, 149, 169, -1, 167, 169, 187, -1, 187, 169, 189, -1,
 187, 189, 215, -1, 215, 189, 217, -1, 504, 513, 471, -1,
 471, 513, 475, -1, 471, 475, 423, -1, 423, 475, 427, -1,
 423, 427, 370, -1, 370, 427, 374, -1, 370, 374, 356, -1,
 356, 374, 360, -1, 356, 360, 342, -1, 342, 360, 346, -1,
 342, 346, 330, -1, 330, 346, 334, -1, 330, 334, 331, -1,
 331, 334, 335, -1, 331, 335, 343, -1, 343, 335, 347, -1,
 343, 347, 357, -1, 357, 347, 361, -1, 357, 361, 371, -1,
 371, 361, 375, -1, 371, 375, 424, -1, 424, 375, 428, -1,
 424, 428, 472, -1, 472, 428, 476, -1, 472, 476, 507, -1,
 507, 476, 514, -1, 499, 520, 483, -1, 483, 520, 491, -1,
 483, 491, 461, -1, 461, 491, 469, -1, 461, 469, 441, -1,
 441, 469, 449, -1, 441, 449, 413, -1, 413, 449, 421, -1,
 413, 421, 395, -1, 395, 421, 403, -1, 395, 403, 381, -1,
 381, 403, 385, -1, 381, 385, 396, -1, 396, 385, 404, -1,
 396, 404, 414, -1, 414, 404, 422, -1, 414, 422, 442, -1,
 442, 422, 450, -1, 442, 450, 462, -1, 462, 450, 470, -1,
 462, 470, 484, -1, 484, 470, 492, -1, 484, 492, 500, -1,
 500, 492, 521, -1, 503, 495, 434, -1, 434, 495, 432, -1,
 434, 432, 353, -1, 353, 432, 351, -1, 353, 351, 318, -1,
 318, 351, 301, -1, 108, 119, 125, -1, 125, 119, 127, -1,
 125, 127, 143, -1, 143, 127, 145, -1, 143, 145, 171, -1,
 171, 145, 173, -1, 171, 173, 199, -1, 199, 173, 201, -1,
 199, 201, 231, -1, 231, 201, 233, -1, 231, 233, 265, -1,
 265, 233, 267, -1, 265, 267, 301, -1, 301, 267, 303, -1,
 301, 303, 318, -1, 350, 316, 300, -1, 300, 316, 302, -1,
 300, 302, 264, -1, 264, 302, 266, -1, 264, 266, 230, -1,
 230, 266, 232, -1, 230, 232, 198, -1, 198, 232, 200, -1,
 198, 200, 170, -1, 170, 200, 172, -1, 170, 172, 142, -1,
 142, 172, 144, -1, 142, 144, 124, -1, 124, 144, 126, -1,
 124, 126, 107, -1, 107, 126, 109, -1, 107, 109, 97, -1,
 97, 109, 99, -1, 97, 99, 93, -1, 93, 99, 94, -1,
 93, 94, 98, -1, 98, 94, 100, -1, 98, 100, 108, -1,
 108, 100, 110, -1, 108, 110, 119, -1, 494, 496, 431, -1,
 431, 496, 433, -1, 431, 433, 350, -1, 350, 433, 352, -1,
 350, 352, 316, -1, 40, 39, 25, -1, 40, 25, 26, -1,
 26, 25, 14, -1, 26, 14, 15, -1, 15, 14, 8, -1,
 15, 8, 9, -1, 9, 8, 2, -1, 9, 2, 3, -1,
 41, 29, 42, -1, 42, 29, 30, -1, 493, 451, 512, -1,
 512, 451, 452, -1, 966, 965, 951, -1, 966, 951, 952, -1,
 952, 951, 929, -1, 952, 929, 930, -1, 930, 929, 915, -1,
 930, 915, 916, -1, 916, 915, 889, -1, 916, 889, 890, -1,
 968, 967, 955, -1, 968, 955, 956, -1, 956, 955, 933, -1,
 956, 933, 934, -1, 497, 505, 481, -1, 481, 505, 487, -1,
 481, 487, 459, -1, 459, 487, 465, -1, 459, 465, 439, -1,
 439, 465, 445, -1, 439, 445, 411, -1, 411, 445, 417, -1,
 411, 417, 393, -1, 393, 417, 399, -1, 393, 399, 380, -1,
 380, 399, 383, -1, 380, 383, 394, -1, 394, 383, 400, -1,
 394, 400, 412, -1, 412, 400, 418, -1, 412, 418, 440, -1,
 440, 418, 446, -1, 440, 446, 460, -1, 460, 446, 466, -1,
 460, 466, 482, -1, 482, 466, 488, -1, 482, 488, 498, -1,
 498, 488, 506, -1, 210, 213, 194, -1, 194, 213, 196, -1,
 194, 196, 182, -1, 182, 196, 184, -1, 182, 184, 176, -1,
 176, 184, 178, -1, 176, 178, 162, -1, 162, 178, 164, -1,
 162, 164, 156, -1, 156, 164, 158, -1, 156, 158, 154, -1,
 154, 158, 155, -1, 154, 155, 157, -1, 157, 155, 159, -1,
 157, 159, 163, -1, 163, 159, 165, -1, 163, 165, 177, -1,
 177, 165, 179, -1, 177, 179, 183, -1, 183, 179, 185, -1,
 183, 185, 195, -1, 195, 185, 197, -1, 195, 197, 211, -1,
 211, 197, 214, -1, 790, 793, 784, -1, 784, 793, 786, -1,
 784, 786, 766, -1, 766, 786, 768, -1, 766, 768, 760, -1,
 760, 768, 762, -1, 760, 762, 750, -1, 750, 762, 752, -1,
 750, 752, 746, -1, 746, 752, 748, -1, 746, 748, 744, -1,
 744, 748, 745, -1, 744, 745, 747, -1, 747, 745, 749, -1,
 747, 749, 751, -1, 751, 749, 753, -1, 751, 753, 761, -1,
 761, 753, 763, -1, 761, 763, 767, -1, 767, 763, 769, -1,
 767, 769, 785, -1, 785, 769, 787, -1, 785, 787, 791, -1,
 791, 787, 794, -1, 501, 509, 485, -1, 485, 509, 489, -1,
 485, 489, 463, -1, 463, 489, 467, -1, 463, 467, 443, -1,
 443, 467, 447, -1, 443, 447, 415, -1, 415, 447, 419, -1,
 415, 419, 397, -1, 397, 419, 401, -1, 397, 401, 382, -1,
 382, 401, 384, -1, 382, 384, 398, -1, 398, 384, 402, -1,
 398, 402, 416, -1, 416, 402, 420, -1, 416, 420, 444, -1,
 444, 420, 448, -1, 444, 448, 464, -1, 464, 448, 468, -1,
 464, 468, 486, -1, 486, 468, 490, -1, 486, 490, 502, -1,
 502, 490, 510, -1, 315, 327, 229, -1, 34, 24, 189, -1,
 387, 406, 518, -1, 789, 779, 693, -1, 759, 781, 803, -1,
 580, 610, 518, -1, 645, 592, 608, -1, 406, 436, 518, -1,
 518, 436, 454, -1, 518, 454, 480, -1, 610, 629, 518, -1,
 518, 629, 608, -1, 518, 608, 544, -1, 544, 608, 592, -1,
 693, 779, 902, -1, 924, 942, 954, -1, 936, 958, 983, -1,
 803, 817, 759, -1, 759, 817, 815, -1, 759, 815, 733, -1,
 733, 815, 801, -1, 733, 801, 723, -1, 723, 801, 789, -1,
 723, 789, 701, -1, 701, 789, 693, -1, 480, 536, 518, -1,
 518, 536, 562, -1, 518, 562, 580, -1, 376, 429, 388, -1,
 997, 1003, 989, -1, 989, 1003, 995, -1, 958, 972, 983, -1,
 983, 972, 989, -1, 983, 989, 987, -1, 987, 989, 995, -1,
 779, 805, 902, -1, 902, 805, 833, -1, 902, 833, 920, -1,
 920, 833, 857, -1, 920, 857, 928, -1, 672, 684, 922, -1,
 922, 684, 685, -1, 922, 685, 673, -1, 954, 950, 924, -1,
 924, 950, 938, -1, 924, 938, 912, -1, 912, 938, 928, -1,
 912, 928, 875, -1, 875, 928, 857, -1, 337, 336, 326, -1,
 363, 349, 327, -1, 902, 918, 693, -1, 693, 918, 922, -1,
 693, 922, 661, -1, 661, 922, 673, -1, 661, 673, 608, -1,
 608, 673, 659, -1, 608, 659, 645, -1, 387, 518, 408, -1,
 408, 518, 478, -1, 408, 478, 355, -1, 355, 478, 430, -1,
 355, 430, 327, -1, 327, 430, 377, -1, 327, 377, 363, -1,
 336, 348, 326, -1, 326, 348, 362, -1, 326, 362, 376, -1,
 591, 644, 922, -1, 922, 644, 658, -1, 922, 658, 672, -1,
 936, 983, 922, -1, 922, 983, 627, -1, 922, 627, 591, -1,
 591, 627, 624, -1, 591, 624, 543, -1, 543, 624, 558, -1,
 543, 558, 517, -1, 517, 558, 516, -1, 517, 516, 477, -1,
 477, 516, 456, -1, 477, 456, 429, -1, 429, 456, 390, -1,
 429, 390, 388, -1, 698, 695, 711, -1, 893, 894, 934, -1,
 940, 821, 962, -1, 962, 821, 974, -1, 873, 861, 940, -1,
 940, 861, 841, -1, 940, 841, 821, -1, 1007, 1005, 1001, -1,
 1001, 1005, 999, -1, 1001, 999, 991, -1, 964, 976, 982, -1,
 974, 821, 983, -1, 983, 821, 797, -1, 983, 797, 627, -1,
 627, 797, 773, -1, 627, 773, 757, -1, 757, 737, 627, -1,
 627, 737, 731, -1, 627, 731, 647, -1, 893, 934, 886, -1,
 360, 374, 452, -1, 323, 334, 346, -1, 873, 940, 887, -1,
 887, 940, 946, -1, 887, 946, 948, -1, 991, 999, 976, -1,
 976, 999, 993, -1, 976, 993, 982, -1, 375, 361, 324, -1,
 324, 361, 347, -1, 324, 347, 335, -1, 894, 887, 934, -1,
 934, 887, 948, -1, 934, 948, 956, -1, 956, 948, 964, -1,
 956, 964, 968, -1, 968, 964, 982, -1, 711, 695, 717, -1,
 717, 695, 689, -1, 717, 689, 731, -1, 731, 689, 675, -1,
 731, 675, 647, -1, 869, 564, 890, -1, 890, 564, 926, -1,
 890, 926, 916, -1, 374, 427, 452, -1, 452, 427, 475, -1,
 452, 475, 512, -1, 512, 475, 513, -1, 512, 513, 564, -1,
 985, 978, 980, -1, 980, 978, 966, -1, 847, 867, 783, -1,
 783, 867, 879, -1, 783, 879, 799, -1, 783, 765, 847, -1,
 847, 765, 739, -1, 847, 739, 713, -1, 869, 847, 564, -1,
 564, 847, 713, -1, 564, 713, 578, -1, 578, 713, 721, -1,
 578, 721, 606, -1, 360, 452, 346, -1, 346, 452, 438, -1,
 346, 438, 410, -1, 513, 541, 564, -1, 564, 541, 589, -1,
 564, 589, 926, -1, 926, 589, 642, -1, 926, 642, 656, -1,
 329, 323, 365, -1, 365, 323, 346, -1, 365, 346, 379, -1,
 379, 346, 410, -1, 324, 338, 375, -1, 375, 338, 366, -1,
 375, 366, 428, -1, 428, 366, 389, -1, 428, 389, 476, -1,
 476, 389, 455, -1, 476, 455, 514, -1, 514, 455, 515, -1,
 514, 515, 542, -1, 542, 515, 557, -1, 542, 557, 590, -1,
 590, 557, 623, -1, 590, 623, 646, -1, 698, 711, 694, -1,
 694, 711, 710, -1, 694, 710, 688, -1, 688, 710, 716, -1,
 688, 716, 674, -1, 952, 960, 966, -1, 966, 960, 970, -1,
 966, 970, 980, -1, 926, 944, 916, -1, 916, 944, 960, -1,
 916, 960, 930, -1, 930, 960, 952, -1, 719, 703, 687, -1,
 906, 877, 904, -1, 904, 877, 855, -1, 904, 855, 896, -1,
 721, 727, 606, -1, 606, 727, 725, -1, 606, 725, 637, -1,
 637, 725, 719, -1, 637, 719, 651, -1, 651, 719, 687, -1,
 886, 934, 872, -1, 872, 934, 932, -1, 872, 932, 860, -1,
 860, 932, 926, -1, 860, 926, 840, -1, 896, 855, 879, -1,
 879, 855, 827, -1, 879, 827, 799, -1, 670, 682, 772, -1,
 772, 682, 683, -1, 772, 683, 671, -1, 646, 674, 590, -1,
 590, 674, 716, -1, 590, 716, 643, -1, 643, 716, 730, -1,
 643, 730, 657, -1, 657, 730, 736, -1, 657, 736, 671, -1,
 671, 736, 756, -1, 671, 756, 772, -1, 670, 772, 656, -1,
 656, 772, 796, -1, 656, 796, 926, -1, 926, 796, 820, -1,
 926, 820, 840, -1, 335, 334, 324, -1, 324, 334, 323, -1,
 324, 323, 295, -1, 82, 295, 269, -1, 279, 273, 326, -1,
 9, 3, 1, -1, 153, 131, 102, -1, 1, 7, 9, -1,
 9, 7, 17, -1, 9, 17, 15, -1, 15, 17, 32, -1,
 15, 32, 26, -1, 68, 169, 149, -1, 161, 139, 243, -1,
 243, 139, 118, -1, 42, 30, 23, -1, 283, 323, 289, -1,
 289, 323, 305, -1, 283, 281, 323, -1, 323, 281, 287, -1,
 323, 287, 295, -1, 273, 253, 326, -1, 326, 253, 237, -1,
 326, 237, 217, -1, 149, 137, 68, -1, 68, 137, 123, -1,
 68, 123, 62, -1, 62, 123, 60, -1, 169, 68, 189, -1,
 189, 68, 46, -1, 189, 46, 34, -1, 161, 243, 141, -1,
 141, 243, 225, -1, 141, 225, 129, -1, 26, 32, 40, -1,
 40, 32, 44, -1, 40, 44, 52, -1, 52, 44, 60, -1,
 52, 60, 74, -1, 74, 60, 123, -1, 74, 123, 116, -1,
 102, 104, 153, -1, 153, 104, 112, -1, 153, 112, 181, -1,
 181, 112, 129, -1, 181, 129, 209, -1, 209, 129, 225, -1,
 269, 243, 82, -1, 82, 243, 118, -1, 82, 118, 64, -1,
 64, 118, 92, -1, 64, 92, 48, -1, 23, 28, 42, -1,
 42, 28, 38, -1, 42, 38, 56, -1, 56, 38, 48, -1,
 56, 48, 78, -1, 78, 48, 92, -1, 116, 115, 74, -1,
 74, 115, 122, -1, 74, 122, 76, -1, 76, 122, 136, -1,
 76, 136, 82, -1, 295, 216, 236, -1, 136, 148, 82, -1,
 82, 148, 168, -1, 82, 168, 295, -1, 295, 168, 188, -1,
 295, 188, 216, -1, 299, 293, 320, -1, 320, 293, 279, -1,
 320, 279, 325, -1, 325, 279, 326, -1, 325, 326, 339, -1,
 320, 311, 299, -1, 299, 311, 308, -1, 299, 308, 298, -1,
 298, 308, 310, -1, 298, 310, 292, -1, 292, 310, 319, -1,
 292, 319, 278, -1, 278, 319, 324, -1, 278, 324, 272, -1,
 272, 324, 295, -1, 272, 295, 252, -1, 252, 295, 236, -1,
 376, 388, 326, -1, 326, 388, 367, -1, 326, 367, 339, -1,
 175, 203, 326, -1, 315, 229, 307, -1, 58, 54, 66, -1,
 90, 175, 86, -1, 86, 175, 326, -1, 86, 326, 24, -1,
 24, 326, 217, -1, 24, 217, 189, -1, 349, 337, 327, -1,
 327, 337, 326, -1, 327, 326, 229, -1, 229, 326, 203, -1,
 191, 205, 227, -1, 66, 84, 58, -1, 58, 84, 96, -1,
 58, 96, 70, -1, 70, 96, 133, -1, 70, 133, 80, -1,
 80, 133, 151, -1, 80, 151, 88, -1, 88, 151, 175, -1,
 88, 175, 106, -1, 106, 175, 90, -1, 13, 5, 11, -1,
 11, 19, 13, -1, 13, 19, 36, -1, 13, 36, 21, -1,
 21, 36, 50, -1, 21, 50, 24, -1, 24, 50, 72, -1,
 24, 72, 86, -1, 227, 249, 191, -1, 191, 249, 275, -1,
 191, 275, 193, -1, 193, 275, 285, -1, 193, 285, 207, -1,
 207, 285, 307, -1, 207, 307, 219, -1, 219, 307, 229, -1,
 502, 510, 528, -1, 528, 510, 532, -1, 528, 532, 550, -1,
 550, 532, 554, -1, 550, 554, 570, -1, 570, 554, 574, -1,
 570, 574, 598, -1, 598, 574, 602, -1, 598, 602, 616, -1,
 616, 602, 620, -1, 616, 620, 632, -1, 632, 620, 634, -1,
 632, 634, 615, -1, 615, 634, 619, -1, 615, 619, 597, -1,
 597, 619, 601, -1, 597, 601, 569, -1, 569, 601, 573, -1,
 569, 573, 549, -1, 549, 573, 553, -1, 549, 553, 527, -1,
 527, 553, 531, -1, 527, 531, 501, -1, 501, 531, 509, -1,
 791, 794, 811, -1, 811, 794, 813, -1, 811, 813, 823, -1,
 823, 813, 825, -1, 823, 825, 829, -1, 829, 825, 831, -1,
 829, 831, 843, -1, 843, 831, 845, -1, 843, 845, 849, -1,
 849, 845, 851, -1, 849, 851, 852, -1, 852, 851, 853, -1,
 852, 853, 848, -1, 848, 853, 850, -1, 848, 850, 842, -1,
 842, 850, 844, -1, 842, 844, 828, -1, 828, 844, 830, -1,
 828, 830, 822, -1, 822, 830, 824, -1, 822, 824, 810, -1,
 810, 824, 812, -1, 810, 812, 790, -1, 790, 812, 793, -1,
 211, 214, 221, -1, 221, 214, 223, -1, 221, 223, 239, -1,
 239, 223, 241, -1, 239, 241, 245, -1, 245, 241, 247, -1,
 245, 247, 255, -1, 255, 247, 257, -1, 255, 257, 259, -1,
 259, 257, 261, -1, 259, 261, 262, -1, 262, 261, 263, -1,
 262, 263, 258, -1, 258, 263, 260, -1, 258, 260, 254, -1,
 254, 260, 256, -1, 254, 256, 244, -1, 244, 256, 246, -1,
 244, 246, 238, -1, 238, 246, 240, -1, 238, 240, 220, -1,
 220, 240, 222, -1, 220, 222, 210, -1, 210, 222, 213, -1,
 498, 506, 524, -1, 524, 506, 530, -1, 524, 530, 546, -1,
 546, 530, 552, -1, 546, 552, 566, -1, 566, 552, 572, -1,
 566, 572, 594, -1, 594, 572, 600, -1, 594, 600, 612, -1,
 612, 600, 618, -1, 612, 618, 630, -1, 630, 618, 633, -1,
 630, 633, 611, -1, 611, 633, 617, -1, 611, 617, 593, -1,
 593, 617, 599, -1, 593, 599, 565, -1, 565, 599, 571, -1,
 565, 571, 545, -1, 545, 571, 551, -1, 545, 551, 523, -1,
 523, 551, 529, -1, 523, 529, 497, -1, 497, 529, 505, -1,
 2, 0, 3, -1, 3, 0, 1, -1, 1, 0, 6, -1,
 1, 6, 7, -1, 7, 6, 16, -1, 7, 16, 17, -1,
 17, 16, 31, -1, 17, 31, 32, -1, 32, 31, 43, -1,
 32, 43, 44, -1, 44, 43, 59, -1, 44, 59, 60, -1,
 60, 59, 61, -1, 60, 61, 62, -1, 62, 61, 67, -1,
 62, 67, 68, -1, 68, 67, 45, -1, 68, 45, 46, -1,
 46, 45, 33, -1, 46, 33, 34, -1, 34, 33, 24, -1,
 24, 33, 20, -1, 24, 20, 21, -1, 21, 20, 12, -1,
 21, 12, 13, -1, 13, 12, 4, -1, 13, 4, 5, -1,
 4, 10, 5, -1, 5, 10, 11, -1, 11, 10, 18, -1,
 11, 18, 19, -1, 19, 18, 35, -1, 19, 35, 36, -1,
 36, 35, 49, -1, 36, 49, 50, -1, 50, 49, 71, -1,
 50, 71, 72, -1, 72, 71, 85, -1, 72, 85, 86, -1,
 86, 85, 89, -1, 86, 89, 90, -1, 90, 89, 105, -1,
 90, 105, 106, -1, 106, 105, 87, -1, 106, 87, 88, -1,
 88, 87, 79, -1, 88, 79, 80, -1, 80, 79, 69, -1,
 80, 69, 70, -1, 70, 69, 57, -1, 70, 57, 58, -1,
 58, 57, 53, -1, 58, 53, 54, -1, 53, 65, 54, -1,
 54, 65, 66, -1, 66, 65, 83, -1, 66, 83, 84, -1,
 84, 83, 95, -1, 84, 95, 96, -1, 96, 95, 132, -1,
 96, 132, 133, -1, 133, 132, 150, -1, 133, 150, 151, -1,
 151, 150, 174, -1, 151, 174, 175, -1, 175, 174, 202, -1,
 175, 202, 203, -1, 203, 202, 228, -1, 203, 228, 229, -1,
 229, 228, 218, -1, 229, 218, 219, -1, 219, 218, 206, -1,
 219, 206, 207, -1, 207, 206, 192, -1, 207, 192, 193, -1,
 193, 192, 190, -1, 193, 190, 191, -1, 191, 190, 204, -1,
 191, 204, 205, -1, 204, 226, 205, -1, 205, 226, 227, -1,
 227, 226, 248, -1, 227, 248, 249, -1, 249, 248, 274, -1,
 249, 274, 275, -1, 275, 274, 284, -1, 275, 284, 285, -1,
 285, 284, 306, -1, 285, 306, 307, -1, 307, 306, 314, -1,
 307, 314, 315, -1, 315, 314, 327, -1, 327, 314, 354, -1,
 327, 354, 355, -1, 355, 354, 407, -1, 355, 407, 408, -1,
 408, 407, 386, -1, 408, 386, 387, -1, 387, 386, 405, -1,
 387, 405, 406, -1, 406, 405, 435, -1, 406, 435, 436, -1,
 436, 435, 453, -1, 436, 453, 454, -1, 454, 453, 479, -1,
 454, 479, 480, -1, 479, 535, 480, -1, 480, 535, 536, -1,
 536, 535, 561, -1, 536, 561, 562, -1, 562, 561, 579, -1,
 562, 579, 580, -1, 580, 579, 609, -1, 580, 609, 610, -1,
 610, 609, 628, -1, 610, 628, 629, -1, 629, 628, 607, -1,
 629, 607, 608, -1, 608, 607, 660, -1, 608, 660, 661, -1,
 661, 660, 692, -1, 661, 692, 693, -1, 693, 692, 700, -1,
 693, 700, 701, -1, 701, 700, 722, -1, 701, 722, 723, -1,
 723, 722, 732, -1, 723, 732, 733, -1, 733, 732, 758, -1,
 733, 758, 759, -1, 759, 758, 780, -1, 759, 780, 781, -1,
 780, 802, 781, -1, 781, 802, 803, -1, 803, 802, 816, -1,
 803, 816, 817, -1, 817, 816, 814, -1, 817, 814, 815, -1,
 815, 814, 800, -1, 815, 800, 801, -1, 801, 800, 788, -1,
 801, 788, 789, -1, 789, 788, 778, -1, 789, 778, 779, -1,
 779, 778, 804, -1, 779, 804, 805, -1, 805, 804, 832, -1,
 805, 832, 833, -1, 833, 832, 856, -1, 833, 856, 857, -1,
 857, 856, 874, -1, 857, 874, 875, -1, 875, 874, 911, -1,
 875, 911, 912, -1, 912, 911, 923, -1, 912, 923, 924, -1,
 924, 923, 941, -1, 924, 941, 942, -1, 941, 953, 942, -1,
 942, 953, 954, -1, 954, 953, 949, -1, 954, 949, 950, -1,
 950, 949, 937, -1, 950, 937, 938, -1, 938, 937, 927, -1,
 938, 927, 928, -1, 928, 927, 919, -1, 928, 919, 920, -1,
 920, 919, 901, -1, 920, 901, 902, -1, 902, 901, 917, -1,
 902, 917, 918, -1, 918, 917, 921, -1, 918, 921, 922, -1,
 922, 921, 935, -1, 922, 935, 936, -1, 936, 935, 957, -1,
 936, 957, 958, -1, 958, 957, 971, -1, 958, 971, 972, -1,
 972, 971, 988, -1, 972, 988, 989, -1, 989, 988, 996, -1,
 989, 996, 997, -1, 996, 1002, 997, -1, 997, 1002, 1003, -1,
 1003, 1002, 994, -1, 1003, 994, 995, -1, 995, 994, 986, -1,
 995, 986, 987, -1, 987, 986, 983, -1, 983, 986, 973, -1,
 983, 973, 974, -1, 974, 973, 961, -1, 974, 961, 962, -1,
 962, 961, 939, -1, 962, 939, 940, -1, 940, 939, 945, -1,
 940, 945, 946, -1, 946, 945, 947, -1, 946, 947, 948, -1,
 948, 947, 963, -1, 948, 963, 964, -1, 964, 963, 975, -1,
 964, 975, 976, -1, 976, 975, 990, -1, 976, 990, 991, -1,
 991, 990, 1000, -1, 991, 1000, 1001, -1, 1001, 1000, 1006, -1,
 1001, 1006, 1007, -1, 1006, 1004, 1007, -1, 1007, 1004, 1005, -1,
 1005, 1004, 998, -1, 1005, 998, 999, -1, 999, 998, 992, -1,
 999, 992, 993, -1, 993, 992, 981, -1, 993, 981, 982, -1,
 982, 981, 967, -1, 982, 967, 968, -1, 934, 933, 931, -1,
 934, 931, 932, -1, 932, 931, 925, -1, 932, 925, 926, -1,
 926, 925, 943, -1, 926, 943, 944, -1, 944, 943, 959, -1,
 944, 959, 960, -1, 960, 959, 969, -1, 960, 969, 970, -1,
 970, 969, 979, -1, 970, 979, 980, -1, 980, 979, 984, -1,
 980, 984, 985, -1, 984, 977, 985, -1, 985, 977, 978, -1,
 977, 965, 978, -1, 978, 965, 966, -1, 890, 889, 868, -1,
 890, 868, 869, -1, 869, 868, 846, -1, 869, 846, 847, -1,
 847, 846, 866, -1, 847, 866, 867, -1, 867, 866, 878, -1,
 867, 878, 879, -1, 879, 878, 895, -1, 879, 895, 896, -1,
 896, 895, 903, -1, 896, 903, 904, -1, 904, 903, 905, -1,
 904, 905, 906, -1, 905, 876, 906, -1, 906, 876, 877, -1,
 877, 876, 854, -1, 877, 854, 855, -1, 855, 854, 826, -1,
 855, 826, 827, -1, 827, 826, 798, -1, 827, 798, 799, -1,
 799, 798, 782, -1, 799, 782, 783, -1, 783, 782, 764, -1,
 783, 764, 765, -1, 765, 764, 738, -1, 765, 738, 739, -1,
 739, 738, 712, -1, 739, 712, 713, -1, 713, 712, 720, -1,
 713, 720, 721, -1, 721, 720, 726, -1, 721, 726, 727, -1,
 727, 726, 724, -1, 727, 724, 725, -1, 725, 724, 718, -1,
 725, 718, 719, -1, 719, 718, 702, -1, 719, 702, 703, -1,
 702, 686, 703, -1, 703, 686, 687, -1, 687, 686, 650, -1,
 687, 650, 651, -1, 651, 650, 636, -1, 651, 636, 637, -1,
 637, 636, 605, -1, 637, 605, 606, -1, 606, 605, 577, -1,
 606, 577, 578, -1, 578, 577, 563, -1, 578, 563, 564, -1,
 563, 493, 564, -1, 564, 493, 512, -1, 452, 451, 437, -1,
 452, 437, 438, -1, 438, 437, 409, -1, 438, 409, 410, -1,
 410, 409, 378, -1, 410, 378, 379, -1, 379, 378, 364, -1,
 379, 364, 365, -1, 365, 364, 328, -1, 365, 328, 329, -1,
 329, 328, 323, -1, 323, 328, 304, -1, 323, 304, 305, -1,
 305, 304, 288, -1, 305, 288, 289, -1, 289, 288, 282, -1,
 289, 282, 283, -1, 283, 282, 280, -1, 283, 280, 281, -1,
 281, 280, 286, -1, 281, 286, 287, -1, 287, 286, 294, -1,
 287, 294, 295, -1, 295, 294, 268, -1, 295, 268, 269, -1,
 269, 268, 242, -1, 269, 242, 243, -1, 243, 242, 224, -1,
 243, 224, 225, -1, 225, 224, 208, -1, 225, 208, 209, -1,
 209, 208, 180, -1, 209, 180, 181, -1, 181, 180, 152, -1,
 181, 152, 153, -1, 153, 152, 130, -1, 153, 130, 131, -1,
 130, 101, 131, -1, 131, 101, 102, -1, 102, 101, 103, -1,
 102, 103, 104, -1, 104, 103, 111, -1, 104, 111, 112, -1,
 112, 111, 128, -1, 112, 128, 129, -1, 129, 128, 140, -1,
 129, 140, 141, -1, 141, 140, 160, -1, 141, 160, 161, -1,
 161, 160, 138, -1, 161, 138, 139, -1, 139, 138, 117, -1,
 139, 117, 118, -1, 118, 117, 91, -1, 118, 91, 92, -1,
 92, 91, 77, -1, 92, 77, 78, -1, 78, 77, 55, -1,
 78, 55, 56, -1, 56, 55, 41, -1, 56, 41, 42, -1,
 29, 22, 30, -1, 30, 22, 23, -1, 23, 22, 27, -1,
 23, 27, 28, -1, 28, 27, 37, -1, 28, 37, 38, -1,
 38, 37, 47, -1, 38, 47, 48, -1, 48, 47, 63, -1,
 48, 63, 64, -1, 64, 63, 81, -1, 64, 81, 82, -1,
 82, 81, 75, -1, 82, 75, 76, -1, 76, 75, 73, -1,
 76, 73, 74, -1, 74, 73, 51, -1, 74, 51, 52, -1,
 52, 51, 39, -1, 52, 39, 40, -1, 740, 704, 563, -1,
 806, 774, 846, -1, 230, 198, 242, -1, 704, 662, 563, -1,
 563, 662, 581, -1, 563, 581, 493, -1, 493, 581, 494, -1,
 493, 494, 451, -1, 650, 686, 702, -1, 0, 2, 6, -1,
 6, 2, 8, -1, 6, 8, 16, -1, 43, 31, 25, -1,
 77, 91, 47, -1, 230, 242, 264, -1, 965, 977, 984, -1,
 881, 898, 933, -1, 933, 898, 908, -1, 933, 908, 913, -1,
 947, 945, 881, -1, 16, 8, 31, -1, 31, 8, 14, -1,
 31, 14, 25, -1, 103, 101, 130, -1, 288, 304, 328, -1,
 854, 876, 905, -1, 925, 834, 889, -1, 889, 834, 806, -1,
 889, 806, 868, -1, 868, 806, 846, -1, 925, 889, 943, -1,
 943, 889, 915, -1, 943, 915, 959, -1, 998, 1004, 1006, -1,
 73, 59, 51, -1, 51, 59, 43, -1, 51, 43, 39, -1,
 39, 43, 25, -1, 494, 431, 451, -1, 451, 431, 350, -1,
 451, 350, 437, -1, 702, 718, 650, -1, 650, 718, 724, -1,
 650, 724, 636, -1, 636, 724, 726, -1, 636, 726, 605, -1,
 605, 726, 720, -1, 605, 720, 577, -1, 577, 720, 712, -1,
 577, 712, 563, -1, 563, 712, 774, -1, 563, 774, 740, -1,
 712, 738, 774, -1, 774, 738, 764, -1, 774, 764, 846, -1,
 846, 764, 782, -1, 846, 782, 866, -1, 866, 782, 878, -1,
 913, 907, 933, -1, 933, 907, 897, -1, 933, 897, 931, -1,
 931, 897, 880, -1, 931, 880, 925, -1, 925, 880, 862, -1,
 925, 862, 834, -1, 994, 1002, 996, -1, 561, 535, 479, -1,
 314, 351, 354, -1, 354, 351, 432, -1, 354, 432, 407, -1,
 407, 432, 495, -1, 407, 495, 582, -1, 248, 226, 204, -1,
 73, 93, 59, -1, 59, 93, 98, -1, 59, 98, 61, -1,
 61, 98, 67, -1, 22, 29, 27, -1, 27, 29, 41, -1,
 27, 41, 37, -1, 198, 170, 117, -1, 117, 170, 81, -1,
 117, 81, 91, -1, 91, 81, 63, -1, 91, 63, 47, -1,
 264, 242, 300, -1, 300, 242, 268, -1, 300, 268, 350, -1,
 350, 268, 294, -1, 350, 294, 437, -1, 905, 903, 854, -1,
 854, 903, 895, -1, 854, 895, 826, -1, 826, 895, 878, -1,
 826, 878, 798, -1, 798, 878, 782, -1, 881, 933, 947, -1,
 947, 933, 955, -1, 947, 955, 963, -1, 963, 955, 967, -1,
 963, 967, 975, -1, 1006, 1000, 998, -1, 998, 1000, 990, -1,
 998, 990, 992, -1, 992, 990, 975, -1, 992, 975, 981, -1,
 981, 975, 967, -1, 228, 314, 218, -1, 218, 314, 306, -1,
 218, 306, 206, -1, 83, 65, 53, -1, 10, 4, 18, -1,
 18, 4, 12, -1, 18, 12, 35, -1, 170, 142, 81, -1,
 81, 142, 124, -1, 81, 124, 75, -1, 75, 124, 107, -1,
 75, 107, 73, -1, 73, 107, 97, -1, 73, 97, 93, -1,
 130, 152, 103, -1, 103, 152, 180, -1, 103, 180, 111, -1,
 111, 180, 208, -1, 111, 208, 128, -1, 128, 208, 224, -1,
 128, 224, 140, -1, 140, 224, 242, -1, 140, 242, 160, -1,
 160, 242, 198, -1, 160, 198, 138, -1, 138, 198, 117, -1,
 328, 364, 288, -1, 288, 364, 378, -1, 288, 378, 282, -1,
 282, 378, 409, -1, 282, 409, 280, -1, 280, 409, 437, -1,
 280, 437, 286, -1, 286, 437, 294, -1, 984, 979, 965, -1,
 965, 979, 969, -1, 965, 969, 951, -1, 951, 969, 959, -1,
 951, 959, 929, -1, 929, 959, 915, -1, 856, 832, 835, -1,
 949, 953, 941, -1, 804, 778, 775, -1, 775, 778, 741, -1,
 705, 692, 663, -1, 663, 692, 660, -1, 663, 660, 607, -1,
 479, 453, 561, -1, 561, 453, 435, -1, 561, 435, 579, -1,
 579, 435, 405, -1, 579, 405, 609, -1, 609, 405, 386, -1,
 609, 386, 628, -1, 628, 386, 407, -1, 628, 407, 607, -1,
 607, 407, 582, -1, 607, 582, 663, -1, 35, 12, 49, -1,
 49, 12, 20, -1, 49, 20, 71, -1, 98, 108, 67, -1,
 67, 108, 125, -1, 67, 125, 45, -1, 996, 988, 994, -1,
 994, 988, 971, -1, 994, 971, 986, -1, 986, 971, 957, -1,
 986, 957, 973, -1, 973, 957, 961, -1, 957, 935, 961, -1,
 961, 935, 921, -1, 961, 921, 939, -1, 945, 939, 881, -1,
 881, 939, 921, -1, 881, 921, 863, -1, 863, 921, 917, -1,
 863, 917, 835, -1, 835, 917, 901, -1, 835, 901, 856, -1,
 804, 775, 832, -1, 832, 775, 807, -1, 832, 807, 835, -1,
 802, 780, 816, -1, 816, 780, 758, -1, 816, 758, 814, -1,
 814, 758, 800, -1, 204, 190, 248, -1, 248, 190, 192, -1,
 248, 192, 274, -1, 274, 192, 206, -1, 274, 206, 284, -1,
 284, 206, 306, -1, 87, 105, 199, -1, 20, 33, 71, -1,
 71, 33, 45, -1, 71, 45, 85, -1, 85, 45, 125, -1,
 85, 125, 89, -1, 89, 125, 143, -1, 89, 143, 105, -1,
 105, 143, 171, -1, 105, 171, 199, -1, 37, 41, 47, -1,
 47, 41, 55, -1, 47, 55, 77, -1, 941, 923, 949, -1,
 949, 923, 911, -1, 949, 911, 937, -1, 937, 911, 874, -1,
 937, 874, 927, -1, 927, 874, 856, -1, 927, 856, 919, -1,
 919, 856, 901, -1, 705, 741, 692, -1, 692, 741, 778, -1,
 692, 778, 700, -1, 700, 778, 788, -1, 700, 788, 722, -1,
 722, 788, 800, -1, 722, 800, 732, -1, 732, 800, 758, -1,
 53, 57, 83, -1, 83, 57, 69, -1, 83, 69, 95, -1,
 95, 69, 79, -1, 95, 79, 132, -1, 132, 79, 150, -1,
 150, 79, 87, -1, 150, 87, 174, -1, 174, 87, 199, -1,
 174, 199, 202, -1, 202, 199, 231, -1, 202, 231, 228, -1,
 228, 231, 265, -1, 228, 265, 314, -1, 314, 265, 301, -1,
 314, 301, 351, -1, 496, 494, 583, -1, 583, 494, 581, -1,
 583, 581, 664, -1, 664, 581, 662, -1, 664, 662, 706, -1,
 706, 662, 704, -1, 706, 704, 742, -1, 742, 704, 740, -1,
 742, 740, 776, -1, 776, 740, 774, -1, 776, 774, 808, -1,
 808, 774, 806, -1, 808, 806, 836, -1, 836, 806, 834, -1,
 836, 834, 864, -1, 864, 834, 862, -1, 864, 862, 882, -1,
 882, 862, 880, -1, 882, 880, 899, -1, 899, 880, 897, -1,
 899, 897, 909, -1, 909, 897, 907, -1, 909, 907, 914, -1,
 914, 907, 913, -1, 914, 913, 910, -1, 910, 913, 908, -1,
 910, 908, 900, -1, 900, 908, 898, -1, 900, 898, 888, -1,
 888, 898, 881, -1, 495, 503, 582, -1, 582, 503, 584, -1,
 582, 584, 663, -1, 663, 584, 665, -1, 663, 665, 705, -1,
 705, 665, 707, -1, 705, 707, 741, -1, 741, 707, 743, -1,
 741, 743, 775, -1, 775, 743, 777, -1, 775, 777, 807, -1,
 807, 777, 809, -1, 807, 809, 835, -1, 835, 809, 837, -1,
 835, 837, 863, -1, 863, 837, 865, -1, 863, 865, 881, -1,
 881, 865, 883, -1, 881, 883, 888, -1, 317, 485, 463, -1,
 397, 382, 318, -1, 434, 486, 503, -1, 503, 486, 502, -1,
 503, 502, 584, -1, 463, 443, 317, -1, 317, 443, 415, -1,
 317, 415, 397, -1, 569, 549, 888, -1, 888, 549, 527, -1,
 888, 527, 317, -1, 317, 527, 501, -1, 317, 501, 485, -1,
 382, 398, 318, -1, 318, 398, 416, -1, 318, 416, 353, -1,
 353, 416, 444, -1, 353, 444, 434, -1, 434, 444, 464, -1,
 434, 464, 486, -1, 883, 615, 888, -1, 888, 615, 597, -1,
 888, 597, 569, -1, 502, 528, 584, -1, 584, 528, 550, -1,
 584, 550, 665, -1, 665, 550, 570, -1, 665, 570, 707, -1,
 707, 570, 598, -1, 707, 598, 743, -1, 743, 598, 616, -1,
 883, 865, 615, -1, 615, 865, 837, -1, 615, 837, 632, -1,
 632, 837, 809, -1, 632, 809, 616, -1, 616, 809, 777, -1,
 616, 777, 743, -1, 595, 567, 440, -1, 440, 567, 547, -1,
 433, 496, 497, -1, 394, 499, 483, -1, 761, 767, 317, -1,
 317, 767, 785, -1, 317, 785, 888, -1, 888, 785, 791, -1,
 394, 412, 499, -1, 499, 412, 440, -1, 499, 440, 525, -1,
 525, 440, 547, -1, 568, 596, 747, -1, 747, 596, 614, -1,
 910, 849, 914, -1, 914, 849, 852, -1, 914, 852, 909, -1,
 497, 496, 523, -1, 523, 496, 583, -1, 523, 583, 545, -1,
 747, 546, 744, -1, 744, 546, 746, -1, 462, 484, 317, -1,
 317, 484, 500, -1, 317, 500, 526, -1, 852, 848, 909, -1,
 909, 848, 842, -1, 909, 842, 899, -1, 899, 842, 828, -1,
 899, 828, 882, -1, 882, 828, 822, -1, 882, 822, 864, -1,
 864, 822, 810, -1, 864, 810, 836, -1, 836, 810, 808, -1,
 545, 583, 565, -1, 565, 583, 664, -1, 565, 664, 593, -1,
 497, 481, 433, -1, 433, 481, 459, -1, 433, 459, 352, -1,
 352, 459, 439, -1, 352, 439, 316, -1, 316, 439, 411, -1,
 316, 411, 393, -1, 316, 461, 441, -1, 761, 317, 751, -1,
 751, 317, 526, -1, 751, 526, 747, -1, 747, 526, 548, -1,
 747, 548, 568, -1, 791, 811, 888, -1, 888, 811, 823, -1,
 888, 823, 900, -1, 900, 823, 829, -1, 900, 829, 910, -1,
 910, 829, 843, -1, 910, 843, 849, -1, 440, 460, 595, -1,
 595, 460, 482, -1, 595, 482, 613, -1, 613, 482, 498, -1,
 613, 498, 524, -1, 483, 461, 394, -1, 394, 461, 316, -1,
 394, 316, 380, -1, 380, 316, 393, -1, 441, 413, 316, -1,
 316, 413, 395, -1, 316, 395, 317, -1, 317, 395, 381, -1,
 317, 381, 396, -1, 396, 414, 317, -1, 317, 414, 442, -1,
 317, 442, 462, -1, 810, 790, 808, -1, 808, 790, 784, -1,
 808, 784, 594, -1, 594, 784, 766, -1, 594, 766, 566, -1,
 566, 766, 760, -1, 566, 760, 546, -1, 546, 760, 750, -1,
 546, 750, 746, -1, 594, 612, 808, -1, 808, 612, 630, -1,
 808, 630, 776, -1, 776, 630, 611, -1, 776, 611, 742, -1,
 742, 611, 593, -1, 742, 593, 706, -1, 706, 593, 664, -1,
 524, 546, 613, -1, 613, 546, 747, -1, 613, 747, 631, -1,
 631, 747, 614, -1, 316, 258, 254, -1, 182, 176, 109, -1,
 109, 176, 99, -1, 254, 244, 316, -1, 316, 244, 238, -1,
 316, 238, 302, -1, 302, 238, 220, -1, 302, 220, 266, -1,
 109, 126, 182, -1, 182, 126, 144, -1, 182, 144, 194, -1,
 194, 144, 172, -1, 194, 172, 210, -1, 210, 172, 200, -1,
 210, 200, 220, -1, 220, 200, 232, -1, 220, 232, 266, -1,
 100, 163, 110, -1, 110, 163, 177, -1, 110, 177, 119, -1,
 119, 177, 183, -1, 183, 195, 119, -1, 119, 195, 211, -1,
 119, 211, 317, -1, 317, 211, 221, -1, 317, 221, 239, -1,
 258, 316, 262, -1, 262, 316, 317, -1, 262, 317, 259, -1,
 176, 162, 99, -1, 99, 162, 156, -1, 99, 156, 94, -1,
 94, 156, 154, -1, 94, 154, 100, -1, 100, 154, 157, -1,
 100, 157, 163, -1, 239, 245, 317, -1, 317, 245, 255, -1,
 317, 255, 259, -1, 397, 318, 317, -1, 317, 318, 303, -1,
 317, 303, 267, -1, 267, 233, 317, -1, 317, 233, 201, -1,
 317, 201, 173, -1, 173, 145, 317, -1, 317, 145, 127, -1,
 317, 127, 119, -1, 500, 521, 526, -1, 526, 521, 534, -1,
 526, 534, 548, -1, 548, 534, 556, -1, 548, 556, 568, -1,
 568, 556, 576, -1, 568, 576, 596, -1, 596, 576, 604, -1,
 596, 604, 614, -1, 614, 604, 622, -1, 614, 622, 631, -1,
 631, 622, 635, -1, 631, 635, 613, -1, 613, 635, 621, -1,
 613, 621, 595, -1, 595, 621, 603, -1, 595, 603, 567, -1,
 567, 603, 575, -1, 567, 575, 547, -1, 547, 575, 555, -1,
 547, 555, 525, -1, 525, 555, 533, -1, 525, 533, 499, -1,
 499, 533, 520, -1, 618, 679, 633, -1, 633, 679, 678, -1,
 633, 678, 617, -1, 617, 678, 666, -1, 617, 666, 599, -1,
 599, 666, 652, -1, 599, 652, 571, -1, 571, 652, 638, -1,
 571, 638, 551, -1, 551, 638, 585, -1, 551, 585, 529, -1,
 529, 585, 537, -1, 529, 537, 505, -1, 505, 537, 504, -1,
 505, 504, 487, -1, 487, 504, 471, -1, 487, 471, 465, -1,
 465, 471, 423, -1, 465, 423, 445, -1, 445, 423, 370, -1,
 445, 370, 417, -1, 417, 370, 356, -1, 417, 356, 399, -1,
 399, 356, 342, -1, 399, 342, 383, -1, 342, 330, 383, -1,
 383, 330, 331, -1, 383, 331, 400, -1, 400, 331, 343, -1,
 400, 343, 418, -1, 418, 343, 357, -1, 418, 357, 446, -1,
 446, 357, 371, -1, 446, 371, 466, -1, 466, 371, 424, -1,
 466, 424, 488, -1, 488, 424, 472, -1, 488, 472, 506, -1,
 506, 472, 507, -1, 506, 507, 530, -1, 530, 507, 538, -1,
 530, 538, 552, -1, 552, 538, 586, -1, 552, 586, 572, -1,
 572, 586, 639, -1, 572, 639, 600, -1, 600, 639, 653, -1,
 600, 653, 618, -1, 618, 653, 667, -1, 618, 667, 679, -1,
 507, 514, 538, -1, 538, 514, 542, -1, 538, 542, 586, -1,
 586, 542, 590, -1, 586, 590, 639, -1, 639, 590, 643, -1,
 639, 643, 653, -1, 653, 643, 657, -1, 653, 657, 667, -1,
 667, 657, 671, -1, 667, 671, 679, -1, 679, 671, 683, -1,
 679, 683, 678, -1, 678, 683, 682, -1, 678, 682, 666, -1,
 666, 682, 670, -1, 666, 670, 652, -1, 652, 670, 656, -1,
 652, 656, 638, -1, 638, 656, 642, -1, 638, 642, 585, -1,
 585, 642, 589, -1, 585, 589, 537, -1, 537, 589, 541, -1,
 537, 541, 504, -1, 504, 541, 513, -1, 158, 113, 155, -1,
 155, 113, 114, -1, 155, 114, 159, -1, 159, 114, 121, -1,
 159, 121, 165, -1, 165, 121, 135, -1, 165, 135, 179, -1,
 179, 135, 147, -1, 179, 147, 185, -1, 185, 147, 167, -1,
 185, 167, 197, -1, 197, 167, 187, -1, 197, 187, 214, -1,
 214, 187, 215, -1, 214, 215, 223, -1, 223, 215, 235, -1,
 223, 235, 241, -1, 241, 235, 251, -1, 241, 251, 247, -1,
 247, 251, 271, -1, 247, 271, 257, -1, 257, 271, 277, -1,
 257, 277, 261, -1, 261, 277, 291, -1, 261, 291, 263, -1,
 291, 297, 263, -1, 263, 297, 296, -1, 263, 296, 260, -1,
 260, 296, 290, -1, 260, 290, 256, -1, 256, 290, 276, -1,
 256, 276, 246, -1, 246, 276, 270, -1, 246, 270, 240, -1,
 240, 270, 250, -1, 240, 250, 222, -1, 222, 250, 234, -1,
 222, 234, 213, -1, 213, 234, 212, -1, 213, 212, 196, -1,
 196, 212, 186, -1, 196, 186, 184, -1, 184, 186, 166, -1,
 184, 166, 178, -1, 178, 166, 146, -1, 178, 146, 164, -1,
 164, 146, 134, -1, 164, 134, 158, -1, 158, 134, 120, -1,
 158, 120, 113, -1, 215, 217, 235, -1, 235, 217, 237, -1,
 235, 237, 251, -1, 251, 237, 253, -1, 251, 253, 271, -1,
 271, 253, 273, -1, 271, 273, 277, -1, 277, 273, 279, -1,
 277, 279, 291, -1, 291, 279, 293, -1, 291, 293, 297, -1,
 297, 293, 299, -1, 297, 299, 296, -1, 296, 299, 298, -1,
 296, 298, 290, -1, 290, 298, 292, -1, 290, 292, 276, -1,
 276, 292, 278, -1, 276, 278, 270, -1, 270, 278, 272, -1,
 270, 272, 250, -1, 250, 272, 252, -1, 250, 252, 234, -1,
 234, 252, 236, -1, 234, 236, 212, -1, 212, 236, 216, -1,
 853, 891, 850, -1, 850, 891, 884, -1, 850, 884, 844, -1,
 844, 884, 870, -1, 844, 870, 830, -1, 830, 870, 858, -1,
 830, 858, 824, -1, 824, 858, 838, -1, 824, 838, 812, -1,
 812, 838, 818, -1, 812, 818, 793, -1, 793, 818, 792, -1,
 793, 792, 786, -1, 786, 792, 770, -1, 786, 770, 768, -1,
 768, 770, 754, -1, 768, 754, 762, -1, 762, 754, 734, -1,
 762, 734, 752, -1, 752, 734, 728, -1, 752, 728, 748, -1,
 728, 714, 748, -1, 748, 714, 708, -1, 748, 708, 745, -1,
 745, 708, 709, -1, 745, 709, 749, -1, 749, 709, 715, -1,
 749, 715, 753, -1, 753, 715, 729, -1, 753, 729, 763, -1,
 763, 729, 735, -1, 763, 735, 769, -1, 769, 735, 755, -1,
 769, 755, 787, -1, 787, 755, 771, -1, 787, 771, 794, -1,
 794, 771, 795, -1, 794, 795, 813, -1, 813, 795, 819, -1,
 813, 819, 825, -1, 825, 819, 839, -1, 825, 839, 831, -1,
 831, 839, 859, -1, 831, 859, 845, -1, 845, 859, 871, -1,
 845, 871, 851, -1, 851, 871, 885, -1, 851, 885, 853, -1,
 853, 885, 892, -1, 853, 892, 891, -1, 795, 797, 819, -1,
 819, 797, 821, -1, 819, 821, 839, -1, 839, 821, 841, -1,
 839, 841, 859, -1, 859, 841, 861, -1, 859, 861, 871, -1,
 871, 861, 873, -1, 871, 873, 885, -1, 885, 873, 887, -1,
 885, 887, 892, -1, 892, 887, 894, -1, 892, 894, 891, -1,
 891, 894, 893, -1, 891, 893, 884, -1, 884, 893, 886, -1,
 884, 886, 870, -1, 870, 886, 872, -1, 870, 872, 858, -1,
 858, 872, 860, -1, 858, 860, 838, -1, 838, 860, 840, -1,
 838, 840, 818, -1, 818, 840, 820, -1, 818, 820, 792, -1,
 792, 820, 796, -1, 620, 681, 634, -1, 634, 681, 680, -1,
 634, 680, 619, -1, 619, 680, 668, -1, 619, 668, 601, -1,
 601, 668, 654, -1, 601, 654, 573, -1, 573, 654, 640, -1,
 573, 640, 553, -1, 553, 640, 587, -1, 553, 587, 531, -1,
 531, 587, 539, -1, 531, 539, 509, -1, 509, 539, 508, -1,
 509, 508, 489, -1, 489, 508, 473, -1, 489, 473, 467, -1,
 467, 473, 425, -1, 467, 425, 447, -1, 447, 425, 372, -1,
 447, 372, 419, -1, 419, 372, 358, -1, 419, 358, 401, -1,
 401, 358, 344, -1, 401, 344, 384, -1, 344, 332, 384, -1,
 384, 332, 333, -1, 384, 333, 402, -1, 402, 333, 345, -1,
 402, 345, 420, -1, 420, 345, 359, -1, 420, 359, 448, -1,
 448, 359, 373, -1, 448, 373, 468, -1, 468, 373, 426, -1,
 468, 426, 490, -1, 490, 426, 474, -1, 490, 474, 510, -1,
 510, 474, 511, -1, 510, 511, 532, -1, 532, 511, 540, -1,
 532, 540, 554, -1, 554, 540, 588, -1, 554, 588, 574, -1,
 574, 588, 641, -1, 574, 641, 602, -1, 602, 641, 655, -1,
 602, 655, 620, -1, 620, 655, 669, -1, 620, 669, 681, -1,
 511, 518, 540, -1, 540, 518, 544, -1, 540, 544, 588, -1,
 588, 544, 592, -1, 588, 592, 641, -1, 641, 592, 645, -1,
 641, 645, 655, -1, 655, 645, 659, -1, 655, 659, 669, -1,
 669, 659, 673, -1, 669, 673, 681, -1, 681, 673, 685, -1,
 681, 685, 680, -1, 680, 685, 684, -1, 680, 684, 668, -1,
 668, 684, 672, -1, 668, 672, 654, -1, 654, 672, 658, -1,
 654, 658, 640, -1, 640, 658, 644, -1, 640, 644, 587, -1,
 587, 644, 591, -1, 587, 591, 539, -1, 539, 591, 543, -1,
 539, 543, 508, -1, 508, 543, 517, -1, 450, 369, 470, -1,
 470, 369, 392, -1, 470, 392, 492, -1, 492, 392, 458, -1,
 492, 458, 521, -1, 521, 458, 522, -1, 521, 522, 534, -1,
 534, 522, 560, -1, 534, 560, 556, -1, 556, 560, 626, -1,
 556, 626, 576, -1, 449, 340, 421, -1, 421, 340, 321, -1,
 421, 321, 403, -1, 403, 321, 312, -1, 403, 312, 385, -1,
 385, 312, 309, -1, 385, 309, 404, -1, 404, 309, 313, -1,
 404, 313, 422, -1, 422, 313, 322, -1, 422, 322, 450, -1,
 450, 322, 341, -1, 450, 341, 369, -1, 626, 649, 576, -1,
 576, 649, 677, -1, 576, 677, 604, -1, 604, 677, 691, -1,
 604, 691, 622, -1, 622, 691, 697, -1, 622, 697, 635, -1,
 635, 697, 699, -1, 635, 699, 621, -1, 621, 699, 696, -1,
 621, 696, 603, -1, 603, 696, 690, -1, 603, 690, 575, -1,
 690, 676, 575, -1, 575, 676, 648, -1, 575, 648, 555, -1,
 555, 648, 625, -1, 555, 625, 533, -1, 533, 625, 559, -1,
 533, 559, 520, -1, 520, 559, 519, -1, 520, 519, 491, -1,
 491, 519, 457, -1, 491, 457, 469, -1, 469, 457, 391, -1,
 469, 391, 449, -1, 449, 391, 368, -1, 449, 368, 340, -1,
 519, 515, 455, -1, 519, 455, 457, -1, 457, 455, 389, -1,
 457, 389, 391, -1, 391, 389, 366, -1, 391, 366, 368, -1,
 368, 366, 338, -1, 368, 338, 340, -1, 340, 338, 324, -1,
 340, 324, 321, -1, 320, 313, 311, -1, 311, 313, 309, -1,
 311, 309, 308, -1, 308, 309, 312, -1, 308, 312, 310, -1,
 310, 312, 321, -1, 310, 321, 319, -1, 319, 321, 324, -1,
 325, 341, 320, -1, 320, 341, 322, -1, 320, 322, 313, -1,
 325, 339, 341, -1, 341, 339, 367, -1, 341, 367, 369, -1,
 369, 367, 388, -1, 369, 388, 392, -1, 388, 390, 392, -1,
 392, 390, 456, -1, 392, 456, 458, -1, 458, 456, 516, -1,
 458, 516, 522, -1
]
normalIndex [
 231, 202, 202, -1, 202, 202, 181, -1, 202, 181, 181, -1,
 232, 259, 231, -1, 231, 259, 231, -1, 231, 231, 202, -1,
 232, 259, 259, -1, 259, 259, 283, -1, 259, 283, 283, -1,
 283, 283, 308, -1, 283, 308, 308, -1, 308, 308, 335, -1,
 308, 335, 335, -1, 335, 335, 359, -1, 335, 359, 359, -1,
 359, 359, 334, -1, 359, 334, 334, -1, 334, 334, 307, -1,
 334, 307, 307, -1, 307, 307, 282, -1, 307, 282, 282, -1,
 282, 282, 258, -1, 282, 258, 258, -1, 258, 258, 230, -1,
 258, 230, 230, -1, 230, 230, 201, -1, 230, 201, 201, -1,
 201, 201, 180, -1, 201, 180, 180, -1, 181, 181, 205, -1,
 205, 181, 205, -1, 205, 205, 237, -1, 237, 205, 237, -1,
 237, 237, 265, -1, 265, 237, 265, -1, 265, 265, 294, -1,
 294, 265, 294, -1, 294, 294, 320, -1, 320, 294, 320, -1,
 320, 320, 348, -1, 348, 320, 348, -1, 348, 348, 347, -1,
 347, 348, 347, -1, 347, 347, 319, -1, 319, 347, 319, -1,
 319, 319, 293, -1, 293, 319, 293, -1, 293, 293, 264, -1,
 264, 293, 264, -1, 264, 264, 236, -1, 236, 264, 236, -1,
 236, 236, 204, -1, 204, 236, 204, -1, 204, 204, 180, -1,
 180, 204, 180, -1, 181, 181, 205, -1, 205, 181, 205, -1,
 205, 205, 237, -1, 237, 205, 237, -1, 237, 237, 265, -1,
 265, 237, 265, -1, 265, 265, 294, -1, 294, 265, 294, -1,
 294, 294, 320, -1, 320, 294, 320, -1, 320, 320, 348, -1,
 348, 320, 348, -1, 348, 348, 347, -1, 347, 348, 347, -1,
 347, 347, 319, -1, 319, 347, 319, -1, 319, 319, 293, -1,
 293, 319, 293, -1, 293, 293, 264, -1, 264, 293, 264, -1,
 264, 264, 236, -1, 236, 264, 236, -1, 236, 236, 204, -1,
 204, 236, 204, -1, 204, 204, 180, -1, 180, 204, 180, -1,
 181, 181, 205, -1, 205, 181, 205, -1, 205, 205, 237, -1,
 237, 205, 237, -1, 237, 237, 265, -1, 265, 237, 265, -1,
 265, 265, 294, -1, 294, 265, 294, -1, 294, 294, 320, -1,
 320, 294, 320, -1, 320, 320, 348, -1, 348, 320, 348, -1,
 348, 348, 347, -1, 347, 348, 347, -1, 347, 347, 319, -1,
 319, 347, 319, -1, 319, 319, 293, -1, 293, 319, 293, -1,
 293, 293, 264, -1, 264, 293, 264, -1, 264, 264, 236, -1,
 236, 264, 236, -1, 236, 236, 204, -1, 204, 236, 204, -1,
 204, 204, 180, -1, 180, 204, 180, -1, 181, 181, 205, -1,
 205, 181, 205, -1, 205, 205, 237, -1, 237, 205, 237, -1,
 237, 237, 265, -1, 265, 237, 265, -1, 265, 265, 294, -1,
 294, 265, 294, -1, 294, 294, 320, -1, 320, 294, 320, -1,
 320, 320, 348, -1, 348, 320, 348, -1, 348, 348, 347, -1,
 347, 348, 347, -1, 347, 347, 319, -1, 319, 347, 319, -1,
 319, 319, 293, -1, 293, 319, 293, -1, 293, 293, 264, -1,
 264, 293, 264, -1, 264, 264, 236, -1, 236, 264, 236, -1,
 236, 236, 204, -1, 204, 236, 204, -1, 204, 204, 180, -1,
 180, 204, 180, -1, 181, 181, 209, -1, 209, 181, 209, -1,
 209, 209, 243, -1, 243, 209, 243, -1, 243, 243, 272, -1,
 272, 243, 272, -1, 272, 272, 301, -1, 301, 272, 301, -1,
 301, 301, 331, -1, 331, 301, 331, -1, 331, 331, 359, -1,
 359, 331, 359, -1, 359, 359, 330, -1, 330, 359, 330, -1,
 330, 330, 300, -1, 300, 330, 300, -1, 300, 300, 271, -1,
 271, 300, 271, -1, 271, 271, 242, -1, 242, 271, 242, -1,
 242, 242, 208, -1, 208, 242, 208, -1, 208, 208, 180, -1,
 180, 208, 180, -1, 180, 180, 191, -1, 191, 180, 191, -1,
 191, 191, 208, -1, 208, 191, 208, -1, 208, 208, 218, -1,
 218, 208, 223, -1, 330, 323, 315, -1, 315, 323, 315, -1,
 315, 315, 300, -1, 300, 315, 300, -1, 300, 300, 285, -1,
 285, 300, 285, -1, 285, 285, 271, -1, 271, 285, 271, -1,
 271, 271, 254, -1, 254, 271, 254, -1, 254, 254, 242, -1,
 242, 254, 242, -1, 242, 242, 223, -1, 223, 242, 223, -1,
 223, 223, 218, -1, 209, 219, 224, -1, 224, 219, 224, -1,
 224, 224, 243, -1, 243, 224, 243, -1, 243, 243, 255, -1,
 255, 243, 255, -1, 255, 255, 272, -1, 272, 255, 272, -1,
 272, 272, 286, -1, 286, 272, 286, -1, 286, 286, 301, -1,
 301, 286, 301, -1, 301, 301, 316, -1, 316, 301, 316, -1,
 316, 316, 331, -1, 331, 316, 331, -1, 331, 331, 346, -1,
 346, 331, 346, -1, 346, 346, 359, -1, 359, 346, 359, -1,
 359, 359, 345, -1, 345, 359, 345, -1, 345, 345, 330, -1,
 330, 345, 330, -1, 330, 330, 323, -1, 181, 181, 192, -1,
 192, 181, 192, -1, 192, 192, 209, -1, 209, 192, 209, -1,
 209, 209, 219, -1, 180, 180, 168, -1, 180, 168, 168, -1,
 168, 168, 150, -1, 168, 150, 150, -1, 150, 150, 136, -1,
 150, 136, 136, -1, 136, 136, 117, -1, 136, 117, 117, -1,
 180, 172, 180, -1, 180, 172, 172, -1, 180, 175, 180, -1,
 180, 175, 175, -1, 180, 180, 163, -1, 180, 163, 163, -1,
 163, 163, 141, -1, 163, 141, 141, -1, 141, 141, 120, -1,
 141, 120, 120, -1, 120, 120, 100, -1, 120, 100, 100, -1,
 180, 180, 167, -1, 180, 167, 167, -1, 167, 167, 149, -1,
 167, 149, 149, -1, 181, 181, 209, -1, 209, 181, 209, -1,
 209, 209, 243, -1, 243, 209, 243, -1, 243, 243, 272, -1,
 272, 243, 272, -1, 272, 272, 301, -1, 301, 272, 301, -1,
 301, 301, 331, -1, 331, 301, 331, -1, 331, 331, 359, -1,
 359, 331, 359, -1, 359, 359, 330, -1, 330, 359, 330, -1,
 330, 330, 300, -1, 300, 330, 300, -1, 300, 300, 271, -1,
 271, 300, 271, -1, 271, 271, 242, -1, 242, 271, 242, -1,
 242, 242, 208, -1, 208, 242, 208, -1, 208, 208, 180, -1,
 180, 208, 180, -1, 181, 181, 209, -1, 209, 181, 209, -1,
 209, 209, 243, -1, 243, 209, 243, -1, 243, 243, 272, -1,
 272, 243, 272, -1, 272, 272, 301, -1, 301, 272, 301, -1,
 301, 301, 331, -1, 331, 301, 331, -1, 331, 331, 359, -1,
 359, 331, 359, -1, 359, 359, 330, -1, 330, 359, 330, -1,
 330, 330, 300, -1, 300, 330, 300, -1, 300, 300, 271, -1,
 271, 300, 271, -1, 271, 271, 242, -1, 242, 271, 242, -1,
 242, 242, 208, -1, 208, 242, 208, -1, 208, 208, 180, -1,
 180, 208, 180, -1, 181, 181, 209, -1, 209, 181, 209, -1,
 209, 209, 243, -1, 243, 209, 243, -1, 243, 243, 272, -1,
 272, 243, 272, -1, 272, 272, 301, -1, 301, 272, 301, -1,
 301, 301, 331, -1, 331, 301, 331, -1, 331, 331, 359, -1,
 359, 331, 359, -1, 359, 359, 330, -1, 330, 359, 330, -1,
 330, 330, 300, -1, 300, 330, 300, -1, 300, 300, 271, -1,
 271, 300, 271, -1, 271, 271, 242, -1, 242, 271, 242, -1,
 242, 242, 208, -1, 208, 242, 208, -1, 208, 208, 180, -1,
 180, 208, 180, -1, 181, 181, 209, -1, 209, 181, 209, -1,
 209, 209, 243, -1, 243, 209, 243, -1, 243, 243, 272, -1,
 272, 243, 272, -1, 272, 272, 301, -1, 301, 272, 301, -1,
 301, 301, 331, -1, 331, 301, 331, -1, 331, 331, 359, -1,
 359, 331, 359, -1, 359, 359, 330, -1, 330, 359, 330, -1,
 330, 330, 300, -1, 300, 330, 300, -1, 300, 300, 271, -1,
 271, 300, 271, -1, 271, 271, 242, -1, 242, 271, 242, -1,
 242, 242, 208, -1, 208, 242, 208, -1, 208, 208, 180, -1,
 180, 208, 180, -1, 182, 182, 182, -1, 182, 182, 182, -1,
 182, 182, 182, -1, 182, 182, 182, -1, 182, 182, 182, -1,
 182, 182, 182, -1, 182, 182, 182, -1, 182, 182, 182, -1,
 182, 182, 182, -1, 182, 182, 182, -1, 182, 182, 182, -1,
 182, 182, 182, -1, 182, 182, 182, -1, 182, 182, 182, -1,
 182, 182, 182, -1, 182, 182, 182, -1, 182, 182, 182, -1,
 182, 182, 182, -1, 182, 182, 182, -1, 182, 182, 182, -1,
 182, 182, 182, -1, 182, 182, 182, -1, 182, 182, 182, -1,
 182, 182, 182, -1, 182, 182, 182, -1, 182, 182, 182, -1,
 182, 182, 182, -1, 182, 182, 182, -1, 182, 182, 182, -1,
 182, 182, 182, -1, 182, 182, 182, -1, 182, 182, 182, -1,
 182, 182, 182, -1, 182, 182, 182, -1, 182, 182, 182, -1,
 182, 182, 182, -1, 182, 182, 182, -1, 182, 182, 182, -1,
 182, 182, 182, -1, 182, 182, 182, -1, 182, 182, 182, -1,
 182, 182, 182, -1, 182, 182, 182, -1, 182, 182, 182, -1,
 182, 182, 182, -1, 182, 182, 182, -1, 182, 182, 182, -1,
 182, 182, 182, -1, 182, 182, 182, -1, 182, 182, 182, -1,
 182, 182, 182, -1, 182, 182, 182, -1, 182, 182, 182, -1,
 182, 182, 182, -1, 182, 182, 182, -1, 182, 182, 182, -1,
 182, 182, 182, -1, 182, 182, 182, -1, 182, 182, 182, -1,
 182, 182, 182, -1, 182, 182, 182, -1, 182, 182, 182, -1,
 182, 182, 182, -1, 182, 182, 182, -1, 182, 182, 182, -1,
 182, 182, 182, -1, 182, 182, 182, -1, 182, 182, 182, -1,
 182, 182, 182, -1, 182, 182, 182, -1, 182, 182, 182, -1,
 182, 182, 182, -1, 182, 182, 182, -1, 182, 182, 182, -1,
 182, 182, 182, -1, 182, 182, 182, -1, 182, 182, 182, -1,
 182, 182, 182, -1, 182, 182, 182, -1, 182, 182, 182, -1,
 182, 182, 182, -1, 182, 182, 182, -1, 182, 182, 182, -1,
 182, 182, 182, -1, 182, 182, 182, -1, 182, 182, 182, -1,
 182, 182, 182, -1, 182, 182, 182, -1, 182, 182, 182, -1,
 182, 182, 182, -1, 182, 182, 182, -1, 182, 182, 182, -1,
 182, 182, 182, -1, 182, 182, 182, -1, 182, 182, 182, -1,
 182, 182, 182, -1, 182, 182, 182, -1, 182, 182, 182, -1,
 182, 182, 182, -1, 182, 182, 182, -1, 182, 182, 182, -1,
 182, 182, 182, -1, 182, 182, 182, -1, 182, 182, 182, -1,
 182, 182, 182, -1, 182, 182, 182, -1, 182, 182, 182, -1,
 182, 182, 182, -1, 182, 182, 182, -1, 182, 182, 182, -1,
 182, 182, 182, -1, 182, 182, 182, -1, 182, 182, 182, -1,
 182, 182, 182, -1, 182, 182, 182, -1, 182, 182, 182, -1,
 182, 182, 182, -1, 182, 182, 182, -1, 182, 182, 182, -1,
 182, 182, 182, -1, 182, 182, 182, -1, 182, 182, 182, -1,
 182, 182, 182, -1, 182, 182, 182, -1, 182, 182, 182, -1,
 182, 182, 182, -1, 182, 182, 182, -1, 182, 182, 182, -1,
 182, 182, 182, -1, 182, 182, 182, -1, 182, 182, 182, -1,
 182, 182, 182, -1, 182, 182, 182, -1, 182, 182, 182, -1,
 182, 182, 182, -1, 182, 182, 182, -1, 182, 182, 182, -1,
 182, 182, 182, -1, 182, 182, 182, -1, 182, 182, 182, -1,
 182, 182, 182, -1, 182, 182, 182, -1, 182, 182, 182, -1,
 182, 182, 182, -1, 182, 182, 182, -1, 182, 182, 182, -1,
 182, 182, 182, -1, 182, 182, 182, -1, 182, 182, 182, -1,
 182, 182, 182, -1, 182, 182, 182, -1, 182, 182, 182, -1,
 182, 182, 182, -1, 182, 182, 182, -1, 182, 182, 182, -1,
 182, 182, 182, -1, 182, 182, 182, -1, 182, 182, 182, -1,
 182, 182, 182, -1, 182, 182, 182, -1, 182, 182, 182, -1,
 182, 182, 182, -1, 182, 182, 182, -1, 182, 182, 182, -1,
 182, 182, 182, -1, 182, 182, 182, -1, 182, 182, 182, -1,
 182, 182, 182, -1, 182, 182, 182, -1, 182, 182, 182, -1,
 182, 182, 182, -1, 182, 182, 182, -1, 182, 182, 182, -1,
 182, 182, 182, -1, 182, 182, 182, -1, 182, 182, 182, -1,
 182, 182, 182, -1, 182, 182, 182, -1, 182, 182, 182, -1,
 182, 182, 182, -1, 182, 182, 182, -1, 182, 182, 182, -1,
 182, 182, 182, -1, 182, 182, 182, -1, 182, 182, 182, -1,
 182, 182, 182, -1, 182, 182, 182, -1, 182, 182, 182, -1,
 182, 182, 182, -1, 182, 182, 182, -1, 182, 182, 182, -1,
 182, 182, 182, -1, 182, 182, 182, -1, 182, 182, 182, -1,
 182, 182, 182, -1, 182, 182, 182, -1, 182, 182, 182, -1,
 182, 182, 182, -1, 182, 182, 182, -1, 182, 182, 182, -1,
 182, 182, 182, -1, 182, 182, 182, -1, 182, 182, 182, -1,
 182, 182, 182, -1, 182, 182, 182, -1, 182, 182, 182, -1,
 182, 182, 182, -1, 182, 182, 182, -1, 182, 182, 182, -1,
 182, 182, 182, -1, 182, 182, 182, -1, 182, 182, 182, -1,
 182, 182, 182, -1, 182, 182, 182, -1, 182, 182, 182, -1,
 182, 182, 182, -1, 182, 182, 182, -1, 182, 182, 182, -1,
 182, 182, 182, -1, 182, 182, 182, -1, 182, 182, 182, -1,
 182, 182, 182, -1, 182, 182, 182, -1, 182, 182, 182, -1,
 182, 182, 182, -1, 182, 182, 182, -1, 182, 182, 182, -1,
 182, 182, 182, -1, 182, 182, 182, -1, 182, 182, 182, -1,
 182, 182, 182, -1, 182, 182, 182, -1, 182, 182, 182, -1,
 182, 182, 182, -1, 182, 182, 182, -1, 182, 182, 182, -1,
 182, 182, 182, -1, 182, 182, 182, -1, 182, 182, 182, -1,
 182, 182, 182, -1, 182, 182, 182, -1, 182, 182, 182, -1,
 182, 182, 182, -1, 182, 182, 182, -1, 182, 182, 182, -1,
 182, 182, 182, -1, 182, 182, 182, -1, 182, 182, 182, -1,
 182, 182, 182, -1, 182, 182, 182, -1, 182, 182, 182, -1,
 182, 182, 182, -1, 182, 182, 182, -1, 182, 182, 182, -1,
 182, 182, 182, -1, 182, 182, 182, -1, 182, 182, 182, -1,
 182, 182, 182, -1, 182, 182, 182, -1, 182, 182, 182, -1,
 182, 182, 182, -1, 182, 182, 182, -1, 182, 182, 182, -1,
 182, 182, 182, -1, 182, 182, 182, -1, 182, 182, 182, -1,
 182, 182, 182, -1, 182, 182, 182, -1, 182, 182, 182, -1,
 182, 182, 182, -1, 182, 182, 182, -1, 182, 182, 182, -1,
 182, 182, 182, -1, 182, 182, 182, -1, 182, 182, 182, -1,
 182, 182, 182, -1, 182, 182, 182, -1, 182, 182, 182, -1,
 182, 182, 182, -1, 182, 182, 182, -1, 182, 182, 182, -1,
 182, 182, 182, -1, 182, 182, 182, -1, 182, 182, 182, -1,
 182, 182, 182, -1, 182, 182, 182, -1, 182, 182, 182, -1,
 182, 182, 182, -1, 182, 182, 182, -1, 182, 182, 182, -1,
 182, 182, 182, -1, 182, 182, 182, -1, 182, 182, 182, -1,
 182, 182, 182, -1, 182, 182, 182, -1, 182, 182, 182, -1,
 182, 182, 182, -1, 182, 182, 182, -1, 182, 182, 182, -1,
 182, 182, 182, -1, 182, 182, 182, -1, 182, 182, 182, -1,
 182, 182, 182, -1, 182, 182, 182, -1, 182, 182, 182, -1,
 182, 182, 182, -1, 182, 182, 182, -1, 182, 182, 182, -1,
 182, 182, 182, -1, 182, 182, 182, -1, 182, 182, 182, -1,
 182, 182, 182, -1, 182, 182, 182, -1, 182, 182, 182, -1,
 182, 182, 182, -1, 182, 182, 182, -1, 182, 182, 182, -1,
 182, 182, 182, -1, 182, 182, 182, -1, 182, 182, 182, -1,
 182, 182, 182, -1, 182, 182, 182, -1, 182, 182, 182, -1,
 182, 182, 182, -1, 182, 182, 182, -1, 182, 182, 182, -1,
 182, 182, 182, -1, 182, 182, 182, -1, 182, 182, 182, -1,
 182, 182, 182, -1, 182, 182, 182, -1, 182, 182, 182, -1,
 182, 182, 182, -1, 182, 182, 182, -1, 182, 182, 182, -1,
 182, 182, 182, -1, 182, 182, 182, -1, 182, 182, 182, -1,
 182, 182, 182, -1, 182, 182, 182, -1, 182, 182, 182, -1,
 182, 182, 182, -1, 182, 182, 182, -1, 182, 182, 182, -1,
 182, 182, 182, -1, 182, 182, 182, -1, 182, 182, 182, -1,
 180, 180, 151, -1, 151, 180, 151, -1, 151, 151, 118, -1,
 118, 151, 118, -1, 118, 118, 89, -1, 89, 118, 89, -1,
 89, 89, 60, -1, 60, 89, 60, -1, 60, 60, 28, -1,
 28, 60, 28, -1, 28, 28, 0, -1, 0, 28, 0, -1,
 0, 0, 29, -1, 29, 0, 29, -1, 29, 29, 61, -1,
 61, 29, 61, -1, 61, 61, 90, -1, 90, 61, 90, -1,
 90, 90, 119, -1, 119, 90, 119, -1, 119, 119, 152, -1,
 152, 119, 152, -1, 152, 152, 181, -1, 181, 152, 181, -1,
 180, 180, 151, -1, 151, 180, 151, -1, 151, 151, 118, -1,
 118, 151, 118, -1, 118, 118, 89, -1, 89, 118, 89, -1,
 89, 89, 60, -1, 60, 89, 60, -1, 60, 60, 28, -1,
 28, 60, 28, -1, 28, 28, 0, -1, 0, 28, 0, -1,
 0, 0, 29, -1, 29, 0, 29, -1, 29, 29, 61, -1,
 61, 29, 61, -1, 61, 61, 90, -1, 90, 61, 90, -1,
 90, 90, 119, -1, 119, 90, 119, -1, 119, 119, 152, -1,
 152, 119, 152, -1, 152, 152, 181, -1, 181, 152, 181, -1,
 180, 180, 151, -1, 151, 180, 151, -1, 151, 151, 118, -1,
 118, 151, 118, -1, 118, 118, 89, -1, 89, 118, 89, -1,
 89, 89, 60, -1, 60, 89, 60, -1, 60, 60, 28, -1,
 28, 60, 28, -1, 28, 28, 0, -1, 0, 28, 0, -1,
 0, 0, 29, -1, 29, 0, 29, -1, 29, 29, 61, -1,
 61, 29, 61, -1, 61, 61, 90, -1, 90, 61, 90, -1,
 90, 90, 119, -1, 119, 90, 119, -1, 119, 119, 152, -1,
 152, 119, 152, -1, 152, 152, 181, -1, 181, 152, 181, -1,
 180, 180, 151, -1, 151, 180, 151, -1, 151, 151, 118, -1,
 118, 151, 118, -1, 118, 118, 89, -1, 89, 118, 89, -1,
 89, 89, 60, -1, 60, 89, 60, -1, 60, 60, 28, -1,
 28, 60, 28, -1, 28, 28, 0, -1, 0, 28, 0, -1,
 0, 0, 29, -1, 29, 0, 29, -1, 29, 29, 61, -1,
 61, 29, 61, -1, 61, 61, 90, -1, 90, 61, 90, -1,
 90, 90, 119, -1, 119, 90, 119, -1, 119, 119, 152, -1,
 152, 119, 152, -1, 152, 152, 181, -1, 181, 152, 181, -1,
 15, 7, 15, -1, 15, 7, 7, -1, 93, 93, 113, -1,
 93, 113, 113, -1, 113, 113, 133, -1, 113, 133, 133, -1,
 133, 133, 153, -1, 133, 153, 153, -1, 153, 153, 173, -1,
 153, 173, 173, -1, 173, 173, 185, -1, 173, 185, 185, -1,
 3, 3, 9, -1, 3, 9, 9, -1, 9, 9, 19, -1,
 9, 19, 19, -1, 166, 166, 145, -1, 166, 145, 145, -1,
 145, 145, 127, -1, 145, 127, 127, -1, 127, 127, 111, -1,
 111, 127, 108, -1, 111, 108, 108, -1, 108, 108, 87, -1,
 108, 87, 87, -1, 87, 87, 70, -1, 87, 70, 70, -1,
 32, 37, 32, -1, 32, 37, 37, -1, 143, 143, 164, -1,
 143, 164, 164, -1, 164, 164, 178, -1, 164, 178, 178, -1,
 178, 178, 196, -1, 178, 196, 196, -1, 196, 196, 215, -1,
 196, 215, 215, -1, 215, 215, 235, -1, 215, 235, 235, -1,
 50, 50, 61, -1, 50, 61, 61, -1, 61, 61, 69, -1,
 61, 69, 69, -1, 115, 115, 95, -1, 115, 95, 95, -1,
 95, 95, 80, -1, 95, 80, 80, -1, 80, 80, 59, -1,
 80, 59, 59, -1, 59, 59, 38, -1, 59, 38, 38, -1,
 38, 38, 20, -1, 38, 20, 20, -1, 82, 86, 82, -1,
 82, 86, 86, -1, 187, 187, 206, -1, 187, 206, 206, -1,
 206, 206, 226, -1, 206, 226, 226, -1, 226, 226, 247, -1,
 226, 247, 247, -1, 247, 247, 267, -1, 247, 267, 267, -1,
 267, 267, 284, -1, 267, 284, 284, -1, 99, 99, 109, -1,
 99, 109, 109, -1, 109, 109, 116, -1, 109, 116, 116, -1,
 66, 66, 48, -1, 66, 48, 48, -1, 48, 48, 30, -1,
 48, 30, 30, -1, 30, 30, 8, -1, 30, 8, 8, -1,
 8, 8, 6, -1, 8, 6, 6, -1, 6, 6, 23, -1,
 6, 23, 23, -1, 132, 139, 132, -1, 132, 139, 139, -1,
 239, 239, 257, -1, 239, 257, 257, -1, 257, 257, 276, -1,
 257, 276, 276, -1, 276, 276, 296, -1, 276, 296, 296, -1,
 296, 296, 312, -1, 296, 312, 312, -1, 312, 312, 332, -1,
 312, 332, 332, -1, 147, 147, 148, -1, 148, 147, 160, -1,
 148, 160, 160, -1, 160, 160, 171, -1, 160, 171, 171, -1,
 18, 18, 1, -1, 18, 1, 1, -1, 1, 1, 17, -1,
 1, 17, 17, -1, 17, 17, 35, -1, 17, 35, 35, -1,
 35, 35, 57, -1, 35, 57, 57, -1, 57, 57, 73, -1,
 57, 73, 73, -1, 177, 184, 177, -1, 177, 184, 184, -1,
 288, 288, 304, -1, 288, 304, 304, -1, 304, 304, 324, -1,
 304, 324, 324, -1, 324, 324, 342, -1, 324, 342, 342, -1,
 342, 342, 358, -1, 342, 358, 358, -1, 358, 358, 341, -1,
 358, 341, 341, -1, 190, 190, 200, -1, 190, 200, 200, -1,
 200, 200, 212, -1, 200, 212, 212, -1, 27, 27, 47, -1,
 27, 47, 47, -1, 47, 47, 65, -1, 47, 65, 65, -1,
 65, 65, 85, -1, 65, 85, 85, -1, 85, 85, 104, -1,
 85, 104, 104, -1, 104, 104, 122, -1, 104, 122, 122, -1,
 222, 229, 222, -1, 222, 229, 229, -1, 336, 336, 353, -1,
 336, 353, 353, -1, 353, 353, 351, -1, 353, 351, 351, -1,
 351, 351, 329, -1, 351, 329, 329, -1, 329, 329, 311, -1,
 329, 311, 311, -1, 311, 311, 295, -1, 311, 295, 295, -1,
 245, 245, 252, -1, 245, 252, 252, -1, 252, 252, 262, -1,
 252, 262, 262, -1, 77, 77, 94, -1, 77, 94, 94, -1,
 94, 94, 114, -1, 94, 114, 114, -1, 114, 114, 135, -1,
 114, 135, 135, -1, 135, 135, 154, -1, 135, 154, 154, -1,
 154, 154, 174, -1, 154, 174, 174, -1, 275, 279, 275, -1,
 275, 279, 279, -1, 339, 339, 321, -1, 339, 321, 321, -1,
 321, 321, 302, -1, 321, 302, 302, -1, 302, 302, 281, -1,
 302, 281, 281, -1, 281, 281, 266, -1, 281, 266, 266, -1,
 266, 266, 246, -1, 266, 246, 246, -1, 292, 292, 301, -1,
 292, 301, 301, -1, 301, 301, 309, -1, 301, 309, 309, -1,
 126, 126, 144, -1, 126, 144, 144, -1, 144, 144, 165, -1,
 144, 165, 165, -1, 165, 165, 183, -1, 165, 183, 183, -1,
 183, 183, 197, -1, 183, 197, 197, -1, 197, 197, 216, -1,
 197, 216, 216, -1, 322, 327, 322, -1, 322, 327, 327, -1,
 291, 291, 274, -1, 291, 274, 274, -1, 274, 274, 253, -1,
 274, 253, 253, -1, 253, 253, 250, -1, 250, 253, 234, -1,
 250, 234, 234, -1, 234, 234, 214, -1, 234, 214, 214, -1,
 214, 214, 195, -1, 214, 195, 195, -1, 340, 340, 350, -1,
 340, 350, 350, -1, 350, 350, 356, -1, 350, 356, 356, -1,
 176, 176, 188, -1, 176, 188, 188, -1, 188, 188, 207, -1,
 188, 207, 207, -1, 207, 207, 228, -1, 207, 228, 228, -1,
 228, 228, 248, -1, 228, 248, 248, -1, 248, 248, 268, -1,
 248, 268, 268, -1, 352, 344, 352, -1, 352, 344, 344, -1,
 244, 244, 225, -1, 244, 225, 225, -1, 225, 225, 210, -1,
 225, 210, 210, -1, 210, 210, 193, -1, 210, 193, 193, -1,
 193, 193, 180, -1, 193, 180, 180, -1, 333, 333, 325, -1,
 333, 325, 325, -1, 325, 325, 314, -1, 325, 314, 314, -1,
 221, 221, 240, -1, 221, 240, 240, -1, 240, 240, 260, -1,
 240, 260, 260, -1, 260, 260, 278, -1, 260, 278, 278, -1,
 278, 278, 297, -1, 278, 297, 297, -1, 297, 297, 313, -1,
 297, 313, 313, -1, 303, 298, 303, -1, 303, 298, 298, -1,
 189, 180, 189, -1, 189, 180, 180, -1, 287, 287, 277, -1,
 287, 277, 277, -1, 277, 277, 269, -1, 277, 269, 269, -1,
 270, 270, 289, -1, 270, 289, 289, -1, 289, 289, 305, -1,
 289, 305, 305, -1, 305, 305, 326, -1, 305, 326, 326, -1,
 326, 326, 343, -1, 326, 343, 343, -1, 343, 343, 357, -1,
 343, 357, 357, -1, 256, 249, 256, -1, 256, 249, 249, -1,
 146, 146, 128, -1, 146, 128, 128, -1, 128, 128, 110, -1,
 128, 110, 110, -1, 110, 110, 88, -1, 110, 88, 88, -1,
 88, 88, 71, -1, 88, 71, 71, -1, 71, 71, 55, -1,
 71, 55, 55, -1, 238, 238, 227, -1, 238, 227, 227, -1,
 227, 227, 217, -1, 227, 217, 217, -1, 317, 317, 337, -1,
 317, 337, 337, -1, 337, 337, 354, -1, 337, 354, 354, -1,
 354, 354, 349, -1, 354, 349, 349, -1, 349, 349, 328, -1,
 349, 328, 328, -1, 328, 328, 310, -1, 328, 310, 310, -1,
 203, 199, 203, -1, 203, 199, 199, -1, 98, 98, 81, -1,
 98, 81, 81, -1, 81, 81, 62, -1, 81, 62, 62, -1,
 62, 62, 41, -1, 62, 41, 41, -1, 41, 41, 21, -1,
 41, 21, 21, -1, 21, 21, 4, -1, 21, 4, 4, -1,
 186, 180, 186, -1, 186, 180, 180, -1, 355, 355, 338, -1,
 355, 338, 338, -1, 338, 338, 318, -1, 338, 318, 318, -1,
 318, 318, 299, -1, 318, 299, 299, -1, 299, 299, 280, -1,
 299, 280, 280, -1, 280, 280, 263, -1, 280, 263, 263, -1,
 162, 162, 161, -1, 161, 162, 157, -1, 161, 157, 157, -1,
 49, 49, 31, -1, 49, 31, 31, -1, 31, 31, 10, -1,
 31, 10, 10, -1, 10, 10, 5, -1, 10, 5, 5, -1,
 5, 5, 22, -1, 5, 22, 22, -1, 22, 22, 42, -1,
 22, 42, 42, -1, 142, 142, 134, -1, 142, 134, 134, -1,
 134, 134, 123, -1, 134, 123, 123, -1, 306, 306, 290, -1,
 306, 290, 290, -1, 290, 290, 273, -1, 290, 273, 273, -1,
 273, 273, 251, -1, 273, 251, 251, -1, 251, 251, 233, -1,
 251, 233, 233, -1, 233, 233, 213, -1, 233, 213, 213, -1,
 112, 105, 112, -1, 112, 105, 105, -1, 2, 2, 16, -1,
 2, 16, 16, -1, 16, 16, 33, -1, 16, 33, 33, -1,
 33, 33, 56, -1, 33, 56, 56, -1, 56, 56, 72, -1,
 56, 72, 72, -1, 72, 72, 91, -1, 72, 91, 91, -1,
 92, 92, 84, -1, 92, 84, 84, -1, 84, 84, 74, -1,
 84, 74, 74, -1, 261, 261, 241, -1, 261, 241, 241, -1,
 241, 241, 220, -1, 241, 220, 220, -1, 220, 220, 198, -1,
 220, 198, 198, -1, 198, 198, 180, -1, 198, 180, 180, -1,
 63, 58, 63, -1, 63, 58, 58, -1, 46, 46, 64, -1,
 46, 64, 64, -1, 64, 64, 83, -1, 64, 83, 83, -1,
 83, 83, 101, -1, 83, 101, 101, -1, 101, 101, 121, -1,
 101, 121, 121, -1, 121, 121, 140, -1, 121, 140, 140, -1,
 45, 45, 34, -1, 45, 34, 34, -1, 34, 34, 26, -1,
 34, 26, 26, -1, 211, 211, 194, -1, 211, 194, 194, -1,
 194, 194, 180, -1, 194, 180, 180, -1, 179, 179, 179, -1,
 179, 179, 179, -1, 179, 179, 179, -1, 179, 179, 179, -1,
 179, 179, 179, -1, 179, 179, 179, -1, 179, 179, 179, -1,
 179, 179, 179, -1, 179, 179, 179, -1, 179, 179, 179, -1,
 179, 179, 179, -1, 179, 179, 179, -1, 179, 179, 179, -1,
 179, 179, 179, -1, 179, 179, 179, -1, 179, 179, 179, -1,
 179, 179, 179, -1, 179, 179, 179, -1, 179, 179, 179, -1,
 179, 179, 179, -1, 179, 179, 179, -1, 179, 179, 179, -1,
 179, 179, 179, -1, 179, 179, 179, -1, 179, 179, 179, -1,
 179, 179, 179, -1, 179, 179, 179, -1, 179, 179, 179, -1,
 179, 179, 179, -1, 179, 179, 179, -1, 179, 179, 179, -1,
 179, 179, 179, -1, 179, 179, 179, -1, 179, 179, 179, -1,
 179, 179, 179, -1, 179, 179, 179, -1, 179, 179, 179, -1,
 179, 179, 179, -1, 179, 179, 179, -1, 179, 179, 179, -1,
 179, 179, 179, -1, 179, 179, 179, -1, 179, 179, 179, -1,
 179, 179, 179, -1, 179, 179, 179, -1, 179, 179, 179, -1,
 179, 179, 179, -1, 179, 179, 179, -1, 179, 179, 179, -1,
 179, 179, 179, -1, 179, 179, 179, -1, 179, 179, 179, -1,
 179, 179, 179, -1, 179, 179, 179, -1, 179, 179, 179, -1,
 179, 179, 179, -1, 179, 179, 179, -1, 179, 179, 179, -1,
 179, 179, 179, -1, 179, 179, 179, -1, 179, 179, 179, -1,
 179, 179, 179, -1, 179, 179, 179, -1, 179, 179, 179, -1,
 179, 179, 179, -1, 179, 179, 179, -1, 179, 179, 179, -1,
 179, 179, 179, -1, 179, 179, 179, -1, 179, 179, 179, -1,
 179, 179, 179, -1, 179, 179, 179, -1, 179, 179, 179, -1,
 179, 179, 179, -1, 179, 179, 179, -1, 179, 179, 179, -1,
 179, 179, 179, -1, 179, 179, 179, -1, 179, 179, 179, -1,
 179, 179, 179, -1, 179, 179, 179, -1, 179, 179, 179, -1,
 179, 179, 179, -1, 179, 179, 179, -1, 179, 179, 179, -1,
 179, 179, 179, -1, 179, 179, 179, -1, 179, 179, 179, -1,
 179, 179, 179, -1, 179, 179, 179, -1, 179, 179, 179, -1,
 179, 179, 179, -1, 179, 179, 179, -1, 179, 179, 179, -1,
 179, 179, 179, -1, 179, 179, 179, -1, 179, 179, 179, -1,
 179, 179, 179, -1, 179, 179, 179, -1, 179, 179, 179, -1,
 179, 179, 179, -1, 179, 179, 179, -1, 179, 179, 179, -1,
 179, 179, 179, -1, 179, 179, 179, -1, 179, 179, 179, -1,
 179, 179, 179, -1, 179, 179, 179, -1, 179, 179, 179, -1,
 179, 179, 179, -1, 179, 179, 179, -1, 179, 179, 179, -1,
 179, 179, 179, -1, 179, 179, 179, -1, 179, 179, 179, -1,
 179, 179, 179, -1, 179, 179, 179, -1, 179, 179, 179, -1,
 179, 179, 179, -1, 179, 179, 179, -1, 179, 179, 179, -1,
 179, 179, 179, -1, 179, 179, 179, -1, 179, 179, 179, -1,
 179, 179, 179, -1, 179, 179, 179, -1, 179, 179, 179, -1,
 179, 179, 179, -1, 179, 179, 179, -1, 179, 179, 179, -1,
 179, 179, 179, -1, 179, 179, 179, -1, 179, 179, 179, -1,
 179, 179, 179, -1, 179, 179, 179, -1, 179, 179, 179, -1,
 179, 179, 179, -1, 179, 179, 179, -1, 179, 179, 179, -1,
 179, 179, 179, -1, 179, 179, 179, -1, 179, 179, 179, -1,
 179, 179, 179, -1, 179, 179, 179, -1, 179, 179, 179, -1,
 179, 179, 179, -1, 179, 179, 179, -1, 179, 179, 179, -1,
 179, 179, 179, -1, 179, 179, 179, -1, 179, 179, 179, -1,
 179, 179, 179, -1, 179, 179, 179, -1, 179, 179, 179, -1,
 179, 179, 179, -1, 179, 179, 179, -1, 179, 179, 179, -1,
 179, 179, 179, -1, 179, 179, 179, -1, 179, 179, 179, -1,
 179, 179, 179, -1, 179, 179, 179, -1, 179, 179, 179, -1,
 179, 179, 179, -1, 179, 179, 179, -1, 179, 179, 179, -1,
 179, 179, 179, -1, 179, 179, 179, -1, 179, 179, 179, -1,
 179, 179, 179, -1, 179, 179, 179, -1, 179, 179, 179, -1,
 179, 179, 179, -1, 179, 179, 179, -1, 179, 179, 179, -1,
 179, 179, 179, -1, 179, 179, 179, -1, 179, 179, 179, -1,
 179, 179, 179, -1, 179, 179, 179, -1, 179, 179, 179, -1,
 179, 179, 179, -1, 179, 179, 179, -1, 179, 179, 179, -1,
 179, 179, 179, -1, 179, 179, 179, -1, 179, 179, 179, -1,
 179, 179, 179, -1, 179, 179, 179, -1, 179, 179, 179, -1,
 179, 179, 179, -1, 179, 179, 179, -1, 179, 179, 179, -1,
 179, 179, 179, -1, 179, 179, 179, -1, 179, 179, 179, -1,
 179, 179, 179, -1, 179, 179, 179, -1, 179, 179, 179, -1,
 179, 179, 179, -1, 179, 179, 179, -1, 179, 179, 179, -1,
 179, 179, 179, -1, 179, 179, 179, -1, 179, 179, 179, -1,
 179, 179, 179, -1, 179, 179, 179, -1, 179, 179, 179, -1,
 179, 179, 179, -1, 179, 179, 179, -1, 179, 179, 179, -1,
 179, 179, 179, -1, 179, 179, 179, -1, 179, 179, 179, -1,
 179, 179, 179, -1, 179, 179, 179, -1, 179, 179, 179, -1,
 179, 179, 179, -1, 179, 179, 179, -1, 179, 179, 179, -1,
 179, 179, 179, -1, 179, 179, 179, -1, 179, 179, 179, -1,
 179, 179, 179, -1, 179, 179, 179, -1, 179, 179, 179, -1,
 179, 179, 179, -1, 179, 179, 179, -1, 179, 179, 179, -1,
 179, 179, 179, -1, 179, 179, 179, -1, 179, 179, 179, -1,
 179, 179, 179, -1, 179, 179, 179, -1, 179, 179, 179, -1,
 179, 179, 179, -1, 179, 179, 179, -1, 179, 179, 179, -1,
 179, 179, 179, -1, 179, 179, 179, -1, 179, 179, 179, -1,
 179, 179, 179, -1, 179, 179, 179, -1, 179, 179, 179, -1,
 179, 179, 179, -1, 181, 181, 170, -1, 170, 181, 170, -1,
 170, 170, 152, -1, 152, 170, 152, -1, 152, 152, 138, -1,
 138, 152, 138, -1, 138, 138, 119, -1, 119, 138, 119, -1,
 119, 119, 107, -1, 107, 119, 107, -1, 107, 107, 90, -1,
 90, 107, 90, -1, 90, 90, 76, -1, 76, 90, 76, -1,
 76, 76, 61, -1, 61, 76, 61, -1, 61, 61, 44, -1,
 44, 61, 44, -1, 44, 44, 29, -1, 29, 44, 29, -1,
 29, 29, 14, -1, 14, 29, 14, -1, 14, 14, 0, -1,
 0, 14, 0, -1, 0, 0, 13, -1, 13, 0, 13, -1,
 13, 13, 28, -1, 28, 13, 28, -1, 28, 28, 36, -1,
 36, 28, 43, -1, 180, 180, 169, -1, 169, 180, 169, -1,
 169, 169, 151, -1, 151, 169, 151, -1, 151, 151, 137, -1,
 137, 151, 137, -1, 137, 137, 118, -1, 118, 137, 118, -1,
 118, 118, 106, -1, 106, 118, 106, -1, 106, 106, 89, -1,
 89, 106, 89, -1, 89, 89, 75, -1, 75, 89, 75, -1,
 75, 75, 60, -1, 60, 75, 60, -1, 60, 60, 43, -1,
 43, 60, 43, -1, 43, 43, 36, -1, 179, 179, 179, -1,
 179, 179, 179, -1, 179, 179, 179, -1, 179, 179, 179, -1,
 179, 179, 179, -1, 179, 179, 179, -1, 179, 179, 179, -1,
 179, 179, 179, -1, 179, 179, 179, -1, 179, 179, 179, -1,
 179, 179, 179, -1, 179, 179, 179, -1, 179, 179, 179, -1,
 179, 179, 179, -1, 179, 179, 179, -1, 179, 179, 179, -1,
 179, 179, 179, -1, 179, 179, 179, -1, 179, 179, 179, -1,
 179, 179, 179, -1, 179, 179, 179, -1, 179, 179, 179, -1,
 179, 179, 179, -1, 179, 179, 179, -1, 179, 179, 179, -1,
 179, 179, 179, -1, 179, 179, 179, -1, 179, 179, 179, -1,
 179, 179, 179, -1, 179, 179, 179, -1, 179, 179, 179, -1,
 179, 179, 179, -1, 179, 179, 179, -1, 179, 179, 179, -1,
 179, 179, 179, -1, 179, 179, 179, -1, 179, 179, 179, -1,
 179, 179, 179, -1, 179, 179, 179, -1, 179, 179, 179, -1,
 179, 179, 179, -1, 179, 179, 179, -1, 179, 179, 179, -1,
 179, 179, 179, -1, 179, 179, 179, -1, 179, 179, 179, -1,
 179, 179, 179, -1, 179, 179, 179, -1, 179, 179, 179, -1,
 179, 179, 179, -1, 179, 179, 179, -1, 179, 179, 179, -1,
 179, 179, 179, -1, 179, 179, 179, -1, 179, 179, 179, -1,
 179, 179, 179, -1, 179, 179, 179, -1, 179, 179, 179, -1,
 179, 179, 179, -1, 179, 179, 179, -1, 179, 179, 179, -1,
 179, 179, 179, -1, 179, 179, 179, -1, 179, 179, 179, -1,
 179, 179, 179, -1, 179, 179, 179, -1, 179, 179, 179, -1,
 179, 179, 179, -1, 179, 179, 179, -1, 179, 179, 179, -1,
 179, 179, 179, -1, 179, 179, 179, -1, 179, 179, 179, -1,
 179, 179, 179, -1, 179, 179, 179, -1, 179, 179, 179, -1,
 179, 179, 179, -1, 179, 179, 179, -1, 179, 179, 179, -1,
 179, 179, 179, -1, 179, 179, 179, -1, 179, 179, 179, -1,
 179, 179, 179, -1, 179, 179, 179, -1, 179, 179, 179, -1,
 179, 179, 179, -1, 179, 179, 179, -1, 179, 179, 179, -1,
 179, 179, 179, -1, 179, 179, 179, -1, 179, 179, 179, -1,
 179, 179, 179, -1, 179, 179, 179, -1, 179, 179, 179, -1,
 179, 179, 179, -1, 179, 179, 179, -1, 179, 179, 179, -1,
 179, 179, 179, -1, 179, 179, 179, -1, 179, 179, 179, -1,
 179, 179, 179, -1, 179, 179, 179, -1, 179, 179, 179, -1,
 179, 179, 179, -1, 179, 179, 179, -1, 179, 179, 179, -1,
 179, 179, 179, -1, 179, 179, 179, -1, 179, 179, 179, -1,
 179, 179, 179, -1, 179, 179, 179, -1, 179, 179, 179, -1,
 179, 179, 179, -1, 179, 179, 179, -1, 179, 179, 179, -1,
 179, 179, 179, -1, 179, 179, 179, -1, 179, 179, 179, -1,
 179, 179, 179, -1, 179, 179, 179, -1, 179, 179, 179, -1,
 179, 179, 179, -1, 179, 179, 179, -1, 179, 179, 179, -1,
 179, 179, 179, -1, 179, 179, 179, -1, 179, 179, 179, -1,
 179, 179, 179, -1, 179, 179, 179, -1, 179, 179, 179, -1,
 179, 179, 179, -1, 179, 179, 179, -1, 179, 179, 179, -1,
 179, 179, 179, -1, 179, 179, 179, -1, 179, 179, 179, -1,
 179, 179, 179, -1, 179, 179, 179, -1, 179, 179, 179, -1,
 179, 179, 179, -1, 179, 179, 179, -1, 179, 179, 179, -1,
 179, 179, 179, -1, 179, 179, 179, -1, 179, 179, 179, -1,
 179, 179, 179, -1, 179, 179, 179, -1, 179, 179, 179, -1,
 179, 179, 179, -1, 179, 179, 179, -1, 179, 179, 179, -1,
 179, 179, 179, -1, 179, 179, 179, -1, 179, 179, 179, -1,
 179, 179, 179, -1, 179, 179, 179, -1, 179, 179, 179, -1,
 179, 179, 179, -1, 179, 179, 179, -1, 179, 179, 179, -1,
 179, 179, 179, -1, 179, 179, 179, -1, 179, 179, 179, -1,
 179, 179, 179, -1, 179, 179, 179, -1, 179, 179, 179, -1,
 179, 179, 179, -1, 179, 179, 179, -1, 179, 179, 179, -1,
 179, 179, 179, -1, 179, 179, 179, -1, 179, 179, 179, -1,
 179, 179, 179, -1, 179, 179, 179, -1, 179, 179, 179, -1,
 179, 179, 179, -1, 179, 179, 179, -1, 179, 179, 179, -1,
 179, 179, 179, -1, 179, 179, 179, -1, 179, 179, 179, -1,
 179, 179, 179, -1, 180, 180, 151, -1, 151, 180, 151, -1,
 151, 151, 118, -1, 118, 151, 118, -1, 118, 118, 89, -1,
 89, 118, 89, -1, 89, 89, 60, -1, 60, 89, 60, -1,
 60, 60, 28, -1, 28, 60, 28, -1, 28, 28, 0, -1,
 0, 28, 0, -1, 0, 0, 29, -1, 29, 0, 29, -1,
 29, 29, 61, -1, 61, 29, 61, -1, 61, 61, 90, -1,
 90, 61, 90, -1, 90, 90, 119, -1, 119, 90, 119, -1,
 119, 119, 152, -1, 152, 119, 152, -1, 152, 152, 181, -1,
 181, 152, 181, -1, 182, 182, 182, -1, 182, 182, 182, -1,
 182, 182, 182, -1, 182, 182, 182, -1, 182, 182, 182, -1,
 182, 182, 182, -1, 182, 182, 182, -1, 182, 182, 182, -1,
 182, 182, 182, -1, 182, 182, 182, -1, 182, 182, 182, -1,
 182, 182, 182, -1, 182, 182, 182, -1, 182, 182, 182, -1,
 182, 182, 182, -1, 182, 182, 182, -1, 182, 182, 182, -1,
 182, 182, 182, -1, 182, 182, 182, -1, 182, 182, 182, -1,
 182, 182, 182, -1, 182, 182, 182, -1, 182, 182, 182, -1,
 182, 182, 182, -1, 182, 182, 182, -1, 182, 182, 182, -1,
 182, 182, 182, -1, 182, 182, 182, -1, 182, 182, 182, -1,
 182, 182, 182, -1, 182, 182, 182, -1, 182, 182, 182, -1,
 182, 182, 182, -1, 182, 182, 182, -1, 182, 182, 182, -1,
 182, 182, 182, -1, 182, 182, 182, -1, 182, 182, 182, -1,
 182, 182, 182, -1, 182, 182, 182, -1, 182, 182, 182, -1,
 182, 182, 182, -1, 182, 182, 182, -1, 182, 182, 182, -1,
 182, 182, 182, -1, 182, 182, 182, -1, 182, 182, 182, -1,
 182, 182, 182, -1, 182, 182, 182, -1, 182, 182, 182, -1,
 180, 180, 155, -1, 155, 180, 155, -1, 155, 155, 124, -1,
 124, 155, 124, -1, 124, 124, 96, -1, 96, 124, 96, -1,
 96, 96, 67, -1, 67, 96, 67, -1, 67, 67, 39, -1,
 39, 67, 39, -1, 39, 39, 11, -1, 11, 39, 11, -1,
 11, 11, 12, -1, 12, 11, 12, -1, 12, 12, 40, -1,
 40, 12, 40, -1, 40, 40, 68, -1, 68, 40, 68, -1,
 68, 68, 97, -1, 97, 68, 97, -1, 97, 97, 125, -1,
 125, 97, 125, -1, 125, 125, 156, -1, 156, 125, 156, -1,
 156, 156, 181, -1, 181, 156, 181, -1, 182, 182, 182, -1,
 182, 182, 182, -1, 182, 182, 182, -1, 182, 182, 182, -1,
 182, 182, 182, -1, 182, 182, 182, -1, 182, 182, 182, -1,
 182, 182, 182, -1, 182, 182, 182, -1, 182, 182, 182, -1,
 182, 182, 182, -1, 182, 182, 182, -1, 182, 182, 182, -1,
 182, 182, 182, -1, 182, 182, 182, -1, 182, 182, 182, -1,
 182, 182, 182, -1, 182, 182, 182, -1, 182, 182, 182, -1,
 182, 182, 182, -1, 182, 182, 182, -1, 182, 182, 182, -1,
 182, 182, 182, -1, 182, 182, 182, -1, 182, 182, 182, -1,
 182, 182, 182, -1, 182, 182, 182, -1, 182, 182, 182, -1,
 182, 182, 182, -1, 182, 182, 182, -1, 182, 182, 182, -1,
 182, 182, 182, -1, 182, 182, 182, -1, 182, 182, 182, -1,
 182, 182, 182, -1, 182, 182, 182, -1, 182, 182, 182, -1,
 182, 182, 182, -1, 182, 182, 182, -1, 182, 182, 182, -1,
 182, 182, 182, -1, 182, 182, 182, -1, 182, 182, 182, -1,
 182, 182, 182, -1, 182, 182, 182, -1, 182, 182, 182, -1,
 182, 182, 182, -1, 182, 182, 182, -1, 182, 182, 182, -1,
 182, 182, 182, -1, 180, 180, 155, -1, 155, 180, 155, -1,
 155, 155, 124, -1, 124, 155, 124, -1, 124, 124, 96, -1,
 96, 124, 96, -1, 96, 96, 67, -1, 67, 96, 67, -1,
 67, 67, 39, -1, 39, 67, 39, -1, 39, 39, 11, -1,
 11, 39, 11, -1, 11, 11, 12, -1, 12, 11, 12, -1,
 12, 12, 40, -1, 40, 12, 40, -1, 40, 40, 68, -1,
 68, 40, 68, -1, 68, 68, 97, -1, 97, 68, 97, -1,
 97, 97, 125, -1, 125, 97, 125, -1, 125, 125, 156, -1,
 156, 125, 156, -1, 156, 156, 181, -1, 181, 156, 181, -1,
 182, 182, 182, -1, 182, 182, 182, -1, 182, 182, 182, -1,
 182, 182, 182, -1, 182, 182, 182, -1, 182, 182, 182, -1,
 182, 182, 182, -1, 182, 182, 182, -1, 182, 182, 182, -1,
 182, 182, 182, -1, 182, 182, 182, -1, 182, 182, 182, -1,
 182, 182, 182, -1, 182, 182, 182, -1, 182, 182, 182, -1,
 182, 182, 182, -1, 182, 182, 182, -1, 182, 182, 182, -1,
 182, 182, 182, -1, 182, 182, 182, -1, 182, 182, 182, -1,
 182, 182, 182, -1, 182, 182, 182, -1, 182, 182, 182, -1,
 182, 182, 182, -1, 182, 182, 182, -1, 182, 182, 182, -1,
 182, 182, 182, -1, 182, 182, 182, -1, 182, 182, 182, -1,
 182, 182, 182, -1, 182, 182, 182, -1, 182, 182, 182, -1,
 182, 182, 182, -1, 182, 182, 182, -1, 182, 182, 182, -1,
 182, 182, 182, -1, 182, 182, 182, -1, 182, 182, 182, -1,
 182, 182, 182, -1, 182, 182, 182, -1, 182, 182, 182, -1,
 182, 182, 182, -1, 182, 182, 182, -1, 182, 182, 182, -1,
 182, 182, 182, -1, 182, 182, 182, -1, 182, 182, 182, -1,
 182, 182, 182, -1, 182, 182, 182, -1, 180, 180, 155, -1,
 155, 180, 155, -1, 155, 155, 124, -1, 124, 155, 124, -1,
 124, 124, 96, -1, 96, 124, 96, -1, 96, 96, 67, -1,
 67, 96, 67, -1, 67, 67, 39, -1, 39, 67, 39, -1,
 39, 39, 11, -1, 11, 39, 11, -1, 11, 11, 12, -1,
 12, 11, 12, -1, 12, 12, 40, -1, 40, 12, 40, -1,
 40, 40, 68, -1, 68, 40, 68, -1, 68, 68, 97, -1,
 97, 68, 97, -1, 97, 97, 125, -1, 125, 97, 125, -1,
 125, 125, 156, -1, 156, 125, 156, -1, 156, 156, 181, -1,
 181, 156, 181, -1, 182, 182, 182, -1, 182, 182, 182, -1,
 182, 182, 182, -1, 182, 182, 182, -1, 182, 182, 182, -1,
 182, 182, 182, -1, 182, 182, 182, -1, 182, 182, 182, -1,
 182, 182, 182, -1, 182, 182, 182, -1, 182, 182, 182, -1,
 182, 182, 182, -1, 182, 182, 182, -1, 182, 182, 182, -1,
 182, 182, 182, -1, 182, 182, 182, -1, 182, 182, 182, -1,
 182, 182, 182, -1, 182, 182, 182, -1, 182, 182, 182, -1,
 182, 182, 182, -1, 182, 182, 182, -1, 182, 182, 182, -1,
 182, 182, 182, -1, 182, 182, 182, -1, 182, 182, 182, -1,
 182, 182, 182, -1, 182, 182, 182, -1, 182, 182, 182, -1,
 182, 182, 182, -1, 182, 182, 182, -1, 182, 182, 182, -1,
 182, 182, 182, -1, 182, 182, 182, -1, 182, 182, 182, -1,
 182, 182, 182, -1, 182, 182, 182, -1, 182, 182, 182, -1,
 182, 182, 182, -1, 182, 182, 182, -1, 182, 182, 182, -1,
 182, 182, 182, -1, 182, 182, 182, -1, 182, 182, 182, -1,
 182, 182, 182, -1, 182, 182, 182, -1, 182, 182, 182, -1,
 182, 182, 182, -1, 182, 182, 182, -1, 182, 182, 182, -1,
 180, 180, 155, -1, 155, 180, 155, -1, 155, 155, 124, -1,
 124, 155, 124, -1, 124, 124, 96, -1, 96, 124, 96, -1,
 96, 96, 67, -1, 67, 96, 67, -1, 67, 67, 39, -1,
 39, 67, 39, -1, 39, 39, 11, -1, 11, 39, 11, -1,
 11, 11, 12, -1, 12, 11, 12, -1, 12, 12, 40, -1,
 40, 12, 40, -1, 40, 40, 68, -1, 68, 40, 68, -1,
 68, 68, 97, -1, 97, 68, 97, -1, 97, 97, 125, -1,
 125, 97, 125, -1, 125, 125, 156, -1, 156, 125, 156, -1,
 156, 156, 181, -1, 181, 156, 181, -1, 182, 182, 182, -1,
 182, 182, 182, -1, 182, 182, 182, -1, 182, 182, 182, -1,
 182, 182, 182, -1, 182, 182, 182, -1, 182, 182, 182, -1,
 182, 182, 182, -1, 182, 182, 182, -1, 182, 182, 182, -1,
 182, 182, 182, -1, 182, 182, 182, -1, 182, 182, 182, -1,
 182, 182, 182, -1, 182, 182, 182, -1, 182, 182, 182, -1,
 182, 182, 182, -1, 182, 182, 182, -1, 182, 182, 182, -1,
 182, 182, 182, -1, 182, 182, 182, -1, 182, 182, 182, -1,
 182, 182, 182, -1, 182, 182, 182, -1, 182, 182, 182, -1,
 182, 182, 182, -1, 182, 182, 182, -1, 182, 182, 182, -1,
 182, 182, 182, -1, 182, 182, 182, -1, 182, 182, 182, -1,
 182, 182, 182, -1, 182, 182, 182, -1, 182, 182, 182, -1,
 182, 182, 182, -1, 182, 182, 182, -1, 182, 182, 182, -1,
 182, 182, 182, -1, 182, 182, 182, -1, 182, 182, 182, -1,
 182, 182, 182, -1, 182, 182, 182, -1, 182, 182, 182, -1,
 182, 182, 182, -1, 182, 182, 182, -1, 182, 182, 182, -1,
 182, 182, 182, -1, 182, 182, 182, -1, 182, 182, 182, -1,
 182, 182, 182, -1, 182, 182, 182, -1, 182, 182, 182, -1,
 180, 180, 158, -1, 180, 158, 158, -1, 158, 158, 130, -1,
 158, 130, 130, -1, 130, 130, 102, -1, 130, 102, 102, -1,
 102, 102, 78, -1, 102, 78, 78, -1, 78, 78, 53, -1,
 78, 53, 51, -1, 52, 25, 25, -1, 25, 25, 0, -1,
 25, 0, 0, -1, 0, 0, 24, -1, 0, 24, 24, -1,
 24, 24, 51, -1, 24, 51, 51, -1, 51, 51, 53, -1,
 54, 79, 52, -1, 52, 79, 52, -1, 52, 52, 25, -1,
 54, 79, 79, -1, 79, 79, 103, -1, 79, 103, 103, -1,
 103, 103, 129, -1, 103, 129, 131, -1, 129, 131, 131, -1,
 131, 131, 159, -1, 131, 159, 159, -1, 159, 159, 181, -1,
 159, 181, 181, -1
]
colorPerVertex FALSE
normalPerVertex TRUE
}
}
]
}
