#VRML V2.0 utf8
Transform {
children [
Shape {
appearance Appearance {
material Material {
ambientIntensity 1.000000
diffuseColor 1.000000 1.000000 1.000000
emissiveColor 0.210000 0.210000 0.210000
specularColor 0.880000 0.880000 0.880000
shininess 0.210000
transparency 0.000000
}
}
geometry IndexedFaceSet {
color Color {
color [
 1.000000 1.000000 1.000000
]
}
coord Coordinate {
point [
 -0.015000 -0.019000 -0.000000, -0.015000 -0.003000 -0.000000, -0.014847 -0.019000 -0.002135, -0.014847 -0.019000 0.002135, -0.014847 -0.003000 -0.002135,
 -0.014847 -0.003000 0.002135, -0.014392 -0.019000 -0.004226, -0.014392 -0.019000 0.004226, -0.014392 -0.003000 -0.004226, -0.014392 -0.003000 0.004226,
 -0.013644 -0.019000 -0.006231, -0.013644 -0.019000 0.006231, -0.013644 -0.003000 -0.006231, -0.013644 -0.003000 0.006231, -0.012619 -0.019000 -0.008110,
 -0.012619 -0.019000 0.008110, -0.012619 -0.003000 -0.008110, -0.012619 -0.003000 0.008110, -0.012500 -0.020000 0.000000, -0.012500 -0.019000 0.000000,
 -0.012346 -0.020000 -0.001955, -0.012346 -0.020000 0.001955, -0.012346 -0.019000 -0.001955, -0.012346 -0.019000 0.001955, -0.012000 0.000000 0.000000,
 -0.011888 -0.020000 -0.003863, -0.011888 -0.020000 0.003863, -0.011888 -0.019000 -0.003863, -0.011888 -0.019000 0.003863, -0.011878 0.000000 -0.001708,
 -0.011878 0.000000 0.001708, -0.011514 0.000000 -0.003381, -0.011514 0.000000 0.003381, -0.011336 -0.019000 -0.009823, -0.011336 -0.019000 0.009823,
 -0.011336 -0.003000 -0.009823, -0.011336 -0.003000 0.009823, -0.011138 -0.020000 -0.005675, -0.011138 -0.020000 0.005675, -0.011138 -0.019000 -0.005675,
 -0.011138 -0.019000 0.005675, -0.010916 0.000000 -0.004985, -0.010916 0.000000 0.004985, -0.010113 -0.020000 -0.007347, -0.010113 -0.020000 0.007347,
 -0.010113 -0.019000 -0.007347, -0.010113 -0.019000 0.007347, -0.010095 0.000000 -0.006488, -0.010095 0.000000 0.006488, -0.010000 -0.020000 0.000000,
 -0.010000 -0.006500 0.000000, -0.009927 -0.020000 -0.001206, -0.009927 -0.020000 0.001206, -0.009927 -0.006500 -0.001206, -0.009927 -0.006500 0.001206,
 -0.009823 -0.019000 -0.011336, -0.009823 -0.019000 0.011336, -0.009823 -0.003000 -0.011336, -0.009823 -0.003000 0.011336, -0.009069 0.000000 -0.007858,
 -0.009069 0.000000 0.007858, -0.008839 -0.020000 -0.008839, -0.008839 -0.020000 0.008839, -0.008839 -0.019000 -0.008839, -0.008839 -0.019000 0.008839,
 -0.008110 -0.019000 -0.012619, -0.008110 -0.019000 0.012619, -0.008110 -0.003000 -0.012619, -0.008110 -0.003000 0.012619, -0.007858 0.000000 -0.009069,
 -0.007858 0.000000 0.009069, -0.007347 -0.020000 -0.010113, -0.007347 -0.020000 0.010113, -0.007347 -0.019000 -0.010113, -0.007347 -0.019000 0.010113,
 -0.006489 0.001411 -0.000370, -0.006489 0.002661 -0.000370, -0.006489 0.005411 -0.000370, -0.006489 0.006661 -0.000370, -0.006489 0.009411 -0.000370,
 -0.006489 0.010661 -0.000370, -0.006489 0.013411 -0.000370, -0.006489 0.014661 -0.000370, -0.006489 0.017411 -0.000370, -0.006489 0.018661 -0.000370,
 -0.006489 0.021411 -0.000370, -0.006489 0.022661 -0.000370, -0.006489 0.025411 -0.000370, -0.006489 0.026661 -0.000370, -0.006489 0.029411 -0.000370,
 -0.006489 0.030661 -0.000370, -0.006489 0.033411 -0.000370, -0.006489 0.034661 -0.000370, -0.006489 0.037411 -0.000370, -0.006489 0.038661 -0.000370,
 -0.006489 0.041411 -0.000370, -0.006489 0.042661 -0.000370, -0.006489 0.045411 -0.000370, -0.006489 0.046661 -0.000370, -0.006488 0.021406 -0.000322,
 -0.006488 0.000000 -0.010095, -0.006488 0.000000 0.010095, -0.006487 0.014653 -0.000294, -0.006487 0.045413 -0.000389, -0.006486 0.046651 -0.000268,
 -0.006486 0.042663 -0.000394, -0.006486 0.017413 -0.000395, -0.006485 0.025399 -0.000249, -0.006483 0.001392 -0.000182, -0.006483 0.029392 -0.000176,
 -0.006483 0.018641 -0.000168, -0.006482 0.010666 -0.000420, -0.006481 0.005385 -0.000109, -0.006479 0.022629 -0.000042, -0.006478 0.009378 -0.000036,
 -0.006476 0.013371 0.000036, -0.006476 0.041420 -0.000461, -0.006475 0.013420 -0.000467, -0.006474 0.026617 0.000084, -0.006474 0.017364 0.000109,
 -0.006471 0.021357 0.000182, -0.006470 0.030604 0.000210, -0.006469 0.025350 0.000255, -0.006467 0.038676 -0.000519, -0.006467 0.002595 0.000311,
 -0.006466 0.001344 0.000322, -0.006466 0.029343 0.000328, -0.006466 0.034592 0.000337, -0.006465 0.037427 -0.000534, -0.006464 0.009428 -0.000540,
 -0.006464 0.005336 0.000396, -0.006464 0.033336 0.000402, -0.006463 0.006678 -0.000545, -0.006463 0.006582 0.000437, -0.006462 0.038580 0.000464,
 -0.006462 0.009329 0.000469, -0.006461 0.037329 0.000475, -0.006459 0.013322 0.000542, -0.006459 0.041322 0.000548, -0.006458 0.010570 0.000564,
 -0.006458 0.042568 0.000590, -0.006457 0.017315 0.000616, -0.006456 0.045314 0.000622, -0.006455 0.001309 0.000679, -0.006455 0.002559 0.000679,
 -0.006455 0.005309 0.000679, -0.006455 0.006559 0.000679, -0.006455 0.009309 0.000679, -0.006455 0.010559 0.000679, -0.006455 0.013309 0.000679,
 -0.006455 0.014559 0.000679, -0.006455 0.017309 0.000679, -0.006455 0.018559 0.000679, -0.006455 0.021309 0.000679, -0.006455 0.022559 0.000679,
 -0.006455 0.025309 0.000679, -0.006455 0.026559 0.000679, -0.006455 0.029309 0.000679, -0.006455 0.030559 0.000679, -0.006455 0.033309 0.000679,
 -0.006455 0.034559 0.000679, -0.006455 0.037309 0.000679, -0.006455 0.038559 0.000679, -0.006455 0.041309 0.000679, -0.006455 0.042559 0.000679,
 -0.006455 0.045309 0.000679, -0.006455 0.046559 0.000679, -0.006454 0.033434 -0.000606, -0.006454 0.021308 0.000689, -0.006454 0.014558 0.000691,
 -0.006453 0.005435 -0.000612, -0.006453 0.046555 0.000717, -0.006452 0.025301 0.000763, -0.006451 0.001297 0.000801, -0.006451 0.002547 0.000801,
 -0.006451 0.005297 0.000801, -0.006451 0.006547 0.000801, -0.006451 0.009297 0.000801, -0.006451 0.010547 0.000801, -0.006451 0.013297 0.000801,
 -0.006451 0.014547 0.000801, -0.006451 0.017297 0.000801, -0.006451 0.018547 0.000801, -0.006451 0.021297 0.000801, -0.006451 0.022547 0.000801,
 -0.006451 0.025297 0.000801, -0.006451 0.026547 0.000801, -0.006451 0.029297 0.000801, -0.006451 0.030547 0.000801, -0.006451 0.033297 0.000801,
 -0.006451 0.034547 0.000801, -0.006451 0.037297 0.000801, -0.006451 0.038547 0.000801, -0.006451 0.041297 0.000801, -0.006451 0.042547 0.000801,
 -0.006451 0.045297 0.000801, -0.006451 0.046547 0.000801, -0.006449 0.034688 -0.000645, -0.006447 0.018545 0.000818, -0.006445 0.002691 -0.000671,
 -0.006444 0.001294 0.000829, -0.006444 0.001441 -0.000676, -0.006444 0.002691 -0.000676, -0.006444 0.005441 -0.000676, -0.006444 0.006691 -0.000676,
 -0.006444 0.009441 -0.000676, -0.006444 0.010691 -0.000676, -0.006444 0.013441 -0.000676, -0.006444 0.014691 -0.000676, -0.006444 0.017441 -0.000676,
 -0.006444 0.018691 -0.000676, -0.006444 0.021441 -0.000676, -0.006444 0.022691 -0.000676, -0.006444 0.025441 -0.000676, -0.006444 0.026691 -0.000676,
 -0.006444 0.029441 -0.000676, -0.006444 0.030691 -0.000676, -0.006444 0.033441 -0.000676, -0.006444 0.034691 -0.000676, -0.006444 0.037441 -0.000676,
 -0.006444 0.038691 -0.000676, -0.006444 0.041441 -0.000676, -0.006444 0.042691 -0.000676, -0.006444 0.045441 -0.000676, -0.006444 0.046691 -0.000676,
 -0.006443 0.029441 -0.000679, -0.006443 0.029294 0.000835, -0.006443 0.001442 -0.000685, -0.006433 0.025449 -0.000752, -0.006430 0.030701 -0.000771,
 -0.006429 0.005287 0.000901, -0.006427 0.033286 0.000907, -0.006422 0.021456 -0.000825, -0.006420 0.022533 0.000942, -0.006413 0.009280 0.000973,
 -0.006412 0.045463 -0.000891, -0.006412 0.037279 0.000979, -0.006411 0.026713 -0.000897, -0.006411 0.017463 -0.000898, -0.006401 0.041470 -0.000965,
 -0.006400 0.013470 -0.000971, -0.006397 0.013272 0.001045, -0.006396 0.041272 0.001051, -0.006393 0.026520 0.001067, -0.006392 0.022726 -0.001023,
 -0.006390 0.037477 -0.001038, -0.006389 0.009478 -0.001044, -0.006382 0.017265 0.001117, -0.006380 0.045264 0.001123, -0.006379 0.033484 -0.001111,
 -0.006378 0.005485 -0.001117, -0.006373 0.018738 -0.001150, -0.006368 0.029492 -0.001184, -0.006367 0.001492 -0.001190, -0.006366 0.021258 0.001189,
 -0.006365 0.030508 0.001192, -0.006358 0.046748 -0.001250, -0.006357 0.025499 -0.001257, -0.006354 0.014751 -0.001276, -0.006350 0.025250 0.001262,
 -0.006346 0.021506 -0.001330, -0.006344 0.002497 0.001291, -0.006340 0.042761 -0.001376, -0.006338 0.034495 0.001317, -0.006336 0.045513 -0.001397,
 -0.006336 0.001244 0.001328, -0.006336 0.010763 -0.001403, -0.006336 0.017513 -0.001403, -0.006334 0.029243 0.001334, -0.006326 0.041520 -0.001470,
 -0.006325 0.013521 -0.001476, -0.006321 0.038773 -0.001503, -0.006320 0.005236 0.001400, -0.006319 0.033236 0.001406, -0.006317 0.006776 -0.001529,
 -0.006317 0.006485 0.001416, -0.006315 0.001527 -0.001538, -0.006315 0.002777 -0.001538, -0.006315 0.005527 -0.001538, -0.006315 0.006777 -0.001538,
 -0.006315 0.009527 -0.001538, -0.006315 0.010777 -0.001538, -0.006315 0.013527 -0.001538, -0.006315 0.014777 -0.001538, -0.006315 0.017527 -0.001538,
 -0.006315 0.018777 -0.001538, -0.006315 0.021527 -0.001538, -0.006315 0.022777 -0.001538, -0.006315 0.025527 -0.001538, -0.006315 0.026777 -0.001538,
 -0.006315 0.029527 -0.001538, -0.006315 0.030777 -0.001538, -0.006315 0.033527 -0.001538, -0.006315 0.034777 -0.001538, -0.006315 0.037527 -0.001538,
 -0.006315 0.038777 -0.001538, -0.006315 0.041527 -0.001538, -0.006315 0.042777 -0.001538, -0.006315 0.045527 -0.001538, -0.006315 0.046777 -0.001538,
 -0.006314 0.037527 -0.001543, -0.006312 0.009528 -0.001549, -0.006311 0.038482 0.001442, -0.006304 0.009229 0.001473, -0.006303 0.037228 0.001479,
 -0.006290 0.033535 -0.001613, -0.006289 0.010472 0.001541, -0.006289 0.013222 0.001545, -0.006288 0.005535 -0.001619, -0.006287 0.041221 0.001551,
 -0.006286 0.034786 -0.001625, -0.006284 0.042470 0.001567, -0.006277 0.002789 -0.001650, -0.006273 0.017214 0.001618, -0.006271 0.045214 0.001624,
 -0.006266 0.029542 -0.001683, -0.006264 0.001543 -0.001689, -0.006262 0.014459 0.001666, -0.006257 0.021207 0.001690, -0.006257 0.046457 0.001692,
 -0.006244 0.030799 -0.001746, -0.006242 0.025549 -0.001753, -0.006241 0.025200 0.001762, -0.006235 0.018447 0.001791, -0.006231 -0.019000 -0.013644,
 -0.006231 -0.019000 0.013644, -0.006231 -0.003000 -0.013644, -0.006231 -0.003000 0.013644, -0.006227 0.001193 0.001828, -0.006226 0.029192 0.001834,
 -0.006218 0.021557 -0.001823, -0.006211 0.005186 0.001901, -0.006210 0.033185 0.001907, -0.006208 0.022434 0.001916, -0.006203 0.026811 -0.001867,
 -0.006200 0.001181 0.001952, -0.006200 0.002431 0.001952, -0.006200 0.005181 0.001952, -0.006200 0.006431 0.001952, -0.006200 0.009181 0.001952,
 -0.006200 0.010431 0.001952, -0.006200 0.013181 0.001952, -0.006200 0.014431 0.001952, -0.006200 0.017181 0.001952, -0.006200 0.018431 0.001952,
 -0.006200 0.021181 0.001952, -0.006200 0.022431 0.001952, -0.006200 0.025181 0.001952, -0.006200 0.026431 0.001952, -0.006200 0.029181 0.001952,
 -0.006200 0.030431 0.001952, -0.006200 0.033181 0.001952, -0.006200 0.034431 0.001952, -0.006200 0.037181 0.001952, -0.006200 0.038431 0.001952,
 -0.006200 0.041181 0.001952, -0.006200 0.042431 0.001952, -0.006200 0.045181 0.001952, -0.006200 0.046431 0.001952, -0.006196 0.045563 -0.001887,
 -0.006194 0.017564 -0.001893, -0.006192 0.009178 0.001972, -0.006189 0.037178 0.001977, -0.006177 0.001175 0.002007, -0.006177 0.002425 0.002007,
 -0.006177 0.005175 0.002007, -0.006177 0.006425 0.002007, -0.006177 0.009175 0.002007, -0.006177 0.010425 0.002007, -0.006177 0.013175 0.002007,
 -0.006177 0.014425 0.002007, -0.006177 0.017175 0.002007, -0.006177 0.018425 0.002007, -0.006177 0.021175 0.002007, -0.006177 0.022425 0.002007,
 -0.006177 0.025175 0.002007, -0.006177 0.026425 0.002007, -0.006177 0.029175 0.002007, -0.006177 0.030425 0.002007, -0.006177 0.033175 0.002007,
 -0.006177 0.034425 0.002007, -0.006177 0.037175 0.002007, -0.006177 0.038425 0.002007, -0.006177 0.041175 0.002007, -0.006177 0.042425 0.002007,
 -0.006177 0.045175 0.002007, -0.006177 0.046425 0.002007, -0.006172 0.041571 -0.001957, -0.006170 0.013571 -0.001963, -0.006165 0.026422 0.002036,
 -0.006163 0.013171 0.002040, -0.006161 0.022824 -0.001988, -0.006161 0.041171 0.002045, -0.006157 0.001575 -0.002000, -0.006157 0.002825 -0.002000,
 -0.006157 0.005575 -0.002000, -0.006157 0.006825 -0.002000, -0.006157 0.009575 -0.002000, -0.006157 0.010825 -0.002000, -0.006157 0.013575 -0.002000,
 -0.006157 0.014825 -0.002000, -0.006157 0.017575 -0.002000, -0.006157 0.018825 -0.002000, -0.006157 0.021575 -0.002000, -0.006157 0.022825 -0.002000,
 -0.006157 0.025575 -0.002000, -0.006157 0.026825 -0.002000, -0.006157 0.029575 -0.002000, -0.006157 0.030825 -0.002000, -0.006157 0.033575 -0.002000,
 -0.006157 0.034825 -0.002000, -0.006157 0.037575 -0.002000, -0.006157 0.038825 -0.002000, -0.006157 0.041575 -0.002000, -0.006157 0.042825 -0.002000,
 -0.006157 0.045575 -0.002000, -0.006157 0.046825 -0.002000, -0.006148 0.037578 -0.002027, -0.006146 0.009579 -0.002033, -0.006135 0.017164 0.002108,
 -0.006132 0.045163 0.002113, -0.006124 0.033585 -0.002097, -0.006122 0.005586 -0.002103, -0.006120 0.018837 -0.002110, -0.006116 0.030409 0.002154,
 -0.006106 0.021157 0.002176, -0.006100 0.029593 -0.002167, -0.006098 0.001593 -0.002173, -0.006087 0.046847 -0.002206, -0.006079 0.014849 -0.002231,
 -0.006078 0.025149 0.002244, -0.006077 0.002399 0.002247, -0.006076 0.025600 -0.002237, -0.006066 0.034397 0.002272, -0.006063 0.048905 0.000636,
 -0.006062 0.048929 0.000177, -0.006062 0.048938 0.000000, -0.006062 0.048938 -0.000012, -0.006061 0.048904 0.000652, -0.006052 0.021607 -0.002307,
 -0.006052 0.001143 0.002307, -0.006049 0.029142 0.002312, -0.006046 0.042859 -0.002326, -0.006037 0.010862 -0.002351, -0.006031 0.048953 -0.000293,
 -0.006031 0.045614 -0.002371, -0.006029 0.017615 -0.002377, -0.006027 0.006387 0.002365, -0.006023 0.005136 0.002375, -0.006021 0.033135 0.002380,
 -0.006017 0.038384 0.002389, -0.006010 0.048879 0.001130, -0.006008 -0.020000 -0.007994, -0.006008 -0.020000 0.007994, -0.006008 -0.006500 -0.007994,
 -0.006008 -0.006500 0.007994, -0.006007 0.041621 -0.002441, -0.006005 0.013622 -0.002447, -0.006005 0.038872 -0.002447, -0.005996 0.006874 -0.002472,
 -0.005995 0.009128 0.002443, -0.005993 0.048871 0.001288, -0.005993 0.037128 0.002449, -0.005991 0.048972 -0.000660, -0.005988 0.048869 0.001314,
 -0.005983 0.037628 -0.002511, -0.005981 0.009629 -0.002516, -0.005978 0.010374 0.002483, -0.005969 0.048977 -0.000761, -0.005968 0.042371 0.002507,
 -0.005966 0.013121 0.002511, -0.005964 0.041120 0.002517, -0.005963 0.034884 -0.002568, -0.005959 0.033636 -0.002580, -0.005957 0.005636 -0.002586,
 -0.005955 0.002887 -0.002592, -0.005938 0.017114 0.002579, -0.005936 0.045113 0.002585, -0.005935 0.029643 -0.002650, -0.005935 0.001643 -0.002651,
 -0.005935 0.002893 -0.002651, -0.005935 0.005643 -0.002651, -0.005935 0.006893 -0.002651, -0.005935 0.009643 -0.002651, -0.005935 0.010893 -0.002651,
 -0.005935 0.013643 -0.002651, -0.005935 0.014893 -0.002651, -0.005935 0.017643 -0.002651, -0.005935 0.018893 -0.002651, -0.005935 0.021643 -0.002651,
 -0.005935 0.022893 -0.002651, -0.005935 0.025643 -0.002651, -0.005935 0.026893 -0.002651, -0.005935 0.029643 -0.002651, -0.005935 0.030893 -0.002651,
 -0.005935 0.033643 -0.002651, -0.005935 0.034893 -0.002651, -0.005935 0.037643 -0.002651, -0.005935 0.038893 -0.002651, -0.005935 0.041643 -0.002651,
 -0.005935 0.042893 -0.002651, -0.005935 0.045643 -0.002651, -0.005935 0.046893 -0.002651, -0.005933 0.001644 -0.002655, -0.005929 0.014362 0.002601,
 -0.005924 0.048853 0.001606, -0.005919 0.046359 0.002625, -0.005916 0.030897 -0.002685, -0.005910 0.021107 0.002647, -0.005900 0.025650 -0.002714,
 -0.005881 0.025099 0.002715, -0.005880 0.018349 0.002718, -0.005867 0.049003 -0.001223, -0.005864 0.021657 -0.002778, -0.005855 0.001093 0.002777,
 -0.005854 0.026909 -0.002796, -0.005854 0.049006 -0.001284, -0.005853 0.029092 0.002783, -0.005853 0.048836 0.001934, -0.005850 0.049007 -0.001302,
 -0.005831 0.045664 -0.002836, -0.005831 0.022337 0.002835, -0.005828 0.017664 -0.002842, -0.005827 0.005086 0.002845, -0.005825 0.033085 0.002850,
 -0.005806 0.048828 0.002076, -0.005799 0.009078 0.002912, -0.005796 0.037078 0.002918, -0.005795 0.041671 -0.002900, -0.005792 0.013671 -0.002906,
 -0.005792 0.022921 -0.002906, -0.005782 0.026324 0.002952, -0.005771 0.013071 0.002980, -0.005768 0.041071 0.002985, -0.005760 0.037678 -0.002964,
 -0.005757 0.009679 -0.002970, -0.005746 0.001065 0.003039, -0.005746 0.002315 0.003039, -0.005746 0.005065 0.003039, -0.005746 0.006315 0.003039,
 -0.005746 0.009065 0.003039, -0.005746 0.010315 0.003039, -0.005746 0.013065 0.003039, -0.005746 0.014315 0.003039, -0.005746 0.017065 0.003039,
 -0.005746 0.018315 0.003039, -0.005746 0.021065 0.003039, -0.005746 0.022315 0.003039, -0.005746 0.025065 0.003039, -0.005746 0.026315 0.003039,
 -0.005746 0.029065 0.003039, -0.005746 0.030315 0.003039, -0.005746 0.033065 0.003039, -0.005746 0.034315 0.003039, -0.005746 0.037065 0.003039,
 -0.005746 0.038315 0.003039, -0.005746 0.041065 0.003039, -0.005746 0.042315 0.003039, -0.005746 0.045065 0.003039, -0.005746 0.046315 0.003039,
 -0.005741 0.017064 0.003046, -0.005738 0.045063 0.003051, -0.005730 0.018934 -0.003017, -0.005728 0.030312 0.003066, -0.005724 0.049028 -0.001673,
 -0.005724 0.033685 -0.003028, -0.005721 0.005686 -0.003033, -0.005701 0.021057 0.003107, -0.005688 0.029692 -0.003092, -0.005685 0.001693 -0.003097,
 -0.005681 0.046943 -0.003104, -0.005675 -0.020000 -0.011138, -0.005675 -0.020000 0.011138, -0.005675 -0.019000 -0.011138, -0.005675 -0.019000 0.011138,
 -0.005674 0.002302 0.003149, -0.005669 0.014946 -0.003127, -0.005662 0.025050 0.003168, -0.005660 0.034300 0.003171, -0.005652 0.048803 0.002537,
 -0.005642 0.048801 0.002567, -0.005641 0.049043 -0.001919, -0.005629 0.048799 0.002595, -0.005622 0.029043 0.003229, -0.005620 0.042956 -0.003214,
 -0.005615 0.001041 0.003241, -0.005615 0.002291 0.003241, -0.005615 0.005041 0.003241, -0.005615 0.006291 0.003241, -0.005615 0.009041 0.003241,
 -0.005615 0.010291 0.003241, -0.005615 0.013041 0.003241, -0.005615 0.014291 0.003241, -0.005615 0.017041 0.003241, -0.005615 0.018291 0.003241,
 -0.005615 0.021041 0.003241, -0.005615 0.022291 0.003241, -0.005615 0.025041 0.003241, -0.005615 0.026291 0.003241, -0.005615 0.029041 0.003241,
 -0.005615 0.030291 0.003241, -0.005615 0.033041 0.003241, -0.005615 0.034291 0.003241, -0.005615 0.037041 0.003241, -0.005615 0.038291 0.003241,
 -0.005615 0.041041 0.003241, -0.005615 0.042291 0.003241, -0.005615 0.045041 0.003241, -0.005615 0.046291 0.003241, -0.005607 0.010958 -0.003237,
 -0.005607 0.001708 -0.003238, -0.005607 0.002958 -0.003238, -0.005607 0.005708 -0.003238, -0.005607 0.006958 -0.003238, -0.005607 0.009708 -0.003238,
 -0.005607 0.010958 -0.003238, -0.005607 0.013708 -0.003238, -0.005607 0.014958 -0.003238, -0.005607 0.017708 -0.003238, -0.005607 0.018958 -0.003238,
 -0.005607 0.021708 -0.003238, -0.005607 0.022958 -0.003238, -0.005607 0.025708 -0.003238, -0.005607 0.026958 -0.003238, -0.005607 0.029708 -0.003238,
 -0.005607 0.030958 -0.003238, -0.005607 0.033708 -0.003238, -0.005607 0.034958 -0.003238, -0.005607 0.037708 -0.003238, -0.005607 0.038958 -0.003238,
 -0.005607 0.041708 -0.003238, -0.005607 0.042958 -0.003238, -0.005607 0.045708 -0.003238, -0.005607 0.046958 -0.003238, -0.005605 0.006290 0.003255,
 -0.005591 0.038287 0.003277, -0.005585 0.045713 -0.003278, -0.005582 0.033036 0.003290, -0.005558 0.038968 -0.003324, -0.005552 0.049054 -0.002109,
 -0.005549 0.041720 -0.003341, -0.005546 0.006970 -0.003347, -0.005543 0.037029 0.003352, -0.005537 0.010278 0.003361, -0.005523 0.042275 0.003383,
 -0.005513 0.037727 -0.003405, -0.005510 0.009727 -0.003410, -0.005506 0.013022 0.003408, -0.005503 0.041022 0.003413, -0.005499 0.000000 0.000118,
 -0.005497 0.034980 -0.003435, -0.005493 0.043595 0.000268, -0.005493 0.044345 0.000268, -0.005493 0.031594 0.000269, -0.005493 0.032344 0.000269,
 -0.005493 0.015594 0.000272, -0.005493 0.016344 0.000272, -0.005493 0.027594 0.000274, -0.005493 0.028344 0.000274, -0.005493 0.039594 0.000274,
 -0.005493 0.040344 0.000274, -0.005493 0.023593 0.000277, -0.005493 0.024343 0.000277, -0.005493 0.035593 0.000278, -0.005493 0.036343 0.000278,
 -0.005493 0.028343 0.000279, -0.005492 0.019592 0.000291, -0.005492 0.020342 0.000291, -0.005492 0.011591 0.000297, -0.005492 0.012341 0.000297,
 -0.005492 0.047591 0.000300, -0.005492 0.048341 0.000300, -0.005492 0.035592 0.000286, -0.005491 0.007589 0.000316, -0.005491 0.008339 0.000316,
 -0.005490 0.024350 0.000217, -0.005489 0.031605 0.000179, -0.005487 0.003582 0.000380, -0.005487 0.004332 0.000380, -0.005486 0.020357 0.000155,
 -0.005486 0.048357 0.000161, -0.005486 0.004337 0.000336, -0.005485 0.016365 0.000094, -0.005484 0.002983 -0.003458, -0.005483 0.003595 0.000264,
 -0.005483 0.027617 0.000073, -0.005483 0.032336 0.000340, -0.005482 0.007583 0.000370, -0.005482 0.000324 0.000442, -0.005480 0.012372 0.000032,
 -0.005479 0.000344 0.000274, -0.005478 0.008330 0.000396, -0.005478 0.023629 -0.000034, -0.005478 0.033734 -0.003469, -0.005477 0.000000 -0.000505,
 -0.005477 0.008379 -0.000029, -0.005476 0.039580 0.000391, -0.005475 0.005735 -0.003474, -0.005475 0.036329 0.000401, -0.005474 0.000000 0.000441,
 -0.005473 0.004386 -0.000091, -0.005473 0.019641 -0.000140, -0.005473 0.028392 -0.000147, -0.005472 0.000393 -0.000153, -0.005470 0.024399 -0.000209,
 -0.005469 0.047651 -0.000225, -0.005468 0.014265 0.003467, -0.005468 0.015654 -0.000247, -0.005467 0.012322 0.000457, -0.005467 0.048406 -0.000266,
 -0.005467 0.020406 -0.000271, -0.005466 0.017015 0.003469, -0.005465 0.040322 0.000462, -0.005465 0.011570 0.000476, -0.005464 0.044413 -0.000328,
 -0.005464 0.043663 -0.000332, -0.005464 0.000442 -0.000582, -0.005463 0.016414 -0.000333, -0.005463 0.045014 0.003474, -0.005463 0.011666 -0.000355,
 -0.005463 0.000448 -0.000638, -0.005461 0.012421 -0.000395, -0.005461 0.040420 -0.000390, -0.005461 0.004435 -0.000520, -0.005459 0.043568 0.000497,
 -0.005459 0.008428 -0.000457, -0.005459 0.003691 -0.000570, -0.005459 0.007678 -0.000462, -0.005458 0.039676 -0.000440, -0.005458 0.036427 -0.000452,
 -0.005457 0.000000 -0.000637, -0.005457 0.016315 0.000519, -0.005456 0.044314 0.000524, -0.005455 0.003706 -0.000700, -0.005455 0.004456 -0.000700,
 -0.005455 0.032434 -0.000514, -0.005454 0.046263 0.003489, -0.005453 0.048778 0.002980, -0.005453 0.035688 -0.000547, -0.005452 0.028442 -0.000576,
 -0.005450 0.000000 0.000741, -0.005449 0.024449 -0.000638, -0.005448 0.020308 0.000580, -0.005448 0.048455 -0.000695, -0.005448 0.031701 -0.000654,
 -0.005448 0.048307 0.000585, -0.005447 0.015558 0.000582, -0.005447 0.020456 -0.000701, -0.005446 0.007713 -0.000765, -0.005446 0.008463 -0.000765,
 -0.005445 0.047555 0.000604, -0.005444 0.047715 -0.000782, -0.005444 0.048465 -0.000782, -0.005444 0.011715 -0.000785, -0.005444 0.012465 -0.000785,
 -0.005443 0.044462 -0.000757, -0.005443 0.019716 -0.000791, -0.005443 0.020466 -0.000791, -0.005443 0.027713 -0.000762, -0.005442 0.016463 -0.000763,
 -0.005442 0.029741 -0.003533, -0.005441 0.043718 -0.000804, -0.005441 0.044468 -0.000804, -0.005441 0.035718 -0.000804, -0.005441 0.036468 -0.000804,
 -0.005441 0.023718 -0.000805, -0.005441 0.024468 -0.000805, -0.005440 0.027718 -0.000808, -0.005440 0.028468 -0.000808, -0.005440 0.039718 -0.000808,
 -0.005440 0.040468 -0.000808, -0.005440 0.031718 -0.000808, -0.005440 0.032468 -0.000808, -0.005440 0.015718 -0.000810, -0.005440 0.016468 -0.000810,
 -0.005439 0.001742 -0.003538, -0.005438 0.024301 0.000642, -0.005437 0.040470 -0.000819, -0.005436 0.000294 0.000699, -0.005435 0.030992 -0.003545,
 -0.005434 0.012470 -0.000824, -0.005432 0.019545 0.000688, -0.005429 0.028293 0.000703, -0.005427 0.021008 0.003530, -0.005425 0.023725 -0.000868,
 -0.005423 0.004287 0.000760, -0.005422 0.036477 -0.000880, -0.005420 0.032286 0.000765, -0.005418 0.008477 -0.000884, -0.005415 0.023533 0.000795,
 -0.005412 0.008279 0.000822, -0.005411 0.036279 0.000827, -0.005407 0.032484 -0.000940, -0.005406 0.025748 -0.003596, -0.005402 0.012272 0.000884,
 -0.005401 0.040271 0.000889, -0.005399 0.027520 0.000902, -0.005399 0.004485 -0.000944, -0.005399 0.018253 0.003573, -0.005398 0.019738 -0.000972,
 -0.005393 0.016265 0.000946, -0.005392 0.044264 0.000951, -0.005392 0.028491 -0.001001, -0.005387 0.025001 0.003592, -0.005385 0.000000 -0.001122,
 -0.005384 0.031507 0.001009, -0.005383 0.020258 0.001007, -0.005383 0.000492 -0.001004, -0.005382 0.048257 0.001012, -0.005380 0.049076 -0.002480,
 -0.005377 0.047748 -0.001055, -0.005376 0.024499 -0.001061, -0.005374 0.024250 0.001069, -0.005373 0.027005 -0.003655, -0.005373 0.015751 -0.001077,
 -0.005371 0.021755 -0.003660, -0.005369 0.049077 -0.002504, -0.005368 0.048768 0.003167, -0.005367 0.035495 0.001116, -0.005367 0.001756 -0.003666,
 -0.005367 0.003006 -0.003666, -0.005367 0.005756 -0.003666, -0.005367 0.007006 -0.003666, -0.005367 0.009756 -0.003666, -0.005367 0.011006 -0.003666,
 -0.005367 0.013756 -0.003666, -0.005367 0.015006 -0.003666, -0.005367 0.017756 -0.003666, -0.005367 0.019006 -0.003666, -0.005367 0.021756 -0.003666,
 -0.005367 0.023006 -0.003666, -0.005367 0.025756 -0.003666, -0.005367 0.027006 -0.003666, -0.005367 0.029756 -0.003666, -0.005367 0.031006 -0.003666,
 -0.005367 0.033756 -0.003666, -0.005367 0.035006 -0.003666, -0.005367 0.037756 -0.003666, -0.005367 0.039006 -0.003666, -0.005367 0.041756 -0.003666,
 -0.005367 0.043006 -0.003666, -0.005367 0.045756 -0.003666, -0.005367 0.047006 -0.003666, -0.005366 0.003497 0.001093, -0.005365 0.028243 0.001131,
 -0.005362 0.048505 -0.001117, -0.005361 0.020506 -0.001122, -0.005359 0.000244 0.001124, -0.005356 0.032236 0.001193, -0.005353 0.049079 -0.002530,
 -0.005352 0.007485 0.001201, -0.005352 0.039482 0.001223, -0.005352 0.043761 -0.001160, -0.005350 0.004236 0.001187, -0.005350 0.000994 0.003648,
 -0.005347 0.044513 -0.001178, -0.005347 0.036228 0.001255, -0.005347 0.028994 0.003653, -0.005346 0.016513 -0.001183, -0.005346 0.011763 -0.001182,
 -0.005344 0.008229 0.001249, -0.005338 0.040221 0.001317, -0.005337 0.011472 0.001308, -0.005336 0.012222 0.001311, -0.005336 0.043470 0.001330,
 -0.005336 0.043469 0.001335, -0.005336 0.044219 0.001335, -0.005335 0.031469 0.001336, -0.005335 0.032219 0.001336, -0.005335 0.015469 0.001339,
 -0.005335 0.016219 0.001339, -0.005334 0.039468 0.001341, -0.005334 0.040218 0.001341, -0.005334 0.027468 0.001341, -0.005334 0.028218 0.001341,
 -0.005333 0.023468 0.001344, -0.005333 0.024218 0.001344, -0.005333 0.035468 0.001344, -0.005333 0.036218 0.001344, -0.005332 0.040520 -0.001238,
 -0.005331 0.000000 0.001354, -0.005330 0.012521 -0.001243, -0.005330 0.019466 0.001357, -0.005330 0.020216 0.001357, -0.005330 0.022241 0.003679,
 -0.005329 0.045762 -0.003713, -0.005328 0.011466 0.001364, -0.005328 0.012216 0.001364, -0.005328 0.047465 0.001367, -0.005328 0.048215 0.001367,
 -0.005325 0.039773 -0.001265, -0.005325 0.017762 -0.003717, -0.005323 0.007463 0.001382, -0.005323 0.008213 0.001382, -0.005323 0.016215 0.001372,
 -0.005321 0.044214 0.001376, -0.005319 0.007776 -0.001287, -0.005317 0.036527 -0.001299, -0.005315 0.008528 -0.001304, -0.005310 0.004987 0.003710,
 -0.005309 0.015460 0.001411, -0.005307 0.003456 0.001446, -0.005307 0.004206 0.001446, -0.005307 0.032987 0.003715, -0.005303 0.047457 0.001433,
 -0.005303 0.020207 0.001431, -0.005302 0.048207 0.001436, -0.005302 0.004535 -0.001366, -0.005301 0.032535 -0.001360, -0.005299 0.035786 -0.001371,
 -0.005295 0.003789 -0.001393, -0.005295 0.023017 -0.003754, -0.005290 0.000543 -0.001428, -0.005290 0.000198 0.001506, -0.005286 0.028542 -0.001421,
 -0.005284 0.000000 0.001504, -0.005282 0.041769 -0.003769, -0.005281 0.024200 0.001489, -0.005278 0.013770 -0.003774, -0.005273 0.000193 0.001547,
 -0.005273 0.019447 0.001513, -0.005272 0.031799 -0.001476, -0.005271 0.024549 -0.001482, -0.005270 0.008980 0.003772, -0.005266 0.036979 0.003777,
 -0.005260 0.026228 0.003786, -0.005260 0.028193 0.001548, -0.005258 0.048556 -0.001538, -0.005256 0.020557 -0.001543, -0.005246 0.004186 0.001604,
 -0.005246 0.027811 -0.001581, -0.005242 0.044564 -0.001598, -0.005240 0.016564 -0.001603, -0.005238 0.032185 0.001607, -0.005236 0.023434 0.001615,
 -0.005235 0.037776 -0.003826, -0.005232 0.009777 -0.003831, -0.005230 0.000576 -0.001702, -0.005230 0.012973 0.003833, -0.005229 0.000000 -0.001702,
 -0.005226 0.012571 -0.001664, -0.005226 0.040972 0.003838, -0.005226 0.040571 -0.001659, -0.005226 0.048754 0.003407, -0.005222 0.000000 -0.001727,
 -0.005221 0.008179 0.001661, -0.005220 0.023824 -0.001686, -0.005217 0.036178 0.001666, -0.005214 0.019030 -0.003852, -0.005213 0.008579 -0.001725,
 -0.005211 0.036578 -0.001719, -0.005210 0.003833 -0.001761, -0.005210 0.004583 -0.001761, -0.005199 0.004586 -0.001786, -0.005199 0.027422 0.001717,
 -0.005198 0.012171 0.001720, -0.005196 0.040171 0.001725, -0.005196 0.032586 -0.001780, -0.005194 0.019837 -0.001791, -0.005191 0.030216 0.003893,
 -0.005190 0.016966 0.003895, -0.005189 0.007841 -0.001823, -0.005189 0.008591 -0.001823, -0.005189 0.033784 -0.003883, -0.005186 0.044965 0.003900,
 -0.005185 0.005784 -0.003887, -0.005184 0.047842 -0.001838, -0.005184 0.048592 -0.001838, -0.005183 0.011843 -0.001841, -0.005183 0.012593 -0.001841,
 -0.005181 0.028593 -0.001840, -0.005180 0.019844 -0.001847, -0.005180 0.020594 -0.001847, -0.005176 0.016164 0.001779, -0.005176 0.043845 -0.001860,
 -0.005176 0.044595 -0.001860, -0.005176 0.035845 -0.001860, -0.005176 0.036595 -0.001860, -0.005176 0.023845 -0.001860, -0.005176 0.024595 -0.001860,
 -0.005175 0.027846 -0.001863, -0.005175 0.028596 -0.001863, -0.005175 0.039846 -0.001863, -0.005175 0.040596 -0.001863, -0.005175 0.031846 -0.001863,
 -0.005175 0.032596 -0.001863, -0.005175 0.044163 0.001784, -0.005174 0.015846 -0.001865, -0.005174 0.016596 -0.001865, -0.005169 0.000593 -0.001841,
 -0.005168 0.047847 -0.001872, -0.005162 0.031409 0.001819, -0.005161 0.015849 -0.001893, -0.005158 0.024600 -0.001898, -0.005155 0.020157 0.001838,
 -0.005154 0.048156 0.001843, -0.005150 0.020959 0.003957, -0.005149 0.047040 -0.003930, -0.005142 0.000000 0.001951, -0.005142 0.029791 -0.003939,
 -0.005138 0.001791 -0.003944, -0.005136 0.002206 0.003977, -0.005134 0.024149 0.001897, -0.005133 0.003399 0.001899, -0.005132 0.015042 -0.003951,
 -0.005132 0.048607 -0.001949, -0.005130 0.020607 -0.001954, -0.005126 0.035396 0.001920, -0.005124 0.043859 -0.001970, -0.005122 0.034204 0.003999,
 -0.005115 0.000143 0.001950, -0.005114 0.049103 -0.002924, -0.005113 0.011862 -0.001990, -0.005113 0.028142 0.001956, -0.005111 0.000952 0.004015,
 -0.005111 0.002202 0.004015, -0.005111 0.004952 0.004015, -0.005111 0.006202 0.004015, -0.005111 0.008952 0.004015, -0.005111 0.010202 0.004015,
 -0.005111 0.012952 0.004015, -0.005111 0.014202 0.004015, -0.005111 0.016952 0.004015, -0.005111 0.018202 0.004015, -0.005111 0.020952 0.004015,
 -0.005111 0.022202 0.004015, -0.005111 0.024952 0.004015, -0.005111 0.026202 0.004015, -0.005111 0.028952 0.004015, -0.005111 0.030202 0.004015,
 -0.005111 0.032952 0.004015, -0.005111 0.034202 0.004015, -0.005111 0.036952 0.004015, -0.005111 0.038202 0.004015, -0.005111 0.040952 0.004015,
 -0.005111 0.042202 0.004015, -0.005111 0.044952 0.004015, -0.005111 0.046202 0.004015, -0.005109 0.024951 0.004018, -0.005107 0.044614 -0.002006,
 -0.005105 0.016614 -0.002011, -0.005096 0.007386 0.002001, -0.005095 0.025798 -0.003996, -0.005092 0.032135 0.002014, -0.005092 0.004136 0.002008,
 -0.005089 0.039384 0.002022, -0.005080 0.040621 -0.002062, -0.005078 0.039872 -0.002068, -0.005077 0.012622 -0.002067, -0.005071 0.008128 0.002067,
 -0.005070 0.036128 0.002073, -0.005068 0.043052 -0.004029, -0.005066 0.007874 -0.002087, -0.005063 0.000945 0.004067, -0.005059 0.011374 0.002102,
 -0.005059 0.028944 0.004071, -0.005055 0.006194 0.004075, -0.005053 0.036628 -0.002119, -0.005053 0.043371 0.002124, -0.005051 0.011055 -0.004049,
 -0.005050 0.012121 0.002126, -0.005050 0.008629 -0.002123, -0.005050 0.040120 0.002132, -0.005048 0.021805 -0.004053, -0.005038 0.049111 -0.003050,
 -0.005037 0.038191 0.004094, -0.005033 0.048736 0.003733, -0.005031 0.035884 -0.002165, -0.005030 0.016114 0.002185, -0.005029 0.044113 0.002190,
 -0.005027 0.032635 -0.002175, -0.005024 0.015361 0.002204, -0.005022 0.004636 -0.002179, -0.005019 0.003887 -0.002185, -0.005014 0.047359 0.002224,
 -0.005012 0.004937 0.004121, -0.005008 0.020106 0.002243, -0.005008 0.032937 0.004125, -0.005006 0.048106 0.002248, -0.005005 0.045812 -0.004106,
 -0.005001 0.017813 -0.004110, -0.005000 -0.020000 -0.008660, -0.005000 -0.020000 0.008660, -0.005000 -0.006500 -0.008660, -0.005000 -0.006500 0.008660,
 -0.005000 0.050000 -0.000000, -0.005000 0.028643 -0.002231, -0.004996 0.000643 -0.002236, -0.004996 0.048732 0.003782, -0.004992 0.000000 -0.002310,
 -0.004988 0.024099 0.002302, -0.004987 0.039065 -0.004127, -0.004986 0.019349 0.002305, -0.004985 0.031896 -0.002262, -0.004985 0.000000 -0.010916,
 -0.004985 0.000000 0.010916, -0.004973 0.024650 -0.002288, -0.004970 0.007067 -0.004148, -0.004968 0.043342 0.002359, -0.004968 0.044092 0.002359,
 -0.004968 0.031342 0.002360, -0.004968 0.032092 0.002360, -0.004968 0.010181 0.004168, -0.004967 0.028092 0.002361, -0.004967 0.015342 0.002363,
 -0.004967 0.016092 0.002363, -0.004966 0.048730 0.003823, -0.004966 0.039341 0.002365, -0.004966 0.040091 0.002365, -0.004966 0.027341 0.002365,
 -0.004966 0.028091 0.002365, -0.004964 0.023341 0.002367, -0.004964 0.024091 0.002367, -0.004964 0.035341 0.002368, -0.004964 0.036091 0.002368,
 -0.004962 0.008930 0.004174, -0.004959 0.019339 0.002380, -0.004959 0.020089 0.002380, -0.004957 0.041819 -0.004163, -0.004957 0.036930 0.004179,
 -0.004956 0.000093 0.002351, -0.004956 0.011339 0.002386, -0.004956 0.012089 0.002386, -0.004955 0.047338 0.002388, -0.004955 0.048088 0.002388,
 -0.004954 0.013820 -0.004167, -0.004950 0.042178 0.004187, -0.004949 0.048656 -0.002339, -0.004948 0.007337 0.002403, -0.004948 0.008087 0.002403,
 -0.004947 0.020657 -0.002344, -0.004943 0.023336 0.002402, -0.004939 0.027909 -0.002360, -0.004938 0.004085 0.002410, -0.004936 0.032085 0.002414,
 -0.004922 0.044663 -0.002395, -0.004920 0.016664 -0.002400, -0.004919 0.003329 0.002460, -0.004919 0.004079 0.002460, -0.004911 0.012923 0.004228,
 -0.004910 0.037827 -0.004220, -0.004910 0.008078 0.002464, -0.004907 0.040922 0.004232, -0.004906 0.009827 -0.004224, -0.004905 0.035077 -0.004226,
 -0.004904 0.036078 0.002467, -0.004895 0.040671 -0.002451, -0.004894 0.012671 -0.002456, -0.004893 0.023921 -0.002457, -0.004891 0.000072 0.002515,
 -0.004891 0.000000 0.002515, -0.004889 0.000000 0.002521, -0.004888 0.003080 -0.004246, -0.004888 0.027324 0.002494, -0.004884 0.050000 -0.001072,
 -0.004884 0.050000 0.001072, -0.004880 0.014168 0.004261, -0.004876 0.012071 0.002516, -0.004872 0.040071 0.002520, -0.004869 0.036678 -0.002507,
 -0.004868 0.008678 -0.002513, -0.004863 0.033834 -0.004277, -0.004862 0.046166 0.004280, -0.004860 0.016916 0.004282, -0.004859 0.005835 -0.004281,
 -0.004856 0.044915 0.004286, -0.004849 0.049127 -0.003297, -0.004848 0.019934 -0.002554, -0.004845 0.004686 -0.002571, -0.004843 0.016064 0.002569,
 -0.004842 0.032685 -0.002563, -0.004840 0.044064 0.002573, -0.004833 0.031312 0.002585, -0.004824 0.000693 -0.002629, -0.004824 0.031090 -0.004324,
 -0.004816 0.029841 -0.004334, -0.004816 0.028692 -0.002619, -0.004814 0.001841 -0.004336, -0.004814 0.003091 -0.004336, -0.004814 0.005841 -0.004336,
 -0.004814 0.007091 -0.004336, -0.004814 0.009841 -0.004336, -0.004814 0.011091 -0.004336, -0.004814 0.013841 -0.004336, -0.004814 0.015091 -0.004336,
 -0.004814 0.017841 -0.004336, -0.004814 0.019091 -0.004336, -0.004814 0.021841 -0.004336, -0.004814 0.023091 -0.004336, -0.004814 0.025841 -0.004336,
 -0.004814 0.027091 -0.004336, -0.004814 0.029841 -0.004336, -0.004814 0.031091 -0.004336, -0.004814 0.033841 -0.004336, -0.004814 0.035091 -0.004336,
 -0.004814 0.037841 -0.004336, -0.004814 0.039091 -0.004336, -0.004814 0.041841 -0.004336, -0.004814 0.043091 -0.004336, -0.004814 0.045841 -0.004336,
 -0.004814 0.047091 -0.004336, -0.004812 0.000909 0.004332, -0.004812 0.002159 0.004332, -0.004812 0.004909 0.004332, -0.004812 0.006159 0.004332,
 -0.004812 0.008909 0.004332, -0.004812 0.010159 0.004332, -0.004812 0.012909 0.004332, -0.004812 0.014159 0.004332, -0.004812 0.016909 0.004332,
 -0.004812 0.018159 0.004332, -0.004812 0.020909 0.004332, -0.004812 0.022159 0.004332, -0.004812 0.024909 0.004332, -0.004812 0.026159 0.004332,
 -0.004812 0.028909 0.004332, -0.004812 0.030159 0.004332, -0.004812 0.032909 0.004332, -0.004812 0.034159 0.004332, -0.004812 0.036909 0.004332,
 -0.004812 0.038159 0.004332, -0.004812 0.040909 0.004332, -0.004812 0.042159 0.004332, -0.004812 0.044909 0.004332, -0.004812 0.046159 0.004332,
 -0.004812 0.001842 -0.004338, -0.004812 0.047943 -0.002631, -0.004812 0.020057 0.002622, -0.004809 0.048056 0.002626, -0.004809 0.020908 0.004336,
 -0.004801 0.015946 -0.002650, -0.004799 0.000700 -0.002688, -0.004793 0.003302 0.002660, -0.004792 0.018156 0.004354, -0.004792 0.000000 -0.002684,
 -0.004779 0.024050 0.002674, -0.004778 0.035300 0.002677, -0.004769 0.025848 -0.004391, -0.004768 0.003957 -0.002741, -0.004768 0.004707 -0.002741,
 -0.004767 0.048706 -0.002727, -0.004765 0.043956 -0.002726, -0.004758 0.024901 0.004389, -0.004757 0.011958 -0.002747, -0.004747 0.028043 0.002727,
 -0.004742 0.027103 -0.004423, -0.004739 0.044713 -0.002781, -0.004736 0.007964 -0.002797, -0.004736 0.008714 -0.002797, -0.004735 0.007290 0.002750,
 -0.004728 0.047966 -0.002811, -0.004728 0.048716 -0.002811, -0.004726 0.011967 -0.002813, -0.004726 0.012717 -0.002813, -0.004723 0.019967 -0.002819,
 -0.004723 0.020717 -0.002819, -0.004723 0.039287 0.002768, -0.004722 0.021856 -0.004448, -0.004719 0.039968 -0.002822, -0.004716 0.043969 -0.002830,
 -0.004716 0.044719 -0.002830, -0.004716 0.035969 -0.002830, -0.004716 0.036719 -0.002830, -0.004716 0.023969 -0.002830, -0.004716 0.024719 -0.002830,
 -0.004716 0.032036 0.002780, -0.004714 0.027969 -0.002833, -0.004714 0.028719 -0.002833, -0.004714 0.039969 -0.002833, -0.004714 0.040719 -0.002833,
 -0.004714 0.031969 -0.002833, -0.004714 0.032719 -0.002833, -0.004713 0.015970 -0.002835, -0.004713 0.016720 -0.002835, -0.004712 0.000894 0.004439,
 -0.004712 0.040720 -0.002836, -0.004708 0.028894 0.004443, -0.004705 0.007970 -0.002839, -0.004704 0.022143 0.004447, -0.004698 0.000000 -0.002860,
 -0.004684 0.036029 0.002833, -0.004679 0.011278 0.002841, -0.004679 0.045862 -0.004500, -0.004675 0.017863 -0.004505, -0.004675 0.036727 -0.002886,
 -0.004670 0.048704 0.004219, -0.004669 0.008728 -0.002888, -0.004668 0.049143 -0.003533, -0.004668 0.043275 0.002860, -0.004661 0.004887 0.004493,
 -0.004661 0.023115 -0.004522, -0.004658 0.035980 -0.002909, -0.004657 0.032886 0.004497, -0.004654 0.012022 0.002881, -0.004652 0.040022 0.002886,
 -0.004646 0.049145 -0.003562, -0.004639 0.003983 -0.002923, -0.004638 0.032734 -0.002935, -0.004635 0.048701 0.004266, -0.004632 0.041870 -0.004557,
 -0.004629 0.004735 -0.002936, -0.004628 0.013870 -0.004562, -0.004624 0.015265 0.002933, -0.004623 0.016015 0.002935, -0.004620 0.044015 0.002939,
 -0.004616 0.026130 0.004540, -0.004614 0.001873 -0.004579, -0.004614 0.003123 -0.004579, -0.004614 0.005873 -0.004579, -0.004614 0.007123 -0.004579,
 -0.004614 0.009873 -0.004579, -0.004614 0.011123 -0.004579, -0.004614 0.013873 -0.004579, -0.004614 0.015123 -0.004579, -0.004614 0.017873 -0.004579,
 -0.004614 0.019123 -0.004579, -0.004614 0.021873 -0.004579, -0.004614 0.023123 -0.004579, -0.004614 0.025873 -0.004579, -0.004614 0.027123 -0.004579,
 -0.004614 0.029873 -0.004579, -0.004614 0.031123 -0.004579, -0.004614 0.033873 -0.004579, -0.004614 0.035123 -0.004579, -0.004614 0.037873 -0.004579,
 -0.004614 0.039123 -0.004579, -0.004614 0.041873 -0.004579, -0.004614 0.043123 -0.004579, -0.004614 0.045873 -0.004579, -0.004614 0.047123 -0.004579,
 -0.004612 0.047263 0.002951, -0.004610 0.008879 0.004547, -0.004606 0.036879 0.004551, -0.004601 0.028741 -0.002985, -0.004594 0.031993 -0.002995,
 -0.004592 0.000742 -0.002985, -0.004590 0.020008 0.002987, -0.004587 0.048007 0.002991, -0.004581 0.037877 -0.004611, -0.004577 0.009878 -0.004615,
 -0.004575 0.019128 -0.004617, -0.004570 0.000000 -0.003060, -0.004570 -0.000000 0.003060, -0.004568 0.019253 0.003024, -0.004564 0.024748 -0.003034,
 -0.004559 0.012872 0.004600, -0.004559 0.024001 0.003041, -0.004559 0.049152 -0.003653, -0.004555 0.040872 0.004605, -0.004548 -0.000000 0.003101,
 -0.004543 0.001882 -0.004648, -0.004543 0.003132 -0.004648, -0.004543 0.005882 -0.004648, -0.004543 0.007132 -0.004648, -0.004543 0.009882 -0.004648,
 -0.004543 0.011132 -0.004648, -0.004543 0.013882 -0.004648, -0.004543 0.015132 -0.004648, -0.004543 0.017882 -0.004648, -0.004543 0.019132 -0.004648,
 -0.004543 0.021882 -0.004648, -0.004543 0.023132 -0.004648, -0.004543 0.025882 -0.004648, -0.004543 0.027132 -0.004648, -0.004543 0.029882 -0.004648,
 -0.004543 0.031132 -0.004648, -0.004543 0.033882 -0.004648, -0.004543 0.035132 -0.004648, -0.004543 0.037882 -0.004648, -0.004543 0.039132 -0.004648,
 -0.004543 0.041882 -0.004648, -0.004543 0.043132 -0.004648, -0.004543 0.045882 -0.004648, -0.004543 0.047132 -0.004648, -0.004541 0.050000 -0.002093,
 -0.004541 0.050000 0.002093, -0.004530 0.028005 -0.003081, -0.004530 0.048755 -0.003080, -0.004528 0.030118 0.004633, -0.004527 0.033884 -0.004661,
 -0.004527 0.020756 -0.003084, -0.004527 0.027994 0.003094, -0.004523 0.005885 -0.004665, -0.004513 0.023241 0.003116, -0.004508 0.016865 0.004654,
 -0.004504 0.044864 0.004659, -0.004500 0.047138 -0.004684, -0.004495 0.031987 0.003147, -0.004493 0.044762 -0.003130, -0.004492 0.003987 0.003139,
 -0.004490 0.016763 -0.003134, -0.004479 0.015141 -0.004701, -0.004470 0.029892 -0.004708, -0.004466 0.024017 -0.003167, -0.004465 0.001892 -0.004712,
 -0.004463 0.007980 0.003194, -0.004462 0.035980 0.003200, -0.004459 0.002108 0.004707, -0.004458 0.027229 0.003208, -0.004458 0.020857 0.004708,
 -0.004456 0.040769 -0.003180, -0.004453 0.012770 -0.003184, -0.004441 0.034105 0.004726, -0.004432 0.011973 0.003248, -0.004431 0.039972 0.003253,
 -0.004426 0.000000 0.003323, -0.004419 0.036777 -0.003230, -0.004417 0.043219 0.003277, -0.004417 0.043969 0.003277, -0.004417 0.031219 0.003278,
 -0.004417 0.031969 0.003278, -0.004416 0.008777 -0.003234, -0.004415 0.015219 0.003280, -0.004415 0.015969 0.003280, -0.004413 0.039219 0.003282,
 -0.004413 0.039969 0.003282, -0.004413 0.027219 0.003282, -0.004413 0.027969 0.003282, -0.004413 0.025899 -0.004755, -0.004412 0.023218 0.003284,
 -0.004412 0.023968 0.003284, -0.004412 0.035218 0.003285, -0.004412 0.035968 0.003285, -0.004407 0.024850 0.004762, -0.004404 0.019217 0.003295,
 -0.004404 0.019967 0.003295, -0.004402 0.020030 -0.003253, -0.004401 0.043151 -0.004765, -0.004400 0.011216 0.003300, -0.004400 0.011966 0.003300,
 -0.004399 0.031216 0.003297, -0.004398 0.047216 0.003303, -0.004398 0.047966 0.003303, -0.004397 0.015966 0.003299, -0.004394 0.043965 0.003303,
 -0.004388 0.007214 0.003316, -0.004388 0.007964 0.003316, -0.004382 0.032784 -0.003280, -0.004380 0.011153 -0.004781, -0.004380 0.004784 -0.003286,
 -0.004371 0.006095 0.004800, -0.004360 0.000843 0.004811, -0.004357 0.019959 0.003346, -0.004356 0.028843 0.004816, -0.004355 0.021906 -0.004802,
 -0.004354 0.047958 0.003351, -0.004353 0.038092 0.004819, -0.004351 0.048040 -0.003322, -0.004349 0.003206 0.003367, -0.004349 0.003956 0.003367,
 -0.004349 0.003206 0.003367, -0.004345 0.000792 -0.003338, -0.004345 0.028791 -0.003330, -0.004337 0.016042 -0.003340, -0.004337 0.048679 0.004589,
 -0.004327 0.035204 0.003378, -0.004325 0.000000 0.003475, -0.004314 0.023951 0.003392, -0.004310 0.004836 0.004865, -0.004307 0.024798 -0.003380,
 -0.004306 0.032836 0.004869, -0.004305 0.000835 0.004870, -0.004305 0.002085 0.004870, -0.004305 0.004835 0.004870, -0.004305 0.006085 0.004870,
 -0.004305 0.008835 0.004870, -0.004305 0.010085 0.004870, -0.004305 0.012835 0.004870, -0.004305 0.014085 0.004870, -0.004305 0.016835 0.004870,
 -0.004305 0.018085 0.004870, -0.004305 0.020835 0.004870, -0.004305 0.022085 0.004870, -0.004305 0.024835 0.004870, -0.004305 0.026085 0.004870,
 -0.004305 0.028835 0.004870, -0.004305 0.030085 0.004870, -0.004305 0.032835 0.004870, -0.004305 0.034085 0.004870, -0.004305 0.036835 0.004870,
 -0.004305 0.038085 0.004870, -0.004305 0.040835 0.004870, -0.004305 0.042085 0.004870, -0.004305 0.044835 0.004870, -0.004305 0.046085 0.004870,
 -0.004303 0.045913 -0.004844, -0.004301 0.039163 -0.004846, -0.004298 0.017914 -0.004848, -0.004286 0.044052 -0.003409, -0.004281 0.007166 -0.004862,
 -0.004280 0.010082 0.004889, -0.004274 0.048805 -0.003427, -0.004273 0.012055 -0.003427, -0.004272 0.027944 0.003438, -0.004271 0.007194 0.003442,
 -0.004271 0.020805 -0.003431, -0.004258 0.042080 0.004904, -0.004254 0.039191 0.003457, -0.004251 0.008829 0.004909, -0.004250 0.000000 -0.003603,
 -0.004246 0.036828 0.004913, -0.004246 0.041920 -0.004891, -0.004241 0.013921 -0.004895, -0.004240 0.049177 -0.003985, -0.004238 0.003937 0.003484,
 -0.004236 0.044812 -0.003476, -0.004233 0.016813 -0.003480, -0.004230 0.031937 0.003484, -0.004226 -0.019000 -0.014392, -0.004226 -0.019000 0.014392,
 -0.004226 -0.003000 -0.014392, -0.004226 -0.003000 0.014392, -0.004222 0.040065 -0.003495, -0.004210 0.008067 -0.003515, -0.004202 0.035176 -0.004926,
 -0.004199 0.040819 -0.003526, -0.004198 0.011181 0.003522, -0.004198 0.049181 -0.004030, -0.004197 0.012820 -0.003531, -0.004193 0.007930 0.003527,
 -0.004192 0.012822 0.004953, -0.004188 0.035929 0.003531, -0.004188 0.037928 -0.004938, -0.004187 0.040821 0.004957, -0.004183 0.009928 -0.004942,
 -0.004183 0.000074 -0.003571, -0.004183 0.000824 -0.003571, -0.004182 0.003178 -0.004943, -0.004181 0.043178 0.003537, -0.004180 0.048667 0.004758,
 -0.004177 0.014070 0.004964, -0.004161 0.036827 -0.003577, -0.004161 0.008827 -0.003583, -0.004157 0.036077 -0.003582, -0.004156 0.046067 0.004980,
 -0.004151 0.004080 -0.003606, -0.004151 0.011923 0.003574, -0.004146 0.039922 0.003577, -0.004144 0.000000 -0.003745, -0.004142 0.004082 -0.003619,
 -0.004142 0.004832 -0.003619, -0.004132 0.016814 0.004997, -0.004131 0.033935 -0.004985, -0.004127 0.044814 0.005000, -0.004126 0.005935 -0.004988,
 -0.004126 0.004834 -0.003634, -0.004124 0.032834 -0.003627, -0.004124 0.015168 0.003601, -0.004113 0.048662 0.004816, -0.004110 0.047166 0.003619,
 -0.004107 0.015915 0.003619, -0.004104 0.043915 0.003623, -0.004103 0.031188 -0.005007, -0.004098 0.008089 -0.003668, -0.004098 0.008839 -0.003668,
 -0.004093 0.032090 -0.003669, -0.004087 0.048091 -0.003680, -0.004087 0.048841 -0.003680, -0.004087 0.028841 -0.003677, -0.004085 0.012092 -0.003682,
 -0.004085 0.012842 -0.003682, -0.004081 0.020092 -0.003688, -0.004081 0.020842 -0.003688, -0.004080 0.000000 0.003844, -0.004077 0.000842 -0.003673,
 -0.004076 0.000000 0.003850, -0.004074 0.018057 0.005040, -0.004074 0.029942 -0.005031, -0.004073 0.020807 0.005041, -0.004072 0.044094 -0.003697,
 -0.004072 0.044844 -0.003697, -0.004072 0.036094 -0.003698, -0.004072 0.036844 -0.003698, -0.004072 0.000092 -0.003678, -0.004071 0.024094 -0.003698,
 -0.004071 0.024844 -0.003698, -0.004070 0.028094 -0.003700, -0.004070 0.028844 -0.003700, -0.004069 0.040094 -0.003700, -0.004069 0.040844 -0.003700,
 -0.004069 0.032094 -0.003700, -0.004069 0.032844 -0.003700, -0.004069 0.001943 -0.005035, -0.004068 0.016095 -0.003702, -0.004068 0.016845 -0.003702,
 -0.004066 0.019908 0.003666, -0.004063 0.047908 0.003671, -0.004052 0.019156 0.003682, -0.004045 0.024848 -0.003722, -0.004023 0.023901 0.003712,
 -0.004018 0.028102 -0.003746, -0.004016 0.025949 -0.005078, -0.004013 0.024800 0.005084, -0.004004 0.027201 -0.005088, -0.004001 0.048855 -0.003759,
 -0.004000 -0.006500 0.000000, -0.004000 -0.004500 0.000000, -0.003997 0.020856 -0.003763, -0.003987 0.050000 -0.003018, -0.003987 0.050000 0.003018,
 -0.003981 0.027893 0.003758, -0.003979 0.023143 0.003762, -0.003978 0.048653 0.004934, -0.003971 0.022045 0.005115, -0.003959 0.021957 -0.005124,
 -0.003959 0.000793 0.005124, -0.003956 0.044862 -0.003803, -0.003954 0.028793 0.005128, -0.003952 0.016863 -0.003807, -0.003941 0.003887 0.003799,
 -0.003939 0.031886 0.003804, -0.003938 0.024115 -0.003819, -0.003919 -0.020000 -0.009200, -0.003919 -0.020000 0.009200, -0.003919 -0.006500 -0.009200,
 -0.003919 -0.006500 0.009200, -0.003910 0.040870 -0.003845, -0.003907 0.045963 -0.005167, -0.003905 0.023213 -0.005168, -0.003905 0.027130 0.003841,
 -0.003905 0.012870 -0.003847, -0.003902 0.017964 -0.005171, -0.003899 0.004786 0.005168, -0.003899 0.007879 0.003846, -0.003897 0.035879 0.003851,
 -0.003894 0.032786 0.005172, -0.003893 0.049203 -0.004284, -0.003871 0.000000 -0.004107, -0.003868 0.026032 0.005191, -0.003864 -0.006500 -0.001035,
 -0.003864 -0.006500 0.001035, -0.003864 -0.004500 -0.001035, -0.003864 -0.004500 0.001035, -0.003863 0.036877 -0.003887, -0.003863 -0.020000 -0.011888,
 -0.003863 -0.020000 0.011888, -0.003863 -0.019000 -0.011888, -0.003863 -0.019000 0.011888, -0.003859 0.011872 0.003894, -0.003858 0.008878 -0.003889,
 -0.003857 0.020128 -0.003891, -0.003855 0.039871 0.003898, -0.003850 0.041971 -0.005214, -0.003845 0.013971 -0.005218, -0.003840 0.008779 0.005212,
 -0.003835 0.036778 0.005215, -0.003832 0.031118 0.003922, -0.003817 0.032884 -0.003929, -0.003816 0.015865 0.003940, -0.003813 0.043864 0.003944,
 -0.003810 0.004885 -0.003930, -0.003810 0.001976 -0.005246, -0.003810 0.003226 -0.005246, -0.003810 0.005976 -0.005246, -0.003810 0.007226 -0.005246,
 -0.003810 0.009976 -0.005246, -0.003810 0.011226 -0.005246, -0.003810 0.013976 -0.005246, -0.003810 0.015226 -0.005246, -0.003810 0.017976 -0.005246,
 -0.003810 0.019226 -0.005246, -0.003810 0.021976 -0.005246, -0.003810 0.023226 -0.005246, -0.003810 0.025976 -0.005246, -0.003810 0.027226 -0.005246,
 -0.003810 0.029976 -0.005246, -0.003810 0.031226 -0.005246, -0.003810 0.033976 -0.005246, -0.003810 0.035226 -0.005246, -0.003810 0.037976 -0.005246,
 -0.003810 0.039226 -0.005246, -0.003810 0.041976 -0.005246, -0.003810 0.043226 -0.005246, -0.003810 0.045976 -0.005246, -0.003810 0.047226 -0.005246,
 -0.003807 0.019226 -0.005249, -0.003805 0.000775 0.005237, -0.003805 0.002025 0.005237, -0.003805 0.004775 0.005237, -0.003805 0.006025 0.005237,
 -0.003805 0.008775 0.005237, -0.003805 0.010025 0.005237, -0.003805 0.012775 0.005237, -0.003805 0.014025 0.005237, -0.003805 0.016775 0.005237,
 -0.003805 0.018025 0.005237, -0.003805 0.020775 0.005237, -0.003805 0.022025 0.005237, -0.003805 0.024775 0.005237, -0.003805 0.026025 0.005237,
 -0.003805 0.028775 0.005237, -0.003805 0.030025 0.005237, -0.003805 0.032775 0.005237, -0.003805 0.034025 0.005237, -0.003805 0.036775 0.005237,
 -0.003805 0.038025 0.005237, -0.003805 0.040775 0.005237, -0.003805 0.042025 0.005237, -0.003805 0.044775 0.005237, -0.003805 0.046025 0.005237,
 -0.003793 0.048138 -0.003948, -0.003793 0.000000 0.004186, -0.003793 0.037978 -0.005260, -0.003788 0.009978 -0.005264, -0.003781 0.012772 0.005255,
 -0.003778 0.016140 -0.003965, -0.003776 0.040771 0.005259, -0.003775 0.019857 0.003987, -0.003772 0.047857 0.003991, -0.003771 0.028892 -0.003972,
 -0.003770 0.003108 0.003980, -0.003766 0.030020 0.005266, -0.003764 0.000892 -0.003973, -0.003760 0.035105 0.004002, -0.003757 0.049213 -0.004398,
 -0.003736 0.033985 -0.005307, -0.003732 0.023850 0.004033, -0.003731 0.005986 -0.005310, -0.003728 0.047236 -0.005312, -0.003724 0.024899 -0.004013,
 -0.003721 0.016764 0.005299, -0.003716 0.044764 0.005302, -0.003714 0.044151 -0.004022, -0.003708 0.015239 -0.005329, -0.003706 0.049217 -0.004441,
 -0.003701 0.047095 0.004068, -0.003701 0.047845 0.004068, -0.003701 0.011095 0.004069, -0.003701 0.011845 0.004069, -0.003699 0.007095 0.004062,
 -0.003699 0.019094 0.004070, -0.003699 0.019844 0.004070, -0.003697 0.012153 -0.004036, -0.003696 0.035094 0.004073, -0.003696 0.035844 0.004073,
 -0.003696 0.023094 0.004073, -0.003696 0.023844 0.004073, -0.003695 0.039094 0.004074, -0.003695 0.039844 0.004074, -0.003692 0.043093 0.004077,
 -0.003692 0.043843 0.004077, -0.003691 0.031093 0.004078, -0.003691 0.031843 0.004078, -0.003690 0.027843 0.004078, -0.003689 0.015093 0.004079,
 -0.003689 0.015843 0.004079, -0.003687 0.027092 0.004081, -0.003687 0.027842 0.004081, -0.003686 0.039092 0.004080, -0.003684 0.002010 0.005326,
 -0.003681 0.048906 -0.004051, -0.003679 0.029992 -0.005353, -0.003677 0.020906 -0.004055, -0.003674 0.001993 -0.005357, -0.003670 0.048632 0.005203,
 -0.003668 0.000000 0.004335, -0.003663 0.034007 0.005341, -0.003662 0.020757 0.005342, -0.003655 0.007087 0.004109, -0.003655 0.007837 0.004109,
 -0.003644 0.003836 0.004113, -0.003640 0.031836 0.004116, -0.003635 0.001998 -0.005388, -0.003635 0.003248 -0.005388, -0.003635 0.005998 -0.005388,
 -0.003635 0.007248 -0.005388, -0.003635 0.009998 -0.005388, -0.003635 0.011248 -0.005388, -0.003635 0.013998 -0.005388, -0.003635 0.015248 -0.005388,
 -0.003635 0.017998 -0.005388, -0.003635 0.019248 -0.005388, -0.003635 0.021998 -0.005388, -0.003635 0.023248 -0.005388, -0.003635 0.025998 -0.005388,
 -0.003635 0.027248 -0.005388, -0.003635 0.029998 -0.005388, -0.003635 0.031248 -0.005388, -0.003635 0.033998 -0.005388, -0.003635 0.035248 -0.005388,
 -0.003635 0.037998 -0.005388, -0.003635 0.039248 -0.005388, -0.003635 0.041998 -0.005388, -0.003635 0.043248 -0.005388, -0.003635 0.045998 -0.005388,
 -0.003635 0.047248 -0.005388, -0.003635 0.044913 -0.004094, -0.003634 0.040163 -0.004096, -0.003632 0.016914 -0.004098, -0.003630 0.043248 -0.005392,
 -0.003620 0.025999 -0.005397, -0.003617 0.011082 0.004131, -0.003617 0.008166 -0.004110, -0.003607 0.011251 -0.005404, -0.003606 0.003080 0.004152,
 -0.003606 0.003830 0.004152, -0.003603 0.024750 0.005386, -0.003600 0.043080 0.004145, -0.003596 0.007829 0.004153, -0.003596 0.048628 0.005255,
 -0.003589 0.035828 0.004152, -0.003589 0.040920 -0.004137, -0.003584 0.012921 -0.004139, -0.003584 0.000000 -0.004411, -0.003582 0.005998 0.005401,
 -0.003561 0.037995 0.005416, -0.003556 0.022007 -0.005432, -0.003554 0.036176 -0.004168, -0.003549 0.000744 0.005425, -0.003544 0.028743 0.005429,
 -0.003543 0.011822 0.004186, -0.003542 0.036928 -0.004178, -0.003539 0.039821 0.004190, -0.003539 0.004179 -0.004185, -0.003538 0.008928 -0.004182,
 -0.003531 0.015070 0.004196, -0.003530 0.049229 -0.004558, -0.003519 0.039261 -0.005453, -0.003512 0.047067 0.004209, -0.003498 0.046013 -0.005464,
 -0.003497 0.032935 -0.004221, -0.003496 0.007263 -0.005465, -0.003495 0.004936 -0.004227, -0.003493 0.015815 0.004224, -0.003492 0.018014 -0.005467,
 -0.003490 0.004736 0.005469, -0.003489 0.043814 0.004227, -0.003485 0.032736 0.005472, -0.003483 0.000000 0.004510, -0.003480 0.009985 0.005476,
 -0.003474 0.032188 -0.004241, -0.003464 -0.006500 -0.002000, -0.003464 -0.006500 0.002000, -0.003464 -0.004500 -0.002000, -0.003464 -0.004500 0.002000,
 -0.003463 0.000191 -0.004263, -0.003459 0.041983 0.005491, -0.003453 0.000943 -0.004273, -0.003450 0.028942 -0.004263, -0.003444 0.019057 0.004260,
 -0.003443 0.019807 0.004261, -0.003439 0.047807 0.004264, -0.003437 0.000000 -0.004566, -0.003434 0.042020 -0.005499, -0.003431 0.008729 0.005512,
 -0.003428 0.014021 -0.005502, -0.003426 0.036729 0.005515, -0.003408 0.035273 -0.005514, -0.003404 0.024950 -0.004304, -0.003404 0.000201 -0.004320,
 -0.003404 0.000951 -0.004320, -0.003394 0.028201 -0.004314, -0.003393 0.023800 0.004298, -0.003385 0.003275 -0.005526, -0.003381 0.000000 -0.011514,
 -0.003381 0.000000 0.011514, -0.003378 0.013973 0.005550, -0.003372 0.012722 0.005555, -0.003370 0.038027 -0.005535, -0.003367 0.040722 0.005558,
 -0.003365 0.010028 -0.005538, -0.003361 0.048956 -0.004342, -0.003357 0.045970 0.005566, -0.003357 0.000720 0.005566, -0.003357 0.001970 0.005566,
 -0.003357 0.004720 0.005566, -0.003357 0.005970 0.005566, -0.003357 0.008720 0.005566, -0.003357 0.009970 0.005566, -0.003357 0.012720 0.005566,
 -0.003357 0.013970 0.005566, -0.003357 0.016720 0.005566, -0.003357 0.017970 0.005566, -0.003357 0.020720 0.005566, -0.003357 0.021970 0.005566,
 -0.003357 0.023045 0.004325, -0.003357 0.024720 0.005566, -0.003357 0.025970 0.005566, -0.003357 0.028720 0.005566, -0.003357 0.029970 0.005566,
 -0.003357 0.032720 0.005566, -0.003357 0.033970 0.005566, -0.003357 0.036720 0.005566, -0.003357 0.037970 0.005566, -0.003357 0.040720 0.005566,
 -0.003357 0.041970 0.005566, -0.003357 0.044720 0.005566, -0.003357 0.045970 0.005566, -0.003357 0.020957 -0.004345, -0.003354 0.004208 -0.004359,
 -0.003354 0.004958 -0.004359, -0.003343 0.027793 0.004335, -0.003315 0.044964 -0.004384, -0.003314 0.024214 -0.004386, -0.003313 0.016964 -0.004389,
 -0.003306 0.034034 -0.005570, -0.003305 0.016215 -0.004397, -0.003305 0.016965 -0.004397, -0.003303 0.044714 0.005592, -0.003302 0.008216 -0.004398,
 -0.003302 0.008966 -0.004398, -0.003299 0.032216 -0.004400, -0.003299 0.032966 -0.004400, -0.003299 0.003786 0.004371, -0.003298 0.040216 -0.004401,
 -0.003298 0.040966 -0.004401, -0.003298 0.028216 -0.004402, -0.003298 0.028966 -0.004402, -0.003298 0.031285 -0.005574, -0.003293 0.031786 0.004373,
 -0.003291 0.024217 -0.004407, -0.003291 0.024967 -0.004407, -0.003290 0.036217 -0.004407, -0.003290 0.036967 -0.004407, -0.003289 0.044218 -0.004408,
 -0.003289 0.044968 -0.004408, -0.003289 0.048218 -0.004408, -0.003289 0.048968 -0.004408, -0.003287 0.012218 -0.004410, -0.003287 0.012968 -0.004410,
 -0.003281 0.020219 -0.004414, -0.003281 0.020969 -0.004414, -0.003271 0.027032 0.004389, -0.003268 0.017961 0.005609, -0.003266 0.040971 -0.004421,
 -0.003262 0.012971 -0.004425, -0.003247 0.050000 -0.003802, -0.003247 0.050000 0.003802, -0.003247 0.007779 0.004407, -0.003242 0.035778 0.004410,
 -0.003242 0.030041 -0.005605, -0.003227 0.020226 -0.004447, -0.003213 0.036978 -0.004454, -0.003208 0.008978 -0.004456, -0.003205 0.000000 0.004773,
 -0.003197 0.011772 0.004444, -0.003192 0.039771 0.004447, -0.003189 0.048604 0.005541, -0.003187 0.027297 -0.005635, -0.003184 0.031020 0.004453,
 -0.003178 0.026048 -0.005640, -0.003177 0.049252 -0.004791, -0.003160 0.032985 -0.004485, -0.003155 0.021948 0.005665, -0.003153 0.048236 -0.004490,
 -0.003153 0.004985 -0.004485, -0.003152 0.049253 -0.004804, -0.003150 0.000000 0.004814, -0.003147 0.015765 0.004481, -0.003142 0.043764 0.004484,
 -0.003133 0.016238 -0.004501, -0.003123 0.048600 0.005587, -0.003118 0.000694 0.005682, -0.003114 0.022055 -0.005676, -0.003114 0.003010 0.004502,
 -0.003112 0.028694 0.005685, -0.003106 0.028992 -0.004518, -0.003099 0.000992 -0.004516, -0.003098 0.035007 0.004517, -0.003097 0.019757 0.004518,
 -0.003093 0.047757 0.004521, -0.003077 0.023310 -0.005696, -0.003061 0.044248 -0.004546, -0.003056 0.046062 -0.005708, -0.003054 0.024999 -0.004550,
 -0.003052 0.004687 0.005714, -0.003050 0.018063 -0.005711, -0.003047 0.023750 0.004555, -0.003047 0.032687 0.005717, -0.003042 0.012251 -0.004557,
 -0.003041 0.025936 0.005720, -0.003028 0.006998 0.004566, -0.003018 0.048594 0.005646, -0.003011 0.038995 0.004581, -0.003005 0.049006 -0.004580,
 -0.003001 0.021006 -0.004583, -0.002997 0.027743 0.004591, -0.002992 0.042069 -0.005743, -0.002986 0.008680 0.005746, -0.002986 0.014070 -0.005746,
 -0.002981 0.036680 0.005749, -0.002969 0.040260 -0.004601, -0.002966 0.019322 -0.005757, -0.002956 0.000000 -0.004971, -0.002952 0.045013 -0.004612,
 -0.002950 0.008263 -0.004612, -0.002948 0.003737 0.004620, -0.002947 0.017013 -0.004614, -0.002947 0.031736 0.004628, -0.002944 0.010985 0.004632,
 -0.002928 0.038076 -0.005779, -0.002927 0.029924 0.005775, -0.002925 0.042983 0.004645, -0.002925 0.000000 -0.004992, -0.002922 0.010077 -0.005781,
 -0.002920 0.012673 0.005778, -0.002915 0.040672 0.005781, -0.002900 0.007729 0.004659, -0.002899 0.041020 -0.004644, -0.002898 0.035729 0.004665,
 -0.002895 0.013020 -0.004647, -0.002878 0.047332 -0.005806, -0.002878 0.036273 -0.004657, -0.002863 0.034083 -0.005814, -0.002859 0.004275 -0.004668,
 -0.002858 0.006084 -0.005817, -0.002857 0.014973 0.004695, -0.002855 0.015334 -0.005819, -0.002855 0.016666 0.005811, -0.002853 0.011722 0.004700,
 -0.002849 0.044665 0.005813, -0.002848 0.039722 0.004702, -0.002846 0.037027 -0.004676, -0.002842 0.009028 -0.004679, -0.002840 0.046970 0.004709,
 -0.002837 0.001914 0.005819, -0.002834 0.046969 0.004713, -0.002834 0.047719 0.004713, -0.002834 0.010969 0.004714, -0.002834 0.011719 0.004714,
 -0.002832 0.018969 0.004715, -0.002832 0.019719 0.004715, -0.002828 -0.006500 -0.002828, -0.002828 -0.006500 0.002828, -0.002828 -0.004500 -0.002828,
 -0.002828 -0.004500 0.002828, -0.002828 0.034969 0.004717, -0.002828 0.035719 0.004717, -0.002828 0.022969 0.004717, -0.002828 0.023719 0.004717,
 -0.002827 0.038968 0.004718, -0.002827 0.039718 0.004718, -0.002824 0.042968 0.004720, -0.002824 0.043718 0.004720, -0.002823 0.030968 0.004720,
 -0.002823 0.031718 0.004720, -0.002820 0.014968 0.004722, -0.002820 0.015718 0.004722, -0.002818 0.026967 0.004723, -0.002818 0.027717 0.004723,
 -0.002813 0.033911 0.005831, -0.002799 0.030090 -0.005849, -0.002796 0.043714 0.004733, -0.002794 0.002091 -0.005852, -0.002793 0.033034 -0.004708,
 -0.002789 0.000000 0.005086, -0.002788 0.020659 0.005843, -0.002786 0.032285 -0.004712, -0.002783 0.006963 0.004744, -0.002783 0.007713 0.004744,
 -0.002769 0.000287 -0.004727, -0.002767 0.043344 -0.005867, -0.002765 0.018961 0.004747, -0.002757 0.048580 0.005791, -0.002744 0.011346 -0.005880,
 -0.002741 0.029041 -0.004740, -0.002740 0.047707 0.004758, -0.002735 0.026097 -0.005885, -0.002728 0.002955 0.004776, -0.002728 0.003705 0.004776,
 -0.002722 0.005902 0.005875, -0.002722 0.024652 0.005875, -0.002699 0.037899 0.005886, -0.002695 0.028297 -0.004767, -0.002694 0.049281 -0.005040,
 -0.002691 0.000000 0.005159, -0.002688 0.025048 -0.004772, -0.002671 0.022105 -0.005920, -0.002669 0.022948 0.004792, -0.002662 0.000645 0.005904,
 -0.002656 0.028644 0.005907, -0.002656 0.039356 -0.005928, -0.002642 0.002108 -0.005936, -0.002642 0.003358 -0.005936, -0.002642 0.006108 -0.005936,
 -0.002642 0.007358 -0.005936, -0.002642 0.010108 -0.005936, -0.002642 0.011358 -0.005936, -0.002642 0.014108 -0.005936, -0.002642 0.015358 -0.005936,
 -0.002642 0.018108 -0.005936, -0.002642 0.019358 -0.005936, -0.002642 0.022108 -0.005936, -0.002642 0.023358 -0.005936, -0.002642 0.026108 -0.005936,
 -0.002642 0.027358 -0.005936, -0.002642 0.030108 -0.005936, -0.002642 0.031358 -0.005936, -0.002642 0.034108 -0.005936, -0.002642 0.035358 -0.005936,
 -0.002642 0.038108 -0.005936, -0.002642 0.039358 -0.005936, -0.002642 0.042108 -0.005936, -0.002642 0.043358 -0.005936, -0.002642 0.046108 -0.005936,
 -0.002642 0.047358 -0.005936, -0.002635 0.021055 -0.004803, -0.002634 0.000642 0.005918, -0.002634 0.001892 0.005918, -0.002634 0.004642 0.005918,
 -0.002634 0.005892 0.005918, -0.002634 0.008642 0.005918, -0.002634 0.009892 0.005918, -0.002634 0.012642 0.005918, -0.002634 0.013892 0.005918,
 -0.002634 0.016642 0.005918, -0.002634 0.017892 0.005918, -0.002634 0.020642 0.005918, -0.002634 0.021892 0.005918, -0.002634 0.024642 0.005918,
 -0.002634 0.025892 0.005918, -0.002634 0.028642 0.005918, -0.002634 0.029892 0.005918, -0.002634 0.032642 0.005918, -0.002634 0.033892 0.005918,
 -0.002634 0.036642 0.005918, -0.002634 0.037892 0.005918, -0.002634 0.040642 0.005918, -0.002634 0.041892 0.005918, -0.002634 0.044642 0.005918,
 -0.002634 0.045892 0.005918, -0.002634 0.027694 0.004810, -0.002633 0.007359 -0.005941, -0.002618 0.049285 -0.005079, -0.002616 0.002111 -0.005951,
 -0.002616 0.003361 -0.005951, -0.002616 0.006111 -0.005951, -0.002616 0.007361 -0.005951, -0.002616 0.010111 -0.005951, -0.002616 0.011361 -0.005951,
 -0.002616 0.014111 -0.005951, -0.002616 0.015361 -0.005951, -0.002616 0.018111 -0.005951, -0.002616 0.019361 -0.005951, -0.002616 0.022111 -0.005951,
 -0.002616 0.023361 -0.005951, -0.002616 0.026111 -0.005951, -0.002616 0.027361 -0.005951, -0.002616 0.030111 -0.005951, -0.002616 0.031361 -0.005951,
 -0.002616 0.034111 -0.005951, -0.002616 0.035361 -0.005951, -0.002616 0.038111 -0.005951, -0.002616 0.039361 -0.005951, -0.002616 0.042111 -0.005951,
 -0.002616 0.043361 -0.005951, -0.002616 0.046111 -0.005951, -0.002616 0.047361 -0.005951, -0.002611 0.046111 -0.005952, -0.002608 0.009889 0.005930,
 -0.002606 0.018112 -0.005954, -0.002604 0.024309 -0.004822, -0.002596 0.004638 0.005937, -0.002590 0.032637 0.005939, -0.002586 0.045062 -0.004833,
 -0.002585 0.003687 0.004840, -0.002584 0.041887 0.005942, -0.002583 0.017062 -0.004836, -0.002578 0.031687 0.004836, -0.002573 0.026936 0.004839,
 -0.002542 0.042118 -0.005975, -0.002540 0.048568 0.005911, -0.002539 0.035369 -0.005976, -0.002536 0.014119 -0.005977, -0.002534 0.041069 -0.004865,
 -0.002529 0.008631 0.005969, -0.002529 0.013069 -0.004867, -0.002527 0.007680 0.004862, -0.002524 0.036630 0.005971, -0.002521 0.035680 0.004862,
 -0.002514 0.003371 -0.005985, -0.002512 0.020322 -0.004877, -0.002501 0.000324 -0.004898, -0.002501 0.001074 -0.004898, -0.002493 0.013877 0.005986,
 -0.002481 0.037076 -0.004897, -0.002477 0.009076 -0.004900, -0.002476 0.030924 0.004884, -0.002472 0.038126 -0.005999, -0.002470 0.011673 0.004887,
 -0.002470 0.045874 0.005998, -0.002466 0.010126 -0.006001, -0.002465 0.039672 0.004889, -0.002463 0.012624 0.006001, -0.002458 0.040623 0.006004,
 -0.002446 0.004331 -0.004926, -0.002446 0.005081 -0.004926, -0.002440 0.048331 -0.004921, -0.002433 0.000000 -0.005322, -0.002428 0.033083 -0.004930,
 -0.002425 0.005084 -0.004934, -0.002422 0.016334 -0.004934, -0.002418 0.031381 -0.006017, -0.002414 0.015666 0.004913, -0.002409 0.043665 0.004916,
 -0.002402 0.034133 -0.006022, -0.002402 0.000000 0.005329, -0.002400 0.002914 0.004922, -0.002397 0.016616 0.006033, -0.002396 0.006133 -0.006024,
 -0.002391 0.044616 0.006036, -0.002390 0.016338 -0.004953, -0.002390 0.017088 -0.004953, -0.002388 0.008338 -0.004955, -0.002388 0.009088 -0.004955,
 -0.002384 0.032339 -0.004956, -0.002384 0.033089 -0.004956, -0.002383 0.040339 -0.004957, -0.002383 0.041089 -0.004957, -0.002383 0.028339 -0.004957,
 -0.002383 0.029089 -0.004957, -0.002379 0.017864 0.006042, -0.002379 0.034911 0.004930, -0.002375 0.024340 -0.004961, -0.002375 0.025090 -0.004961,
 -0.002375 0.029090 -0.004960, -0.002374 0.036340 -0.004961, -0.002374 0.037090 -0.004961, -0.002373 0.044340 -0.004962, -0.002373 0.045090 -0.004962,
 -0.002373 0.048340 -0.004962, -0.002373 0.049090 -0.004962, -0.002370 0.012341 -0.004963, -0.002370 0.013091 -0.004963, -0.002366 0.001091 -0.004951,
 -0.002364 0.020341 -0.004966, -0.002364 0.021091 -0.004966, -0.002358 0.019659 0.004940, -0.002357 0.050000 -0.004410, -0.002357 0.050000 0.004410,
 -0.002353 0.047658 0.004942, -0.002346 0.044344 -0.004972, -0.002345 0.049302 -0.005183, -0.002332 0.030140 -0.006045, -0.002331 0.020609 0.006065,
 -0.002326 0.002141 -0.006047, -0.002325 0.012346 -0.004979, -0.002317 0.025097 -0.004982, -0.002308 0.000607 0.006076, -0.002308 0.001857 0.006076,
 -0.002308 0.004607 0.006076, -0.002308 0.005857 0.006076, -0.002308 0.008607 0.006076, -0.002308 0.009857 0.006076, -0.002308 0.012607 0.006076,
 -0.002308 0.013857 0.006076, -0.002308 0.016607 0.006076, -0.002308 0.017857 0.006076, -0.002308 0.020607 0.006076, -0.002308 0.021857 0.006076,
 -0.002308 0.024607 0.006076, -0.002308 0.025857 0.006076, -0.002308 0.028607 0.006076, -0.002308 0.029857 0.006076, -0.002308 0.032607 0.006076,
 -0.002308 0.033857 0.006076, -0.002308 0.036607 0.006076, -0.002308 0.037857 0.006076, -0.002308 0.040607 0.006076, -0.002308 0.041857 0.006076,
 -0.002308 0.044607 0.006076, -0.002308 0.045857 0.006076, -0.002303 0.048555 0.006012, -0.002302 0.006902 0.004966, -0.002302 0.023651 0.004966,
 -0.002297 0.027394 -0.006057, -0.002282 0.038899 0.004976, -0.002263 0.049104 -0.005001, -0.002262 0.026147 -0.006069, -0.002261 0.024602 0.006089,
 -0.002261 0.021852 0.006089, -0.002259 0.021105 -0.005004, -0.002245 0.027644 0.004993, -0.002244 0.040356 -0.005007, -0.002223 0.008359 -0.005015,
 -0.002205 0.045111 -0.005023, -0.002204 0.010889 0.005013, -0.002199 0.017112 -0.005023, -0.002196 0.000595 0.006108, -0.002193 0.003638 0.005015,
 -0.002192 0.022155 -0.006092, -0.002190 0.028595 0.006109, -0.002189 0.031637 0.005020, -0.002184 0.042887 0.005022, -0.002176 0.023406 -0.006098,
 -0.002167 0.000000 -0.005461, -0.002146 0.041118 -0.005043, -0.002144 0.036369 -0.005045, -0.002141 0.013119 -0.005046, -0.002138 0.025839 0.006124,
 -0.002137 0.007631 0.005042, -0.002135 -0.019000 -0.014847, -0.002135 -0.019000 0.014847, -0.002135 -0.003000 -0.014847, -0.002135 -0.003000 0.014847,
 -0.002133 0.035630 0.005046, -0.002128 0.046161 -0.006114, -0.002127 0.000000 0.005492, -0.002125 0.004588 0.006127, -0.002122 0.018162 -0.006116,
 -0.002121 0.004371 -0.005049, -0.002119 0.032587 0.006129, -0.002107 0.014877 0.005058, -0.002088 0.037126 -0.005065, -0.002087 0.046874 0.005069,
 -0.002082 0.009126 -0.005066, -0.002081 0.011623 0.005071, -0.002076 0.039623 0.005073, -0.002058 0.042169 -0.006137, -0.002054 0.019419 -0.006138,
 -0.002054 0.008581 0.006147, -0.002052 0.014169 -0.006139, -0.002048 0.036580 0.006149, -0.002042 0.032381 -0.005081, -0.002029 0.033133 -0.005086,
 -0.002025 0.015616 0.005097, -0.002023 0.005134 -0.005086, -0.002022 0.049321 -0.005306, -0.002020 0.043616 0.005100, -0.002020 0.000384 -0.005087,
 -0.002015 0.029827 0.006158, -0.002010 0.018864 0.005105, -0.002000 -0.006500 -0.003464, -0.002000 -0.006500 0.003464, -0.002000 -0.004500 -0.003464,
 -0.002000 -0.004500 0.003464, -0.001995 0.000000 0.005551, -0.001987 0.038176 -0.006161, -0.001983 0.012573 0.006167, -0.001981 0.010177 -0.006163,
 -0.001977 0.040573 0.006169, -0.001970 0.029140 -0.005107, -0.001969 0.019609 0.005125, -0.001964 0.001141 -0.005109, -0.001964 0.047608 0.005127,
 -0.001958 0.047429 -0.006171, -0.001955 -0.020000 -0.012346, -0.001955 -0.020000 0.012346, -0.001955 -0.019000 -0.012346, -0.001955 -0.019000 0.012346,
 -0.001940 0.028394 -0.005118, -0.001933 0.015432 -0.006179, -0.001924 0.049327 -0.005331, -0.001921 0.048534 0.006175, -0.001918 0.001817 0.006185,
 -0.001917 0.034183 -0.006184, -0.001912 0.023602 0.005151, -0.001912 0.022852 0.005151, -0.001911 0.016566 0.006187, -0.001911 0.025148 -0.005129,
 -0.001911 0.006184 -0.006186, -0.001905 0.044565 0.006189, -0.001892 0.033814 0.006192, -0.001865 0.046846 0.005174, -0.001865 0.047596 0.005174,
 -0.001864 0.010846 0.005175, -0.001864 0.011596 0.005175, -0.001862 0.018845 0.005175, -0.001862 0.019595 0.005175, -0.001859 0.000000 -0.005622,
 -0.001858 0.034845 0.005177, -0.001858 0.035595 0.005177, -0.001858 0.022845 0.005177, -0.001858 0.023595 0.005177, -0.001857 0.049154 -0.005148,
 -0.001857 0.038845 0.005177, -0.001857 0.039595 0.005177, -0.001855 0.027595 0.005177, -0.001853 0.042844 0.005178, -0.001853 0.043594 0.005178,
 -0.001853 0.021155 -0.005150, -0.001852 0.030844 0.005179, -0.001852 0.031594 0.005179, -0.001849 0.014844 0.005180, -0.001849 0.015594 0.005180,
 -0.001847 0.030191 -0.006208, -0.001847 0.026843 0.005181, -0.001847 0.027593 0.005181, -0.001841 0.002191 -0.006210, -0.001840 0.020559 0.006207,
 -0.001839 0.024407 -0.005155, -0.001837 0.043442 -0.006211, -0.001832 0.048529 0.006202, -0.001812 0.026839 0.005189, -0.001811 0.011444 -0.006220,
 -0.001807 0.006839 0.005195, -0.001807 0.007589 0.005195, -0.001799 0.003588 0.005192, -0.001799 0.045162 -0.005170, -0.001795 0.031587 0.005193,
 -0.001794 0.005804 0.006220, -0.001794 0.017162 -0.005172, -0.001777 0.026198 -0.006231, -0.001769 0.024551 0.006227, -0.001769 0.037801 0.006227,
 -0.001756 0.048525 0.006226, -0.001746 0.002831 0.005215, -0.001746 0.003581 0.005215, -0.001741 0.007581 0.005211, -0.001740 0.041169 -0.005191,
 -0.001737 0.020419 -0.005192, -0.001735 0.013170 -0.005193, -0.001735 0.035580 0.005208, -0.001715 0.039455 -0.006252, -0.001708 0.000000 -0.011878,
 -0.001708 0.000000 0.011878, -0.001707 0.030827 0.005215, -0.001707 0.022205 -0.006255, -0.001703 0.000545 0.006245, -0.001697 0.028544 0.006247,
 -0.001690 0.007457 -0.006260, -0.001681 0.037176 -0.005212, -0.001679 0.011573 0.005221, -0.001676 0.009177 -0.005215, -0.001674 0.039573 0.005223,
 -0.001671 0.009791 0.006254, -0.001656 0.048429 -0.005221, -0.001645 0.041789 0.006261, -0.001642 0.046212 -0.006276, -0.001636 0.018213 -0.006278,
 -0.001635 0.016432 -0.005230, -0.001632 0.004537 0.006265, -0.001626 0.032537 0.006267, -0.001626 0.002817 0.005243, -0.001622 0.033184 -0.005234,
 -0.001618 0.015566 0.005237, -0.001618 0.005184 -0.005240, -0.001613 0.043565 0.005238, -0.001602 0.034814 0.005241, -0.001594 0.035467 -0.006292,
 -0.001572 0.042219 -0.006300, -0.001569 0.003470 -0.006301, -0.001566 0.000000 0.005744, -0.001566 0.014220 -0.006302, -0.001563 0.029191 -0.005255,
 -0.001561 0.001191 -0.005266, -0.001561 0.008530 0.006285, -0.001557 0.019559 0.005252, -0.001555 0.036529 0.006287, -0.001554 0.044442 -0.005258,
 -0.001552 0.047558 0.005253, -0.001547 0.013778 0.006289, -0.001535 0.000000 0.005758, -0.001533 0.012444 -0.005265, -0.001532 0.049350 -0.005432,
 -0.001522 0.045776 0.006296, -0.001519 0.006804 0.005264, -0.001504 0.025198 -0.005276, -0.001502 0.038227 -0.006323, -0.001500 0.020000 -0.000000,
 -0.001500 0.050000 -0.000000, -0.001497 0.023551 0.005267, -0.001497 0.038801 0.005267, -0.001496 0.010227 -0.006325, -0.001492 0.002228 -0.006326,
 -0.001492 0.003478 -0.006326, -0.001492 0.006228 -0.006326, -0.001492 0.007478 -0.006326, -0.001492 0.010228 -0.006326, -0.001492 0.011478 -0.006326,
 -0.001492 0.014228 -0.006326, -0.001492 0.015478 -0.006326, -0.001492 0.018228 -0.006326, -0.001492 0.019478 -0.006326, -0.001492 0.022228 -0.006326,
 -0.001492 0.023478 -0.006326, -0.001492 0.026228 -0.006326, -0.001492 0.027478 -0.006326, -0.001492 0.030228 -0.006326, -0.001492 0.031478 -0.006326,
 -0.001492 0.034228 -0.006326, -0.001492 0.035478 -0.006326, -0.001492 0.038228 -0.006326, -0.001492 0.039478 -0.006326, -0.001492 0.042228 -0.006326,
 -0.001492 0.043478 -0.006326, -0.001492 0.046228 -0.006326, -0.001492 0.047478 -0.006326, -0.001491 0.049352 -0.005443, -0.001491 0.000450 -0.005294,
 -0.001491 0.001200 -0.005294, -0.001489 0.012523 0.006305, -0.001483 0.040522 0.006307, -0.001472 0.031480 -0.006329, -0.001453 0.040454 -0.005296,
 -0.001450 0.049205 -0.005295, -0.001449 0.020000 -0.000388, -0.001449 0.020000 0.000388, -0.001449 0.050000 -0.000388, -0.001449 0.050000 0.000388,
 -0.001445 0.021205 -0.005297, -0.001436 0.027544 0.005283, -0.001432 0.008457 -0.005304, -0.001430 0.004458 -0.005311, -0.001430 0.005208 -0.005311,
 -0.001429 0.034234 -0.006335, -0.001424 0.017766 0.006323, -0.001423 0.006235 -0.006336, -0.001418 0.016515 0.006325, -0.001413 0.010791 0.005288,
 -0.001412 0.044515 0.006326, -0.001405 0.049358 -0.005465, -0.001392 0.042789 0.005294, -0.001391 0.045212 -0.005317, -0.001387 0.017213 -0.005320,
 -0.001381 0.003537 0.005299, -0.001375 0.031537 0.005298, -0.001369 0.016465 -0.005327, -0.001369 0.017215 -0.005327, -0.001366 0.008465 -0.005328,
 -0.001366 0.009215 -0.005328, -0.001363 0.032466 -0.005329, -0.001363 0.033216 -0.005329, -0.001361 0.040466 -0.005329, -0.001361 0.041216 -0.005329,
 -0.001361 0.028466 -0.005329, -0.001361 0.029216 -0.005329, -0.001357 0.050000 -0.004812, -0.001357 0.050000 0.004812, -0.001356 0.030241 -0.006346,
 -0.001352 0.024467 -0.005331, -0.001352 0.025217 -0.005331, -0.001351 0.036467 -0.005331, -0.001351 0.037217 -0.005331, -0.001351 0.036467 -0.005331,
 -0.001350 0.002242 -0.006347, -0.001350 0.044467 -0.005332, -0.001350 0.045217 -0.005332, -0.001350 0.048467 -0.005332, -0.001350 0.049217 -0.005332,
 -0.001350 0.002242 -0.006347, -0.001350 0.003492 -0.006347, -0.001350 0.006242 -0.006347, -0.001350 0.007492 -0.006347, -0.001350 0.010242 -0.006347,
 -0.001350 0.011492 -0.006347, -0.001350 0.014242 -0.006347, -0.001350 0.015492 -0.006347, -0.001350 0.018242 -0.006347, -0.001350 0.019492 -0.006347,
 -0.001350 0.022242 -0.006347, -0.001350 0.023492 -0.006347, -0.001350 0.026242 -0.006347, -0.001350 0.027492 -0.006347, -0.001350 0.030242 -0.006347,
 -0.001350 0.031492 -0.006347, -0.001350 0.034242 -0.006347, -0.001350 0.035492 -0.006347, -0.001350 0.038242 -0.006347, -0.001350 0.039492 -0.006347,
 -0.001350 0.042242 -0.006347, -0.001350 0.043492 -0.006347, -0.001350 0.046242 -0.006347, -0.001350 0.047492 -0.006347, -0.001348 0.000508 0.006344,
 -0.001348 0.001758 0.006344, -0.001348 0.004508 0.006344, -0.001348 0.005758 0.006344, -0.001348 0.008508 0.006344, -0.001348 0.009758 0.006344,
 -0.001348 0.012508 0.006344, -0.001348 0.013758 0.006344, -0.001348 0.016508 0.006344, -0.001348 0.017758 0.006344, -0.001348 0.020508 0.006344,
 -0.001348 0.021758 0.006344, -0.001348 0.024508 0.006344, -0.001348 0.025758 0.006344, -0.001348 0.028508 0.006344, -0.001348 0.029758 0.006344,
 -0.001348 0.032508 0.006344, -0.001348 0.033758 0.006344, -0.001348 0.036508 0.006344, -0.001348 0.037758 0.006344, -0.001348 0.040508 0.006344,
 -0.001348 0.041758 0.006344, -0.001348 0.044508 0.006344, -0.001348 0.045758 0.006344, -0.001347 0.012468 -0.005332, -0.001347 0.013218 -0.005332,
 -0.001347 0.020508 0.006345, -0.001345 0.027492 -0.006347, -0.001343 0.048504 0.006353, -0.001340 0.020468 -0.005334, -0.001340 0.021218 -0.005334,
 -0.001332 0.041219 -0.005333, -0.001330 0.000000 -0.005829, -0.001328 0.004470 -0.005328, -0.001327 0.013220 -0.005336, -0.001320 0.007530 0.005312,
 -0.001314 0.035529 0.005313, -0.001308 0.014779 0.005314, -0.001301 0.021753 0.006357, -0.001299 0.020000 -0.000750, -0.001299 0.020000 0.000750,
 -0.001299 0.050000 -0.000750, -0.001299 0.050000 0.000750, -0.001286 0.046776 0.005320, -0.001283 0.026249 -0.006356, -0.001276 0.024501 0.006364,
 -0.001273 0.048500 0.006374, -0.001270 0.037227 -0.005344, -0.001265 0.009227 -0.005343, -0.001259 0.011523 0.005327, -0.001255 0.000000 -0.005858,
 -0.001254 0.039522 0.005328, -0.001244 0.032480 -0.005347, -0.001220 0.000482 -0.005342, -0.001219 0.023505 -0.006365, -0.001210 0.000494 0.006383,
 -0.001210 0.022256 -0.006367, -0.001208 0.033234 -0.005352, -0.001205 0.028493 0.006384, -0.001203 0.018766 0.005341, -0.001202 0.005234 -0.005349,
 -0.001198 0.015515 0.005342, -0.001193 0.043515 0.005343, -0.001178 0.025740 0.006392, -0.001171 0.000490 0.006394, -0.001171 0.001740 0.006394,
 -0.001171 0.004490 0.006394, -0.001171 0.005740 0.006394, -0.001171 0.008490 0.006394, -0.001171 0.009740 0.006394, -0.001171 0.012490 0.006394,
 -0.001171 0.013740 0.006394, -0.001171 0.016490 0.006394, -0.001171 0.017740 0.006394, -0.001171 0.020490 0.006394, -0.001171 0.021740 0.006394,
 -0.001171 0.024490 0.006394, -0.001171 0.025740 0.006394, -0.001171 0.028490 0.006394, -0.001171 0.029740 0.006394, -0.001171 0.032490 0.006394,
 -0.001171 0.033740 0.006394, -0.001171 0.036490 0.006394, -0.001171 0.037740 0.006394, -0.001171 0.040490 0.006394, -0.001171 0.041740 0.006394,
 -0.001171 0.044490 0.006394, -0.001171 0.045740 0.006394, -0.001146 0.029241 -0.005362, -0.001143 0.046262 -0.006376, -0.001140 0.001242 -0.005357,
 -0.001138 0.004487 0.006397, -0.001137 0.028492 -0.005363, -0.001137 0.019508 0.005357, -0.001137 0.018263 -0.006377, -0.001132 0.032486 0.006397,
 -0.001132 0.047507 0.005359, -0.001117 0.000000 0.005894, -0.001098 0.022753 0.005367, -0.001092 0.019517 -0.006383, -0.001085 0.025248 -0.005372,
 -0.001076 0.023501 0.005372, -0.001070 0.042270 -0.006387, -0.001065 0.008479 0.006403, -0.001064 0.014270 -0.006387, -0.001061 0.020000 -0.001061,
 -0.001061 0.020000 0.001061, -0.001061 0.050000 -0.001061, -0.001061 0.050000 0.001061, -0.001059 0.036479 0.006404, -0.001053 0.049378 -0.005514,
 -0.001051 0.029728 0.006405, -0.001035 -0.006500 -0.003864, -0.001035 -0.006500 0.003864, -0.001035 -0.004500 -0.003864, -0.001035 -0.004500 0.003864,
 -0.001030 0.024505 -0.005380, -0.001028 0.049255 -0.005380, -0.001023 0.021256 -0.005381, -0.001016 0.027493 0.005387, -0.000997 0.038277 -0.006397,
 -0.000993 0.026741 0.005393, -0.000992 0.047527 -0.006398, -0.000992 0.012472 0.006410, -0.000990 0.010278 -0.006398, -0.000985 0.040472 0.006411,
 -0.000966 0.045262 -0.005390, -0.000966 0.015530 -0.006401, -0.000961 0.017263 -0.005390, -0.000959 0.003487 0.005395, -0.000955 0.031486 0.005402,
 -0.000950 0.001718 0.006414, -0.000924 0.033716 0.006416, -0.000923 0.034284 -0.006407, -0.000923 0.020517 -0.005396, -0.000922 0.000000 0.005957,
 -0.000918 0.016465 0.006417, -0.000917 0.006285 -0.006408, -0.000912 0.044464 0.006417, -0.000904 0.041270 -0.005399, -0.000899 0.013270 -0.005400,
 -0.000899 0.007479 0.005413, -0.000895 0.035479 0.005418, -0.000888 0.030728 0.005419, -0.000866 0.043540 -0.006416, -0.000850 0.030292 -0.006418,
 -0.000845 0.020458 0.006423, -0.000844 0.002292 -0.006419, -0.000842 0.037277 -0.005408, -0.000840 0.048457 0.006439, -0.000839 0.011543 -0.006419,
 -0.000839 0.011472 0.005433, -0.000839 0.048527 -0.005409, -0.000837 0.009278 -0.005409, -0.000834 0.039471 0.005433, -0.000823 0.005706 0.006425,
 -0.000816 0.016530 -0.005412, -0.000810 0.046718 0.005440, -0.000810 0.047468 0.005440, -0.000809 0.010718 0.005440, -0.000809 0.011468 0.005440,
 -0.000806 0.018718 0.005441, -0.000806 0.019468 0.005441, -0.000803 0.002718 0.005430, -0.000802 0.034718 0.005441, -0.000802 0.035468 0.005441,
 -0.000802 0.022717 0.005441, -0.000802 0.023467 0.005441, -0.000801 0.038717 0.005441, -0.000801 0.039467 0.005441, -0.000797 0.037703 0.006428,
 -0.000797 0.042717 0.005442, -0.000797 0.043467 0.005442, -0.000796 0.030717 0.005442, -0.000796 0.031467 0.005442, -0.000793 0.014716 0.005443,
 -0.000793 0.015466 0.005443, -0.000790 0.026716 0.005443, -0.000790 0.027466 0.005443, -0.000783 0.034715 0.005442, -0.000782 0.049394 -0.005552,
 -0.000781 0.033284 -0.005418, -0.000778 0.015465 0.005443, -0.000777 0.026299 -0.006428, -0.000775 0.005285 -0.005420, -0.000773 0.043464 0.005443,
 -0.000771 0.024451 0.006430, -0.000750 0.020000 -0.001299, -0.000750 0.020000 0.001299, -0.000750 0.050000 -0.001299, -0.000750 0.050000 0.001299,
 -0.000749 0.006711 0.005449, -0.000749 0.007461 0.005449, -0.000739 0.039553 -0.006434, -0.000732 0.044540 -0.005425, -0.000719 0.029292 -0.005427,
 -0.000716 0.019458 0.005445, -0.000714 0.001292 -0.005432, -0.000713 0.007555 -0.006437, -0.000711 0.047457 0.005445, -0.000710 0.012543 -0.005428,
 -0.000704 0.022306 -0.006439, -0.000704 0.000444 0.006436, -0.000698 0.006705 0.005451, -0.000698 0.028443 0.006437, -0.000697 0.009693 0.006437,
 -0.000685 0.002704 0.005457, -0.000685 0.003454 0.005457, -0.000676 0.038703 0.005447, -0.000670 0.041691 0.006439, -0.000657 0.025299 -0.005436,
 -0.000656 0.000000 0.006012, -0.000654 0.023450 0.005448, -0.000638 0.046313 -0.006448, -0.000637 0.048437 0.006469, -0.000632 0.018313 -0.006449,
 -0.000631 0.004437 0.006443, -0.000630 0.000000 -0.006027, -0.000625 0.040553 -0.005442, -0.000625 0.032436 0.006443, -0.000615 0.049403 -0.005557,
 -0.000613 0.035565 -0.006451, -0.000603 0.008555 -0.005445, -0.000601 0.049305 -0.005445, -0.000596 0.021306 -0.005445, -0.000592 0.027443 0.005452,
 -0.000591 0.010693 0.005451, -0.000587 0.003568 -0.006455, -0.000570 0.013681 0.006448, -0.000568 0.042691 0.005453, -0.000565 0.042320 -0.006458,
 -0.000559 0.014320 -0.006459, -0.000557 0.008430 0.006449, -0.000551 0.036429 0.006450, -0.000544 0.045678 0.006451, -0.000539 0.045313 -0.005454,
 -0.000535 0.003437 0.005461, -0.000534 0.017313 -0.005456, -0.000530 0.031436 0.005455, -0.000519 0.036565 -0.005457, -0.000497 0.004568 -0.005466,
 -0.000492 0.038327 -0.006469, -0.000488 0.031578 -0.006469, -0.000486 0.010328 -0.006470, -0.000484 0.012422 0.006456, -0.000483 0.014681 0.005457,
 -0.000478 0.040422 0.006457, -0.000478 0.041320 -0.005464, -0.000473 0.007430 0.005459, -0.000473 0.013320 -0.005464, -0.000467 0.035429 0.005457,
 -0.000461 0.046678 0.005457, -0.000443 0.017668 0.006460, -0.000432 0.000000 -0.006057, -0.000427 0.000576 -0.005483, -0.000427 0.001326 -0.005483,
 -0.000420 0.034334 -0.006479, -0.000416 0.037327 -0.005473, -0.000414 0.006335 -0.006480, -0.000413 0.032578 -0.005474, -0.000411 0.009328 -0.005475,
 -0.000411 0.016415 0.006463, -0.000410 0.011422 0.005460, -0.000405 0.039422 0.005460, -0.000405 0.044415 0.006463, -0.000392 0.000580 -0.005483,
 -0.000388 0.020000 -0.001449, -0.000388 0.020000 0.001449, -0.000388 0.050000 -0.001449, -0.000388 0.050000 0.001449, -0.000383 0.048500 0.006489,
 -0.000376 0.018668 0.005462, -0.000365 0.004583 -0.005488, -0.000365 0.005333 -0.005488, -0.000362 0.027590 -0.006487, -0.000355 0.033334 -0.005483,
 -0.000351 0.005335 -0.005487, -0.000349 0.015415 0.005463, -0.000347 0.030341 -0.006489, -0.000343 0.043415 0.005463, -0.000341 0.002342 -0.006490,
 -0.000338 0.020408 0.006469, -0.000334 0.048407 0.006484, -0.000332 0.002343 -0.006492, -0.000332 0.003593 -0.006492, -0.000332 0.006343 -0.006492,
 -0.000332 0.007593 -0.006492, -0.000332 0.010343 -0.006492, -0.000332 0.011593 -0.006492, -0.000332 0.014343 -0.006492, -0.000332 0.015593 -0.006492,
 -0.000332 0.018343 -0.006492, -0.000332 0.019593 -0.006492, -0.000332 0.022343 -0.006492, -0.000332 0.023593 -0.006492, -0.000332 0.026343 -0.006492,
 -0.000332 0.027593 -0.006492, -0.000332 0.030343 -0.006492, -0.000332 0.031593 -0.006492, -0.000332 0.034343 -0.006492, -0.000332 0.035593 -0.006492,
 -0.000332 0.038343 -0.006492, -0.000332 0.039593 -0.006492, -0.000332 0.042343 -0.006492, -0.000332 0.043593 -0.006492, -0.000332 0.046343 -0.006492,
 -0.000332 0.047593 -0.006492, -0.000328 0.049419 -0.005565, -0.000317 0.021656 0.006471, -0.000307 0.028590 -0.005490, -0.000302 0.016591 -0.005492,
 -0.000302 0.017341 -0.005492, -0.000299 0.008591 -0.005492, -0.000299 0.009341 -0.005492, -0.000296 0.032591 -0.005492, -0.000296 0.033341 -0.005492,
 -0.000294 0.040591 -0.005492, -0.000294 0.041341 -0.005492, -0.000294 0.050000 -0.004991, -0.000294 0.050000 0.004991, -0.000294 0.029341 -0.005492,
 -0.000294 0.028592 -0.005492, -0.000294 0.029342 -0.005492, -0.000289 0.001342 -0.005481, -0.000286 0.019408 0.005466, -0.000286 0.024592 -0.005493,
 -0.000286 0.025342 -0.005493, -0.000285 0.036593 -0.005493, -0.000285 0.037343 -0.005493, -0.000283 0.044593 -0.005493, -0.000283 0.045343 -0.005493,
 -0.000283 0.048593 -0.005493, -0.000283 0.049343 -0.005493, -0.000281 0.047408 0.005466, -0.000280 0.012593 -0.005493, -0.000280 0.013343 -0.005493,
 -0.000279 0.000000 0.006090, -0.000274 0.026349 -0.006493, -0.000274 0.020594 -0.005493, -0.000274 0.021344 -0.005493, -0.000269 0.022656 0.005467,
 -0.000265 0.024401 0.006476, -0.000236 0.023602 -0.006494, -0.000232 0.025349 -0.005490, -0.000225 0.023401 0.005469, -0.000201 0.022356 -0.006495,
 -0.000200 0.024602 -0.005489, -0.000199 0.000394 0.006482, -0.000193 0.028394 0.006483, -0.000191 0.025644 0.006483, -0.000187 0.000000 0.006098,
 -0.000178 0.049428 -0.005569, -0.000176 0.049355 -0.005488, -0.000171 0.021356 -0.005488, -0.000163 0.027394 0.005472, -0.000162 0.026644 0.005472,
 -0.000159 0.049429 -0.005569, -0.000128 0.018363 -0.006497, -0.000126 0.004387 0.006489, -0.000110 0.019614 -0.006497, -0.000109 0.017363 -0.005483,
 -0.000107 0.003387 0.005472, -0.000094 0.020615 -0.005484, -0.000066 0.029631 0.006494, -0.000055 0.014370 -0.006499, -0.000055 0.030632 0.005477,
 -0.000054 0.008380 0.006495, -0.000048 0.013370 -0.005482, -0.000045 0.007380 0.005476, -0.000010 0.047624 -0.006500, -0.000009 0.048624 -0.005480,
 0.000000 -0.020000 -0.012500, 0.000000 -0.020000 0.012500, 0.000000 -0.019000 -0.015000, 0.000000 -0.019000 -0.012500, 0.000000 -0.019000 0.012500,
 0.000000 -0.019000 0.015000, 0.000000 -0.006500 -0.004000, 0.000000 -0.006500 0.004000, 0.000000 -0.004500 -0.004000, 0.000000 -0.004500 0.004000,
 0.000000 -0.003000 -0.015000, 0.000000 -0.003000 0.015000, 0.000000 0.000000 -0.012000, 0.000000 0.000000 0.012000, -0.000000 0.000375 0.006500,
 -0.000000 0.001625 0.006500, 0.000000 0.002375 -0.006500, 0.000000 0.003625 -0.006500, -0.000000 0.004375 0.006500, -0.000000 0.005625 0.006500,
 0.000000 0.006375 -0.006500, 0.000000 0.007625 -0.006500, -0.000000 0.008375 0.006500, -0.000000 0.009625 0.006500, 0.000000 0.010375 -0.006500,
 0.000000 0.011625 -0.006500, -0.000000 0.012375 0.006500, -0.000000 0.013625 0.006500, 0.000000 0.014375 -0.006500, 0.000000 0.015625 -0.006500,
 -0.000000 0.016375 0.006500, -0.000000 0.017625 0.006500, 0.000000 0.018375 -0.006500, 0.000000 0.019625 -0.006500, 0.000000 0.020000 -0.001500,
 0.000000 0.020000 0.001500, -0.000000 0.020375 0.006500, -0.000000 0.021625 0.006500, 0.000000 0.022375 -0.006500, 0.000000 0.023625 -0.006500,
 -0.000000 0.024375 0.006500, -0.000000 0.025625 0.006500, 0.000000 0.026375 -0.006500, 0.000000 0.027625 -0.006500, -0.000000 0.028375 0.006500,
 -0.000000 0.029625 0.006500, 0.000000 0.030375 -0.006500, 0.000000 0.031625 -0.006500, -0.000000 0.032375 0.006500, -0.000000 0.033625 0.006500,
 0.000000 0.034375 -0.006500, 0.000000 0.035625 -0.006500, -0.000000 0.036375 0.006500, -0.000000 0.037625 0.006500, 0.000000 0.038375 -0.006500,
 0.000000 0.039625 -0.006500, -0.000000 0.040375 0.006500, -0.000000 0.041625 0.006500, 0.000000 0.042375 -0.006500, 0.000000 0.043625 -0.006500,
 -0.000000 0.044375 0.006500, -0.000000 0.045625 0.006500, 0.000000 0.046375 -0.006500, 0.000000 0.047625 -0.006500, -0.000000 0.048375 0.006500,
 0.000000 0.048500 0.006500, 0.000000 0.049438 -0.005563, 0.000000 0.050000 -0.005000, 0.000000 0.050000 -0.001500, 0.000000 0.050000 0.001500,
 0.000000 0.050000 0.005000, 0.000012 0.000000 -0.006126, 0.000013 0.016627 -0.005478, 0.000014 0.009377 -0.005478, 0.000016 0.015627 -0.006499,
 0.000017 0.011373 0.005481, 0.000017 0.010377 -0.006498, 0.000019 0.012373 0.006500, 0.000029 0.002622 0.005476, 0.000034 0.001622 0.006497,
 0.000051 0.034619 0.005482, 0.000060 0.033619 0.006498, 0.000076 0.005384 -0.005474, 0.000078 0.015366 0.005483, 0.000090 0.006384 -0.006492,
 0.000092 0.016366 0.006498, 0.000097 0.044636 -0.005475, 0.000115 0.043636 -0.006490, 0.000119 0.012639 -0.005474, 0.000132 0.029390 -0.005473,
 0.000136 0.006610 0.005482, 0.000138 0.001391 -0.005472, 0.000140 0.019359 0.005487, 0.000141 0.011639 -0.006487, 0.000145 0.047359 0.005487,
 0.000156 0.030390 -0.006486, 0.000158 0.038607 0.005487, 0.000160 0.005610 0.006496, 0.000162 0.002391 -0.006485, 0.000165 0.020359 0.006496,
 0.000171 0.048359 0.006496, 0.000186 0.037607 0.006495, 0.000194 0.025398 -0.005470, 0.000202 0.023352 0.005489, 0.000204 0.040649 -0.005470,
 0.000226 0.008651 -0.005469, 0.000229 0.026397 -0.006479, 0.000238 0.024352 0.006494, 0.000241 0.039649 -0.006478, 0.000242 0.010597 0.005492,
 0.000250 0.049404 -0.005468, 0.000253 0.049452 -0.005535, 0.000256 0.021405 -0.005467, 0.000263 0.027345 0.005491, 0.000265 0.042595 0.005492,
 0.000267 0.007651 -0.006476, 0.000268 0.018594 0.005493, 0.000268 0.019344 0.005493, 0.000269 0.010594 0.005493, 0.000269 0.011344 0.005493,
 0.000272 0.046594 0.005493, 0.000272 0.047344 0.005493, 0.000280 0.034593 0.005493, 0.000280 0.035343 0.005493, 0.000280 0.022593 0.005493,
 0.000280 0.023343 0.005493, 0.000281 0.038593 0.005493, 0.000281 0.039343 0.005493, 0.000285 0.042593 0.005493, 0.000285 0.043343 0.005493,
 0.000286 0.030592 0.005493, 0.000286 0.031342 0.005493, 0.000286 0.009597 0.006493, 0.000289 0.014592 0.005492, 0.000289 0.015342 0.005492,
 0.000289 0.000000 0.006143, 0.000292 0.026592 0.005492, 0.000292 0.027342 0.005492, 0.000294 0.050000 -0.004991, 0.000294 0.050000 0.004991,
 0.000299 0.000346 0.006493, 0.000302 0.022405 -0.006473, 0.000305 0.000346 0.006492, 0.000311 0.028345 0.006492, 0.000311 0.036661 -0.005465,
 0.000312 0.045411 -0.005465, 0.000313 0.041595 0.006492, 0.000318 0.017412 -0.005465, 0.000320 0.003338 0.005484, 0.000325 0.031338 0.005487,
 0.000326 0.049456 -0.005527, 0.000332 0.004343 0.006492, 0.000332 0.005593 0.006492, 0.000332 0.008343 0.006492, 0.000332 0.009593 0.006492,
 0.000332 0.012343 0.006492, 0.000332 0.013593 0.006492, 0.000332 0.016343 0.006492, 0.000332 0.017593 0.006492, 0.000332 0.020343 0.006492,
 0.000332 0.021593 0.006492, 0.000332 0.024343 0.006492, 0.000332 0.025593 0.006492, 0.000332 0.028343 0.006492, 0.000332 0.029593 0.006492,
 0.000332 0.032343 0.006492, 0.000332 0.033593 0.006492, 0.000332 0.036343 0.006492, 0.000332 0.037593 0.006492, 0.000332 0.040343 0.006492,
 0.000332 0.041593 0.006492, 0.000332 0.044343 0.006492, 0.000332 0.045593 0.006492, 0.000332 0.048343 0.006492, 0.000333 0.006587 0.005490,
 0.000333 0.007337 0.005490, 0.000334 0.004664 -0.005465, 0.000349 0.014585 0.005483, 0.000367 0.035661 -0.006467, 0.000369 0.046411 -0.006467,
 0.000370 0.046582 0.005479, 0.000374 0.041418 -0.005462, 0.000375 0.018412 -0.006466, 0.000378 0.004338 0.006485, 0.000380 0.013419 -0.005461,
 0.000381 0.007331 0.005482, 0.000383 0.048500 0.006489, 0.000384 0.032338 0.006484, 0.000386 0.035331 0.005477, 0.000388 0.020000 -0.001449,
 0.000388 0.020000 0.001449, 0.000388 0.050000 -0.001449, 0.000388 0.050000 0.001449, 0.000390 0.000000 0.006152, 0.000393 0.003664 -0.006464,
 0.000396 0.002580 0.005486, 0.000396 0.003330 0.005486, 0.000412 0.013585 0.006480, 0.000418 0.032673 -0.005460, 0.000436 0.037425 -0.005459,
 0.000438 0.045582 0.006476, 0.000441 0.000676 -0.005465, 0.000442 0.042418 -0.006460, 0.000442 0.009426 -0.005459, 0.000442 0.011324 0.005468,
 0.000447 0.039323 0.005468, 0.000448 0.014419 -0.006459, 0.000450 0.008331 0.006475, 0.000454 0.018573 0.005466, 0.000456 0.036331 0.006474,
 0.000493 0.031673 -0.006455, 0.000496 0.000000 -0.006149, 0.000499 0.033433 -0.005456, 0.000503 0.015317 0.005460, 0.000504 0.005433 -0.005460,
 0.000508 0.043316 0.005459, 0.000515 0.038425 -0.006453, 0.000521 0.010426 -0.006453, 0.000523 0.012324 0.006464, 0.000526 0.028686 -0.005455,
 0.000529 0.040323 0.006464, 0.000537 0.017573 0.006462, 0.000561 0.029440 -0.005454, 0.000561 0.022560 0.005451, 0.000565 0.019310 0.005450,
 0.000567 0.001440 -0.005463, 0.000570 0.047309 0.005449, 0.000579 0.049470 -0.005499, 0.000588 0.034433 -0.006447, 0.000594 0.006433 -0.006446,
 0.000595 0.016317 0.006454, 0.000601 0.044316 0.006453, 0.000620 0.027686 -0.006444, 0.000623 0.025447 -0.005450, 0.000626 0.023302 0.005441,
 0.000633 0.024698 -0.005450, 0.000654 0.000700 -0.005461, 0.000654 0.001450 -0.005461, 0.000661 0.030440 -0.006440, 0.000663 0.021560 0.006444,
 0.000663 0.000000 -0.006157, 0.000667 0.026548 0.005435, 0.000667 0.002440 -0.006439, 0.000668 0.020310 0.006444, 0.000674 0.048309 0.006443,
 0.000680 0.049453 -0.005447, 0.000682 0.049477 -0.005477, 0.000685 0.021454 -0.005446, 0.000688 0.027295 0.005432, 0.000716 0.004707 -0.005453,
 0.000716 0.005457 -0.005453, 0.000735 0.026447 -0.006433, 0.000741 0.020710 -0.005444, 0.000741 0.024302 0.006433, 0.000742 0.045461 -0.005444,
 0.000744 0.003289 0.005426, 0.000747 0.023698 -0.006432, 0.000747 0.017461 -0.005446, 0.000750 0.031288 0.005422, 0.000750 0.020000 -0.001299,
 0.000750 0.020000 0.001299, 0.000750 0.050000 -0.001299, 0.000750 0.050000 0.001299, 0.000774 0.030535 0.005419, 0.000774 0.000000 0.006147,
 0.000779 0.016715 -0.005445, 0.000779 0.017465 -0.005445, 0.000782 0.008715 -0.005444, 0.000782 0.009465 -0.005444, 0.000786 0.032716 -0.005444,
 0.000786 0.033466 -0.005444, 0.000787 0.040716 -0.005443, 0.000787 0.041466 -0.005443, 0.000788 0.028716 -0.005443, 0.000788 0.029466 -0.005443,
 0.000789 0.025548 0.006426, 0.000796 0.024717 -0.005442, 0.000796 0.025467 -0.005442, 0.000797 0.036717 -0.005442, 0.000797 0.037467 -0.005442,
 0.000799 0.044717 -0.005442, 0.000799 0.045467 -0.005442, 0.000799 0.048717 -0.005442, 0.000799 0.049467 -0.005442, 0.000802 0.012717 -0.005441,
 0.000802 0.013467 -0.005441, 0.000804 0.041468 -0.005439, 0.000806 0.007281 0.005414, 0.000808 0.000296 0.006423, 0.000808 0.022454 -0.006427,
 0.000809 0.020718 -0.005440, 0.000809 0.021468 -0.005440, 0.000809 0.013468 -0.005439, 0.000812 0.035281 0.005413, 0.000814 0.028295 0.006423,
 0.000825 0.048720 -0.005435, 0.000846 0.016723 -0.005428, 0.000858 0.002525 0.005406, 0.000864 0.037475 -0.005425, 0.000868 0.011274 0.005405,
 0.000869 0.009476 -0.005423, 0.000873 0.039273 0.005404, 0.000874 0.019711 -0.006421, 0.000875 0.046461 -0.006421, 0.000881 0.004288 0.006413,
 0.000881 0.034522 0.005403, 0.000881 0.018461 -0.006420, 0.000887 0.032288 0.006413, 0.000916 0.029535 0.006408, 0.000925 0.033482 -0.005409,
 0.000929 0.005483 -0.005403, 0.000930 0.044733 -0.005409, 0.000930 0.015267 0.005395, 0.000935 0.043266 0.005394, 0.000949 0.042468 -0.006414,
 0.000951 0.012736 -0.005404, 0.000954 0.008281 0.006403, 0.000955 0.014469 -0.006413, 0.000960 0.036281 0.006402, 0.000965 0.006512 0.005389,
 0.000975 0.047721 -0.006411, 0.000985 0.029490 -0.005394, 0.000988 0.038510 0.005386, 0.000989 0.001490 -0.005387, 0.000992 0.019259 0.005386,
 0.000997 0.047259 0.005385, 0.001001 0.015723 -0.006409, 0.001020 0.001525 0.006420, 0.001020 0.001525 0.006419, 0.001022 0.038475 -0.006407,
 0.001027 0.012274 0.006393, 0.001028 0.010476 -0.006407, 0.001033 0.040273 0.006392, 0.001034 0.040746 -0.005382, 0.001035 -0.006500 -0.003864,
 0.001035 -0.006500 0.003864, 0.001035 -0.004500 -0.003864, 0.001035 -0.004500 0.003864, 0.001042 0.033522 0.006390, 0.001046 0.025497 -0.005380,
 0.001054 0.023252 0.005377, 0.001056 0.008748 -0.005377, 0.001057 0.000000 0.006143, 0.001061 0.020000 -0.001061, 0.001061 0.020000 0.001061,
 0.001061 0.050000 -0.001061, 0.001061 0.050000 0.001061, 0.001073 0.010500 0.005374, 0.001077 0.049500 -0.005394, 0.001095 0.042497 0.005370,
 0.001096 0.034482 -0.006400, 0.001100 0.016267 0.006382, 0.001102 0.043733 -0.006400, 0.001102 0.006483 -0.006400, 0.001106 0.044266 0.006381,
 0.001107 0.021504 -0.005365, 0.001115 0.027245 0.005367, 0.001128 0.011736 -0.006398, 0.001140 0.036758 -0.005357, 0.001143 0.005512 0.006376,
 0.001161 0.004761 -0.005349, 0.001162 0.045511 -0.005351, 0.001167 0.017512 -0.005349, 0.001169 0.037510 0.006372, 0.001169 0.030490 -0.006394,
 0.001171 0.003238 0.005352, 0.001171 0.002490 -0.006394, 0.001171 0.003740 -0.006394, 0.001171 0.006490 -0.006394, 0.001171 0.007740 -0.006394,
 0.001171 0.010490 -0.006394, 0.001171 0.011740 -0.006394, 0.001171 0.014490 -0.006394, 0.001171 0.015740 -0.006394, 0.001171 0.018490 -0.006394,
 0.001171 0.019740 -0.006394, 0.001171 0.022490 -0.006394, 0.001171 0.023740 -0.006394, 0.001171 0.026490 -0.006394, 0.001171 0.027740 -0.006394,
 0.001171 0.030490 -0.006394, 0.001171 0.031740 -0.006394, 0.001171 0.034490 -0.006394, 0.001171 0.035740 -0.006394, 0.001171 0.038490 -0.006394,
 0.001171 0.039740 -0.006394, 0.001171 0.042490 -0.006394, 0.001171 0.043740 -0.006394, 0.001171 0.046490 -0.006394, 0.001171 0.047740 -0.006394,
 0.001173 0.020259 0.006372, 0.001175 0.002490 -0.006393, 0.001177 0.031238 0.005358, 0.001180 0.048259 0.006371, 0.001180 0.014487 0.005357,
 0.001202 0.046485 0.005355, 0.001223 0.041518 -0.005335, 0.001227 0.039746 -0.006378, 0.001228 0.013519 -0.005334, 0.001233 0.007231 0.005346,
 0.001239 0.035230 0.005349, 0.001240 0.026497 -0.006374, 0.001245 0.032771 -0.005330, 0.001247 0.024252 0.006361, 0.001252 0.007748 -0.006371,
 0.001265 0.000000 0.006117, 0.001267 0.000774 -0.005325, 0.001269 0.009500 0.006358, 0.001284 0.037526 -0.005320, 0.001287 0.018475 0.005343,
 0.001289 0.009526 -0.005319, 0.001295 0.041497 0.006354, 0.001296 0.011224 0.005341, 0.001299 0.020000 -0.000750, 0.001299 0.020000 0.000750,
 0.001299 0.050000 -0.000750, 0.001299 0.050000 0.000750, 0.001301 0.039223 0.005339, 0.001311 0.022504 -0.006355, 0.001314 0.000246 0.006354,
 0.001320 0.028245 0.006351, 0.001325 0.000000 -0.006119, 0.001335 0.018469 0.005335, 0.001335 0.019219 0.005335, 0.001336 0.010469 0.005335,
 0.001336 0.011219 0.005335, 0.001339 0.046468 0.005334, 0.001339 0.047218 0.005334, 0.001345 0.033533 -0.005305, 0.001346 0.048500 0.006326,
 0.001347 0.034468 0.005333, 0.001347 0.035218 0.005333, 0.001347 0.022468 0.005333, 0.001347 0.023218 0.005333, 0.001348 0.002508 -0.006344,
 0.001348 0.003758 -0.006344, 0.001348 0.006508 -0.006344, 0.001348 0.007758 -0.006344, 0.001348 0.010508 -0.006344, 0.001348 0.011758 -0.006344,
 0.001348 0.014508 -0.006344, 0.001348 0.015758 -0.006344, 0.001348 0.018508 -0.006344, 0.001348 0.019758 -0.006344, 0.001348 0.022508 -0.006344,
 0.001348 0.023758 -0.006344, 0.001348 0.026508 -0.006344, 0.001348 0.027758 -0.006344, 0.001348 0.030508 -0.006344, 0.001348 0.031758 -0.006344,
 0.001348 0.034508 -0.006344, 0.001348 0.035758 -0.006344, 0.001348 0.038508 -0.006344, 0.001348 0.039758 -0.006344, 0.001348 0.042508 -0.006344,
 0.001348 0.043758 -0.006344, 0.001348 0.046508 -0.006344, 0.001348 0.047758 -0.006344, 0.001348 0.038468 0.005332, 0.001348 0.039218 0.005332,
 0.001350 0.035758 -0.006344, 0.001350 0.004242 0.006347, 0.001350 0.005492 0.006347, 0.001350 0.008242 0.006347, 0.001350 0.009492 0.006347,
 0.001350 0.012242 0.006347, 0.001350 0.013492 0.006347, 0.001350 0.016242 0.006347, 0.001350 0.017492 0.006347, 0.001350 0.020242 0.006347,
 0.001350 0.021492 0.006347, 0.001350 0.024242 0.006347, 0.001350 0.025492 0.006347, 0.001350 0.028242 0.006347, 0.001350 0.029492 0.006347,
 0.001350 0.032242 0.006347, 0.001350 0.033492 0.006347, 0.001350 0.036242 0.006347, 0.001350 0.037492 0.006347, 0.001350 0.040242 0.006347,
 0.001350 0.041492 0.006347, 0.001350 0.044242 0.006347, 0.001350 0.045492 0.006347, 0.001350 0.048242 0.006347, 0.001350 0.028784 -0.005304,
 0.001350 0.005534 -0.005305, 0.001352 0.042467 0.005331, 0.001352 0.043217 0.005331, 0.001353 0.030467 0.005331, 0.001353 0.031217 0.005331,
 0.001356 0.014467 0.005330, 0.001356 0.015217 0.005330, 0.001357 0.050000 -0.004812, 0.001357 0.050000 0.004812, 0.001357 0.015216 0.005330,
 0.001358 0.026466 0.005330, 0.001358 0.027216 0.005330, 0.001362 0.043216 0.005328, 0.001374 0.001489 0.006330, 0.001375 0.003761 -0.006337,
 0.001376 0.046511 -0.006336, 0.001379 0.000239 0.006345, 0.001382 0.018512 -0.006335, 0.001387 0.004238 0.006341, 0.001391 0.022462 0.005317,
 0.001393 0.032238 0.006341, 0.001396 0.013487 0.006340, 0.001399 0.006461 0.005319, 0.001399 0.007211 0.005319, 0.001406 0.029540 -0.005290,
 0.001412 0.001541 -0.005293, 0.001416 0.019209 0.005307, 0.001421 0.047208 0.005305, 0.001422 0.045485 0.006336, 0.001448 0.042518 -0.006316,
 0.001449 0.020000 -0.000388, 0.001449 0.020000 0.000388, 0.001449 0.050000 -0.000388, 0.001449 0.050000 0.000388, 0.001451 0.000000 -0.006098,
 0.001454 0.014519 -0.006315, 0.001455 0.024796 -0.005278, 0.001460 0.000231 0.006334, 0.001460 0.008231 0.006331, 0.001461 0.002454 0.005302,
 0.001461 0.003204 0.005302, 0.001466 0.036230 0.006330, 0.001466 0.025548 -0.005275, 0.001473 0.031771 -0.006309, 0.001475 0.023202 0.005286,
 0.001491 0.049500 -0.005287, 0.001492 0.004228 0.006326, 0.001492 0.005478 0.006326, 0.001492 0.008228 0.006326, 0.001492 0.009478 0.006326,
 0.001492 0.012228 0.006326, 0.001492 0.013478 0.006326, 0.001492 0.016228 0.006326, 0.001492 0.017478 0.006326, 0.001492 0.020228 0.006326,
 0.001492 0.021478 0.006326, 0.001492 0.024228 0.006326, 0.001492 0.025478 0.006326, 0.001492 0.028228 0.006326, 0.001492 0.029478 0.006326,
 0.001492 0.032228 0.006326, 0.001492 0.033478 0.006326, 0.001492 0.036228 0.006326, 0.001492 0.037478 0.006326, 0.001492 0.040228 0.006326,
 0.001492 0.041478 0.006326, 0.001492 0.044228 0.006326, 0.001492 0.045478 0.006326, 0.001492 0.048228 0.006326, 0.001493 0.026449 0.005281,
 0.001500 0.020000 0.000000, 0.001500 0.050000 0.000000, 0.001519 0.038526 -0.006297, 0.001521 0.017475 0.006317, 0.001525 0.010526 -0.006295,
 0.001527 0.021555 -0.005259, 0.001531 0.012224 0.006313, 0.001534 0.027194 0.005266, 0.001537 0.040223 0.006311, 0.001560 0.020809 -0.005251,
 0.001583 0.045562 -0.005246, 0.001588 0.017562 -0.005245, 0.001590 0.003188 0.005253, 0.001590 0.034533 -0.006277, 0.001592 0.031187 0.005244,
 0.001595 0.030437 0.005243, 0.001596 0.027784 -0.006275, 0.001596 0.006534 -0.006275, 0.001601 0.016216 0.006290, 0.001607 0.044216 0.006288,
 0.001642 0.021462 0.006276, 0.001643 0.048819 -0.005231, 0.001644 0.041569 -0.005231, 0.001647 0.007180 0.005227, 0.001649 0.013570 -0.005229,
 0.001651 0.035180 0.005223, 0.001652 0.049500 -0.005246, 0.001662 0.030540 -0.006257, 0.001666 0.016822 -0.005226, 0.001668 0.002541 -0.006255,
 0.001671 0.020209 0.006266, 0.001677 0.002427 0.005219, 0.001677 0.048208 0.006264, 0.001697 0.034424 0.005206, 0.001704 0.037576 -0.005216,
 0.001705 0.011173 0.005203, 0.001708 -0.000000 -0.011878, 0.001708 -0.000000 0.011878, 0.001710 0.009577 -0.005215, 0.001710 0.039173 0.005201,
 0.001717 0.000827 -0.005225, 0.001717 0.001577 -0.005225, 0.001720 0.023796 -0.006241, 0.001720 0.000000 0.006062, 0.001733 0.026548 -0.006237,
 0.001742 0.024202 0.006243, 0.001748 0.044832 -0.005204, 0.001758 0.000000 0.006053, 0.001763 0.025449 0.006236, 0.001764 0.015166 0.005182,
 0.001764 0.048500 0.006256, 0.001765 0.033584 -0.005201, 0.001769 0.043165 0.005180, 0.001770 0.012834 -0.005199, 0.001772 0.005584 -0.005206,
 0.001777 0.004835 -0.005205, 0.001777 0.005585 -0.005205, 0.001777 0.006414 0.005178, 0.001798 0.038412 0.005170, 0.001804 0.022555 -0.006217,
 0.001806 0.000195 0.006220, 0.001812 0.028194 0.006219, 0.001823 0.019159 0.005161, 0.001826 0.029591 -0.005186, 0.001827 0.001591 -0.005177,
 0.001828 0.047158 0.005159, 0.001836 0.016842 -0.005184, 0.001836 0.017592 -0.005184, 0.001839 0.008843 -0.005183, 0.001839 0.009593 -0.005183,
 0.001842 0.032843 -0.005182, 0.001842 0.033593 -0.005182, 0.001843 0.019809 -0.006206, 0.001844 0.040843 -0.005182, 0.001844 0.041593 -0.005182,
 0.001844 0.028843 -0.005182, 0.001844 0.029593 -0.005182, 0.001852 0.049500 -0.005171, 0.001852 0.024844 -0.005179, 0.001852 0.025594 -0.005179,
 0.001853 0.040844 -0.005178, 0.001853 0.036844 -0.005178, 0.001853 0.037594 -0.005178, 0.001854 0.044844 -0.005178, 0.001854 0.045594 -0.005178,
 0.001855 0.048844 -0.005178, 0.001857 0.012845 -0.005177, 0.001857 0.013595 -0.005177, 0.001864 0.020846 -0.005175, 0.001864 0.021596 -0.005175,
 0.001870 0.046562 -0.006199, 0.001873 0.008847 -0.005168, 0.001876 0.018562 -0.006197, 0.001876 0.004188 0.006198, 0.001879 0.010402 0.005140,
 0.001882 0.023151 0.005139, 0.001882 0.032187 0.006196, 0.001884 0.025598 -0.005164, 0.001885 0.029437 0.006195, 0.001900 0.042399 0.005133,
 0.001940 0.021605 -0.005138, 0.001941 0.027144 0.005118, 0.001941 0.047819 -0.006179, 0.001941 0.042569 -0.006179, 0.001946 0.008180 0.006174,
 0.001947 0.014570 -0.006177, 0.001951 0.036857 -0.005132, 0.001952 0.036180 0.006172, 0.001955 -0.020000 -0.012346, 0.001955 -0.020000 0.012346,
 0.001955 -0.019000 -0.012346, 0.001955 -0.019000 0.012346, 0.001966 0.015822 -0.006172, 0.001969 0.004859 -0.005118, 0.001981 0.014389 0.005103,
 0.001986 0.001427 0.006174, 0.001986 0.000000 -0.006009, 0.001992 0.045612 -0.005113, 0.001994 0.003137 0.005097, 0.001996 0.017613 -0.005110,
 0.001999 0.031137 0.005097, 0.002000 -0.006500 -0.003464, 0.002000 -0.006500 0.003464, 0.002000 -0.004500 -0.003464, 0.002000 -0.004500 0.003464,
 0.002002 0.046386 0.005096, 0.002006 0.033424 0.006154, 0.002012 0.038576 -0.006159, 0.002017 0.012173 0.006151, 0.002018 0.010577 -0.006157,
 0.002022 0.040172 0.006149, 0.002048 0.032869 -0.005086, 0.002048 0.041619 -0.005086, 0.002053 0.007130 0.005076, 0.002053 0.013620 -0.005084,
 0.002058 0.035129 0.005076, 0.002064 0.043832 -0.006144, 0.002066 0.000872 -0.005071, 0.002083 0.018376 0.005067, 0.002084 0.034584 -0.006139,
 0.002087 0.016166 0.006127, 0.002090 0.006584 -0.006137, 0.002090 0.011834 -0.006137, 0.002093 0.044165 0.006125, 0.002102 0.005414 0.006122,
 0.002105 0.037626 -0.005060, 0.002109 0.009627 -0.005057, 0.002112 0.011123 0.005057, 0.002117 0.039122 0.005054, 0.002128 0.037412 0.006114,
 0.002135 -0.019000 -0.014847, 0.002135 -0.019000 0.014847, 0.002135 -0.003000 -0.014847, 0.002135 -0.003000 0.014847, 0.002145 0.028882 -0.005040,
 0.002155 0.030591 -0.006119, 0.002157 0.020158 0.006104, 0.002161 0.002592 -0.006117, 0.002161 0.033634 -0.005033, 0.002163 0.048158 0.006102,
 0.002164 0.001408 0.006129, 0.002165 0.005634 -0.005029, 0.002170 0.015115 0.005035, 0.002175 0.043115 0.005033, 0.002184 0.022364 0.005030,
 0.002187 0.039844 -0.006110, 0.002213 0.007847 -0.006103, 0.002215 0.049500 -0.005034, 0.002217 0.029641 -0.005006, 0.002222 0.001641 -0.005002,
 0.002224 0.009401 0.006082, 0.002226 0.026598 -0.006099, 0.002227 0.024151 0.006081, 0.002229 0.019108 0.005015, 0.002234 0.047108 0.005013,
 0.002243 0.024894 -0.004994, 0.002246 0.000000 0.005940, 0.002249 0.041399 0.006073, 0.002274 0.025648 -0.004980, 0.002285 0.026351 0.004993,
 0.002288 0.023101 0.004993, 0.002292 0.000144 0.006060, 0.002297 0.022606 -0.006080, 0.002297 0.028144 0.006057, 0.002308 0.002607 -0.006076,
 0.002308 0.003857 -0.006076, 0.002308 0.006607 -0.006076, 0.002308 0.007857 -0.006076, 0.002308 0.010607 -0.006076, 0.002308 0.011857 -0.006076,
 0.002308 0.014607 -0.006076, 0.002308 0.015857 -0.006076, 0.002308 0.018607 -0.006076, 0.002308 0.019857 -0.006076, 0.002308 0.022607 -0.006076,
 0.002308 0.023857 -0.006076, 0.002308 0.026607 -0.006076, 0.002308 0.027857 -0.006076, 0.002308 0.030607 -0.006076, 0.002308 0.031857 -0.006076,
 0.002308 0.034607 -0.006076, 0.002308 0.035857 -0.006076, 0.002308 0.038607 -0.006076, 0.002308 0.039857 -0.006076, 0.002308 0.042607 -0.006076,
 0.002308 0.043857 -0.006076, 0.002308 0.046607 -0.006076, 0.002308 0.047857 -0.006076, 0.002310 0.035857 -0.006076, 0.002330 0.021655 -0.004953,
 0.002334 0.003859 -0.006064, 0.002340 0.020906 -0.004948, 0.002345 0.013389 0.006041, 0.002346 0.027094 0.004971, 0.002357 0.050000 -0.004410,
 0.002357 0.050000 0.004410, 0.002358 0.046612 -0.006052, 0.002360 0.018342 0.004968, 0.002360 0.019092 0.004968, 0.002360 0.010342 0.004968,
 0.002360 0.011092 0.004968, 0.002361 0.004137 0.006036, 0.002363 0.046342 0.004966, 0.002363 0.047092 0.004966, 0.002364 0.018613 -0.006049,
 0.002367 0.032137 0.006034, 0.002368 0.000000 0.005912, 0.002370 0.034341 0.004963, 0.002370 0.035091 0.004963, 0.002370 0.022341 0.004963,
 0.002370 0.023091 0.004963, 0.002370 0.045386 0.006033, 0.002371 0.038341 0.004963, 0.002371 0.039091 0.004963, 0.002374 0.042340 0.004961,
 0.002374 0.043090 0.004961, 0.002376 0.030340 0.004960, 0.002376 0.031090 0.004960, 0.002378 0.014340 0.004959, 0.002378 0.015090 0.004959,
 0.002380 0.026339 0.004958, 0.002380 0.027089 0.004958, 0.002381 0.045662 -0.004929, 0.002385 0.030339 0.004955, 0.002386 0.017662 -0.004927,
 0.002395 0.003087 0.004942, 0.002401 0.031087 0.004945, 0.002403 0.000000 -0.005893, 0.002417 0.006335 0.004940, 0.002417 0.007085 0.004940,
 0.002417 0.048916 -0.004912, 0.002424 0.031869 -0.006020, 0.002424 0.042619 -0.006020, 0.002430 0.014620 -0.006017, 0.002431 0.008130 0.006012,
 0.002437 0.036129 0.006010, 0.002438 0.041669 -0.004902, 0.002438 0.016919 -0.004903, 0.002442 0.013669 -0.004900, 0.002452 0.007080 0.004919,
 0.002454 0.035079 0.004912, 0.002461 0.002329 0.004917, 0.002466 0.017376 0.006001, 0.002474 0.002327 0.004912, 0.002474 0.003077 0.004912,
 0.002476 0.034327 0.004899, 0.002491 0.038626 -0.005988, 0.002494 0.037676 -0.004876, 0.002496 0.010627 -0.005985, 0.002499 0.009677 -0.004874,
 0.002501 0.012123 0.005989, 0.002502 0.011073 0.004883, 0.002507 0.040122 0.005987, 0.002507 0.039072 0.004881, 0.002514 0.044929 -0.004866,
 0.002534 0.012931 -0.004856, 0.002539 0.027882 -0.005964, 0.002550 0.033683 -0.004850, 0.002550 0.006317 0.004858, 0.002556 0.015066 0.004852,
 0.002556 0.005684 -0.004851, 0.002557 0.034634 -0.005955, 0.002560 0.043065 0.004849, 0.002562 0.006634 -0.005953, 0.002567 0.038314 0.004844,
 0.002571 0.016115 0.005966, 0.002577 0.044115 0.005964, 0.002585 0.000114 0.005964, 0.002586 0.021364 0.005960, 0.002590 0.049500 -0.004846,
 0.002606 0.029690 -0.004823, 0.002608 0.019059 0.004819, 0.002611 0.040941 -0.004821, 0.002613 0.047058 0.004816, 0.002614 0.001691 -0.004829,
 0.002616 0.004111 0.005951, 0.002616 0.005361 0.005951, 0.002616 0.008111 0.005951, 0.002616 0.009361 0.005951, 0.002616 0.012111 0.005951,
 0.002616 0.013361 0.005951, 0.002616 0.016111 0.005951, 0.002616 0.017361 0.005951, 0.002616 0.020111 0.005951, 0.002616 0.021361 0.005951,
 0.002616 0.024111 0.005951, 0.002616 0.025361 0.005951, 0.002616 0.028111 0.005951, 0.002616 0.029361 0.005951, 0.002616 0.032111 0.005951,
 0.002616 0.033361 0.005951, 0.002616 0.036111 0.005951, 0.002616 0.037361 0.005951, 0.002616 0.040111 0.005951, 0.002616 0.041361 0.005951,
 0.002616 0.044111 0.005951, 0.002616 0.045361 0.005951, 0.002616 0.048111 0.005951, 0.002623 0.030641 -0.005923, 0.002628 0.000000 -0.005830,
 0.002629 0.002641 -0.005920, 0.002631 0.048500 0.005907, 0.002631 0.008943 -0.004812, 0.002634 0.002642 -0.005918, 0.002634 0.003892 -0.005918,
 0.002634 0.006642 -0.005918, 0.002634 0.007892 -0.005918, 0.002634 0.010642 -0.005918, 0.002634 0.011892 -0.005918, 0.002634 0.014642 -0.005918,
 0.002634 0.015892 -0.005918, 0.002634 0.018642 -0.005918, 0.002634 0.019892 -0.005918, 0.002634 0.022642 -0.005918, 0.002634 0.023892 -0.005918,
 0.002634 0.026642 -0.005918, 0.002634 0.027892 -0.005918, 0.002634 0.030642 -0.005918, 0.002634 0.031892 -0.005918, 0.002634 0.034642 -0.005918,
 0.002634 0.035892 -0.005918, 0.002634 0.038642 -0.005918, 0.002634 0.039892 -0.005918, 0.002634 0.042642 -0.005918, 0.002634 0.043892 -0.005918,
 0.002634 0.046642 -0.005918, 0.002634 0.047892 -0.005918, 0.002638 0.020108 0.005938, 0.002640 0.010305 0.004800, 0.002642 0.004108 0.005936,
 0.002642 0.005358 0.005936, 0.002642 0.008108 0.005936, 0.002642 0.009358 0.005936, 0.002642 0.012108 0.005936, 0.002642 0.013358 0.005936,
 0.002642 0.016108 0.005936, 0.002642 0.017358 0.005936, 0.002642 0.020108 0.005936, 0.002642 0.021358 0.005936, 0.002642 0.024108 0.005936,
 0.002642 0.025358 0.005936, 0.002642 0.028108 0.005936, 0.002642 0.029358 0.005936, 0.002642 0.032108 0.005936, 0.002642 0.033358 0.005936,
 0.002642 0.036108 0.005936, 0.002642 0.037358 0.005936, 0.002642 0.040108 0.005936, 0.002642 0.041358 0.005936, 0.002642 0.044108 0.005936,
 0.002642 0.045358 0.005936, 0.002642 0.048108 0.005936, 0.002644 0.048107 0.005935, 0.002653 0.023894 -0.005908, 0.002659 0.042302 0.004789,
 0.002661 0.023052 0.004787, 0.002686 0.001352 0.005890, 0.002689 0.026648 -0.005891, 0.002692 0.000102 0.005905, 0.002700 0.025351 0.005904,
 0.002701 0.000952 -0.004791, 0.002701 0.001702 -0.004791, 0.002703 0.024101 0.005902, 0.002707 0.036953 -0.004775, 0.002713 0.049500 -0.004784,
 0.002714 0.027045 0.004756, 0.002725 0.000000 0.005788, 0.002730 0.004956 -0.004772, 0.002731 0.014292 0.004745, 0.002750 0.046290 0.004734,
 0.002755 0.004959 -0.004760, 0.002755 0.005709 -0.004760, 0.002755 0.022655 -0.005859, 0.002761 0.000094 0.005868, 0.002767 0.031038 0.004724,
 0.002767 0.028094 0.005867, 0.002768 0.045711 -0.004746, 0.002768 0.019906 -0.005853, 0.002804 0.032965 -0.004730, 0.002809 0.016966 -0.004729,
 0.002809 0.017716 -0.004729, 0.002811 0.029339 0.005843, 0.002811 0.008966 -0.004727, 0.002811 0.009716 -0.004727, 0.002814 0.032967 -0.004726,
 0.002814 0.033717 -0.004726, 0.002815 0.040967 -0.004725, 0.002815 0.041717 -0.004725, 0.002816 0.028967 -0.004725, 0.002816 0.029717 -0.004725,
 0.002816 0.046662 -0.005829, 0.002816 0.000968 -0.004710, 0.002820 0.035031 0.004692, 0.002822 0.018662 -0.005827, 0.002822 0.049500 -0.004714,
 0.002823 0.018280 0.004690, 0.002823 0.041718 -0.004719, 0.002823 0.024968 -0.004720, 0.002823 0.025718 -0.004720, 0.002824 0.036968 -0.004720,
 0.002824 0.037718 -0.004720, 0.002825 0.044968 -0.004719, 0.002825 0.045718 -0.004719, 0.002825 0.048968 -0.004719, 0.002826 0.004087 0.005835,
 0.002828 0.012969 -0.004717, 0.002828 0.013719 -0.004717, 0.002828 -0.006500 -0.002828, 0.002828 -0.006500 0.002828, 0.002828 -0.004500 -0.002828,
 0.002828 -0.004500 0.002828, 0.002831 0.032087 0.005832, 0.002834 0.020969 -0.004714, 0.002834 0.021719 -0.004714, 0.002858 0.047916 -0.005809,
 0.002868 0.011024 0.004663, 0.002873 0.039023 0.004660, 0.002873 0.037725 -0.004683, 0.002876 0.009726 -0.004679, 0.002882 0.015919 -0.005797,
 0.002882 0.042669 -0.005797, 0.002888 0.014669 -0.005794, 0.002890 0.008080 0.005799, 0.002891 0.028978 -0.004669, 0.002895 0.036080 0.005796,
 0.002900 0.001329 0.005792, 0.002914 0.022268 0.004635, 0.002921 0.015017 0.004630, 0.002922 0.033732 -0.004646, 0.002922 0.033327 0.005782,
 0.002924 0.005733 -0.004639, 0.002926 0.043016 0.004628, 0.002948 0.038676 -0.005765, 0.002953 0.010677 -0.005762, 0.002954 0.012073 0.005764,
 0.002960 0.040073 0.005761, 0.002972 0.029739 -0.004609, 0.002972 0.043929 -0.005753, 0.002972 0.001740 -0.004601, 0.002974 0.019010 0.004599,
 0.002977 0.024990 -0.004606, 0.002979 0.047009 0.004596, 0.002996 0.011931 -0.005742, 0.003001 0.000000 0.005692, 0.003006 0.026256 0.004579,
 0.003010 0.005317 0.005733, 0.003014 0.034683 -0.005733, 0.003018 0.016066 0.005728, 0.003019 0.006684 -0.005730, 0.003022 0.025747 -0.004573,
 0.003024 0.044065 0.005726, 0.003027 0.023003 0.004567, 0.003033 0.037314 0.005720, 0.003064 0.021003 -0.004543, 0.003064 0.048500 0.005732,
 0.003072 0.021754 -0.004537, 0.003079 0.030690 -0.005701, 0.003080 0.026996 0.004534, 0.003082 0.020059 0.005693, 0.003085 0.002691 -0.005698,
 0.003086 0.039941 -0.005698, 0.003088 0.048058 0.005690, 0.003098 0.030243 0.004524, 0.003110 0.007943 -0.005686, 0.003117 0.045760 -0.004502,
 0.003121 0.009305 0.005672, 0.003121 0.017761 -0.004499, 0.003125 0.002989 0.004500, 0.003132 0.049012 -0.004492, 0.003133 0.030988 0.004502,
 0.003144 0.041302 0.005659, 0.003146 0.024052 0.005658, 0.003149 0.017015 -0.004478, 0.003167 0.002233 0.004474, 0.003167 0.041768 -0.004465,
 0.003172 0.013768 -0.004462, 0.003180 0.006982 0.004470, 0.003187 0.034981 0.004470, 0.003190 0.034231 0.004468, 0.003199 0.035953 -0.005643,
 0.003210 0.028045 0.005623, 0.003213 0.049500 -0.004464, 0.003217 0.037775 -0.004428, 0.003218 0.045025 -0.004428, 0.003222 0.009775 -0.004425,
 0.003223 0.003956 -0.005631, 0.003230 0.001294 0.005640, 0.003231 0.013293 0.005611, 0.003236 0.010975 0.004442, 0.003236 0.013027 -0.004414,
 0.003240 0.038974 0.004438, 0.003245 0.000000 -0.005586, 0.003247 0.050000 -0.003802, 0.003247 0.050000 0.003802, 0.003254 0.045290 0.005599,
 0.003260 0.006221 0.004421, 0.003268 0.033782 -0.004391, 0.003270 0.046711 -0.005608, 0.003273 0.005783 -0.004389, 0.003274 0.032038 0.005588,
 0.003277 0.018219 0.004417, 0.003277 0.018969 0.004417, 0.003278 0.010219 0.004417, 0.003278 0.010969 0.004417, 0.003281 0.046219 0.004415,
 0.003281 0.046969 0.004415, 0.003282 0.038219 0.004413, 0.003286 0.034218 0.004410, 0.003286 0.034968 0.004410, 0.003287 0.022218 0.004410,
 0.003287 0.022968 0.004410, 0.003287 0.038218 0.004410, 0.003287 0.038968 0.004410, 0.003288 0.014968 0.004408, 0.003290 0.042217 0.004407,
 0.003290 0.042967 0.004407, 0.003291 0.030217 0.004406, 0.003291 0.030967 0.004406, 0.003292 0.042967 0.004405, 0.003294 0.014217 0.004405,
 0.003294 0.014967 0.004405, 0.003296 0.026217 0.004403, 0.003296 0.026967 0.004403, 0.003305 0.041037 -0.004363, 0.003312 0.031965 -0.005588,
 0.003318 0.029789 -0.004354, 0.003319 0.000000 -0.005549, 0.003323 0.009040 -0.004350, 0.003325 0.001790 -0.004354, 0.003329 0.006212 0.004378,
 0.003329 0.006962 0.004378, 0.003334 0.018960 0.004366, 0.003336 0.042718 -0.005576, 0.003338 0.046960 0.004363, 0.003338 0.036031 0.005552,
 0.003341 0.017280 0.005550, 0.003345 0.010209 0.004356, 0.003357 0.002720 -0.005566, 0.003357 0.003970 -0.005566, 0.003357 0.006720 -0.005566,
 0.003357 0.007970 -0.005566, 0.003357 0.010720 -0.005566, 0.003357 0.011970 -0.005566, 0.003357 0.014720 -0.005566, 0.003357 0.015970 -0.005566,
 0.003357 0.018720 -0.005566, 0.003357 0.019970 -0.005566, 0.003357 0.022720 -0.005566, 0.003357 0.023970 -0.005566, 0.003357 0.026720 -0.005566,
 0.003357 0.027970 -0.005566, 0.003357 0.030720 -0.005566, 0.003357 0.031970 -0.005566, 0.003357 0.034720 -0.005566, 0.003357 0.035970 -0.005566,
 0.003357 0.038720 -0.005566, 0.003357 0.039970 -0.005566, 0.003357 0.042720 -0.005566, 0.003357 0.043970 -0.005566, 0.003357 0.046720 -0.005566,
 0.003357 0.047970 -0.005566, 0.003362 0.042206 0.004342, 0.003368 0.025796 -0.004317, 0.003379 0.002205 0.004339, 0.003379 0.002955 0.004339,
 0.003380 0.022953 0.004325, 0.003381 -0.000000 -0.011514, 0.003381 -0.000000 0.011514, 0.003392 0.037050 -0.004299, 0.003396 0.012024 0.005520,
 0.003397 0.038725 -0.005537, 0.003402 0.010726 -0.005533, 0.003402 0.040024 0.005517, 0.003412 0.005052 -0.004288, 0.003418 0.021804 -0.004279,
 0.003419 0.027978 -0.005521, 0.003426 0.014196 0.004285, 0.003427 0.026946 0.004284, 0.003441 0.046193 0.004269, 0.003452 0.021268 0.005489,
 0.003455 0.034732 -0.005494, 0.003460 0.006733 -0.005490, 0.003460 0.016017 0.005485, 0.003464 0.045810 -0.004245, 0.003464 -0.006500 -0.002000,
 0.003464 -0.006500 0.002000, 0.003464 -0.004500 -0.002000, 0.003464 -0.004500 0.002000, 0.003466 0.044017 0.005482, 0.003469 0.017811 -0.004243,
 0.003473 0.030939 0.004241, 0.003473 0.002939 0.004250, 0.003479 0.033062 -0.004235, 0.003502 0.001065 -0.004229, 0.003505 0.018183 0.004211,
 0.003514 0.030739 -0.005451, 0.003515 0.041818 -0.004209, 0.003516 0.006932 0.004204, 0.003518 0.013818 -0.004205, 0.003519 0.034931 0.004199,
 0.003519 0.002740 -0.005447, 0.003520 0.023990 -0.005446, 0.003524 0.020010 0.005450, 0.003530 0.048009 0.005447, 0.003561 0.010925 0.004160,
 0.003563 0.025256 0.005428, 0.003564 0.037825 -0.004171, 0.003565 0.038924 0.004157, 0.003566 0.029075 -0.004171, 0.003568 0.049500 -0.004177,
 0.003569 0.009825 -0.004169, 0.003573 0.026747 -0.005407, 0.003583 0.001076 -0.004173, 0.003583 0.001826 -0.004173, 0.003585 0.022171 0.004138,
 0.003588 0.024003 0.005414, 0.003608 0.014917 0.004119, 0.003612 0.042917 0.004115, 0.003615 0.033832 -0.004135, 0.003617 0.000000 -0.005401,
 0.003617 -0.000000 0.005401, 0.003622 0.020002 -0.005371, 0.003623 0.005832 -0.004137, 0.003631 0.005084 -0.004131, 0.003631 0.005834 -0.004131,
 0.003632 0.022754 -0.005364, 0.003635 0.003998 0.005388, 0.003635 0.005248 0.005388, 0.003635 0.007998 0.005388, 0.003635 0.009248 0.005388,
 0.003635 0.011998 0.005388, 0.003635 0.013248 0.005388, 0.003635 0.015998 0.005388, 0.003635 0.017248 0.005388, 0.003635 0.019998 0.005388,
 0.003635 0.021248 0.005388, 0.003635 0.023998 0.005388, 0.003635 0.025248 0.005388, 0.003635 0.027998 0.005388, 0.003635 0.029248 0.005388,
 0.003635 0.031998 0.005388, 0.003635 0.033248 0.005388, 0.003635 0.035998 0.005388, 0.003635 0.037248 0.005388, 0.003635 0.039998 0.005388,
 0.003635 0.041248 0.005388, 0.003635 0.043998 0.005388, 0.003635 0.045248 0.005388, 0.003635 0.047998 0.005388, 0.003651 0.027996 0.005376,
 0.003652 0.025087 -0.004106, 0.003654 0.018910 0.004076, 0.003658 0.046909 0.004072, 0.003663 0.001840 -0.004089, 0.003665 0.029839 -0.004098,
 0.003666 0.026158 0.004067, 0.003669 0.029244 0.005361, 0.003678 0.017091 -0.004089, 0.003678 0.017841 -0.004089, 0.003681 0.009091 -0.004087,
 0.003681 0.009841 -0.004087, 0.003683 0.033092 -0.004084, 0.003683 0.033842 -0.004084, 0.003685 0.041092 -0.004083, 0.003685 0.041842 -0.004083,
 0.003685 0.029092 -0.004083, 0.003685 0.029842 -0.004083, 0.003687 0.046760 -0.005324, 0.003691 0.025093 -0.004077, 0.003691 0.025843 -0.004077,
 0.003692 0.018761 -0.005320, 0.003692 0.037093 -0.004077, 0.003692 0.037843 -0.004077, 0.003693 0.045093 -0.004076, 0.003693 0.045843 -0.004076,
 0.003693 0.049500 -0.004075, 0.003693 0.049093 -0.004076, 0.003694 0.049500 -0.004075, 0.003695 0.013094 -0.004074, 0.003695 0.013844 -0.004074,
 0.003700 0.022903 0.004033, 0.003701 0.021095 -0.004069, 0.003701 0.021845 -0.004069, 0.003703 0.003989 0.005334, 0.003704 0.048012 -0.005312,
 0.003707 0.031989 0.005330, 0.003711 0.025846 -0.004055, 0.003725 0.016015 -0.005296, 0.003732 0.021100 -0.004034, 0.003739 0.001233 0.005285,
 0.003746 0.042767 -0.005281, 0.003746 0.030145 0.003993, 0.003747 0.026895 0.003993, 0.003751 0.014768 -0.005277, 0.003754 0.021854 -0.004010,
 0.003759 0.007982 0.005287, 0.003764 0.035981 0.005283, 0.003767 0.033231 0.005281, 0.003787 0.002889 0.003952, 0.003789 0.049110 -0.003970,
 0.003792 0.045860 -0.003967, 0.003794 0.030888 0.003950, 0.003794 0.017861 -0.003962, 0.003801 0.048500 0.005230, 0.003803 0.017113 -0.003953,
 0.003805 0.002775 -0.005237, 0.003805 0.004025 -0.005237, 0.003805 0.006775 -0.005237, 0.003805 0.008025 -0.005237, 0.003805 0.010775 -0.005237,
 0.003805 0.012025 -0.005237, 0.003805 0.014775 -0.005237, 0.003805 0.016025 -0.005237, 0.003805 0.018775 -0.005237, 0.003805 0.020025 -0.005237,
 0.003805 0.022775 -0.005237, 0.003805 0.024025 -0.005237, 0.003805 0.026775 -0.005237, 0.003805 0.028025 -0.005237, 0.003805 0.030775 -0.005237,
 0.003805 0.032025 -0.005237, 0.003805 0.034775 -0.005237, 0.003805 0.036025 -0.005237, 0.003805 0.038775 -0.005237, 0.003805 0.040025 -0.005237,
 0.003805 0.042775 -0.005237, 0.003805 0.044025 -0.005237, 0.003805 0.046775 -0.005237, 0.003805 0.048025 -0.005237, 0.003805 0.038775 -0.005237,
 0.003806 0.044025 -0.005236, 0.003807 0.002135 0.003933, 0.003810 0.003976 0.005246, 0.003810 0.005226 0.005246, 0.003810 0.007976 0.005246,
 0.003810 0.009226 0.005246, 0.003810 0.010775 -0.005233, 0.003810 0.011976 0.005246, 0.003810 0.013226 0.005246, 0.003810 0.015976 0.005246,
 0.003810 0.017226 0.005246, 0.003810 0.019976 0.005246, 0.003810 0.021226 0.005246, 0.003810 0.023976 0.005246, 0.003810 0.025226 0.005246,
 0.003810 0.027976 0.005246, 0.003810 0.029226 0.005246, 0.003810 0.031976 0.005246, 0.003810 0.033226 0.005246, 0.003810 0.035976 0.005246,
 0.003810 0.037226 0.005246, 0.003810 0.039976 0.005246, 0.003810 0.041226 0.005246, 0.003810 0.043976 0.005246, 0.003810 0.045226 0.005246,
 0.003810 0.047976 0.005246, 0.003816 0.011975 0.005241, 0.003821 0.039974 0.005237, 0.003826 0.034133 0.003920, 0.003827 0.012027 -0.005221,
 0.003833 0.041868 -0.003920, 0.003834 0.006881 0.003909, 0.003837 0.013868 -0.003917, 0.003840 0.034881 0.003908, 0.003846 0.005221 0.005217,
 0.003861 0.045123 -0.003890, 0.003863 -0.020000 -0.011888, 0.003863 -0.020000 0.011888, 0.003863 -0.019000 -0.011888, 0.003863 -0.019000 0.011888,
 0.003864 -0.006500 -0.001035, 0.003864 -0.006500 0.001035, 0.003864 -0.004500 -0.001035, 0.003864 -0.004500 0.001035, 0.003865 0.034782 -0.005193,
 0.003866 0.037218 0.005200, 0.003870 0.006783 -0.005190, 0.003873 0.015968 0.005194, 0.003876 0.037875 -0.003874, 0.003877 0.013125 -0.003874,
 0.003877 0.001217 0.005188, 0.003878 0.043967 0.005190, 0.003879 0.009876 -0.003870, 0.003882 0.010874 0.003869, 0.003886 0.038873 0.003866,
 0.003887 0.006123 0.003860, 0.003891 -0.000000 0.005207, 0.003906 0.038120 0.003848, 0.003909 0.040037 -0.005161, 0.003917 0.033882 -0.003827,
 0.003919 -0.020000 -0.009200, 0.003919 -0.020000 0.009200, 0.003919 -0.006500 -0.009200, 0.003919 -0.006500 0.009200, 0.003920 0.005883 -0.003822,
 0.003924 0.030789 -0.005150, 0.003929 0.014867 0.003827, 0.003929 0.002790 -0.005146, 0.003930 0.008040 -0.005145, 0.003931 0.019960 0.005148,
 0.003933 0.042866 0.003824, 0.003934 0.041135 -0.003809, 0.003935 0.047960 0.005144, 0.003944 0.009209 0.005136, 0.003949 0.009138 -0.003793,
 0.003960 0.029890 -0.003781, 0.003963 0.001890 -0.003776, 0.003965 0.041206 0.005120, 0.003969 0.010110 0.003789, 0.003975 0.018859 0.003785,
 0.003979 0.046859 0.003781, 0.003984 0.026796 -0.005106, 0.003986 0.042107 0.003775, 0.003987 0.050000 -0.003018, 0.003987 0.050000 0.003018,
 0.003988 0.023953 0.005101, 0.004000 -0.006500 -0.000000, 0.004000 -0.004500 -0.000000, 0.004002 0.025897 -0.003735, 0.004007 0.037148 -0.003729,
 0.004012 0.036050 -0.005085, 0.004020 0.022852 0.003742, 0.004022 0.005151 -0.003712, 0.004033 0.004052 -0.005070, 0.004043 0.022804 -0.005062,
 0.004043 0.013196 0.005056, 0.004045 0.027946 0.005055, 0.004045 0.021904 -0.003690, 0.004050 0.014097 0.003717, 0.004064 0.045193 0.005039,
 0.004066 0.046095 0.003702, 0.004068 0.026845 0.003701, 0.004070 0.026094 0.003699, 0.004070 0.026844 0.003699, 0.004071 0.014094 0.003699,
 0.004071 0.014844 0.003699, 0.004071 0.030094 0.003698, 0.004071 0.030844 0.003698, 0.004072 0.042094 0.003698, 0.004072 0.042844 0.003698,
 0.004072 0.038094 0.003697, 0.004072 0.038844 0.003697, 0.004073 0.034094 0.003696, 0.004073 0.034844 0.003696, 0.004074 0.046094 0.003695,
 0.004074 0.046844 0.003695, 0.004075 0.010093 0.003694, 0.004075 0.010843 0.003694, 0.004077 0.018093 0.003691, 0.004077 0.018843 0.003691,
 0.004080 0.033161 -0.003649, 0.004083 0.045911 -0.003646, 0.004085 0.022092 0.003683, 0.004085 0.022842 0.003683, 0.004086 0.017912 -0.003642,
 0.004097 0.003939 0.005012, 0.004098 0.046810 -0.005022, 0.004098 0.001163 -0.003634, 0.004101 0.002838 0.003653, 0.004102 0.031938 0.005008,
 0.004103 0.018811 -0.005019, 0.004106 0.030837 0.003652, 0.004115 0.032062 -0.005010, 0.004119 0.018085 0.003635, 0.004121 0.006085 0.003643,
 0.004121 0.006835 0.003643, 0.004125 0.041918 -0.003600, 0.004126 0.049500 -0.003637, 0.004129 0.013919 -0.003596, 0.004129 0.000065 -0.004986,
 0.004142 0.017183 0.004975, 0.004143 0.034830 0.003602, 0.004145 0.006831 0.003610, 0.004153 0.029173 -0.003569, 0.004155 0.007932 0.004965,
 0.004157 0.042817 -0.004979, 0.004160 0.035931 0.004961, 0.004162 0.014818 -0.004975, 0.004163 0.002078 0.003595, 0.004163 0.002828 0.003595,
 0.004167 0.037926 -0.003553, 0.004171 0.009926 -0.003550, 0.004177 0.010824 0.003556, 0.004180 0.038823 0.003552, 0.004184 0.022072 0.003549,
 0.004189 0.001180 0.004970, 0.004209 0.033933 -0.003507, 0.004212 0.011924 0.004918, 0.004214 0.014816 0.003506, 0.004215 0.005934 -0.003505,
 0.004217 0.038825 -0.004935, 0.004217 0.039924 0.004914, 0.004217 0.042816 0.003501, 0.004218 0.028075 -0.004934, 0.004221 0.048500 0.004943,
 0.004222 0.010825 -0.004931, 0.004225 0.025186 -0.003489, 0.004226 -0.019000 -0.014392, 0.004226 -0.019000 0.014392, 0.004226 -0.003000 -0.014392,
 0.004226 -0.003000 0.014392, 0.004242 0.021171 0.004894, 0.004247 0.026060 0.003461, 0.004251 0.029940 -0.003461, 0.004252 0.018809 0.003456,
 0.004255 0.046808 0.003451, 0.004262 0.001941 -0.003463, 0.004269 0.015917 0.004872, 0.004274 0.043917 0.004868, 0.004276 0.034832 -0.004891,
 0.004281 0.006833 -0.004888, 0.004289 0.022802 0.003406, 0.004293 0.025948 -0.003414, 0.004300 0.021199 -0.003410, 0.004304 0.048085 -0.004871,
 0.004305 0.002835 -0.004870, 0.004305 0.004085 -0.004870, 0.004305 0.006835 -0.004870, 0.004305 0.008085 -0.004870, 0.004305 0.010835 -0.004870,
 0.004305 0.012085 -0.004870, 0.004305 0.014835 -0.004870, 0.004305 0.016085 -0.004870, 0.004305 0.018835 -0.004870, 0.004305 0.020085 -0.004870,
 0.004305 0.022835 -0.004870, 0.004305 0.024085 -0.004870, 0.004305 0.026835 -0.004870, 0.004305 0.028085 -0.004870, 0.004305 0.030835 -0.004870,
 0.004305 0.032085 -0.004870, 0.004305 0.034835 -0.004870, 0.004305 0.036085 -0.004870, 0.004305 0.038835 -0.004870, 0.004305 0.040085 -0.004870,
 0.004305 0.042835 -0.004870, 0.004305 0.044085 -0.004870, 0.004305 0.046835 -0.004870, 0.004312 0.030047 0.003374, 0.004318 0.024087 -0.004856,
 0.004326 0.026795 0.003355, 0.004327 0.019910 0.004825, 0.004330 0.001203 -0.003391, 0.004330 0.001953 -0.003391, 0.004331 0.030839 -0.004842,
 0.004332 0.047909 0.004821, 0.004335 0.002840 -0.004838, 0.004336 0.021955 -0.003370, 0.004341 0.025158 0.004813, 0.004355 0.049209 -0.003345,
 0.004362 0.002788 0.003312, 0.004363 0.030787 0.003305, 0.004365 0.002037 0.003308, 0.004369 0.005210 -0.003342, 0.004369 0.005960 -0.003342,
 0.004371 0.017211 -0.003330, 0.004373 0.045962 -0.003326, 0.004376 0.034035 0.003288, 0.004377 0.017962 -0.003323, 0.004379 0.049500 -0.003314,
 0.004382 0.026846 -0.004789, 0.004384 0.023903 0.004778, 0.004397 0.006781 0.003260, 0.004400 0.021216 -0.003300, 0.004400 0.021966 -0.003300,
 0.004400 0.034780 0.003255, 0.004406 0.020100 -0.004763, 0.004407 0.017217 -0.003291, 0.004407 0.017967 -0.003291, 0.004409 0.009218 -0.003289,
 0.004409 0.009968 -0.003289, 0.004411 0.033218 -0.003286, 0.004411 0.033968 -0.003286, 0.004412 0.041218 -0.003285, 0.004412 0.041968 -0.003285,
 0.004412 0.029218 -0.003284, 0.004412 0.029968 -0.003284, 0.004412 0.049500 -0.003272, 0.004412 0.013218 -0.003283, 0.004412 0.013968 -0.003283,
 0.004414 0.041969 -0.003280, 0.004417 0.025219 -0.003277, 0.004417 0.025969 -0.003277, 0.004417 0.013970 -0.003275, 0.004418 0.037219 -0.003276,
 0.004418 0.037969 -0.003276, 0.004418 0.049219 -0.003276, 0.004418 0.045220 -0.003276, 0.004418 0.045970 -0.003276, 0.004425 0.045221 -0.003264,
 0.004427 0.006025 0.003219, 0.004432 0.022854 -0.004735, 0.004434 0.010774 0.003209, 0.004436 0.013224 -0.003245, 0.004438 0.038773 0.003205,
 0.004440 0.029146 0.004733, 0.004440 0.038022 0.003201, 0.004441 0.027895 0.004731, 0.004447 0.037976 -0.003227, 0.004449 0.009977 -0.003222,
 0.004472 0.014766 0.003159, 0.004475 0.042766 0.003155, 0.004475 0.048110 -0.004689, 0.004477 0.005984 -0.003166, 0.004478 0.033983 -0.003173,
 0.004479 0.046861 -0.004686, 0.004480 0.041233 -0.003172, 0.004483 0.018861 -0.004681, 0.004491 0.009236 -0.003152, 0.004491 0.010013 0.003132,
 0.004494 0.016113 -0.004670, 0.004494 0.003889 0.004689, 0.004499 0.031888 0.004685, 0.004502 0.001136 0.004653, 0.004505 0.042010 0.003115,
 0.004508 0.001991 -0.003112, 0.004508 0.018759 0.003109, 0.004511 0.029990 -0.003120, 0.004512 0.046759 0.003105, 0.004516 0.049501 -0.003139,
 0.004530 0.042868 -0.004632, 0.004530 0.000116 -0.004661, 0.004534 0.014868 -0.004627, 0.004536 0.037246 -0.003080, 0.004539 0.033133 0.004652,
 0.004541 0.050000 -0.002093, 0.004541 0.050000 0.002093, 0.004543 0.025997 -0.003067, 0.004543 0.003882 0.004648, 0.004543 0.005132 0.004648,
 0.004543 0.007882 0.004648, 0.004543 0.009132 0.004648, 0.004543 0.011882 0.004648, 0.004543 0.013132 0.004648, 0.004543 0.015882 0.004648,
 0.004543 0.017132 0.004648, 0.004543 0.019882 0.004648, 0.004543 0.021132 0.004648, 0.004543 0.023882 0.004648, 0.004543 0.025132 0.004648,
 0.004543 0.027882 0.004648, 0.004543 0.029132 0.004648, 0.004543 0.031882 0.004648, 0.004543 0.033132 0.004648, 0.004543 0.035882 0.004648,
 0.004543 0.037132 0.004648, 0.004543 0.039882 0.004648, 0.004543 0.041132 0.004648, 0.004543 0.043882 0.004648, 0.004543 0.045132 0.004648,
 0.004543 0.047882 0.004648, 0.004544 0.005248 -0.003059, 0.004545 0.022752 0.003059, 0.004551 0.007881 0.004641, 0.004555 0.035881 0.004637,
 0.004555 0.014000 0.003046, 0.004563 0.044123 -0.004596, 0.004568 0.045998 0.003028, 0.004574 0.022004 -0.003014, 0.004580 0.038875 -0.004578,
 0.004581 0.012125 -0.004577, 0.004583 0.026745 0.003010, 0.004585 0.010876 -0.004574, 0.004590 0.033258 -0.002988, 0.004600 0.001260 -0.002967,
 0.004603 0.011874 0.004589, 0.004604 0.000127 -0.004575, 0.004604 0.046011 -0.002966, 0.004606 0.018012 -0.002961, 0.004608 0.039873 0.004585,
 0.004610 0.002738 0.002960, 0.004611 -0.000000 -0.004581, 0.004611 0.005123 0.004581, 0.004614 0.003873 0.004579, 0.004614 0.005123 0.004579,
 0.004614 0.007873 0.004579, 0.004614 0.009123 0.004579, 0.004614 0.011873 0.004579, 0.004614 0.013123 0.004579, 0.004614 0.015873 0.004579,
 0.004614 0.017123 0.004579, 0.004614 0.019873 0.004579, 0.004614 0.021123 0.004579, 0.004614 0.023873 0.004579, 0.004614 0.025123 0.004579,
 0.004614 0.027873 0.004579, 0.004614 0.029123 0.004579, 0.004614 0.031873 0.004579, 0.004614 0.033123 0.004579, 0.004614 0.035873 0.004579,
 0.004614 0.037123 0.004579, 0.004614 0.039873 0.004579, 0.004614 0.041123 0.004579, 0.004614 0.043873 0.004579, 0.004614 0.045123 0.004579,
 0.004614 0.047873 0.004579, 0.004619 0.017988 0.002960, 0.004620 0.030738 0.002960, 0.004628 0.037120 0.004561, 0.004631 0.034883 -0.004524,
 0.004636 0.006883 -0.004520, 0.004636 0.042018 -0.002912, 0.004639 0.014019 -0.002908, 0.004646 0.029270 -0.002896, 0.004649 0.006731 0.002912,
 0.004651 0.040135 -0.004503, 0.004651 0.015867 0.004533, 0.004655 0.043866 0.004528, 0.004656 0.034730 0.002910, 0.004668 0.038025 -0.002859,
 0.004669 0.008138 -0.004484, 0.004671 0.010026 -0.002855, 0.004682 0.021975 0.002874, 0.004682 0.030890 -0.004470, 0.004686 0.002890 -0.004466,
 0.004690 0.010724 0.002865, 0.004693 0.009110 0.004483, 0.004693 0.038723 0.002861, 0.004698 0.019859 0.004476, 0.004700 0.034032 -0.002806,
 0.004701 0.025283 -0.002805, 0.004702 0.047859 0.004471, 0.004710 0.041108 0.004462, 0.004715 0.025969 0.002832, 0.004715 0.026719 0.002832,
 0.004715 0.013969 0.002831, 0.004715 0.014719 0.002831, 0.004716 0.029969 0.002831, 0.004716 0.030719 0.002831, 0.004716 0.041969 0.002830,
 0.004716 0.042719 0.002830, 0.004717 0.037969 0.002829, 0.004717 0.038719 0.002829, 0.004717 0.033969 0.002829, 0.004717 0.034719 0.002829,
 0.004718 0.045968 0.002827, 0.004718 0.046718 0.002827, 0.004719 0.009968 0.002826, 0.004719 0.010718 0.002826, 0.004720 0.017968 0.002823,
 0.004720 0.018718 0.002823, 0.004726 0.042716 0.002809, 0.004726 0.021967 0.002813, 0.004726 0.022717 0.002813, 0.004732 0.030039 -0.002754,
 0.004733 0.026897 -0.004416, 0.004738 0.025963 0.002784, 0.004739 0.036148 -0.004410, 0.004745 0.023852 0.004419, 0.004752 0.005961 0.002769,
 0.004752 0.006711 0.002769, 0.004753 0.046709 0.002754, 0.004756 0.021295 -0.002713, 0.004757 0.004151 -0.004391, 0.004763 0.026046 -0.002701,
 0.004774 0.013098 0.004384, 0.004783 0.029951 0.002688, 0.004784 0.001954 0.002714, 0.004784 0.002704 0.002714, 0.004784 0.022905 -0.004363,
 0.004791 0.045095 0.004364, 0.004793 0.027845 0.004362, 0.004796 0.022053 -0.002648, 0.004799 0.049304 -0.002641, 0.004804 0.048500 0.004325,
 0.004811 0.017307 -0.002622, 0.004812 0.048159 -0.004332, 0.004812 0.002909 -0.004332, 0.004812 0.004159 -0.004332, 0.004812 0.006909 -0.004332,
 0.004812 0.008159 -0.004332, 0.004812 0.010909 -0.004332, 0.004812 0.012159 -0.004332, 0.004812 0.014909 -0.004332, 0.004812 0.016159 -0.004332,
 0.004812 0.018909 -0.004332, 0.004812 0.020159 -0.004332, 0.004812 0.022909 -0.004332, 0.004812 0.024159 -0.004332, 0.004812 0.026909 -0.004332,
 0.004812 0.028159 -0.004332, 0.004812 0.030909 -0.004332, 0.004812 0.032159 -0.004332, 0.004812 0.034909 -0.004332, 0.004812 0.036159 -0.004332,
 0.004812 0.038909 -0.004332, 0.004812 0.040159 -0.004332, 0.004812 0.042909 -0.004332, 0.004812 0.044159 -0.004332, 0.004812 0.046909 -0.004332,
 0.004814 0.003841 0.004336, 0.004814 0.005091 0.004336, 0.004814 0.007841 0.004336, 0.004814 0.009091 0.004336, 0.004814 0.011841 0.004336,
 0.004814 0.013091 0.004336, 0.004814 0.015841 0.004336, 0.004814 0.017091 0.004336, 0.004814 0.019841 0.004336, 0.004814 0.021091 0.004336,
 0.004814 0.023841 0.004336, 0.004814 0.025091 0.004336, 0.004814 0.027841 0.004336, 0.004814 0.029091 0.004336, 0.004814 0.031841 0.004336,
 0.004814 0.033091 0.004336, 0.004814 0.035841 0.004336, 0.004814 0.037091 0.004336, 0.004814 0.039841 0.004336, 0.004814 0.041091 0.004336,
 0.004814 0.043841 0.004336, 0.004814 0.045091 0.004336, 0.004814 0.047841 0.004336, 0.004824 0.046060 -0.002599, 0.004827 0.032161 -0.004317,
 0.004827 0.001941 0.002616, 0.004828 0.018061 -0.002595, 0.004829 0.033938 0.002592, 0.004829 0.030688 0.002591, 0.004830 0.046911 -0.004313,
 0.004834 0.002689 0.002600, 0.004835 0.018912 -0.004309, 0.004836 0.003838 0.004310, 0.004840 0.031838 0.004305, 0.004843 0.000163 -0.004297,
 0.004848 0.049500 -0.002598, 0.004854 0.045317 -0.002549, 0.004856 0.034681 0.002535, 0.004856 0.017085 0.004285, 0.004856 0.006682 0.002542,
 0.004856 0.042067 -0.002547, 0.004859 0.014068 -0.002542, 0.004866 0.013319 -0.002530, 0.004868 0.005929 0.002517, 0.004875 0.037926 0.002495,
 0.004880 0.010675 0.002484, 0.004881 0.042919 -0.004259, 0.004882 0.038674 0.002479, 0.004883 0.007831 0.004253, 0.004884 0.050000 -0.001072,
 0.004884 0.050000 0.001072, 0.004885 0.014919 -0.004255, 0.004887 0.035830 0.004248, 0.004888 0.038074 -0.002493, 0.004891 0.010075 -0.002489,
 0.004898 0.001080 0.004253, 0.004905 0.001326 -0.002488, 0.004905 0.002076 -0.002488, 0.004907 0.014668 0.002428, 0.004907 -0.000000 0.004262,
 0.004909 0.042667 0.002423, 0.004910 0.041329 -0.002458, 0.004911 0.009916 0.002418, 0.004915 0.028173 -0.004224, 0.004920 0.034081 -0.002441,
 0.004921 0.041914 0.002398, 0.004922 0.009331 -0.002439, 0.004928 0.006082 -0.002439, 0.004930 0.011824 0.004196, 0.004932 0.038926 -0.004206,
 0.004933 0.018660 0.002372, 0.004933 0.005333 -0.002432, 0.004933 0.006083 -0.002432, 0.004934 0.039823 0.004191, 0.004935 0.046660 0.002367,
 0.004936 0.010926 -0.004201, 0.004937 0.021072 0.004187, 0.004947 0.002089 -0.002380, 0.004952 0.030088 -0.002388, 0.004956 0.021339 -0.002385,
 0.004956 0.022089 -0.002385, 0.004957 0.013904 0.002321, 0.004960 0.022653 0.002316, 0.004961 0.017340 -0.002375, 0.004961 0.018090 -0.002375,
 0.004962 0.049500 -0.002355, 0.004962 0.009340 -0.002372, 0.004962 0.010090 -0.002372, 0.004964 0.033341 -0.002369, 0.004964 0.034091 -0.002369,
 0.004964 0.041341 -0.002368, 0.004964 0.042091 -0.002368, 0.004964 0.029341 -0.002367, 0.004964 0.030091 -0.002367, 0.004964 0.037341 -0.002365,
 0.004965 0.013341 -0.002367, 0.004965 0.014091 -0.002367, 0.004967 0.005344 -0.002343, 0.004967 0.045901 0.002301, 0.004968 0.025342 -0.002360,
 0.004968 0.026092 -0.002360, 0.004969 0.037342 -0.002359, 0.004969 0.038092 -0.002359, 0.004969 0.049342 -0.002359, 0.004969 0.045342 -0.002358,
 0.004969 0.046092 -0.002358, 0.004977 0.015816 0.004139, 0.004978 0.026095 -0.002332, 0.004981 0.043816 0.004134, 0.004983 0.034933 -0.004152,
 0.004985 -0.000000 -0.010916, 0.004985 -0.000000 0.010916, 0.004987 0.026646 0.002260, 0.004987 0.006934 -0.004147, 0.004988 0.049500 -0.002300,
 0.004997 0.022103 -0.002273, 0.005000 -0.020000 -0.008660, 0.005000 -0.020000 0.008660, 0.005000 -0.006500 -0.008660, 0.005000 -0.006500 0.008660,
 0.005000 0.050000 0.000000, 0.005001 0.001356 -0.002241, 0.005001 0.033354 -0.002265, 0.005002 0.024186 -0.004131, 0.005003 0.017892 0.002224,
 0.005009 0.002640 0.002208, 0.005013 0.030639 0.002203, 0.005018 0.046109 -0.002220, 0.005019 0.025060 0.004088, 0.005019 0.018110 -0.002214,
 0.005020 0.001063 0.004129, 0.005024 0.019809 0.004082, 0.005028 0.047808 0.004077, 0.005033 0.030940 -0.004098, 0.005035 0.006632 0.002151,
 0.005037 0.002941 -0.004094, 0.005038 0.029366 -0.002164, 0.005039 0.042117 -0.002161, 0.005040 0.034632 0.002147, 0.005041 0.014117 -0.002156,
 0.005049 0.021879 0.002126, 0.005060 0.038124 -0.002103, 0.005061 0.010125 -0.002097, 0.005064 0.010625 0.002095, 0.005067 0.038625 0.002091,
 0.005071 0.023802 0.004025, 0.005075 0.025379 -0.002063, 0.005081 0.034131 -0.002044, 0.005081 0.006132 -0.002038, 0.005084 0.026948 -0.004045,
 0.005090 0.020199 -0.004038, 0.005091 0.014618 0.002039, 0.005092 0.049500 -0.002080, 0.005093 0.042617 0.002034, 0.005096 0.025867 0.002029,
 0.005100 0.029047 0.003990, 0.005102 0.030138 -0.001985, 0.005103 0.002139 -0.001979, 0.005111 0.021391 -0.001961, 0.005111 0.002952 -0.004015,
 0.005111 0.004202 -0.004015, 0.005111 0.006952 -0.004015, 0.005111 0.008202 -0.004015, 0.005111 0.010952 -0.004015, 0.005111 0.012202 -0.004015,
 0.005111 0.014952 -0.004015, 0.005111 0.016202 -0.004015, 0.005111 0.018952 -0.004015, 0.005111 0.020202 -0.004015, 0.005111 0.022952 -0.004015,
 0.005111 0.024202 -0.004015, 0.005111 0.026952 -0.004015, 0.005111 0.028202 -0.004015, 0.005111 0.030952 -0.004015, 0.005111 0.032202 -0.004015,
 0.005111 0.034952 -0.004015, 0.005111 0.036202 -0.004015, 0.005111 0.038952 -0.004015, 0.005111 0.040202 -0.004015, 0.005111 0.042952 -0.004015,
 0.005111 0.044202 -0.004015, 0.005111 0.046952 -0.004015, 0.005113 0.048202 -0.004013, 0.005117 0.018611 0.001982, 0.005118 0.027794 0.003968,
 0.005120 0.046610 0.001978, 0.005124 0.026146 -0.001926, 0.005130 0.022955 -0.003987, 0.005140 0.049401 -0.001880, 0.005142 0.029854 0.001931,
 0.005143 0.022604 0.001926, 0.005145 0.022153 -0.001867, 0.005148 0.017404 -0.001859, 0.005149 0.048209 -0.003957, 0.005161 0.003788 0.003916,
 0.005164 0.016211 -0.003935, 0.005164 0.046160 -0.001813, 0.005165 0.031787 0.003911, 0.005166 0.001037 0.003915, 0.005166 0.018160 -0.001808,
 0.005166 0.046962 -0.003931, 0.005168 0.001844 0.001849, 0.005170 0.018962 -0.003926, 0.005171 0.026596 0.001870, 0.005175 0.025845 0.001862,
 0.005175 0.026595 0.001862, 0.005175 0.013845 0.001861, 0.005175 0.014595 0.001861, 0.005176 0.029845 0.001860, 0.005176 0.030595 0.001860,
 0.005176 0.041845 0.001860, 0.005176 0.042595 0.001860, 0.005176 0.037845 0.001859, 0.005176 0.038595 0.001859, 0.005177 0.033845 0.001858,
 0.005177 0.034595 0.001858, 0.005177 0.045414 -0.001778, 0.005177 0.045845 0.001856, 0.005177 0.046595 0.001856, 0.005178 0.009845 0.001855,
 0.005178 0.010595 0.001855, 0.005179 0.017844 0.001852, 0.005179 0.018594 0.001852, 0.005181 0.033035 0.003891, 0.005183 0.048500 0.003923,
 0.005183 0.021843 0.001841, 0.005183 0.022593 0.001841, 0.005183 0.033842 0.001832, 0.005184 0.002590 0.001813, 0.005184 0.013417 -0.001757,
 0.005185 0.042167 -0.001754, 0.005187 0.014168 -0.001749, 0.005188 0.030589 0.001810, 0.005200 0.005837 0.001792, 0.005200 0.006587 0.001792,
 0.005204 0.034582 0.001750, 0.005206 0.038174 -0.001695, 0.005206 0.042969 -0.003869, 0.005208 0.007780 0.003859, 0.005208 0.006582 0.001756,
 0.005209 0.010175 -0.001691, 0.005209 0.037829 0.001727, 0.005210 0.005832 0.001751, 0.005210 0.014969 -0.003864, 0.005212 0.035780 0.003854,
 0.005214 0.041427 -0.001676, 0.005218 0.010575 0.001694, 0.005219 0.044221 -0.003850, 0.005219 0.038575 0.001689, 0.005220 0.001829 0.001732,
 0.005220 0.002579 0.001732, 0.005221 0.009429 -0.001655, 0.005228 0.034182 -0.001637, 0.005230 0.009819 0.001644, 0.005233 0.014568 0.001633,
 0.005233 0.012223 -0.003828, 0.005233 0.006182 -0.001633, 0.005234 0.042567 0.001628, 0.005236 0.041817 0.001623, 0.005246 0.005025 0.003814,
 0.005246 0.038976 -0.003808, 0.005248 0.018560 0.001573, 0.005249 0.030189 -0.001578, 0.005249 0.046560 0.001568, 0.005250 0.037439 -0.001574,
 0.005250 0.010976 -0.003802, 0.005255 0.011773 0.003802, 0.005256 0.013806 0.001539, 0.005259 0.039773 0.003798, 0.005260 0.002190 -0.001576,
 0.005262 0.045804 0.001518, 0.005262 0.005442 -0.001555, 0.005262 0.037022 0.003793, 0.005264 0.022553 0.001512, 0.005269 0.049500 -0.001576,
 0.005270 0.026196 -0.001519, 0.005279 0.026546 0.001451, 0.005283 0.017794 0.001434, 0.005287 0.034983 -0.003746, 0.005287 0.033452 -0.001473,
 0.005288 0.040233 -0.003744, 0.005290 0.006984 -0.003741, 0.005293 0.022204 -0.001460, 0.005294 0.030538 0.001390, 0.005296 0.002539 0.001397,
 0.005296 0.000232 -0.003769, 0.005298 0.001452 -0.001476, 0.005298 0.002202 -0.001476, 0.005302 0.015766 0.003746, 0.005302 0.001454 -0.001455,
 0.005302 0.008236 -0.003722, 0.005306 0.043765 0.003741, 0.005308 0.006532 0.001335, 0.005309 0.034531 0.001330, 0.005309 0.021781 0.001329,
 0.005310 0.046210 -0.001406, 0.005313 0.018211 -0.001401, 0.005315 0.005459 -0.001414, 0.005315 0.006209 -0.001414, 0.005323 0.010524 0.001274,
 0.005324 0.029465 -0.001371, 0.005324 0.038524 0.001269, 0.005327 0.030990 -0.003684, 0.005327 0.009012 0.003716, 0.005328 0.021466 -0.001364,
 0.005328 0.022216 -0.001364, 0.005330 0.049500 -0.001333, 0.005330 0.002991 -0.003679, 0.005331 0.017467 -0.001352, 0.005331 0.018217 -0.001352,
 0.005332 0.009467 -0.001349, 0.005332 0.010217 -0.001349, 0.005332 0.042218 -0.001347, 0.005333 0.033468 -0.001346, 0.005333 0.034218 -0.001346,
 0.005333 0.041468 -0.001344, 0.005333 0.042218 -0.001344, 0.005333 0.029468 -0.001344, 0.005333 0.030218 -0.001344, 0.005333 0.013468 -0.001343,
 0.005333 0.014218 -0.001343, 0.005334 0.014218 -0.001342, 0.005335 0.025469 -0.001336, 0.005335 0.026219 -0.001336, 0.005336 0.025768 0.001224,
 0.005336 0.037469 -0.001334, 0.005336 0.038219 -0.001334, 0.005336 0.049469 -0.001334, 0.005336 0.045469 -0.001333, 0.005336 0.046219 -0.001333,
 0.005338 0.014517 0.001213, 0.005340 0.042516 0.001208, 0.005342 0.010225 -0.001280, 0.005343 0.038225 -0.001286, 0.005343 0.041010 0.003695,
 0.005346 0.025477 -0.001266, 0.005347 0.006233 -0.001218, 0.005348 0.019759 0.003689, 0.005351 0.034232 -0.001224, 0.005352 0.047758 0.003685,
 0.005353 0.018510 0.001152, 0.005354 0.002240 -0.001155, 0.005355 0.046509 0.001147, 0.005357 0.036246 -0.003637, 0.005360 0.021490 -0.001158,
 0.005361 0.030239 -0.001162, 0.005362 0.029756 0.001119, 0.005367 0.026997 -0.003623, 0.005367 0.003756 0.003666, 0.005367 0.005006 0.003666,
 0.005367 0.007756 0.003666, 0.005367 0.009006 0.003666, 0.005367 0.011756 0.003666, 0.005367 0.013006 0.003666, 0.005367 0.015756 0.003666,
 0.005367 0.017006 0.003666, 0.005367 0.019756 0.003666, 0.005367 0.021006 0.003666, 0.005367 0.023756 0.003666, 0.005367 0.025006 0.003666,
 0.005367 0.027756 0.003666, 0.005367 0.029006 0.003666, 0.005367 0.031756 0.003666, 0.005367 0.033006 0.003666, 0.005367 0.035756 0.003666,
 0.005367 0.037006 0.003666, 0.005367 0.039756 0.003666, 0.005367 0.041006 0.003666, 0.005367 0.043756 0.003666, 0.005367 0.045006 0.003666,
 0.005367 0.047756 0.003666, 0.005368 0.022502 0.001091, 0.005368 0.049500 -0.001178, 0.005370 0.026247 -0.001100, 0.005371 0.004248 -0.003615,
 0.005377 0.017502 -0.001052, 0.005377 0.001746 0.001035, 0.005378 0.022254 -0.001038, 0.005384 0.026495 0.001031, 0.005388 0.046261 -0.000982,
 0.005388 0.018261 -0.000976, 0.005388 0.033743 0.001014, 0.005389 0.023752 0.003628, 0.005390 0.045512 -0.000967, 0.005391 0.002488 0.000974,
 0.005393 0.013515 -0.000945, 0.005394 0.049500 -0.001077, 0.005397 0.042268 -0.000920, 0.005398 0.014268 -0.000915, 0.005398 0.013000 0.003612,
 0.005399 0.030488 0.000970, 0.005404 0.005733 0.000930, 0.005406 0.041525 -0.000860, 0.005406 0.038275 -0.000858, 0.005407 0.023004 -0.003561,
 0.005407 0.010276 -0.000853, 0.005408 0.006481 0.000914, 0.005409 0.009528 -0.000838, 0.005411 0.044997 0.003589, 0.005414 0.034480 0.000910,
 0.005415 0.037730 0.000909, 0.005415 0.034282 -0.000796, 0.005417 0.006283 -0.000791, 0.005422 0.037537 -0.000753, 0.005424 0.027745 0.003565,
 0.005425 0.030290 -0.000734, 0.005426 0.032258 -0.003531, 0.005427 0.005540 -0.000731, 0.005428 0.010474 0.000854, 0.005429 0.002290 -0.000729,
 0.005429 0.038473 0.000849, 0.005434 0.026297 -0.000673, 0.005435 0.009720 0.000826, 0.005438 0.033550 -0.000646, 0.005441 0.025718 0.000807,
 0.005441 0.026468 0.000807, 0.005441 0.013718 0.000806, 0.005441 0.014468 0.000806, 0.005441 0.029718 0.000805, 0.005441 0.030468 0.000805,
 0.005441 0.041718 0.000805, 0.005441 0.041718 0.000805, 0.005441 0.042468 0.000805, 0.005441 0.037718 0.000803, 0.005441 0.038468 0.000803,
 0.005441 0.033718 0.000803, 0.005441 0.034468 0.000803, 0.005441 0.014467 0.000794, 0.005441 0.045717 0.000801, 0.005441 0.046467 0.000801,
 0.005442 0.009717 0.000799, 0.005442 0.010467 0.000799, 0.005442 0.042466 0.000789, 0.005442 0.017717 0.000796, 0.005442 0.018467 0.000796,
 0.005443 0.047011 -0.003505, 0.005444 0.021715 0.000785, 0.005444 0.022465 0.000785, 0.005444 0.022304 -0.000611, 0.005445 0.013708 0.000719,
 0.005445 0.046459 0.000726, 0.005445 0.018459 0.000732, 0.005445 0.000261 -0.003513, 0.005446 0.019011 -0.003500, 0.005446 0.045705 0.000697,
 0.005447 0.001553 -0.000625, 0.005449 0.022452 0.000669, 0.005450 0.026445 0.000607, 0.005451 0.017696 0.000612, 0.005451 0.046311 -0.000554,
 0.005451 0.005709 0.000732, 0.005451 0.006459 0.000732, 0.005453 0.018311 -0.000549, 0.005453 0.030438 0.000545, 0.005454 0.029563 -0.000540,
 0.005456 0.021683 0.000505, 0.005456 0.034431 0.000483, 0.005457 0.003738 0.003506, 0.005459 0.001702 0.000669, 0.005459 0.002452 0.000669,
 0.005459 0.010424 0.000426, 0.005460 0.006431 0.000489, 0.005460 0.016988 0.003501, 0.005460 0.038424 0.000421, 0.005460 0.031737 0.003501,
 0.005460 0.000264 -0.003487, 0.005461 0.025671 0.000397, 0.005461 0.042318 -0.000493, 0.005461 0.014319 -0.000488, 0.005462 0.002438 0.000551,
 0.005462 0.014417 0.000364, 0.005462 0.042417 0.000359, 0.005465 0.018410 0.000302, 0.005466 0.029659 0.000290, 0.005466 0.046409 0.000297,
 0.005468 0.022403 0.000240, 0.005469 0.025575 -0.000433, 0.005469 0.038325 -0.000432, 0.005470 0.001649 0.000206, 0.005471 0.033646 0.000183,
 0.005471 0.010326 -0.000427, 0.005471 0.026396 0.000178, 0.005472 0.002389 0.000122, 0.005473 0.005637 0.000098, 0.005475 0.006382 0.000060,
 0.005477 0.037634 0.000076, 0.005478 -0.000000 -0.003498, 0.005479 0.034332 -0.000370, 0.005479 0.010375 -0.000002, 0.005480 0.009624 -0.000008,
 0.005481 0.041622 -0.000030, 0.005482 0.002340 -0.000305, 0.005483 0.014368 -0.000063, 0.005483 0.043018 -0.003443, 0.005485 0.001578 -0.000411,
 0.005485 0.002328 -0.000411, 0.005485 0.018361 -0.000125, 0.005485 0.013612 -0.000115, 0.005486 0.006333 -0.000366, 0.005486 0.015019 -0.003438,
 0.005487 0.046360 -0.000130, 0.005487 0.022354 -0.000186, 0.005487 0.045610 -0.000137, 0.005487 0.021588 -0.000328, 0.005488 0.030340 -0.000309,
 0.005489 0.005585 -0.000349, 0.005489 0.006335 -0.000349, 0.005490 0.017600 -0.000221, 0.005492 0.021591 -0.000297, 0.005492 0.022341 -0.000297,
 0.005492 0.026347 -0.000248, 0.005493 0.007731 0.003442, 0.005493 0.017592 -0.000286, 0.005493 0.018342 -0.000286, 0.005493 0.009593 -0.000283,
 0.005493 0.010343 -0.000283, 0.005493 0.033593 -0.000279, 0.005493 0.034343 -0.000279, 0.005493 0.041593 -0.000277, 0.005493 0.042343 -0.000277,
 0.005493 0.029593 -0.000277, 0.005493 0.030343 -0.000277, 0.005493 0.013594 -0.000276, 0.005493 0.014344 -0.000276, 0.005493 0.025594 -0.000268,
 0.005493 0.026344 -0.000268, 0.005493 0.037595 -0.000267, 0.005493 0.038345 -0.000267, 0.005494 0.045595 -0.000266, 0.005494 0.046345 -0.000266,
 0.005495 0.028270 -0.003425, 0.005496 0.035730 0.003437, 0.005521 0.020975 0.003391, 0.005523 0.039025 -0.003382, 0.005526 0.011026 -0.003377,
 0.005528 0.011724 0.003378, 0.005531 0.039723 0.003373, 0.005563 0.035032 -0.003321, 0.005564 0.024282 -0.003319, 0.005567 0.043716 0.003309,
 0.005583 0.024963 0.003281, 0.005597 0.048500 0.003231, 0.005602 0.031039 -0.003260, 0.005602 0.047709 0.003246, 0.005607 0.003708 0.003238,
 0.005607 0.004958 0.003238, 0.005607 0.007708 0.003238, 0.005607 0.008958 0.003238, 0.005607 0.011708 0.003238, 0.005607 0.012958 0.003238,
 0.005607 0.015708 0.003238, 0.005607 0.016958 0.003238, 0.005607 0.019708 0.003238, 0.005607 0.020958 0.003238, 0.005607 0.023708 0.003238,
 0.005607 0.024958 0.003238, 0.005607 0.027708 0.003238, 0.005607 0.028958 0.003238, 0.005607 0.031708 0.003238, 0.005607 0.032958 0.003238,
 0.005607 0.035708 0.003238, 0.005607 0.036958 0.003238, 0.005607 0.039708 0.003238, 0.005607 0.040958 0.003238, 0.005607 0.043708 0.003238,
 0.005607 0.044958 0.003238, 0.005607 0.047708 0.003238, 0.005615 0.048291 -0.003241, 0.005615 0.003041 -0.003241, 0.005615 0.004291 -0.003241,
 0.005615 0.007041 -0.003241, 0.005615 0.008291 -0.003241, 0.005615 0.011041 -0.003241, 0.005615 0.012291 -0.003241, 0.005615 0.015041 -0.003241,
 0.005615 0.016291 -0.003241, 0.005615 0.019041 -0.003241, 0.005615 0.020291 -0.003241, 0.005615 0.023041 -0.003241, 0.005615 0.024291 -0.003241,
 0.005615 0.027041 -0.003241, 0.005615 0.028291 -0.003241, 0.005615 0.031041 -0.003241, 0.005615 0.032291 -0.003241, 0.005615 0.035041 -0.003241,
 0.005615 0.036291 -0.003241, 0.005615 0.039041 -0.003241, 0.005615 0.040291 -0.003241, 0.005615 0.043041 -0.003241, 0.005615 0.044291 -0.003241,
 0.005615 0.047041 -0.003241, 0.005633 0.020295 -0.003213, 0.005642 0.027046 -0.003199, 0.005644 0.028951 0.003171, 0.005675 -0.020000 -0.011138,
 0.005675 -0.020000 0.011138, 0.005675 -0.019000 -0.011138, 0.005675 -0.019000 0.011138, 0.005679 0.000949 0.003162, 0.005682 0.023053 -0.003138,
 0.005687 0.048304 -0.003129, 0.005697 0.000944 0.003122, 0.005700 -0.000000 0.003124, 0.005701 0.016307 -0.003108, 0.005703 0.003689 0.003065,
 0.005706 0.032939 0.003061, 0.005706 0.031689 0.003060, 0.005710 0.000941 0.003093, 0.005718 0.047060 -0.003082, 0.005721 0.019060 -0.003077,
 0.005739 0.007682 0.003002, 0.005742 0.035681 0.002996, 0.005746 0.003065 -0.003039, 0.005746 0.004315 -0.003039, 0.005746 0.007065 -0.003039,
 0.005746 0.008315 -0.003039, 0.005746 0.011065 -0.003039, 0.005746 0.012315 -0.003039, 0.005746 0.015065 -0.003039, 0.005746 0.016315 -0.003039,
 0.005746 0.019065 -0.003039, 0.005746 0.020315 -0.003039, 0.005746 0.023065 -0.003039, 0.005746 0.024315 -0.003039, 0.005746 0.027065 -0.003039,
 0.005746 0.028315 -0.003039, 0.005746 0.031065 -0.003039, 0.005746 0.032315 -0.003039, 0.005746 0.035065 -0.003039, 0.005746 0.036315 -0.003039,
 0.005746 0.039065 -0.003039, 0.005746 0.040315 -0.003039, 0.005746 0.043065 -0.003039, 0.005746 0.044315 -0.003039, 0.005746 0.047065 -0.003039,
 0.005747 0.048315 -0.003036, 0.005753 0.044317 -0.003022, 0.005754 0.043067 -0.003019, 0.005755 0.004929 0.002973, 0.005757 0.015068 -0.003013,
 0.005763 0.012319 -0.002998, 0.005768 0.036926 0.002950, 0.005775 0.011675 0.002938, 0.005778 0.039674 0.002932, 0.005782 0.039074 -0.002952,
 0.005785 0.011075 -0.002946, 0.005802 0.040329 -0.002906, 0.005810 0.015668 0.002874, 0.005811 0.035081 -0.002884, 0.005812 0.008332 -0.002882,
 0.005813 0.007082 -0.002878, 0.005813 0.043667 0.002868, 0.005817 0.008917 0.002862, 0.005829 0.040914 0.002839, 0.005839 0.031089 -0.002816,
 0.005841 0.003089 -0.002811, 0.005846 0.019661 0.002810, 0.005849 0.047660 0.002804, 0.005850 0.036341 -0.002789, 0.005861 0.004344 -0.002764,
 0.005867 0.027096 -0.002749, 0.005879 0.012904 0.002752, 0.005882 0.023654 0.002746, 0.005883 0.000345 -0.002765, 0.005891 0.044902 0.002729,
 0.005895 0.023103 -0.002681, 0.005899 0.032354 -0.002671, 0.005903 0.048500 0.002721, 0.005918 0.027647 0.002682, 0.005921 0.047110 -0.002619,
 0.005923 0.000356 -0.002653, 0.005924 0.019110 -0.002613, 0.005935 0.003643 0.002651, 0.005935 0.004893 0.002651, 0.005935 0.007643 0.002651,
 0.005935 0.008893 0.002651, 0.005935 0.011643 0.002651, 0.005935 0.012893 0.002651, 0.005935 0.015643 0.002651, 0.005935 0.016893 0.002651,
 0.005935 0.019643 0.002651, 0.005935 0.020893 0.002651, 0.005935 0.023643 0.002651, 0.005935 0.024893 0.002651, 0.005935 0.027643 0.002651,
 0.005935 0.028893 0.002651, 0.005935 0.031643 0.002651, 0.005935 0.032893 0.002651, 0.005935 0.035643 0.002651, 0.005935 0.036893 0.002651,
 0.005935 0.039643 0.002651, 0.005935 0.040893 0.002651, 0.005935 0.043643 0.002651, 0.005935 0.044893 0.002651, 0.005935 0.047643 0.002651,
 0.005939 0.016892 0.002640, 0.005945 0.003640 0.002621, 0.005947 0.031639 0.002615, 0.005948 0.028366 -0.002554, 0.005950 0.043117 -0.002551,
 0.005952 0.015117 -0.002545, 0.005969 0.007633 0.002551, 0.005971 0.035632 0.002545, 0.005978 0.039124 -0.002483, 0.005980 0.020879 0.002520,
 0.005981 0.011125 -0.002477, 0.005993 0.011625 0.002481, 0.005995 0.039625 0.002476, 0.005998 0.024379 -0.002436, 0.006007 0.035131 -0.002414,
 0.006008 -0.020000 -0.007994, 0.006008 -0.020000 0.007994, 0.006008 -0.006500 -0.007994, 0.006008 -0.006500 0.007994, 0.006009 0.007132 -0.002409,
 0.006017 0.015618 0.002412, 0.006019 0.043618 0.002406, 0.006021 0.024867 0.002399, 0.006035 0.031139 -0.002346, 0.006038 0.003139 -0.002341,
 0.006041 0.019611 0.002342, 0.006043 0.047610 0.002336, 0.006047 0.020392 -0.002318, 0.006062 0.028854 0.002279, 0.006064 0.027146 -0.002278,
 0.006064 0.023604 0.002272, 0.006071 0.000399 -0.002246, 0.006086 0.048401 -0.002225, 0.006088 0.027596 0.002202, 0.006092 0.023153 -0.002210,
 0.006096 0.016404 -0.002200, 0.006096 -0.000000 -0.002255, 0.006104 0.032842 0.002158, 0.006110 0.003590 0.002138, 0.006112 0.000844 0.002188,
 0.006112 0.031589 0.002132, 0.006118 0.047160 -0.002148, 0.006121 0.019160 -0.002142, 0.006134 0.007582 0.002068, 0.006135 0.044414 -0.002107,
 0.006136 0.035582 0.002062, 0.006136 0.004832 0.002061, 0.006145 0.036829 0.002036, 0.006145 0.012417 -0.002083, 0.006146 0.048500 0.001997,
 0.006147 0.043167 -0.002079, 0.006149 0.015168 -0.002074, 0.006153 0.000834 0.002095, 0.006157 0.003575 0.002000, 0.006157 0.004825 0.002000,
 0.006157 0.007575 0.002000, 0.006157 0.008825 0.002000, 0.006157 0.011575 0.002000, 0.006157 0.012825 0.002000, 0.006157 0.015575 0.002000,
 0.006157 0.016825 0.002000, 0.006157 0.019575 0.002000, 0.006157 0.020825 0.002000, 0.006157 0.023575 0.002000, 0.006157 0.024825 0.002000,
 0.006157 0.027575 0.002000, 0.006157 0.028825 0.002000, 0.006157 0.031575 0.002000, 0.006157 0.032825 0.002000, 0.006157 0.035575 0.002000,
 0.006157 0.036825 0.002000, 0.006157 0.039575 0.002000, 0.006157 0.040825 0.002000, 0.006157 0.043575 0.002000, 0.006157 0.044825 0.002000,
 0.006157 0.047575 0.002000, 0.006158 0.011575 0.001998, 0.006160 0.039574 0.001992, 0.006175 0.039174 -0.002011, 0.006177 0.048425 -0.002007,
 0.006177 0.003175 -0.002007, 0.006177 0.004425 -0.002007, 0.006177 0.007175 -0.002007, 0.006177 0.008425 -0.002007, 0.006177 0.011175 -0.002007,
 0.006177 0.012425 -0.002007, 0.006177 0.015175 -0.002007, 0.006177 0.016425 -0.002007, 0.006177 0.019175 -0.002007, 0.006177 0.020425 -0.002007,
 0.006177 0.023175 -0.002007, 0.006177 0.024425 -0.002007, 0.006177 0.027175 -0.002007, 0.006177 0.028425 -0.002007, 0.006177 0.031175 -0.002007,
 0.006177 0.032425 -0.002007, 0.006177 0.035175 -0.002007, 0.006177 0.036425 -0.002007, 0.006177 0.039175 -0.002007, 0.006177 0.040425 -0.002007,
 0.006177 0.043175 -0.002007, 0.006177 0.044425 -0.002007, 0.006177 0.047175 -0.002007, 0.006178 0.011175 -0.002006, 0.006178 0.008819 0.001940,
 0.006182 0.015568 0.001928, 0.006184 0.043567 0.001922, 0.006184 0.040427 -0.001989, 0.006186 0.040816 0.001915, 0.006195 0.008429 -0.001965,
 0.006200 0.003181 -0.001952, 0.006200 0.004431 -0.001952, 0.006200 0.007181 -0.001952, 0.006200 0.008431 -0.001952, 0.006200 0.011181 -0.001952,
 0.006200 0.012431 -0.001952, 0.006200 0.015181 -0.001952, 0.006200 0.016431 -0.001952, 0.006200 0.019181 -0.001952, 0.006200 0.020431 -0.001952,
 0.006200 0.023181 -0.001952, 0.006200 0.024431 -0.001952, 0.006200 0.027181 -0.001952, 0.006200 0.028431 -0.001952, 0.006200 0.031181 -0.001952,
 0.006200 0.032431 -0.001952, 0.006200 0.035181 -0.001952, 0.006200 0.036431 -0.001952, 0.006200 0.039181 -0.001952, 0.006200 0.040431 -0.001952,
 0.006200 0.043181 -0.001952, 0.006200 0.044431 -0.001952, 0.006200 0.047181 -0.001952, 0.006201 0.048431 -0.001949, 0.006202 0.035181 -0.001943,
 0.006203 0.007182 -0.001937, 0.006206 0.019560 0.001858, 0.006208 0.047560 0.001852, 0.006218 0.031189 -0.001871, 0.006219 0.036439 -0.001867,
 0.006219 0.003189 -0.001865, 0.006219 0.012806 0.001819, 0.006224 0.004442 -0.001841, 0.006228 0.044804 0.001794, 0.006230 0.023553 0.001788,
 0.006231 -0.019000 -0.013644, 0.006231 -0.019000 0.013644, 0.006231 -0.003000 -0.013644, 0.006231 -0.003000 0.013644, 0.006233 0.000808 0.001842,
 0.006233 -0.000000 0.001842, 0.006233 0.027196 -0.001798, 0.006239 0.000806 0.001825, 0.006246 0.032452 -0.001742, 0.006249 0.023203 -0.001726,
 0.006254 0.027546 0.001718, 0.006261 0.016794 0.001698, 0.006263 0.000455 -0.001718, 0.006264 0.047210 -0.001660, 0.006265 0.019211 -0.001654,
 0.006273 0.028464 -0.001617, 0.006276 0.003539 0.001654, 0.006278 0.031538 0.001648, 0.006279 0.043217 -0.001587, 0.006281 0.015218 -0.001581,
 0.006285 0.000461 -0.001659, 0.006295 0.039225 -0.001515, 0.006296 0.011225 -0.001509, 0.006300 0.007532 0.001584, 0.006300 0.024477 -0.001491,
 0.006302 0.035531 0.001578, 0.006302 0.020781 0.001577, 0.006311 0.035232 -0.001443, 0.006312 0.007233 -0.001437, 0.006315 0.003527 0.001538,
 0.006315 0.004777 0.001538, 0.006315 0.007527 0.001538, 0.006315 0.008777 0.001538, 0.006315 0.011527 0.001538, 0.006315 0.012777 0.001538,
 0.006315 0.015527 0.001538, 0.006315 0.016777 0.001538, 0.006315 0.019527 0.001538, 0.006315 0.020777 0.001538, 0.006315 0.023527 0.001538,
 0.006315 0.024777 0.001538, 0.006315 0.027527 0.001538, 0.006315 0.028777 0.001538, 0.006315 0.031527 0.001538, 0.006315 0.032777 0.001538,
 0.006315 0.035527 0.001538, 0.006315 0.036777 0.001538, 0.006315 0.039527 0.001538, 0.006315 0.040777 0.001538, 0.006315 0.043527 0.001538,
 0.006315 0.044777 0.001538, 0.006315 0.047527 0.001538, 0.006319 0.011524 0.001513, 0.006320 0.039524 0.001507, 0.006327 0.031239 -0.001370,
 0.006327 0.020490 -0.001366, 0.006328 0.003240 -0.001364, 0.006328 0.024768 0.001453, 0.006330 0.015517 0.001440, 0.006331 0.043517 0.001434,
 0.006341 0.019510 0.001367, 0.006342 0.047509 0.001361, 0.006342 0.027247 -0.001298, 0.006347 0.028756 0.001326, 0.006349 0.048500 0.001393,
 0.006352 0.023503 0.001294, 0.006355 0.016502 -0.001241, 0.006356 0.000746 0.001224, 0.006358 0.023254 -0.001226, 0.006363 0.027495 0.001220,
 0.006366 0.032743 0.001200, 0.006372 0.047261 -0.001159, 0.006373 0.003489 0.001153, 0.006374 0.031488 0.001147, 0.006374 0.019261 -0.001153,
 0.006374 0.048500 -0.001273, 0.006376 0.044513 -0.001142, 0.006381 0.004733 0.001099, 0.006382 0.012515 -0.001116, 0.006384 0.007481 0.001080,
 0.006385 0.035481 0.001074, 0.006385 0.036731 0.001073, 0.006388 0.043268 -0.001087, 0.006389 0.015269 -0.001081, 0.006395 0.011474 0.001007,
 0.006395 0.039473 0.001001, 0.006400 0.008721 0.000973, 0.006403 0.040525 -0.001017, 0.006403 0.040718 0.000947, 0.006404 0.039275 -0.001015,
 0.006405 0.011276 -0.001009, 0.006405 0.015467 0.000934, 0.006406 0.043466 0.000928, 0.006409 0.008528 -0.000991, 0.006412 0.000536 -0.000906,
 0.006416 0.019460 0.000861, 0.006417 0.047459 0.000855, 0.006418 0.012708 0.000847, 0.006420 0.035283 -0.000943, 0.006421 0.007283 -0.000937,
 0.006422 0.044706 0.000821, 0.006427 0.048500 0.000675, 0.006427 0.023452 0.000788, 0.006430 0.036538 -0.000893, 0.006433 0.048500 -0.000676,
 0.006435 0.031290 -0.000871, 0.006436 -0.000000 -0.000910, 0.006436 0.004540 -0.000867, 0.006436 0.003291 -0.000865, 0.006437 0.016696 0.000721,
 0.006438 0.027445 0.000715, 0.006440 0.000553 -0.000739, 0.006444 0.003441 0.000676, 0.006444 0.004691 0.000676, 0.006444 0.007441 0.000676,
 0.006444 0.008691 0.000676, 0.006444 0.011441 0.000676, 0.006444 0.012691 0.000676, 0.006444 0.015441 0.000676, 0.006444 0.016691 0.000676,
 0.006444 0.019441 0.000676, 0.006444 0.020691 0.000676, 0.006444 0.023441 0.000676, 0.006444 0.024691 0.000676, 0.006444 0.027441 0.000676,
 0.006444 0.028691 0.000676, 0.006444 0.031441 0.000676, 0.006444 0.032691 0.000676, 0.006444 0.035441 0.000676, 0.006444 0.036691 0.000676,
 0.006444 0.039441 0.000676, 0.006444 0.040691 0.000676, 0.006444 0.043441 0.000676, 0.006444 0.044691 0.000676, 0.006444 0.047441 0.000676,
 0.006448 0.003438 0.000649, 0.006449 0.031438 0.000642, 0.006451 0.003297 -0.000801, 0.006451 0.004547 -0.000801, 0.006451 0.007297 -0.000801,
 0.006451 0.008547 -0.000801, 0.006451 0.011297 -0.000801, 0.006451 0.012547 -0.000801, 0.006451 0.015297 -0.000801, 0.006451 0.016547 -0.000801,
 0.006451 0.019297 -0.000801, 0.006451 0.020547 -0.000801, 0.006451 0.023297 -0.000801, 0.006451 0.024547 -0.000801, 0.006451 0.027297 -0.000801,
 0.006451 0.028547 -0.000801, 0.006451 0.031297 -0.000801, 0.006451 0.032547 -0.000801, 0.006451 0.035297 -0.000801, 0.006451 0.036547 -0.000801,
 0.006451 0.039297 -0.000801, 0.006451 0.040547 -0.000801, 0.006451 0.043297 -0.000801, 0.006451 0.044547 -0.000801, 0.006451 0.047297 -0.000801,
 0.006451 0.027297 -0.000799, 0.006452 0.032550 -0.000768, 0.006453 0.023304 -0.000726, 0.006455 0.003309 -0.000679, 0.006455 0.004559 -0.000679,
 0.006455 0.007309 -0.000679, 0.006455 0.008559 -0.000679, 0.006455 0.011309 -0.000679, 0.006455 0.012559 -0.000679, 0.006455 0.015309 -0.000679,
 0.006455 0.016559 -0.000679, 0.006455 0.019309 -0.000679, 0.006455 0.020559 -0.000679, 0.006455 0.023309 -0.000679, 0.006455 0.024559 -0.000679,
 0.006455 0.027309 -0.000679, 0.006455 0.028559 -0.000679, 0.006455 0.031309 -0.000679, 0.006455 0.032559 -0.000679, 0.006455 0.035309 -0.000679,
 0.006455 0.036559 -0.000679, 0.006455 0.039309 -0.000679, 0.006455 0.040559 -0.000679, 0.006455 0.043309 -0.000679, 0.006455 0.044559 -0.000679,
 0.006455 0.047309 -0.000679, 0.006455 0.047311 -0.000658, 0.006455 0.019311 -0.000652, 0.006456 0.028563 -0.000641, 0.006456 0.020683 0.000595,
 0.006458 0.043318 -0.000585, 0.006458 0.015319 -0.000579, 0.006459 0.007431 0.000576, 0.006460 0.035431 0.000570, 0.006460 0.024575 -0.000514,
 0.006460 0.039325 -0.000512, 0.006460 0.011326 -0.000506, 0.006463 0.035332 -0.000438, 0.006463 0.007333 -0.000432, 0.006464 0.020587 -0.000387,
 0.006465 0.031339 -0.000365, 0.006465 0.003340 -0.000359, 0.006466 0.000689 0.000662, 0.006467 0.027346 -0.000292, 0.006468 0.000671 0.000477,
 0.006468 0.016600 -0.000260, 0.006470 0.011424 0.000503, 0.006470 0.023354 -0.000219, 0.006470 0.039423 0.000497, 0.006471 0.000649 0.000243,
 0.006472 0.044609 -0.000160, 0.006472 0.047360 -0.000152, 0.006472 0.019361 -0.000146, 0.006473 0.012612 -0.000134, 0.006475 0.024671 0.000469,
 0.006475 0.015368 -0.000073, 0.006476 0.040621 -0.000034, 0.006477 0.008624 -0.000008, 0.006477 0.011375 0.000000, 0.006480 0.007382 0.000073,
 0.006480 0.036634 0.000092, 0.006480 0.015417 0.000431, 0.006481 0.000577 -0.000502, 0.006481 0.004636 0.000118, 0.006481 0.043416 0.000425,
 0.006482 0.003389 0.000146, 0.006482 -0.000000 0.000477, 0.006484 0.027395 0.000213, 0.006484 0.032646 0.000218, 0.006487 0.023402 0.000286,
 0.006488 -0.000000 -0.010095, 0.006488 -0.000000 0.010095, 0.006489 0.028658 0.000344, 0.006489 0.047409 0.000352, 0.006489 0.019410 0.000359,
 0.006489 0.003411 0.000370, 0.006489 0.004661 0.000370, 0.006489 0.007411 0.000370, 0.006489 0.008661 0.000370, 0.006489 0.011411 0.000370,
 0.006489 0.012661 0.000370, 0.006489 0.015411 0.000370, 0.006489 0.016661 0.000370, 0.006489 0.019411 0.000370, 0.006489 0.020661 0.000370,
 0.006489 0.023411 0.000370, 0.006489 0.024661 0.000370, 0.006489 0.027411 0.000370, 0.006489 0.028661 0.000370, 0.006489 0.031411 0.000370,
 0.006489 0.032661 0.000370, 0.006489 0.035411 0.000370, 0.006489 0.036661 0.000370, 0.006489 0.039411 0.000370, 0.006489 0.040661 0.000370,
 0.006489 0.043411 0.000370, 0.006489 0.044661 0.000370, 0.006489 0.047411 0.000370, 0.006500 0.048500 0.000000, 0.007347 -0.020000 -0.010113,
 0.007347 -0.020000 0.010113, 0.007347 -0.019000 -0.010113, 0.007347 -0.019000 0.010113, 0.007858 -0.000000 -0.009069, 0.007858 -0.000000 0.009069,
 0.008110 -0.019000 -0.012619, 0.008110 -0.019000 0.012619, 0.008110 -0.003000 -0.012619, 0.008110 -0.003000 0.012619, 0.008839 -0.020000 -0.008839,
 0.008839 -0.020000 0.008839, 0.008839 -0.019000 -0.008839, 0.008839 -0.019000 0.008839, 0.009069 -0.000000 -0.007858, 0.009069 -0.000000 0.007858,
 0.009823 -0.019000 -0.011336, 0.009823 -0.019000 0.011336, 0.009823 -0.003000 -0.011336, 0.009823 -0.003000 0.011336, 0.009927 -0.020000 -0.001206,
 0.009927 -0.020000 0.001206, 0.009927 -0.006500 -0.001206, 0.009927 -0.006500 0.001206, 0.010000 -0.020000 0.000000, 0.010000 -0.006500 0.000000,
 0.010095 -0.000000 -0.006488, 0.010095 -0.000000 0.006488, 0.010113 -0.020000 -0.007347, 0.010113 -0.020000 0.007347, 0.010113 -0.019000 -0.007347,
 0.010113 -0.019000 0.007347, 0.010916 -0.000000 -0.004985, 0.010916 -0.000000 0.004985, 0.011138 -0.020000 -0.005675, 0.011138 -0.020000 0.005675,
 0.011138 -0.019000 -0.005675, 0.011138 -0.019000 0.005675, 0.011336 -0.019000 -0.009823, 0.011336 -0.019000 0.009823, 0.011336 -0.003000 -0.009823,
 0.011336 -0.003000 0.009823, 0.011514 -0.000000 -0.003381, 0.011514 -0.000000 0.003381, 0.011878 -0.000000 -0.001708, 0.011878 -0.000000 0.001708,
 0.011888 -0.020000 -0.003863, 0.011888 -0.020000 0.003863, 0.011888 -0.019000 -0.003863, 0.011888 -0.019000 0.003863, 0.012000 -0.000000 0.000000,
 0.012346 -0.020000 -0.001955, 0.012346 -0.020000 0.001955, 0.012346 -0.019000 -0.001955, 0.012346 -0.019000 0.001955, 0.012500 -0.020000 -0.000000,
 0.012500 -0.019000 -0.000000, 0.012619 -0.019000 -0.008110, 0.012619 -0.019000 0.008110, 0.012619 -0.003000 -0.008110, 0.012619 -0.003000 0.008110,
 0.013644 -0.019000 -0.006231, 0.013644 -0.019000 0.006231, 0.013644 -0.003000 -0.006231, 0.013644 -0.003000 0.006231, 0.014392 -0.019000 -0.004226,
 0.014392 -0.019000 0.004226, 0.014392 -0.003000 -0.004226, 0.014392 -0.003000 0.004226, 0.014847 -0.019000 -0.002135, 0.014847 -0.019000 0.002135,
 0.014847 -0.003000 -0.002135, 0.014847 -0.003000 0.002135, 0.015000 -0.019000 -0.000000, 0.015000 -0.003000 0.000000
]
}
normal Normal {
vector [
 -1.000000 0.000000 -0.000000, -0.999986 0.000000 -0.005347, -0.999984 0.000000 0.005603, -0.999984 0.000000 -0.005633, -0.999983 0.000000 0.005892,
 -0.999981 0.000000 -0.006167, -0.999979 0.000000 -0.006471, -0.999916 0.000000 0.012972, -0.999912 0.000000 0.013239, -0.999861 0.000000 -0.016658,
 -0.999858 0.000000 0.016861, -0.999858 0.000000 -0.016865, -0.999854 0.000000 0.017108, -0.999768 0.000000 0.021529, -0.999671 0.000000 -0.025655,
 -0.999665 0.000000 -0.025893, -0.999638 0.000000 -0.026912, -0.999631 0.000000 -0.027156, -0.999608 0.000000 -0.028000, -0.999605 0.000000 -0.028092,
 -0.999604 0.000000 0.028138, -0.999599 0.000000 0.028321, -0.999572 0.000000 0.029261, -0.999472 0.000000 0.032477, -0.999468 0.000000 0.032606,
 -0.999270 0.000000 -0.038208, -0.999264 0.000000 -0.038373, -0.999222 0.000000 0.039429, -0.999220 0.000000 0.039499, -0.999153 0.000000 -0.041158,
 -0.999148 0.000000 -0.041277, -0.998979 0.000000 -0.045179, -0.998974 0.000000 -0.045285, -0.998849 0.000000 0.047970, -0.998844 0.000000 0.048060,
 -0.998819 0.000000 -0.048594, -0.998816 0.000000 0.048655, -0.998803 0.000000 0.048907, -0.998779 0.000000 0.049399, -0.998773 0.000000 -0.049529,
 -0.998771 0.000000 -0.049572, -0.998760 0.000000 0.049785, -0.998756 0.000000 0.049873, -0.998754 0.000000 0.049896, -0.998754 0.000000 0.049898,
 -0.998730 0.000000 0.050388, -0.998726 0.000000 0.050456, -0.998716 0.000000 0.050657, -0.998713 0.000000 0.050728, -0.998651 0.000000 0.051932,
 -0.998646 0.000000 0.052014, -0.998603 0.000000 0.052840, -0.998539 0.000000 0.054041, -0.998511 0.000000 0.054552, -0.998380 0.000000 -0.056903,
 -0.998347 0.000000 0.057475, -0.998209 0.000000 -0.059818, -0.998205 0.000000 -0.059883, -0.998161 0.000000 -0.060623, -0.998156 0.000000 -0.060698,
 -0.998153 0.000000 -0.060750, -0.998148 0.000000 -0.060827, -0.998134 0.000000 0.061056, -0.998133 0.000000 0.061084, -0.998087 0.000000 0.061823,
 -0.998075 0.000000 0.062026, -0.997909 0.000000 -0.064627, -0.997900 0.000000 -0.064769, -0.997732 0.000000 0.067313, -0.997719 0.000000 0.067510,
 -0.997606 0.000000 0.069153, -0.997475 0.000000 -0.071015, -0.997462 0.000000 -0.071202, -0.997456 0.000000 0.071281, -0.997437 0.000000 0.071550,
 -0.997408 0.000000 -0.071950, -0.997395 0.000000 0.072140, -0.997393 0.000000 -0.072162, -0.997377 0.000000 0.072378, -0.997329 0.000000 0.073042,
 -0.997308 0.000000 0.073319, -0.996794 0.000000 -0.080013, -0.996773 0.000000 -0.080268, -0.996768 0.000000 0.080338, -0.996612 0.000000 -0.082245,
 -0.996590 0.000000 -0.082515, -0.996534 0.000000 -0.083182, -0.996520 0.000000 0.083351, -0.996510 0.000000 -0.083476, -0.996494 0.000000 0.083660,
 -0.996463 0.000000 -0.084037, -0.996442 0.000000 0.084281, -0.996438 0.000000 -0.084334, -0.996415 0.000000 0.084600, -0.996234 0.000000 0.086706,
 -0.996206 0.000000 0.087022, -0.995875 0.000000 0.090732, -0.995846 0.000000 0.091053, -0.995768 0.000000 -0.091904, -0.995619 0.000000 -0.093500,
 -0.995590 0.000000 -0.093809, -0.995531 0.000000 -0.094440, -0.995515 0.000000 0.094608, -0.995500 0.000000 -0.094758, -0.995485 0.000000 0.094923,
 -0.995425 0.000000 0.095549, -0.995395 0.000000 0.095861, -0.995039 0.000000 -0.099485, -0.995007 0.000000 -0.099805, -0.994627 0.000000 -0.103521,
 -0.994597 0.000000 -0.103812, -0.994536 0.000000 -0.104391, -0.994511 0.000000 0.104636, -0.994496 0.000000 -0.104775, -0.994462 0.000000 -0.105093,
 -0.994396 0.000000 -0.105716, -0.994378 0.000000 0.105886, -0.994373 0.000000 -0.105937, -0.994349 0.000000 0.106162, -0.994344 0.000000 0.106206,
 -0.994316 0.000000 0.106474, -0.994278 0.000000 0.106824, -0.993905 0.000000 0.110236, -0.993877 0.000000 0.110488, -0.993245 0.000000 -0.116036,
 -0.993242 0.000000 -0.116064, -0.993209 0.000000 -0.116348, -0.993110 0.000000 0.117186, -0.993088 0.000000 0.117369, -0.992894 0.000000 -0.119005,
 -0.992861 0.000000 -0.119274, -0.992703 0.000000 -0.120589, -0.992703 0.000000 0.120589, -0.992387 0.000000 0.123161, -0.992064 0.000000 0.125736,
 -0.992051 0.000000 0.125833, -0.991952 0.000000 -0.126617, -0.991858 0.000000 -0.127347, -0.991857 0.000000 -0.127358, -0.991843 0.000000 0.127464,
 -0.991831 0.000000 -0.127560, -0.991824 0.000000 0.127613, -0.991711 0.000000 0.128491, -0.991704 0.000000 0.128545, -0.990894 0.000000 0.134647,
 -0.990472 0.000000 -0.137712, -0.990457 0.000000 -0.137824, -0.990357 0.000000 -0.138540, -0.990342 0.000000 -0.138649, -0.990341 0.000000 -0.138653,
 -0.990325 0.000000 -0.138765, -0.990325 0.000000 0.138770, -0.990320 0.000000 0.138802, -0.990269 0.000000 -0.139164, -0.990189 0.000000 0.139735,
 -0.990180 0.000000 0.139797, -0.989849 0.000000 -0.142123, -0.989821 0.000000 -0.142315, -0.989821 0.000000 0.142315, -0.989775 0.000000 -0.142640,
 -0.989598 0.000000 -0.143857, -0.989404 0.000000 0.145190, -0.989389 0.000000 0.145290, -0.989254 0.000000 -0.146205, -0.989245 0.000000 -0.146271,
 -0.989234 0.000000 -0.146340, -0.989161 0.000000 -0.146836, -0.989157 0.000000 -0.146862, -0.989143 0.000000 -0.146959, -0.989086 0.000000 -0.147341,
 -0.988840 0.000000 -0.148978, -0.988837 0.000000 -0.149001, -0.988705 0.000000 -0.149872, -0.988695 0.000000 -0.149942, -0.988685 0.000000 0.150009,
 -0.988669 0.000000 0.150110, -0.988542 0.000000 0.150944, -0.988521 0.000000 0.151085, -0.987688 0.000000 -0.156434, -0.987688 0.000000 0.156434,
 -0.987452 0.000000 -0.157921, -0.987430 0.000000 -0.158055, -0.987098 0.000000 -0.160120, -0.987072 0.000000 -0.160277, -0.986952 0.000000 -0.161016,
 -0.986919 0.000000 -0.161217, -0.986917 0.000000 0.161228, -0.986887 0.000000 0.161410, -0.986764 0.000000 0.162163, -0.986730 0.000000 0.162369,
 -0.986362 0.000000 0.164591, -0.986326 0.000000 0.164806, -0.985221 0.000000 -0.171288, -0.985178 0.000000 -0.171534, -0.985063 0.000000 -0.172195,
 -0.985018 0.000000 0.172452, -0.985014 0.000000 -0.172472, -0.984976 0.000000 0.172694, -0.984854 0.000000 0.173388, -0.984810 0.000000 0.173634,
 -0.984169 0.000000 -0.177230, -0.984118 0.000000 -0.177517, -0.983213 0.000000 -0.182464, -0.983157 0.000000 -0.182765, -0.983031 0.000000 -0.183441,
 -0.982987 0.000000 0.183676, -0.982982 0.000000 -0.183701, -0.982941 0.000000 0.183919, -0.982926 0.000000 0.184003, -0.982878 0.000000 0.184258,
 -0.982767 0.000000 0.184850, -0.981282 0.000000 -0.192576, -0.981220 0.000000 -0.192890, -0.981072 0.000000 -0.193646, -0.981009 0.000000 -0.193964,
 -0.980825 0.000000 0.194892, -0.980777 0.000000 0.195131, -0.980489 0.000000 -0.196572, -0.980426 0.000000 -0.196890, -0.979922 0.000000 0.199383,
 -0.979883 0.000000 0.199573, -0.979098 0.000000 0.203391, -0.979053 0.000000 0.203605, -0.978991 0.000000 -0.203906, -0.978975 0.000000 -0.203982,
 -0.978797 0.000000 -0.204833, -0.978736 0.000000 -0.205124, -0.978728 0.000000 0.205160, -0.978697 0.000000 0.205309, -0.978532 0.000000 0.206093,
 -0.978490 0.000000 0.206295, -0.977290 0.000000 -0.211906, -0.977233 0.000000 -0.212170, -0.976599 0.000000 -0.215069, -0.976545 0.000000 -0.215314,
 -0.976412 0.000000 -0.215917, -0.976394 0.000000 -0.215996, -0.976362 0.000000 -0.216142, -0.976340 0.000000 -0.216239, -0.976317 0.000000 0.216343,
 -0.976282 0.000000 0.216501, -0.976111 0.000000 0.217274, -0.976080 0.000000 0.217410, -0.975786 0.000000 0.218729, -0.975753 0.000000 0.218874,
 -0.974882 0.000000 0.222722, -0.974859 0.000000 0.222822, -0.974075 0.000000 -0.226226, -0.974039 0.000000 -0.226382, -0.973854 0.000000 -0.227175,
 -0.973824 0.000000 -0.227302, -0.973778 0.000000 0.227498, -0.973757 0.000000 0.227590, -0.973561 0.000000 0.228427, -0.973548 0.000000 0.228482,
 -0.972906 0.000000 -0.231201, -0.972882 0.000000 -0.231303, -0.971942 0.000000 -0.235222, -0.971937 0.000000 -0.235241, -0.971608 0.000000 -0.236596,
 -0.971420 0.000000 -0.237368, -0.971414 0.000000 -0.237392, -0.971271 0.000000 0.237976, -0.971268 0.000000 0.237989, -0.971190 0.000000 -0.238308,
 -0.971184 0.000000 -0.238330, -0.971118 0.000000 0.238602, -0.971113 0.000000 0.238621, -0.970900 0.000000 0.239487, -0.970885 0.000000 0.239546,
 -0.970310 0.000000 0.241863, -0.970286 0.000000 0.241961, -0.970110 0.000000 0.242666, -0.970048 0.000000 0.242914, -0.969926 0.000000 0.243399,
 -0.969809 0.000000 0.243865, -0.969803 0.000000 0.243890, -0.969681 0.000000 0.244373, -0.969665 0.000000 0.244439, -0.969236 0.000000 0.246133,
 -0.969070 0.000000 0.246787, -0.968768 0.000000 0.247970, -0.968663 0.000000 -0.248379, -0.968639 0.000000 0.248472, -0.968638 0.000000 -0.248477,
 -0.968428 0.000000 -0.249295, -0.968378 0.000000 -0.249487, -0.968368 0.000000 0.249525, -0.968322 0.000000 0.249703, -0.968166 0.000000 -0.250310,
 -0.968135 0.000000 -0.250430, -0.968134 0.000000 0.250433, -0.968084 0.000000 0.250625, -0.967897 0.000000 0.251348, -0.967141 0.000000 -0.254241,
 -0.967080 0.000000 -0.254474, -0.966440 0.000000 0.256892, -0.966376 0.000000 0.257132, -0.965926 0.000000 -0.258819, -0.965926 0.000000 0.258819,
 -0.965780 0.000000 -0.259363, -0.965728 0.000000 -0.259556, -0.965533 0.000000 -0.260279, -0.965475 0.000000 0.260496, -0.965454 0.000000 -0.260573,
 -0.965409 0.000000 0.260739, -0.965382 0.000000 0.260840, -0.965319 0.000000 0.261075, -0.965226 0.000000 0.261418, -0.964845 0.000000 0.262819,
 -0.963056 0.000000 -0.269300, -0.962986 0.000000 -0.269550, -0.962765 0.000000 -0.270339, -0.962693 0.000000 -0.270596, -0.962458 0.000000 0.271430,
 -0.962376 0.000000 0.271722, -0.961792 0.000000 0.273781, -0.961205 0.000000 0.275834, -0.961122 0.000000 0.276123, -0.959801 0.000000 -0.280682,
 -0.959620 0.000000 -0.281300, -0.959542 0.000000 0.281565, -0.959534 0.000000 -0.281592, -0.959493 0.000000 -0.281733, -0.959493 0.000000 0.281733,
 -0.959491 0.000000 0.281738, -0.959306 0.000000 0.282367, -0.959224 0.000000 0.282647, -0.957556 0.000000 -0.288247, -0.957469 0.000000 -0.288536,
 -0.956623 0.000000 -0.291328, -0.956536 0.000000 -0.291615, -0.956345 0.000000 -0.292239, -0.956301 0.000000 0.292385, -0.956258 0.000000 -0.292524,
 -0.956234 0.000000 0.292604, -0.956023 0.000000 0.293291, -0.955957 0.000000 0.293507, -0.955582 0.000000 0.294725, -0.955519 0.000000 0.294931,
 -0.953865 0.000000 0.300234, -0.953231 0.000000 -0.302242, -0.953150 0.000000 -0.302499, -0.952943 0.000000 -0.303151, -0.952906 0.000000 0.303264,
 -0.952864 0.000000 -0.303399, -0.952863 0.000000 0.303402, -0.952612 0.000000 0.304187, -0.952576 0.000000 0.304301, -0.951672 0.000000 -0.307117,
 -0.951596 0.000000 -0.307350, -0.951076 0.000000 0.308956, -0.951075 0.000000 -0.308959, -0.951057 0.000000 -0.309017, -0.951057 0.000000 0.309017,
 -0.950902 0.000000 -0.309492, -0.949713 0.000000 -0.313122, -0.949648 0.000000 -0.313318, -0.949571 0.000000 0.313551, -0.949563 0.000000 0.313577,
 -0.949427 0.000000 -0.313989, -0.949414 0.000000 -0.314027, -0.949377 0.000000 0.314140, -0.949365 0.000000 0.314174, -0.949360 0.000000 -0.314189,
 -0.949072 0.000000 0.315059, -0.949068 0.000000 0.315072, -0.947332 0.000000 -0.320253, -0.946070 0.000000 -0.323961, -0.946033 0.000000 -0.324070,
 -0.945778 0.000000 -0.324815, -0.945761 0.000000 -0.324863, -0.945738 0.000000 0.324931, -0.945716 0.000000 0.324994, -0.945430 0.000000 0.325827,
 -0.945412 0.000000 -0.325876, -0.945405 0.000000 0.325899, -0.945388 0.000000 -0.325947, -0.943472 0.000000 -0.331452, -0.943220 0.000000 0.332168,
 -0.943182 0.000000 0.332278, -0.942484 0.000000 -0.334250, -0.942311 0.000000 -0.334739, -0.942310 0.000000 -0.334743, -0.942306 0.000000 -0.334754,
 -0.942058 0.000000 -0.335451, -0.941986 0.000000 -0.335651, -0.941982 0.000000 0.335664, -0.941942 0.000000 0.335775, -0.941902 0.000000 -0.335888,
 -0.941625 0.000000 0.336665, -0.941110 0.000000 -0.338101, -0.941086 0.000000 -0.338167, -0.941063 0.000000 -0.338231, -0.940894 0.000000 -0.338700,
 -0.940886 0.000000 -0.338724, -0.940853 0.000000 -0.338814, -0.940723 0.000000 -0.339176, -0.940233 0.000000 -0.340532, -0.940189 0.000000 -0.340654,
 -0.938836 0.000000 -0.344365, -0.938789 0.000000 -0.344493, -0.938475 0.000000 -0.345348, -0.938421 0.000000 -0.345493, -0.938098 0.000000 0.346369,
 -0.938037 0.000000 0.346534, -0.937918 0.000000 0.346856, -0.937888 0.000000 0.346938, -0.936496 0.000000 0.350678, -0.936430 0.000000 0.350855,
 -0.934964 0.000000 0.354744, -0.934851 0.000000 -0.355040, -0.934513 0.000000 -0.355929, -0.934429 0.000000 0.356150, -0.934420 0.000000 -0.356174,
 -0.934407 0.000000 0.356206, -0.934090 0.000000 0.357038, -0.934016 0.000000 0.357231, -0.933384 0.000000 -0.358880, -0.933286 0.000000 -0.359134,
 -0.931924 0.000000 -0.362654, -0.931815 0.000000 -0.362934, -0.930898 0.000000 0.365280, -0.930831 0.000000 0.365451, -0.930763 0.000000 -0.365624,
 -0.930652 0.000000 -0.365906, -0.930416 0.000000 -0.366506, -0.930307 0.000000 0.366782, -0.930304 0.000000 -0.366789, -0.930258 0.000000 0.366905,
 -0.929958 0.000000 0.367666, -0.929878 0.000000 0.367868, -0.929399 0.000000 0.369075, -0.929321 0.000000 0.369273, -0.926553 0.000000 -0.376164,
 -0.926434 0.000000 -0.376457, -0.926196 0.000000 -0.377043, -0.926163 0.000000 -0.377122, -0.926078 0.000000 -0.377333, -0.926064 0.000000 0.377365,
 -0.926044 0.000000 -0.377415, -0.925995 0.000000 0.377535, -0.925705 0.000000 0.378246, -0.925629 0.000000 0.378431, -0.924619 0.000000 -0.380893,
 -0.924505 0.000000 -0.381169, -0.923514 0.000000 0.383564, -0.923445 0.000000 0.383731, -0.922219 0.000000 -0.386667, -0.922109 0.000000 -0.386931,
 -0.921943 0.000000 0.387327, -0.921874 0.000000 0.387489, -0.921846 0.000000 -0.387556, -0.921743 0.000000 -0.387801, -0.921703 0.000000 0.387896,
 -0.921637 0.000000 0.388052, -0.921334 0.000000 0.388771, -0.921268 0.000000 0.388928, -0.918571 0.000000 -0.395256, -0.918481 0.000000 -0.395466,
 -0.917764 0.000000 -0.397127, -0.917679 0.000000 -0.397324, -0.917357 0.000000 -0.398067, -0.917305 0.000000 -0.398186, -0.917226 0.000000 0.398367,
 -0.917177 0.000000 0.398480, -0.916925 0.000000 -0.399060, -0.916877 0.000000 -0.399169, -0.916848 0.000000 0.399237, -0.916801 0.000000 0.399344,
 -0.915781 0.000000 0.401677, -0.915740 0.000000 0.401772, -0.914139 0.000000 0.405401, -0.914102 0.000000 0.405484, -0.913187 0.000000 -0.407540,
 -0.913148 0.000000 -0.407629, -0.913056 0.000000 -0.407834, -0.912765 0.000000 -0.408485, -0.912743 0.000000 -0.408534, -0.912637 0.000000 0.408772,
 -0.912610 0.000000 0.408832, -0.912222 0.000000 0.409696, -0.910620 0.000000 -0.413245, -0.910609 0.000000 -0.413270, -0.909632 0.000000 -0.415415,
 -0.909632 0.000000 0.415415, -0.908504 0.000000 -0.417876, -0.908492 0.000000 -0.417901, -0.907949 0.000000 0.419080, -0.907937 0.000000 0.419106,
 -0.907722 0.000000 0.419573, -0.907714 0.000000 0.419589, -0.907516 0.000000 -0.420018, -0.904081 0.000000 -0.427362, -0.903737 0.000000 -0.428087,
 -0.903679 0.000000 -0.428211, -0.903537 0.000000 0.428511, -0.903521 0.000000 0.428543, -0.903359 0.000000 0.428885, -0.903251 0.000000 0.429112,
 -0.903191 0.000000 0.429238, -0.903132 0.000000 0.429363, -0.903040 0.000000 0.429556, -0.902837 0.000000 0.429982, -0.902826 0.000000 0.430005,
 -0.902616 0.000000 0.430447, -0.902587 0.000000 0.430508, -0.902383 0.000000 -0.430935, -0.902320 0.000000 -0.431066, -0.901560 0.000000 0.432655,
 -0.901040 0.000000 0.433736, -0.900819 0.000000 0.434195, -0.899549 0.000000 0.436821, -0.899421 0.000000 0.437084, -0.899330 0.000000 0.437270,
 -0.899262 0.000000 -0.437410, -0.899178 0.000000 -0.437583, -0.898850 0.000000 -0.438256, -0.898766 0.000000 -0.438429, -0.898664 0.000000 0.438637,
 -0.898637 0.000000 0.438693, -0.898326 0.000000 0.439329, -0.898224 0.000000 0.439538, -0.894400 0.000000 0.447268, -0.894266 0.000000 -0.447536,
 -0.894159 0.000000 -0.447749, -0.893844 0.000000 -0.448378, -0.893798 0.000000 -0.448469, -0.893737 0.000000 0.448591, -0.893729 0.000000 -0.448608,
 -0.893689 0.000000 -0.448687, -0.893638 0.000000 0.448788, -0.893332 0.000000 0.449397, -0.893217 0.000000 0.449625, -0.891007 0.000000 -0.453990,
 -0.891007 0.000000 0.453990, -0.890763 0.000000 0.454468, -0.890648 0.000000 0.454693, -0.889358 0.000000 0.457211, -0.889154 0.000000 -0.457608,
 -0.889034 0.000000 -0.457842, -0.888794 0.000000 0.458307, -0.888723 0.000000 -0.458445, -0.888650 0.000000 0.458586, -0.888593 0.000000 -0.458696,
 -0.888545 0.000000 0.458790, -0.888223 0.000000 0.459412, -0.888116 0.000000 0.459620, -0.884867 0.000000 -0.465843, -0.884743 0.000000 -0.466079,
 -0.883995 0.000000 0.467496, -0.883929 0.000000 -0.467621, -0.883808 0.000000 -0.467849, -0.883488 0.000000 -0.468453, -0.883437 0.000000 0.468551,
 -0.883366 0.000000 -0.468685, -0.883359 0.000000 0.468697, -0.882996 0.000000 0.469380, -0.882922 0.000000 0.469519, -0.881749 0.000000 0.471719,
 -0.881684 0.000000 0.471839, -0.878594 0.000000 -0.477570, -0.878484 0.000000 -0.477772, -0.878144 0.000000 -0.478396, -0.878107 0.000000 0.478464,
 -0.878080 0.000000 -0.478515, -0.878065 0.000000 0.478540, -0.877659 0.000000 0.479285, -0.877549 0.000000 -0.479487, -0.877443 0.000000 -0.479680,
 -0.875606 0.000000 -0.483026, -0.875507 0.000000 -0.483205, -0.874375 0.000000 0.485251, -0.874343 0.000000 0.485309, -0.872662 0.000000 0.488325,
 -0.872655 0.000000 0.488336, -0.872462 0.000000 -0.488682, -0.872397 0.000000 0.488799, -0.872391 0.000000 0.488808, -0.868037 0.000000 -0.496499,
 -0.868031 0.000000 -0.496509, -0.867986 0.000000 -0.496588, -0.867132 0.000000 0.498079, -0.867109 0.000000 0.498119, -0.866946 0.000000 -0.498401,
 -0.866095 0.000000 0.499880, -0.866032 0.000000 -0.499989, -0.866025 0.000000 -0.500000, -0.866025 0.000000 0.500000, -0.866007 0.000000 -0.500032,
 -0.865998 0.000000 -0.500047, -0.864779 0.000000 0.502153, -0.864762 0.000000 0.502182, -0.862756 0.000000 0.505621, -0.862715 0.000000 0.505691,
 -0.862434 0.000000 -0.506170, -0.862433 0.000000 -0.506171, -0.861492 0.000000 0.507772, -0.861443 0.000000 0.507854, -0.861062 0.000000 -0.508501,
 -0.859566 0.000000 -0.511024, -0.859304 0.000000 -0.511465, -0.858686 0.000000 -0.512502, -0.858255 0.000000 -0.513224, -0.858212 0.000000 -0.513296,
 -0.857492 0.000000 -0.514498, -0.857456 0.000000 -0.514557, -0.857421 0.000000 -0.514615, -0.857167 0.000000 -0.515038, -0.857154 0.000000 -0.515060,
 -0.857105 0.000000 -0.515141, -0.856909 0.000000 -0.515468, -0.856744 0.000000 -0.515742, -0.856682 0.000000 -0.515845, -0.856237 0.000000 -0.516582,
 -0.856137 0.000000 -0.516750, -0.855726 0.000000 0.517428, -0.855664 0.000000 0.517531, -0.854855 0.000000 0.518867, -0.854800 0.000000 0.518958,
 -0.854151 0.000000 -0.520024, -0.852755 0.000000 0.522311, -0.852682 0.000000 0.522430, -0.850942 0.000000 -0.525259, -0.850819 0.000000 -0.525458,
 -0.850472 0.000000 -0.526020, -0.850334 0.000000 0.526243, -0.850326 0.000000 -0.526257, -0.850270 0.000000 0.526346, -0.849838 0.000000 0.527043,
 -0.849764 0.000000 0.527164, -0.848196 0.000000 -0.529682, -0.848054 0.000000 -0.529910, -0.846086 0.000000 -0.533046, -0.845912 0.000000 -0.533322,
 -0.845006 0.000000 -0.534757, -0.844850 0.000000 -0.535003, -0.844564 0.000000 0.535454, -0.844522 0.000000 -0.535521, -0.844484 0.000000 0.535581,
 -0.844347 0.000000 -0.535796, -0.844336 0.000000 0.535815, -0.844255 0.000000 0.535941, -0.843830 0.000000 0.536610, -0.843748 0.000000 0.536739,
 -0.842390 0.000000 0.538868, -0.842321 0.000000 0.538976, -0.841254 0.000000 -0.540641, -0.841254 0.000000 0.540641, -0.838943 0.000000 -0.544220,
 -0.838777 0.000000 -0.544475, -0.838410 0.000000 -0.545039, -0.838266 0.000000 -0.545262, -0.838219 0.000000 0.545333, -0.838147 0.000000 0.545444,
 -0.837746 0.000000 -0.546060, -0.837635 0.000000 0.546230, -0.837581 0.000000 -0.546313, -0.833921 0.000000 0.551883, -0.833853 0.000000 0.551987,
 -0.832752 0.000000 -0.553646, -0.832604 0.000000 -0.553869, -0.831989 0.000000 0.554793, -0.831920 0.000000 0.554895, -0.830916 0.000000 -0.556397,
 -0.830916 0.000000 0.556397, -0.826962 0.000000 -0.562258, -0.826919 0.000000 -0.562321, -0.826812 0.000000 -0.562478, -0.826433 0.000000 -0.563035,
 -0.826335 0.000000 -0.563179, -0.826179 0.000000 0.563408, -0.825729 0.000000 -0.564067, -0.825646 0.000000 0.564188, -0.825594 0.000000 0.564264,
 -0.822942 0.000000 0.568125, -0.822899 0.000000 0.568187, -0.820540 0.000000 -0.571589, -0.820497 0.000000 -0.571651, -0.820001 0.000000 -0.572362,
 -0.819961 0.000000 -0.572420, -0.819738 0.000000 0.572739, -0.819706 0.000000 0.572785, -0.819196 0.000000 0.573514, -0.819170 0.000000 0.573551,
 -0.815726 0.000000 -0.578439, -0.815724 0.000000 -0.578441, -0.814006 0.000000 -0.580856, -0.813996 0.000000 -0.580871, -0.813459 0.000000 -0.581622,
 -0.813434 0.000000 -0.581658, -0.813192 0.000000 0.581996, -0.813179 0.000000 0.582014, -0.812646 0.000000 0.582758, -0.812641 0.000000 0.582764,
 -0.811656 0.000000 0.584135, -0.811644 0.000000 0.584152, -0.809017 0.000000 -0.587785, -0.809017 0.000000 0.587785, -0.807390 0.000000 -0.590019,
 -0.807332 0.000000 -0.590098, -0.806832 0.000000 -0.590780, -0.806751 0.000000 -0.590891, -0.806573 0.000000 0.591135, -0.806545 0.000000 0.591173,
 -0.806034 0.000000 0.591869, -0.805986 0.000000 0.591934, -0.804259 0.000000 -0.594279, -0.804177 0.000000 -0.594390, -0.803167 0.000000 0.595754,
 -0.803016 0.000000 0.595957, -0.802723 0.000000 0.596353, -0.802444 0.000000 0.596727, -0.802425 0.000000 0.596753, -0.802137 0.000000 0.597140,
 -0.802097 0.000000 0.597194, -0.800676 0.000000 0.599098, -0.800650 0.000000 -0.599132, -0.800559 0.000000 -0.599254, -0.800144 0.000000 0.599807,
 -0.800083 0.000000 -0.599889, -0.800049 0.000000 0.599935, -0.799957 0.000000 0.600057, -0.799937 0.000000 -0.600084, -0.799896 0.000000 0.600138,
 -0.799802 0.000000 0.600264, -0.799651 0.000000 0.600464, -0.799336 0.000000 0.600884, -0.799235 0.000000 0.601019, -0.797869 0.000000 0.602831,
 -0.794908 0.000000 -0.606730, -0.794782 0.000000 -0.606895, -0.793791 0.000000 -0.608190, -0.793675 0.000000 -0.608342, -0.793214 0.000000 -0.608943,
 -0.793066 0.000000 0.609136, -0.793035 0.000000 -0.609176, -0.792966 0.000000 0.609266, -0.792485 0.000000 0.609891, -0.792431 0.000000 -0.609961,
 -0.792313 0.000000 -0.610114, -0.790745 0.000000 0.612146, -0.790685 0.000000 0.612223, -0.790655 0.000000 0.612262, -0.788280 0.000000 0.615316,
 -0.788176 0.000000 0.615449, -0.786815 0.000000 -0.617188, -0.786686 0.000000 -0.617354, -0.786367 0.000000 0.617760, -0.786137 0.000000 0.618052,
 -0.786042 0.000000 0.618173, -0.782804 0.000000 -0.622269, -0.782672 0.000000 -0.622435, -0.780257 0.000000 -0.625459, -0.780184 0.000000 -0.625549,
 -0.780120 0.000000 -0.625630, -0.779727 0.000000 -0.626120, -0.779605 0.000000 0.626271, -0.779592 0.000000 -0.626287, -0.779080 0.000000 0.626924,
 -0.779014 0.000000 0.627006, -0.778613 0.000000 0.627504, -0.778555 0.000000 0.627576, -0.776057 0.000000 0.630663, -0.776007 0.000000 0.630724,
 -0.773133 0.000000 -0.634244, -0.773013 0.000000 -0.634390, -0.772528 0.000000 -0.634980, -0.772496 0.000000 0.635020, -0.772464 0.000000 0.635058,
 -0.772411 0.000000 -0.635123, -0.771898 0.000000 0.635746, -0.771863 0.000000 0.635789, -0.770367 0.000000 -0.637600, -0.770256 0.000000 -0.637735,
 -0.767755 0.000000 -0.640744, -0.767655 0.000000 -0.640864, -0.766104 0.000000 0.642716, -0.766098 0.000000 0.642723, -0.765838 0.000000 -0.643034,
 -0.765743 0.000000 -0.643147, -0.765225 0.000000 0.643763, -0.765225 0.000000 -0.643763, -0.765203 0.000000 0.643789, -0.765135 0.000000 -0.643870,
 -0.764597 0.000000 0.644508, -0.764592 0.000000 0.644514, -0.763480 0.000000 0.645831, -0.763477 0.000000 0.645835, -0.760581 0.000000 -0.649243,
 -0.758441 0.000000 -0.651742, -0.758384 0.000000 -0.651808, -0.757825 0.000000 0.652457, -0.757820 0.000000 -0.652464, -0.757809 0.000000 0.652477,
 -0.757784 0.000000 -0.652505, -0.757620 0.000000 -0.652696, -0.757568 0.000000 -0.652756, -0.757205 0.000000 0.653177, -0.757188 0.000000 0.653197,
 -0.755750 0.000000 -0.654861, -0.755750 0.000000 0.654861, -0.754988 0.000000 -0.655738, -0.754945 0.000000 -0.655788, -0.753291 0.000000 0.657687,
 -0.753267 0.000000 0.657715, -0.753091 0.000000 -0.657917, -0.750947 0.000000 -0.660362, -0.750940 0.000000 -0.660370, -0.750599 0.000000 0.660758,
 -0.750567 0.000000 0.660794, -0.750417 0.000000 -0.660965, -0.750335 0.000000 0.661058, -0.750318 0.000000 -0.661077, -0.750303 0.000000 0.661094,
 -0.749705 0.000000 0.661772, -0.749670 0.000000 0.661812, -0.745139 0.000000 -0.666909, -0.744630 0.000000 -0.667478, -0.744582 0.000000 -0.667531,
 -0.743420 0.000000 -0.668825, -0.743360 0.000000 -0.668891, -0.743205 0.000000 0.669064, -0.743129 0.000000 -0.669148, -0.743052 0.000000 -0.669233,
 -0.742924 0.000000 -0.669376, -0.742777 0.000000 -0.669539, -0.742734 0.000000 0.669586, -0.742724 0.000000 -0.669598, -0.742689 0.000000 0.669636,
 -0.742055 0.000000 -0.670339, -0.742051 0.000000 0.670343, -0.741947 0.000000 -0.670458, -0.740346 0.000000 -0.672226, -0.740298 0.000000 -0.672279,
 -0.740251 0.000000 -0.672330, -0.740153 0.000000 0.672439, -0.740105 0.000000 0.672492, -0.739911 0.000000 -0.672705, -0.739893 0.000000 -0.672724,
 -0.739828 0.000000 -0.672796, -0.739565 0.000000 -0.673085, -0.735819 0.000000 -0.677178, -0.735685 0.000000 -0.677323, -0.735029 0.000000 0.678036,
 -0.734973 0.000000 0.678096, -0.731436 0.000000 -0.681910, -0.731279 0.000000 -0.682078, -0.728766 0.000000 -0.684763, -0.728113 0.000000 -0.685457,
 -0.727927 0.000000 -0.685654, -0.727877 0.000000 0.685708, -0.727222 0.000000 0.686402, -0.727164 0.000000 0.686464, -0.726704 0.000000 0.686951,
 -0.726644 0.000000 0.687014, -0.720924 0.000000 -0.693014, -0.720747 0.000000 -0.693198, -0.720258 0.000000 -0.693706, -0.720091 0.000000 -0.693880,
 -0.719982 0.000000 0.693993, -0.719980 0.000000 0.693995, -0.719319 0.000000 0.694679, -0.719259 0.000000 0.694742, -0.717903 0.000000 -0.696143,
 -0.717736 0.000000 -0.696315, -0.712981 0.000000 -0.701183, -0.712967 0.000000 0.701198, -0.712912 0.000000 0.701254, -0.712844 0.000000 -0.701323,
 -0.712327 0.000000 -0.701848, -0.712182 0.000000 -0.701995, -0.711995 0.000000 0.702185, -0.711955 0.000000 0.702225, -0.711325 0.000000 0.702864,
 -0.711274 0.000000 0.702915, -0.709795 0.000000 -0.704408, -0.709458 -0.704745 0.001593, -0.709456 0.704744 -0.002850, -0.709430 -0.704753 -0.005652,
 -0.709424 -0.704753 -0.006310, -0.709414 0.704739 -0.008641, -0.709412 -0.704739 0.008853, -0.709406 0.704755 0.007990, -0.709404 -0.704738 0.009514,
 -0.709365 0.704758 0.010813, -0.709315 -0.704761 -0.013539, -0.709302 -0.704762 -0.014196, -0.709280 0.704732 -0.016562, -0.709275 -0.704732 0.016787,
 -0.709271 0.704732 -0.016974, -0.709260 -0.704731 0.017450, -0.709220 0.704730 -0.019064, -0.709210 0.704729 -0.019430, -0.709187 0.704729 -0.020290,
 -0.709138 0.704728 -0.021950, -0.709137 0.704727 -0.021997, -0.709136 0.704727 -0.022045, -0.709125 0.704727 -0.022397, -0.709124 0.704727 -0.022415,
 -0.709122 0.704727 -0.022484, -0.709114 0.704727 -0.022754, -0.709112 -0.704770 -0.021406, -0.709106 0.704771 0.021608, -0.709092 -0.704771 -0.022061,
 -0.709049 -0.704725 0.024736, -0.709026 -0.704725 0.025399, -0.709018 -0.705190 0.000451, -0.709016 -0.704774 -0.024280, -0.709015 -0.705189 0.002287,
 -0.709011 0.704774 0.024418, -0.708836 0.704721 -0.030317, -0.708822 -0.704780 -0.029252, -0.708794 -0.704781 -0.029905, -0.708785 0.705423 -0.001655,
 -0.708784 -0.705425 -0.001077, -0.708782 -0.705426 -0.001735, -0.708779 0.705415 -0.004773, -0.708775 0.705421 -0.004483, -0.708774 -0.705418 0.005061,
 -0.708763 -0.705419 0.006166, -0.708732 -0.704720 0.032697, -0.708721 -0.705432 -0.008963, -0.708718 0.705432 0.009166, -0.708712 -0.705432 -0.009620,
 -0.708702 -0.704719 0.033362, -0.708697 -0.704784 -0.032060, -0.708674 0.705434 0.011983, -0.708656 -0.705414 0.014082, -0.708631 0.705413 -0.015340,
 -0.708571 -0.705439 -0.016831, -0.708565 -0.705411 0.018189, -0.708555 -0.705439 -0.017486, -0.708546 0.704788 0.035163, -0.708479 -0.705409 0.021351,
 -0.708459 -0.705408 0.022012, -0.708446 -0.704790 -0.037076, -0.708411 -0.704791 -0.037727, -0.708400 0.705444 0.022761, -0.708398 0.704792 0.037959,
 -0.708334 -0.705446 -0.024680, -0.708324 -0.704715 0.040669, -0.708310 -0.705447 -0.025333, -0.708302 0.705447 0.025566, -0.708286 -0.704714 0.041335,
 -0.708274 -0.704795 -0.040161, -0.708209 0.705404 -0.029067, -0.708200 -0.705404 0.029292, -0.708200 0.705449 0.028174, -0.708173 -0.705403 0.029955,
 -0.708153 -0.704797 -0.042185, -0.708132 -0.704798 -0.042539, -0.708121 0.704713 -0.044105, -0.708080 -0.704799 -0.043371, -0.708010 -0.705454 -0.032508,
 -0.707984 -0.704801 -0.044875, -0.707979 -0.705454 -0.033160, -0.707975 -0.704801 -0.045020, -0.707972 -0.704801 -0.045066, -0.707950 -0.704802 -0.045406,
 -0.707948 -0.704802 -0.045423, -0.707942 -0.704802 -0.045525, -0.707927 -0.704802 -0.045750, -0.707904 -0.704803 -0.046091, -0.707893 -0.704803 -0.046265,
 -0.707831 -0.705399 0.037244, -0.707825 -0.704710 0.048651, -0.707822 0.705458 0.036294, -0.707796 -0.705399 0.037908, -0.707780 -0.704710 0.049317,
 -0.707729 0.704807 0.048647, -0.707671 0.705461 0.039086, -0.707600 -0.705462 -0.040314, -0.707529 0.704811 0.051428, -0.707518 0.705396 -0.042825,
 -0.707437 -0.704813 -0.052650, -0.707371 -0.705395 0.045206, -0.707359 0.704707 -0.055060, -0.707329 -0.705395 0.045870, -0.707235 -0.704706 0.056641,
 -0.707132 0.704706 -0.057921, -0.707107 0.000000 -0.707107, -0.707107 0.000000 0.707107, -0.707107 0.707107 0.000000, -0.707107 0.707107 0.000002,
 -0.707106 -0.705470 -0.048096, -0.707105 0.707107 -0.001408, -0.707051 -0.705232 -0.052222, -0.706989 0.705472 0.049760, -0.706862 -0.704823 -0.059753,
 -0.706820 -0.705392 0.053175, -0.706807 0.707107 0.020602, -0.706806 -0.704824 -0.060398, -0.706770 -0.705391 0.053840, -0.706697 -0.705170 0.057569,
 -0.706660 0.704827 0.062054, -0.706613 -0.704703 0.063970, -0.706555 0.705390 -0.056609, -0.706552 -0.704703 0.064637, -0.706526 -0.705479 -0.055854,
 -0.706275 0.707107 -0.034290, -0.706178 -0.705388 0.061150, -0.706152 0.704701 -0.068891, -0.706091 -0.704837 -0.068118, -0.705903 0.705488 0.063150,
 -0.705867 0.704701 -0.071754, -0.705863 -0.705489 -0.063585, -0.705845 -0.704700 0.071970, -0.705777 -0.704700 0.072638, -0.705597 0.705386 -0.067552,
 -0.705445 -0.705386 0.069131, -0.705341 0.704849 0.075377, -0.705319 0.705385 -0.070409, -0.705294 -0.704850 -0.075809, -0.705253 -0.705253 -0.072362,
 -0.705106 -0.705489 -0.071490, -0.705105 -0.705251 -0.073806, -0.704985 -0.704698 0.079974, -0.704976 -0.705169 0.075799, -0.704940 0.000000 -0.709267,
 -0.704909 -0.704698 0.080642, -0.704826 0.000000 -0.709380, -0.704691 -0.705383 0.076448, -0.704668 0.704698 -0.082733, -0.704642 -0.705169 0.078850,
 -0.704619 -0.705383 0.077114, -0.704538 0.705483 0.076944, -0.704400 -0.704850 -0.083706, -0.704326 0.704697 -0.085597, -0.704263 0.000000 -0.709939,
 -0.704247 -0.705480 -0.079591, -0.704152 0.000000 -0.710050, -0.704143 0.705382 -0.081360, -0.704042 0.000000 -0.710158, -0.704033 -0.704697 0.087980,
 -0.703949 -0.704697 0.088647, -0.703923 0.000000 -0.710276, -0.703920 0.000000 0.710279, -0.703889 0.000000 0.710310, -0.703807 0.705381 -0.084217,
 -0.703781 -0.705381 0.084433, -0.703737 0.704841 0.089179, -0.703701 -0.705381 0.085099, -0.703652 -0.704697 0.090976, -0.703629 -0.704697 0.091155,
 -0.703583 -0.704696 0.091506, -0.703539 -0.704696 0.091844, -0.703537 -0.704696 0.091862, -0.703491 -0.704696 0.092212, -0.703485 -0.704696 0.092260,
 -0.703400 -0.704837 -0.091834, -0.703377 -0.705471 -0.087010, -0.703294 -0.705471 -0.087685, -0.703260 -0.704696 0.093961, -0.703243 0.000000 0.710950,
 -0.703243 0.707107 0.073821, -0.703203 0.000000 0.710989, -0.703145 -0.704696 0.094818, -0.703096 -0.704696 0.095182, -0.703047 0.707107 0.075662,
 -0.702987 -0.704696 0.095985, -0.702905 0.704696 -0.096578, -0.702895 -0.704696 0.096653, -0.702884 0.705467 0.090942, -0.702859 0.707107 -0.077389,
 -0.702810 -0.704696 0.097268, -0.702779 -0.705380 0.092418, -0.702691 -0.705380 0.093083, -0.702506 0.704696 -0.099443, -0.702412 0.705380 -0.095169,
 -0.702400 -0.704826 -0.099274, -0.702338 -0.705463 -0.095096, -0.702305 -0.704825 -0.099950, -0.702019 0.705379 -0.098026, -0.701881 0.705379 -0.099011,
 -0.701848 -0.704696 0.103989, -0.701837 0.704820 0.103215, -0.701748 -0.704696 0.104656, -0.701684 -0.705379 0.100401, -0.701607 -0.704696 0.105602,
 -0.701588 -0.705379 0.101066, -0.701433 0.707107 -0.089400, -0.701373 0.705456 0.102022, -0.701218 -0.704814 -0.107379, -0.701206 -0.705455 -0.103170,
 -0.700950 0.705453 0.104909, -0.700864 0.704696 -0.110419, -0.700801 -0.705200 -0.107569, -0.700615 -0.704696 0.111990, -0.700496 -0.705378 0.108381,
 -0.700413 -0.705449 -0.108458, -0.700405 0.705378 -0.108972, -0.700393 -0.705378 0.109046, -0.700358 -0.704696 0.113587, -0.700130 0.704804 0.114319,
 -0.700086 -0.705447 -0.110561, -0.700053 -0.704803 -0.114796, -0.700044 0.704803 0.114850, -0.700015 0.704803 0.115030, -0.699980 -0.705447 -0.111232,
 -0.699957 0.704802 0.115384, -0.699955 0.705378 -0.111827, -0.699953 -0.705175 0.113114, -0.699943 -0.704802 -0.115470, -0.699909 0.707107 -0.100632,
 -0.699909 0.707107 0.100632, -0.699902 0.704802 0.115724, -0.699899 0.704802 0.115742, -0.699841 0.704801 0.116094, -0.699833 0.704801 0.116142,
 -0.699656 0.704800 0.117212, -0.699549 0.704799 0.117853, -0.699404 0.704798 0.118715, -0.699403 -0.704697 0.119319, -0.699343 0.704797 0.119082,
 -0.699289 -0.704697 0.119986, -0.699217 0.705442 0.115960, -0.699216 -0.705378 0.116356, -0.698985 0.704795 0.121177, -0.698980 0.000000 -0.715142,
 -0.698967 0.000000 0.715154, -0.698932 0.000000 0.715188, -0.698775 -0.705440 -0.118610, -0.698736 0.705440 0.118838, -0.698692 -0.704792 -0.122873,
 -0.698661 -0.705439 -0.119280, -0.698574 -0.704791 -0.123546, -0.698544 0.704698 -0.124246, -0.698120 0.705378 -0.122761, -0.697991 -0.704699 0.127310,
 -0.697869 -0.704699 0.127976, -0.697843 -0.705378 0.124325, -0.697726 0.704785 0.128279, -0.697496 0.704784 0.129536, -0.697371 -0.705433 -0.126644,
 -0.697249 -0.705432 -0.127313, -0.697237 -0.704782 -0.130933, -0.697194 0.704782 0.131161, -0.697111 -0.704781 -0.131604, -0.696785 0.000000 -0.717280,
 -0.696783 0.705430 0.129853, -0.696711 0.000000 -0.717352, -0.696503 -0.705379 0.131623, -0.696486 -0.704701 0.135292, -0.696377 -0.705379 0.132286,
 -0.696356 -0.704701 0.135957, -0.696245 0.705428 0.132721, -0.696063 0.000000 -0.717981, -0.696034 0.000000 -0.718009, -0.695943 0.704702 -0.138051,
 -0.695874 -0.705426 -0.134660, -0.695763 0.000000 0.718272, -0.695745 -0.705426 -0.135328, -0.695735 0.000000 0.718299, -0.695688 -0.704772 -0.138974,
 -0.695557 0.705380 -0.136526, -0.695555 -0.704771 -0.139643, -0.695079 0.000000 0.718933, -0.695053 0.000000 0.718958, -0.695043 0.704768 0.142185,
 -0.694951 -0.705380 0.139575, -0.694928 0.707107 0.130673, -0.694887 -0.704704 0.143265, -0.694818 -0.705380 0.140238, -0.694749 -0.704704 0.143929,
 -0.694453 0.704765 0.145055, -0.694321 -0.705415 -0.142506, -0.694307 0.705418 0.142563, -0.694285 -0.705420 -0.142658, -0.694148 -0.705420 -0.143324,
 -0.694072 0.705419 0.143693, -0.694047 -0.704763 -0.146995, -0.693959 0.704706 -0.147682, -0.693906 -0.704762 -0.147662, -0.693800 -0.705381 0.145184,
 -0.693477 0.705417 0.146549, -0.693308 -0.705382 0.147516, -0.693194 -0.704707 0.151226, -0.693166 -0.705382 0.148178, -0.693063 0.704708 -0.151826,
 -0.693049 -0.704708 0.151889, -0.692814 0.000000 -0.721116, -0.692775 0.000000 -0.721153, -0.692758 -0.705144 -0.151190, -0.692717 0.705383 -0.150261,
 -0.692657 -0.705192 0.151431, -0.692603 -0.705414 -0.150636, -0.692500 0.705376 -0.151290, -0.692447 -0.705381 0.151506, -0.692314 -0.704754 -0.154993,
 -0.692230 0.707107 -0.144285, -0.692165 -0.704754 -0.155659, -0.692143 0.704710 -0.155958, -0.692083 0.704753 0.156028, -0.691672 0.704711 -0.158029,
 -0.691589 0.704711 -0.158391, -0.691571 -0.705384 0.155445, -0.691516 0.705411 0.155569, -0.691436 0.704750 0.158883, -0.691422 -0.705384 0.156105,
 -0.691408 -0.704711 0.159174, -0.691393 0.704711 -0.159242, -0.691330 0.707107 0.148537, -0.691255 -0.704712 0.159837, -0.691086 0.705410 0.157471,
 -0.691012 0.704712 -0.160882, -0.691001 0.704712 -0.160931, -0.690989 0.704712 -0.160978, -0.690908 0.704713 -0.161326, -0.690904 0.704713 -0.161344,
 -0.690888 0.704713 -0.161411, -0.690831 -0.705409 -0.158591, -0.690825 0.704713 -0.161679, -0.690678 0.707107 -0.151539, -0.690678 0.707107 0.151539,
 -0.690678 0.707107 -0.151540, -0.690677 0.707107 0.151544, -0.690580 0.704713 -0.162723, -0.690512 -0.704746 -0.162866, -0.690488 -0.704746 -0.162969,
 -0.690208 0.707107 -0.153663, -0.690014 -0.705130 -0.163316, -0.689903 0.704715 -0.165562, -0.689851 0.000000 -0.723951, -0.689844 0.000000 -0.723958,
 -0.689742 -0.705386 0.163359, -0.689600 0.705387 -0.163955, -0.689585 -0.705387 0.164018, -0.689529 -0.704716 0.167108, -0.689126 -0.705404 -0.165863,
 -0.688967 -0.705404 -0.166523, -0.688847 0.704740 0.169799, -0.688734 -0.704739 -0.170257, -0.688721 -0.705203 0.168383, -0.688588 -0.704739 -0.170852,
 -0.688571 -0.704739 -0.170919, -0.688537 0.000000 -0.725201, -0.688536 0.000000 -0.725202, -0.687851 0.000000 -0.725852, -0.687827 0.705401 0.171180,
 -0.687820 -0.705389 0.171257, -0.687756 0.000000 -0.725942, -0.687724 -0.704721 0.174366, -0.687693 0.000000 0.726001, -0.687663 0.000000 0.726030,
 -0.687556 -0.704721 0.175026, -0.687536 0.000000 0.726150, -0.687528 0.000000 0.726158, -0.687198 0.704722 -0.176422, -0.687179 -0.705400 -0.173772,
 -0.687012 -0.705399 -0.174430, -0.686932 0.705391 -0.174782, -0.686853 0.000000 0.726797, -0.686734 -0.704732 -0.178182, -0.686563 -0.704732 -0.178842,
 -0.686477 -0.704732 -0.179172, -0.686464 0.704724 -0.179250, -0.686207 0.705392 -0.177601, -0.685933 -0.704730 -0.181252, -0.685837 -0.704729 -0.181616,
 -0.685807 -0.705393 0.179137, -0.685667 -0.704727 0.182268, -0.685611 -0.704729 -0.182471, -0.685491 -0.704727 0.182926, -0.685339 0.704728 0.183491,
 -0.685171 -0.704728 -0.184119, -0.685159 -0.704727 -0.184166, -0.685146 -0.704727 -0.184214, -0.685141 -0.705396 -0.181655, -0.685052 -0.704727 -0.184562,
 -0.685047 -0.704727 -0.184580, -0.685029 -0.704727 -0.184648, -0.684967 -0.705395 -0.182311, -0.684957 -0.704727 -0.184917, -0.684741 0.000000 0.728787,
 -0.684729 0.000000 0.728798, -0.684643 -0.704726 -0.186079, -0.684464 -0.704725 -0.186736, -0.684298 0.705394 0.184811, -0.683880 -0.705396 0.186344,
 -0.683701 -0.705396 0.186998, -0.683539 0.704733 -0.190066, -0.683516 -0.704733 0.190150, -0.683333 -0.704734 0.190806, -0.683320 0.705397 -0.188384,
 -0.683014 -0.705392 -0.189509, -0.682833 -0.705392 -0.190163, -0.682748 0.704736 -0.192882, -0.682538 0.705399 -0.191191, -0.682485 0.707107 0.184973,
 -0.682462 -0.704720 -0.193947, -0.682276 -0.704720 -0.194601, -0.681691 -0.705400 0.194186, -0.681561 0.704718 0.197096, -0.681504 -0.705401 0.194839,
 -0.681273 -0.704740 0.198011, -0.681082 -0.704741 0.198665, -0.680798 -0.705389 -0.197334, -0.680610 -0.705388 -0.197985, -0.680502 0.705388 0.198355,
 -0.680255 0.000000 -0.732976, -0.680194 0.000000 -0.733032, -0.680191 -0.704715 -0.201783, -0.679998 -0.704715 -0.202435, -0.679604 0.704746 -0.203648,
 -0.679434 0.705405 -0.201923, -0.679410 -0.705405 0.202005, -0.679253 0.000000 0.733904, -0.679222 0.000000 0.733933, -0.679215 -0.705405 0.202656,
 -0.678938 -0.704748 0.205849, -0.678755 0.704749 -0.206449, -0.678739 -0.704749 0.206501, -0.678727 0.707107 -0.198316, -0.678596 0.705407 -0.204715,
 -0.678494 -0.705386 -0.205127, -0.678479 0.000000 -0.734620, -0.678464 0.707107 -0.199215, -0.678464 0.707107 0.199215, -0.678408 0.000000 -0.734685,
 -0.677832 -0.704710 -0.209586, -0.677632 -0.704710 -0.210235, -0.677517 0.704710 0.210605, -0.677302 0.705385 0.209031, -0.677038 -0.705410 0.209801,
 -0.676836 -0.705410 0.210450, -0.676511 -0.704756 0.213663, -0.676441 0.705384 0.211806, -0.676304 -0.704757 0.214313, -0.676101 -0.705383 -0.212888,
 -0.675482 0.000000 -0.737377, -0.675393 0.704760 -0.217158, -0.675388 0.000000 -0.737462, -0.675385 -0.704707 -0.217355, -0.675276 0.705414 -0.215390,
 -0.674823 -0.705084 -0.217877, -0.674575 -0.705415 0.217572, -0.674382 0.705416 -0.218167, -0.674366 -0.705416 0.218218, -0.674123 0.704705 0.221245,
 -0.673993 -0.704765 0.221451, -0.673832 -0.705382 -0.219972, -0.673622 -0.705381 -0.220615, -0.673287 0.000000 0.739381, -0.673287 0.000000 0.739381,
 -0.673210 0.704704 0.224010, -0.673066 -0.704703 -0.224444, -0.673034 0.705381 0.222402, -0.673027 -0.705254 0.222827, -0.672975 0.000000 0.739666,
 -0.672851 -0.704703 -0.225088, -0.672848 0.000000 0.739780, -0.672552 0.000000 0.740050, -0.672477 -0.705079 -0.225031, -0.672459 0.000000 -0.740134,
 -0.672234 0.705421 -0.224683, -0.672118 0.705380 0.225156, -0.672022 -0.705421 0.225315, -0.671962 0.000000 0.740585, -0.671946 0.000000 0.740600,
 -0.671867 0.000000 -0.740672, -0.671852 -0.705258 0.226331, -0.671818 0.000000 0.740716, -0.671779 -0.705078 -0.227107, -0.671758 0.000000 -0.740770,
 -0.671604 -0.704774 0.228565, -0.671549 0.000000 0.740960, -0.671473 -0.704774 0.228949, -0.671414 -0.704774 0.229121, -0.671398 0.707107 0.221865,
 -0.671383 -0.704774 0.229211, -0.671299 -0.704775 0.229458, -0.671273 -0.705380 -0.227666, -0.671263 0.000000 0.741219, -0.671188 -0.704775 0.229781,
 -0.671181 -0.704775 0.229799, -0.671074 0.000000 0.741390, -0.671066 -0.704776 0.230134, -0.671056 -0.705380 -0.228306, -0.671050 -0.704776 0.230180,
 -0.670910 0.704776 -0.230589, -0.670900 0.000000 0.741548, -0.670848 0.705424 -0.228777, -0.670848 0.000000 0.741595, -0.670709 -0.705261 0.229685,
 -0.670705 0.000000 0.741724, -0.670487 -0.704778 0.231810, -0.670452 -0.704701 -0.232143, -0.670350 0.000000 0.742045, -0.670331 0.000000 0.742062,
 -0.670282 0.000000 0.742106, -0.670231 -0.704701 -0.232783, -0.670201 -0.704779 0.232631, -0.670080 -0.704779 0.232979, -0.669610 0.704700 0.234563,
 -0.669412 0.707107 -0.227787, -0.669380 -0.704782 0.234974, -0.669380 -0.705428 0.233029, -0.668912 -0.704783 0.236299, -0.668823 -0.705379 -0.234770,
 -0.668683 -0.704784 0.236943, -0.668645 0.704699 0.237304, -0.668628 -0.705379 -0.235323, -0.668507 0.705379 0.235666, -0.668404 -0.705379 -0.235960,
 -0.667753 -0.704699 -0.239803, -0.667539 0.705379 0.238396, -0.667524 -0.704698 -0.240440, -0.666879 -0.705434 0.240074, -0.666648 -0.705434 0.240713,
 -0.666524 -0.704792 0.242926, -0.666156 0.704794 -0.243931, -0.666153 0.705436 -0.242077, -0.666130 -0.704794 0.244002, -0.665898 -0.705378 -0.242942,
 -0.665893 -0.704795 0.244643, -0.665817 0.707107 0.238091, -0.665667 -0.705378 -0.243575, -0.664969 -0.704697 -0.247423, -0.664842 0.704697 0.247764,
 -0.664733 -0.704697 -0.248057, -0.664620 0.000000 0.747181, -0.664092 0.000000 -0.747651, -0.664066 -0.705441 0.247729, -0.663953 0.000000 -0.747775,
 -0.663874 0.000000 -0.747845, -0.663827 -0.705442 0.248366, -0.663824 0.704697 0.250480, -0.663733 0.000000 -0.747970, -0.663727 0.705378 0.248814,
 -0.663698 -0.704803 0.250514, -0.663614 0.704697 0.251036, -0.663550 0.704697 0.251206, -0.663424 0.704696 0.251538, -0.663380 0.000000 -0.748283,
 -0.663303 0.704696 0.251857, -0.663296 0.704696 0.251874, -0.663258 -0.704805 0.251673, -0.663237 0.000000 -0.748409, -0.663171 0.704696 0.252205,
 -0.663153 0.704696 0.252251, -0.663119 0.000000 0.748514, -0.663084 -0.705378 -0.250521, -0.663066 0.000000 0.748561, -0.663014 -0.704806 0.252311,
 -0.662846 -0.705378 -0.251151, -0.662706 0.705378 0.251520, -0.662540 0.704696 0.253859, -0.662484 0.000000 0.749076, -0.662414 0.000000 0.749138,
 -0.662261 0.000000 0.749273, -0.662229 0.704696 0.254669, -0.662101 -0.704696 -0.255002, -0.662097 0.704696 0.255013, -0.661858 -0.704696 -0.255632,
 -0.661336 0.704696 0.256980, -0.661192 0.705448 -0.255280, -0.661164 -0.705448 0.255351, -0.661134 0.704813 -0.257177, -0.661028 0.707107 -0.251083,
 -0.660919 -0.705449 0.255985, -0.660815 0.000000 -0.750549, -0.660648 0.000000 -0.750696, -0.660297 -0.704816 0.259310, -0.660187 -0.705378 -0.258059,
 -0.660046 -0.704817 0.259946, -0.659823 0.704696 0.260841, -0.659149 -0.704696 -0.262537, -0.658900 -0.704696 -0.263164, -0.658760 0.000000 0.752353,
 -0.658753 0.704696 0.263530, -0.658696 0.705379 0.261840, -0.658688 0.000000 0.752416, -0.658238 0.704696 0.264814, -0.658176 -0.705456 0.262938,
 -0.657922 -0.705457 0.263569, -0.657248 -0.704828 0.266912, -0.657207 -0.705379 -0.265554, -0.656990 -0.704829 0.267545, -0.656963 0.704830 -0.267609,
 -0.656116 -0.704696 -0.270029, -0.655969 0.705462 -0.268380, -0.655848 0.704834 -0.270319, -0.655726 0.000000 0.754999, -0.655695 0.000000 0.755026,
 -0.655636 0.000000 0.755077, -0.655517 0.000000 -0.755181, -0.655478 -0.705464 0.269572, -0.655432 -0.705061 -0.270735, -0.655358 0.000000 -0.755318,
 -0.655100 -0.705465 0.270488, -0.654861 0.000000 -0.755750, -0.654861 0.000000 0.755750, -0.654839 -0.705465 0.271116, -0.654798 0.000000 -0.755804,
 -0.654637 0.000000 0.755944, -0.654630 0.000000 -0.755950, -0.654612 0.000000 0.755965, -0.654556 0.704697 0.273786, -0.654404 -0.705380 -0.272386,
 -0.654146 -0.705380 -0.273005, -0.654111 -0.704841 0.274477, -0.653956 0.000000 0.756532, -0.653898 0.000000 0.756583, -0.653420 0.705381 0.274737,
 -0.653264 -0.704697 -0.276855, -0.653001 -0.704697 -0.277474, -0.652988 -0.705325 0.275903, -0.651938 -0.705473 0.278001, -0.651878 0.705381 0.278375,
 -0.651643 0.705474 -0.278690, -0.651470 0.704852 -0.280662, -0.651269 -0.705382 -0.279796, -0.651004 -0.705382 -0.280411, -0.650887 -0.704854 0.282004,
 -0.650820 0.704854 -0.282159, -0.650488 0.705477 -0.281367, -0.650301 0.704857 -0.283349, -0.650075 -0.704699 -0.284258, -0.649805 -0.704699 -0.284873,
 -0.649291 0.705381 0.284355, -0.649206 -0.705376 -0.284564, -0.649048 0.704699 0.286592, -0.648982 0.000000 -0.760804, -0.648819 0.000000 -0.760943,
 -0.648690 -0.705482 0.285475, -0.648054 -0.705384 -0.287159, -0.647903 0.705384 0.287498, -0.647782 -0.705384 -0.287771, -0.647752 -0.704846 0.289153,
 -0.647554 0.704845 -0.289599, -0.646851 0.000000 -0.762617, -0.646807 -0.704701 -0.291613, -0.646729 0.704842 -0.291444, -0.646688 0.000000 -0.762754,
 -0.646584 0.704841 -0.291766, -0.646531 -0.704701 -0.292224, -0.646243 0.704840 -0.292525, -0.646124 0.000000 -0.763232, -0.646046 0.000000 0.763299,
 -0.646010 0.704839 -0.293041, -0.646001 0.000000 0.763336, -0.645959 0.705490 -0.291583, -0.645946 0.000000 -0.763383, -0.645867 0.000000 -0.763450,
 -0.645675 0.000000 -0.763612, -0.645582 0.704837 -0.293986, -0.645563 0.704837 -0.294030, -0.645543 0.704837 -0.294073, -0.645403 0.704836 -0.294382,
 -0.645396 0.704836 -0.294398, -0.645369 0.704836 -0.294458, -0.645357 -0.705492 0.292908, -0.645321 0.000000 0.763912, -0.645279 0.000000 0.763947,
 -0.645260 0.704836 -0.294697, -0.645080 0.707107 0.289606, -0.644865 0.704834 -0.295564, -0.644852 -0.705489 0.294026, -0.644832 0.705487 -0.294075,
 -0.644760 -0.705386 -0.294475, -0.644751 0.705493 -0.294236, -0.644603 -0.704703 -0.296447, -0.644571 -0.704833 0.296208, -0.644481 -0.705386 -0.295083,
 -0.643855 0.000000 0.765147, -0.643816 0.000000 0.765180, -0.643602 0.707107 0.292876, -0.643460 -0.704704 -0.298918, -0.643353 -0.705344 0.297636,
 -0.643304 0.704704 0.299254, -0.643207 0.707107 -0.293743, -0.643207 0.707107 0.293743, -0.643178 -0.704704 -0.299525, -0.642982 -0.705060 -0.299107,
 -0.642157 0.707107 -0.296030, -0.642155 0.707107 0.296035, -0.642154 0.707107 -0.296037, -0.642154 0.707107 0.296037, -0.642151 0.705388 0.300116,
 -0.642091 -0.705486 0.300015, -0.641579 -0.704822 0.302659, -0.641388 -0.705389 -0.301742, -0.641303 -0.704821 0.303246, -0.641221 -0.704706 -0.303686,
 -0.641103 -0.705389 -0.302345, -0.640826 0.707107 -0.298901, -0.640736 0.000000 0.767761, -0.640702 0.000000 0.767790, -0.640372 0.704817 -0.305215,
 -0.640274 0.705481 -0.303885, -0.640036 -0.704707 -0.306173, -0.639747 -0.704707 -0.306775, -0.639297 0.707107 -0.302157, -0.639173 0.704813 -0.307728,
 -0.639080 0.705477 -0.306396, -0.638774 -0.705477 0.307036, -0.638232 -0.704810 0.309681, -0.638099 0.000000 -0.769954, -0.637953 0.000000 -0.770076,
 -0.637949 -0.704809 0.310266, -0.637939 -0.705392 -0.308959, -0.637605 -0.704710 -0.311197, -0.637425 0.705393 0.310017, -0.637366 0.000000 -0.770562,
 -0.637328 0.704710 0.311764, -0.637321 0.000000 0.770599, -0.637291 0.000000 0.770623, -0.637206 0.000000 -0.770693, -0.636686 -0.704711 -0.313070,
 -0.636589 0.000000 0.771203, -0.636560 0.000000 0.771227, -0.636536 -0.704711 -0.313376, -0.636525 -0.704711 -0.313397, -0.636241 -0.704711 -0.313974,
 -0.636168 0.705394 0.312585, -0.636146 -0.704711 -0.314166, -0.635657 -0.705469 0.313455, -0.635412 -0.704712 -0.315646, -0.635390 -0.704712 -0.315690,
 -0.635370 -0.705468 0.314038, -0.635368 -0.704712 -0.315733, -0.635212 -0.704713 -0.316046, -0.635204 -0.704713 -0.316063, -0.635174 -0.704713 -0.316123,
 -0.635054 -0.704713 -0.316365, -0.634800 -0.704799 0.316683, -0.634510 -0.704798 0.317266, -0.634475 0.704798 -0.317334, -0.634415 -0.705396 -0.316124,
 -0.634401 0.705465 -0.315997, -0.633829 0.000000 -0.773473, -0.633696 0.000000 -0.773582, -0.633154 0.705462 -0.318495, -0.632961 -0.704716 -0.320526,
 -0.632428 0.704716 0.321574, -0.632176 -0.705460 0.320437, -0.632119 -0.705064 -0.321418, -0.631882 -0.705459 0.321018, -0.631281 -0.704788 0.323664,
 -0.631263 0.705400 0.322363, -0.631126 0.704718 0.324117, -0.631119 -0.705400 -0.322646, -0.630816 -0.705400 -0.323237, -0.630658 -0.704786 0.324880,
 -0.630658 0.704786 -0.324880, -0.630581 0.000000 -0.776123, -0.629960 0.705401 0.324898, -0.629699 -0.705315 0.325591, -0.629618 -0.704720 -0.327032,
 -0.629311 -0.704721 -0.327621, -0.629266 0.000000 -0.777190, -0.629150 0.000000 -0.777284, -0.628666 0.000000 0.777676, -0.628651 0.000000 0.777688,
 -0.628609 -0.705452 0.327397, -0.628526 0.000000 -0.777788, -0.628500 0.000000 0.777809, -0.628486 0.000000 0.777821, -0.628465 0.000000 -0.777838,
 -0.628321 0.704780 -0.329390, -0.628272 0.705451 -0.328044, -0.627939 -0.704783 0.330110, -0.627760 0.000000 0.778407, -0.627676 -0.704778 0.330622,
 -0.627452 -0.705404 -0.329710, -0.627143 -0.705405 -0.330296, -0.626051 0.704726 0.333798, -0.625902 -0.704726 -0.334077, -0.625589 -0.704727 -0.334662,
 -0.624956 -0.705444 0.334332, -0.624881 0.705408 0.334550, -0.624705 0.704728 0.336306, -0.624296 -0.704769 0.336980, -0.623985 -0.704768 0.337557,
 -0.623713 -0.705410 -0.336719, -0.623533 0.705410 0.337051, -0.623398 -0.705410 -0.337301, -0.622114 -0.704733 -0.341066, -0.621910 0.704763 -0.341375,
 -0.621887 0.705438 -0.340019, -0.621795 -0.704733 -0.341646, -0.621533 -0.705438 0.340667, -0.621240 0.705437 -0.341202, -0.621218 -0.705437 0.341242,
 -0.620526 -0.704760 0.343891, -0.620511 0.707107 0.339066, -0.620358 0.000000 -0.784319, -0.620283 0.000000 -0.784378, -0.620208 -0.704759 0.344466,
 -0.619902 -0.705415 -0.343673, -0.619595 0.000000 0.784922, -0.619591 0.000000 0.784925, -0.619581 -0.705415 -0.344250, -0.619460 0.704737 0.345853,
 -0.618823 0.000000 -0.785530, -0.618442 0.000000 -0.785831, -0.618385 0.000000 -0.785875, -0.618284 0.705417 0.346570, -0.618255 -0.704740 -0.347998,
 -0.618070 0.704740 0.348326, -0.617930 -0.704740 -0.348574, -0.617717 -0.705431 0.347553, -0.617395 -0.705430 0.348125, -0.616893 0.705419 0.349036,
 -0.616670 -0.704752 0.350774, -0.616345 -0.704751 0.351347, -0.616022 -0.705421 -0.350569, -0.615943 -0.705421 -0.350706, -0.615695 -0.705421 -0.351142,
 -0.615248 0.705427 -0.351914, -0.615242 0.704749 -0.353280, -0.614656 -0.704747 0.354301, -0.614568 -0.704747 0.354454, -0.614397 -0.704747 0.354751,
 -0.614327 -0.704747 -0.354872, -0.614234 -0.704747 0.355034, -0.614223 -0.704747 0.355053, -0.614055 -0.704746 0.355344, -0.614031 -0.704746 0.355385,
 -0.613996 -0.704748 -0.355442, -0.613844 0.707107 -0.350993, -0.613817 -0.705424 0.354409, -0.613487 -0.705424 0.354980, -0.613216 0.000000 0.789915,
 -0.613213 0.000000 0.789918, -0.613200 -0.704745 0.356820, -0.612780 -0.704744 0.357543, -0.612729 -0.704744 0.357630, -0.612660 0.704750 0.357735,
 -0.612601 -0.704743 0.357850, -0.612397 -0.704743 0.358200, -0.612368 -0.704773 0.358191, -0.612105 0.000000 -0.790776, -0.612072 -0.705427 -0.357408,
 -0.611557 -0.704741 0.359635, -0.611479 0.705428 0.358420, -0.611379 0.000000 -0.791338, -0.611363 0.000000 0.791350, -0.611353 0.000000 -0.791358,
 -0.611227 0.704753 0.360172, -0.610612 0.000000 0.791930, -0.610611 0.000000 0.791931, -0.610330 -0.704755 -0.361686, -0.609994 -0.704756 -0.362252,
 -0.609868 0.000000 -0.792503, -0.609831 -0.705418 0.361236, -0.609771 0.704738 -0.362661, -0.609495 -0.705418 0.361804, -0.609160 -0.705287 0.362622,
 -0.609012 0.707107 0.359311, -0.608703 -0.704736 0.364455, -0.608698 -0.705087 -0.363784, -0.608363 -0.704736 0.365023, -0.608355 0.705416 -0.363720,
 -0.608318 0.704736 -0.365099, -0.608054 -0.705434 -0.364189, -0.607370 -0.704734 0.366677, -0.607092 -0.705090 -0.366453, -0.606267 -0.704764 -0.368440,
 -0.605761 -0.705412 0.368031, -0.605662 -0.705283 0.368442, -0.605657 0.704765 0.369439, -0.605418 -0.705412 0.368596, -0.605232 -0.705092 -0.369511,
 -0.604869 0.707107 -0.366242, -0.604591 -0.704730 0.371248, -0.604471 0.705440 0.370093, -0.604313 -0.705440 -0.370351, -0.603970 -0.705441 -0.370909,
 -0.603150 0.000000 -0.797628, -0.603092 0.000000 -0.797672, -0.602912 0.000000 -0.797808, -0.602848 0.000000 -0.797856, -0.602709 0.705409 -0.373015,
 -0.602688 -0.705281 0.373290, -0.602646 0.704727 -0.374404, -0.602484 -0.704773 -0.374577, -0.602425 0.000000 -0.798176, -0.602368 0.000000 0.798219,
 -0.602336 0.000000 -0.798243, -0.602310 0.000000 0.798262, -0.602138 -0.704773 -0.375133, -0.601855 0.704774 0.375585, -0.601763 0.704774 0.375733,
 -0.601607 -0.705407 0.374793, -0.601581 0.704775 0.376022, -0.601552 0.000000 0.798834, -0.601541 0.000000 0.798842, -0.601407 0.704775 0.376300,
 -0.601398 0.704775 0.376315, -0.601217 0.704776 0.376603, -0.601210 0.705407 -0.375430, -0.601192 0.704776 0.376643, -0.601140 0.704725 -0.376821,
 -0.600821 0.000000 -0.799384, -0.600784 0.000000 -0.799411, -0.600784 0.000000 0.799411, -0.600405 0.000000 -0.799696, -0.600395 -0.704724 0.378009,
 -0.600311 0.704778 0.378041, -0.600276 -0.704771 0.378109, -0.600169 -0.705448 -0.377016, -0.599888 0.000000 -0.800084, -0.599866 0.704779 0.378745,
 -0.599820 -0.705448 -0.377569, -0.599677 0.704779 0.379044, -0.599655 0.000000 -0.800258, -0.599593 0.000000 -0.800305, -0.598591 0.704782 0.380752,
 -0.598458 0.704782 0.380959, -0.598384 0.000000 -0.801210, -0.598296 -0.704782 -0.381213, -0.598217 0.000000 -0.801334, -0.598047 0.000000 -0.801461,
 -0.598018 0.000000 -0.801482, -0.597944 -0.704783 -0.381764, -0.597601 0.000000 -0.801794, -0.597569 -0.705403 0.381207, -0.597539 0.000000 0.801840,
 -0.597528 0.000000 0.801848, -0.597369 -0.705402 0.381520, -0.597267 0.705453 0.381586, -0.596617 0.000000 -0.802526, -0.596474 -0.704718 0.384175,
 -0.596114 -0.704718 0.384734, -0.595960 -0.705456 -0.383620, -0.595606 -0.705456 -0.384168, -0.595365 0.705400 -0.384643, -0.595267 0.704717 -0.386046,
 -0.594856 0.707107 -0.382291, -0.594856 0.707107 0.382291, -0.594208 0.704792 0.387536, -0.594155 0.000000 -0.804350, -0.594044 -0.704793 -0.387787,
 -0.593994 0.000000 -0.804469, -0.593815 0.705399 -0.387036, -0.593709 0.704715 -0.388441, -0.593687 -0.704794 -0.388332, -0.593412 -0.705398 0.387654,
 -0.593385 0.000000 -0.804919, -0.593233 0.000000 -0.805031, -0.593198 0.000000 0.805057, -0.593182 0.000000 0.805068, -0.593048 -0.705398 0.388211,
 -0.592418 0.000000 0.805631, -0.592395 0.000000 0.805647, -0.592324 0.707107 0.386202, -0.592117 -0.704714 0.390867, -0.591774 0.705464 0.390031,
 -0.591749 -0.704713 0.391423, -0.591688 -0.705464 -0.390161, -0.591329 -0.705464 -0.390704, -0.591070 0.704800 0.392292, -0.590093 0.704773 -0.393808,
 -0.589874 0.705467 0.392893, -0.589731 -0.704804 -0.394296, -0.589392 0.704711 -0.394969, -0.589368 -0.704805 -0.394836, -0.589014 -0.705394 0.394311,
 -0.588644 -0.705394 0.394864, -0.587785 0.000000 -0.809017, -0.587785 0.000000 0.809017, -0.587773 0.705393 -0.396161, -0.587769 0.000000 0.809029,
 -0.587675 -0.704709 0.397521, -0.587672 0.000000 -0.809099, -0.587637 0.704709 -0.397578, -0.587355 -0.705472 -0.396639, -0.587301 -0.704709 0.398074,
 -0.587265 0.000000 -0.809395, -0.587077 0.000000 -0.809531, -0.586991 -0.705473 -0.397177, -0.586171 0.705392 -0.398530, -0.586027 0.704708 -0.399949,
 -0.585356 -0.704815 -0.400741, -0.585050 0.000000 -0.810997, -0.584989 -0.704816 -0.401276, -0.584869 0.704707 -0.401643, -0.584843 0.000000 -0.811147,
 -0.584720 0.707107 -0.397621, -0.584534 -0.705391 0.400928, -0.584298 0.000000 -0.811540, -0.584157 -0.705391 0.401478, -0.584077 0.000000 -0.811698,
 -0.583985 0.000000 0.811764, -0.583953 0.000000 0.811788, -0.583880 0.705480 0.401725, -0.583499 0.704820 0.403432, -0.583215 0.000000 0.812318,
 -0.583187 0.000000 0.812338, -0.583150 -0.704705 0.404136, -0.582769 -0.704705 0.404686, -0.582297 0.705483 0.404010, -0.581646 0.000000 0.813442,
 -0.581621 0.000000 0.813460, -0.580923 -0.704827 -0.407121, -0.580550 -0.704828 -0.407650, -0.580043 0.704703 -0.408587, -0.579972 -0.705388 0.407505,
 -0.579933 0.705388 -0.407561, -0.579758 0.704703 -0.408992, -0.579588 -0.705387 0.408051, -0.578819 0.704702 -0.410320, -0.578605 0.704702 -0.410623,
 -0.578543 -0.704702 0.410710, -0.578281 0.705387 -0.409904, -0.578155 -0.704702 0.411257, -0.578099 0.704702 -0.411335, -0.578097 0.704702 -0.411338,
 -0.577369 0.704837 0.412128, -0.577247 0.704781 -0.412396, -0.577176 0.705489 0.411281, -0.577122 0.704701 -0.412705, -0.577093 0.704701 -0.412746,
 -0.577065 0.704701 -0.412786, -0.577046 -0.705487 -0.411468, -0.576857 0.704701 -0.413076, -0.576846 0.704701 -0.413091, -0.576806 0.704701 -0.413147,
 -0.576646 0.704701 -0.413371, -0.576111 0.705491 0.412769, -0.575869 0.000000 -0.817542, -0.575861 -0.704841 -0.414226, -0.575752 0.704842 0.414376,
 -0.575643 0.000000 -0.817701, -0.575329 -0.705385 0.414040, -0.575171 -0.705144 -0.414669, -0.575105 0.000000 -0.818079, -0.574938 -0.705385 0.414582,
 -0.574874 0.000000 -0.818242, -0.574724 0.000000 0.818347, -0.574697 0.000000 0.818366, -0.574683 0.000000 -0.818376, -0.574462 0.000000 -0.818531,
 -0.574411 0.705488 0.415137, -0.574234 -0.705488 -0.415383, -0.573949 0.000000 0.818891, -0.573919 0.000000 0.818912, -0.573853 -0.704700 0.417242,
 -0.572264 -0.704852 -0.419164, -0.571850 0.705383 -0.418834, -0.571632 0.704699 -0.420281, -0.571626 -0.705270 0.419331, -0.571374 0.000000 -0.820690,
 -0.571322 -0.704854 -0.420442, -0.571158 0.000000 -0.820840, -0.571098 -0.705376 0.419870, -0.570978 0.705377 -0.420032, -0.570604 -0.705383 0.420531,
 -0.569428 -0.705478 -0.421962, -0.569426 0.704853 0.423008, -0.569081 -0.704698 0.423730, -0.568943 0.000000 0.822377, -0.568907 0.000000 0.822402,
 -0.568487 -0.704788 0.424378, -0.567904 0.707107 0.421289, -0.567902 -0.704788 0.425159, -0.567804 0.705475 0.424150, -0.567725 -0.705270 0.424597,
 -0.567677 0.704849 0.425359, -0.567495 -0.704848 -0.425603, -0.566595 0.000000 -0.823997, -0.566402 0.000000 -0.824129, -0.566276 -0.704845 -0.427229,
 -0.566056 0.705472 0.426485, -0.565799 -0.705381 0.426977, -0.565779 0.000000 -0.824557, -0.565629 0.000000 -0.824660, -0.565566 0.000000 0.824703,
 -0.565531 0.000000 0.824727, -0.565405 0.000000 0.824814, -0.565368 0.000000 0.824839, -0.564987 -0.704842 -0.428938, -0.564761 -0.704841 -0.429236,
 -0.564637 -0.704697 0.429637, -0.564587 0.000000 0.825373, -0.564546 -0.705469 -0.428487, -0.564391 -0.705122 -0.429262, -0.564229 -0.704840 -0.429938,
 -0.564229 -0.704697 0.430173, -0.564135 -0.705469 -0.429029, -0.563791 0.707107 -0.426778, -0.563791 0.707107 0.426778, -0.563789 0.707107 -0.426781,
 -0.563785 0.707107 0.426786, -0.563525 0.705380 -0.429974, -0.563263 0.704696 -0.431436, -0.563201 -0.704837 -0.431288, -0.563171 -0.704837 -0.431328,
 -0.563141 -0.704837 -0.431367, -0.562922 -0.704836 -0.431653, -0.562911 -0.704836 -0.431668, -0.562869 -0.704836 -0.431723, -0.562700 -0.704836 -0.431943,
 -0.562555 -0.704835 -0.432133, -0.561325 -0.705380 0.432844, -0.561135 0.707107 -0.430265, -0.560914 -0.705380 0.433376, -0.560885 0.704831 0.434305,
 -0.560329 0.707107 0.431314, -0.559710 -0.704696 0.436037, -0.559586 -0.705461 -0.434957, -0.559296 -0.704696 0.436568, -0.559267 0.705460 0.435369,
 -0.559262 0.000000 -0.828991, -0.559170 -0.705460 -0.435494, -0.559089 0.704827 0.436621, -0.558580 0.000000 -0.829450, -0.558447 0.000000 -0.829540,
 -0.557538 -0.704823 -0.438607, -0.557472 0.705457 0.437670, -0.557243 0.000000 -0.830350, -0.557122 0.000000 -0.830431, -0.557116 -0.704822 -0.439144,
 -0.556367 -0.705379 0.439200, -0.556033 0.000000 0.831160, -0.555997 0.000000 0.831184, -0.555950 -0.705379 0.439727, -0.555220 0.000000 -0.831704,
 -0.555115 0.000000 -0.831774, -0.554963 0.705379 -0.440973, -0.554704 -0.704696 0.442388, -0.554654 0.704696 -0.442450, -0.554552 -0.705453 -0.441371,
 -0.554283 -0.704696 0.442915, -0.554129 -0.705452 -0.441904, -0.552701 0.000000 0.833380, -0.552675 0.000000 0.833397, -0.552446 -0.704811 -0.445023,
 -0.552117 0.704810 0.445431, -0.552018 -0.704810 -0.445555, -0.551781 0.707107 -0.442197, -0.551331 -0.705378 0.445506, -0.550908 -0.705378 0.446029,
 -0.550504 0.705447 0.446419, -0.550275 0.704806 0.447711, -0.549899 0.705378 -0.447273, -0.549619 -0.704696 0.448689, -0.549443 -0.705445 -0.447727,
 -0.549330 0.000000 0.835606, -0.549294 0.000000 0.835629, -0.549191 -0.704697 0.449213, -0.548605 0.000000 -0.836082, -0.547820 0.000000 -0.836596,
 -0.547770 0.000000 -0.836629, -0.547658 0.704697 -0.451080, -0.547402 0.000000 0.836870, -0.547279 -0.704800 -0.451379, -0.546845 -0.704799 -0.451906,
 -0.546615 0.000000 0.837384, -0.546579 0.000000 0.837408, -0.546218 -0.705378 0.451761, -0.546167 0.705378 -0.451822, -0.545808 0.704697 -0.453316,
 -0.545788 -0.705378 0.452280, -0.544455 -0.704698 0.454940, -0.544260 -0.705438 -0.454025, -0.544021 -0.704698 0.455458, -0.543760 -0.705437 -0.454625,
 -0.543128 0.704791 0.456379, -0.543017 0.705378 -0.455603, -0.542243 0.000000 -0.840222, -0.542242 0.000000 -0.840223, -0.542039 -0.704789 -0.457674,
 -0.541932 0.704819 -0.457756, -0.541521 0.705434 0.457294, -0.541027 -0.705379 0.457964, -0.540641 0.000000 -0.841254, -0.540641 0.000000 0.841254,
 -0.540591 -0.705379 0.458479, -0.540281 -0.705064 -0.459326, -0.539446 -0.705431 -0.459744, -0.539213 -0.704699 0.461137, -0.539125 0.000000 -0.842226,
 -0.539113 0.000000 -0.842233, -0.539026 0.705379 -0.460316, -0.539005 -0.705431 -0.460261, -0.538858 0.000000 -0.842397, -0.538834 0.000000 -0.842412,
 -0.538627 0.704700 -0.461822, -0.538336 0.000000 -0.842730, -0.538307 0.000000 -0.842749, -0.537946 0.000000 0.842979, -0.537901 0.000000 0.843008,
 -0.537173 -0.704780 -0.463390, -0.537156 0.000000 0.843483, -0.537140 0.705379 -0.462516, -0.537120 0.000000 0.843506, -0.536730 0.704701 -0.464024,
 -0.536727 -0.704779 -0.463908, -0.536674 -0.705281 0.463205, -0.536361 0.000000 0.843988, -0.536332 0.000000 0.844007, -0.535760 -0.705379 0.464113,
 -0.535206 -0.704701 0.465779, -0.535126 -0.704701 0.465871, -0.534938 -0.704701 0.466087, -0.534565 -0.704702 0.466515, -0.534554 -0.704702 0.466527,
 -0.534474 -0.704702 0.466619, -0.534396 0.707107 -0.463056, -0.534396 0.707107 0.463056, -0.534126 -0.705425 -0.465924, -0.534122 -0.704702 0.467022,
 -0.534002 -0.704702 0.467159, -0.533921 0.704774 0.467142, -0.533895 -0.704702 0.467281, -0.533768 -0.704702 0.467426, -0.533679 -0.705424 -0.466437,
 -0.533531 -0.704702 0.467696, -0.532967 0.000000 0.846136, -0.532932 0.000000 0.846158, -0.532751 -0.704832 0.468389, -0.532323 0.705423 0.467986,
 -0.531796 -0.704770 -0.469566, -0.531344 -0.704769 -0.470078, -0.530418 -0.705381 0.470208, -0.529904 -0.704704 0.471799, -0.529820 0.705381 -0.470881,
 -0.529621 0.000000 -0.848235, -0.529548 0.000000 -0.848280, -0.529367 0.704704 -0.472401, -0.528954 -0.704705 0.472863, -0.528825 0.000000 -0.848731,
 -0.528759 0.000000 -0.848772, -0.528735 -0.705419 -0.472042, -0.528501 -0.704705 0.473369, -0.528455 0.000000 0.848961, -0.528392 0.000000 0.849001,
 -0.528282 -0.705418 -0.472549, -0.527887 0.705381 -0.473046, -0.527662 0.000000 0.849454, -0.527633 0.000000 0.849472, -0.527422 0.704706 -0.474569,
 -0.526349 -0.704761 -0.475677, -0.525892 -0.704760 -0.476184, -0.525800 0.000000 -0.850608, -0.525717 0.000000 -0.850660, -0.525455 -0.705382 0.475744,
 -0.525001 -0.705382 0.476246, -0.524681 0.707107 0.474036, -0.524504 0.704758 0.477715, -0.524236 -0.704708 0.478084, -0.523490 -0.704708 0.478899,
 -0.523275 -0.705413 -0.478096, -0.523032 -0.704709 0.479399, -0.522916 0.705413 0.478489, -0.522817 -0.705413 -0.478598, -0.522371 0.000000 -0.852718,
 -0.522214 0.000000 -0.852815, -0.520833 -0.704752 -0.481723, -0.520391 0.705384 -0.481276, -0.520370 -0.704752 -0.482224, -0.520298 0.707107 0.478843,
 -0.520044 0.000000 -0.854139, -0.519971 -0.705384 0.481729, -0.519939 0.000000 -0.854204, -0.519919 0.000000 0.854215, -0.519885 0.000000 0.854237,
 -0.519881 0.704711 -0.482811, -0.519510 -0.705385 0.482226, -0.519410 -0.705385 0.482333, -0.519243 0.000000 -0.854627, -0.519218 -0.705294 0.482673,
 -0.519123 0.000000 -0.854700, -0.518935 0.000000 0.854814, -0.518920 0.000000 0.854823, -0.518413 0.705385 -0.483405, -0.518140 0.000000 0.855296,
 -0.518116 0.000000 0.855311, -0.517953 -0.704712 0.484876, -0.517891 0.704713 -0.484943, -0.517747 -0.705408 -0.484085, -0.517488 -0.704713 0.485372,
 -0.517404 0.704747 0.485412, -0.517283 -0.705407 -0.484581, -0.517279 0.704747 0.485544, -0.517036 0.704747 0.485804, -0.516806 0.704747 0.486049,
 -0.516790 0.704747 0.486067, -0.516552 0.704746 0.486320, -0.516519 0.704746 0.486355, -0.516507 0.000000 0.856283, -0.516496 0.000000 0.856289,
 -0.516483 0.000000 0.856297, -0.516123 -0.704860 0.486610, -0.515758 -0.705018 -0.486768, -0.515343 0.704745 0.487603, -0.515343 0.000000 0.856984,
 -0.515311 0.705406 0.486681, -0.515250 -0.704745 -0.487702, -0.515249 0.707107 -0.484271, -0.515201 0.000000 0.857070, -0.514883 0.704744 0.488090,
 -0.514865 0.000000 0.857271, -0.514781 -0.704744 -0.488197, -0.514750 0.704744 0.488230, -0.514497 0.704743 0.488497, -0.514414 -0.705387 0.487655,
 -0.514200 0.000000 0.857671, -0.514181 0.000000 0.857682, -0.514037 0.000000 0.857768, -0.513947 -0.705387 0.488147, -0.513410 0.000000 0.858144,
 -0.513306 0.705404 0.488797, -0.513197 0.000000 0.858271, -0.513026 0.704741 0.490045, -0.512780 0.000000 0.858520, -0.512691 -0.705014 -0.490003,
 -0.512411 -0.705299 0.489886, -0.512358 0.000000 0.858772, -0.512342 -0.704717 0.490794, -0.512152 -0.705403 -0.490007, -0.511871 -0.704718 0.491285,
 -0.511842 0.705403 0.490332, -0.510744 0.705389 -0.491495, -0.510401 0.000000 -0.859936, -0.510259 0.000000 -0.860021, -0.510175 0.704719 -0.493044,
 -0.510091 0.707107 -0.489701, -0.509600 -0.704737 -0.493613, -0.509149 0.000000 -0.860678, -0.509126 -0.704737 -0.494103, -0.509005 0.000000 -0.860764,
 -0.508785 -0.705390 0.493521, -0.508721 0.705390 -0.493586, -0.508573 0.000000 0.861019, -0.508561 0.000000 0.861026, -0.508312 -0.705390 0.494007,
 -0.508140 0.704721 -0.495138, -0.507160 0.704734 0.496123, -0.507111 0.704734 0.496174, -0.506659 -0.704723 0.496651, -0.506491 -0.705398 -0.495862,
 -0.506182 -0.704723 0.497137, -0.506114 0.704878 -0.496986, -0.505926 0.000000 0.862577, -0.505543 0.705398 0.496830, -0.505456 0.000000 -0.862852,
 -0.505063 0.704732 0.498262, -0.503885 -0.704730 -0.499455, -0.503498 0.705396 0.498905, -0.503357 0.000000 0.864078, -0.503349 0.000000 0.864083,
 -0.503085 -0.705393 0.499325, -0.502607 -0.705394 0.499806, -0.501832 -0.704998 -0.501141, -0.501246 -0.705395 -0.501169, -0.500905 -0.704729 0.502446,
 -0.500885 0.705395 -0.501530, -0.500766 -0.705394 -0.501649, -0.500697 0.000000 -0.865622, -0.500543 0.000000 -0.865712, -0.500466 0.704729 -0.502882,
 -0.500254 0.704729 -0.503093, -0.500000 0.000000 -0.866025, -0.500000 0.000000 0.866025, -0.498949 0.000000 0.866631, -0.498590 -0.704725 -0.504749,
 -0.498106 -0.704724 -0.505227, -0.498080 -0.705314 0.504429, -0.497316 -0.705397 0.505066, -0.497138 0.704723 0.506181, -0.495946 0.000000 0.868353,
 -0.495583 0.705391 0.506775, -0.495463 -0.705391 -0.506892, -0.495080 -0.704735 0.508177, -0.495051 0.704721 0.508225, -0.494978 -0.705391 -0.507366,
 -0.494639 0.704736 -0.508605, -0.493499 0.705390 0.508806, -0.493338 -0.704903 0.509636, -0.492754 -0.704719 -0.510456, -0.492309 0.000000 -0.870420,
 -0.492264 -0.704719 -0.510928, -0.492154 0.000000 -0.870508, -0.491477 -0.705402 0.510743, -0.490925 0.000000 -0.871202, -0.490817 0.705402 -0.511377,
 -0.490775 0.000000 -0.871287, -0.490123 0.704741 -0.512951, -0.489680 -0.704742 0.513373, -0.489618 -0.705388 -0.512545, -0.489186 -0.704743 0.513843,
 -0.489128 -0.705388 -0.513013, -0.488730 0.704743 -0.514276, -0.488458 0.704744 -0.514534, -0.488120 0.704744 -0.514855, -0.487967 0.704744 -0.514998,
 -0.487926 0.704744 -0.515037, -0.487135 0.704745 -0.515785, -0.487026 0.704745 -0.515887, -0.486979 0.704714 0.515975, -0.486914 0.704746 -0.515992,
 -0.486895 0.704746 -0.516010, -0.486856 -0.704714 -0.516091, -0.486802 0.704916 -0.515866, -0.486622 0.704746 -0.516268, -0.486567 0.000000 0.873643,
 -0.486536 0.000000 0.873661, -0.486361 -0.704714 -0.516557, -0.486067 -0.705406 0.515889, -0.485977 0.704747 -0.516873, -0.485696 0.707107 0.513906,
 -0.485572 -0.705406 0.516355, -0.485438 0.705386 0.516508, -0.484854 0.704712 0.517974, -0.483724 -0.704750 0.518979, -0.483712 -0.705385 -0.518126,
 -0.483316 0.705385 0.518495, -0.483224 -0.704750 0.519444, -0.483216 -0.705385 -0.518588, -0.482587 -0.704711 -0.520089, -0.481073 0.000000 -0.876680,
 -0.481022 0.000000 0.876708, -0.480939 0.000000 -0.876754, -0.480898 -0.704710 -0.521653, -0.480548 0.705411 -0.521027, -0.480399 -0.704709 -0.522113,
 -0.480237 0.000000 0.877139, -0.480200 0.000000 0.877159, -0.480100 -0.705411 0.521440, -0.479788 0.704755 -0.522613, -0.479599 -0.705412 0.521899,
 -0.477746 -0.705383 -0.523635, -0.477700 -0.704758 0.524518, -0.477359 0.705376 0.523997, -0.477269 -0.705377 -0.524078, -0.477246 -0.705383 -0.524091,
 -0.477195 -0.704759 0.524976, -0.476640 0.704707 0.525550, -0.476548 -0.704707 -0.525634, -0.475538 0.707107 -0.523320, -0.475242 0.000000 -0.879855,
 -0.475117 0.000000 -0.879923, -0.475113 0.705382 0.526026, -0.474882 -0.704706 -0.527141, -0.474479 0.704706 0.527504, -0.474377 -0.704705 -0.527595,
 -0.474067 -0.705417 0.526922, -0.473561 -0.705417 0.527377, -0.471977 0.000000 -0.881611, -0.471862 0.000000 -0.881672, -0.471723 -0.705381 -0.529070,
 -0.471610 -0.704767 0.529988, -0.471449 0.704767 -0.530131, -0.471158 0.000000 0.882049, -0.471147 0.000000 -0.882055, -0.471123 0.000000 0.882068,
 -0.471100 -0.704768 0.530441, -0.471033 0.000000 -0.882116, -0.470685 -0.705413 0.529950, -0.470537 0.705416 -0.530078, -0.470341 0.000000 0.882485,
 -0.470294 0.000000 0.882510, -0.470161 -0.704703 -0.531359, -0.470083 0.705421 -0.530475, -0.469495 0.000000 0.882935, -0.469446 0.000000 0.882961,
 -0.469254 0.704771 -0.532071, -0.468808 -0.704703 -0.532554, -0.468550 -0.704702 -0.532781, -0.468299 -0.704702 -0.533002, -0.468268 -0.704702 -0.533029,
 -0.467971 -0.705423 0.532336, -0.467604 -0.704702 -0.533611, -0.467460 -0.705423 0.532785, -0.466648 0.707107 0.531263, -0.466323 -0.704701 -0.534732,
 -0.466285 -0.704701 -0.534766, -0.466247 -0.704701 -0.534798, -0.466128 0.704701 0.534902, -0.465976 -0.704701 -0.535035, -0.465962 -0.704701 -0.535048,
 -0.465909 -0.704701 -0.535093, -0.465699 -0.704701 -0.535276, -0.465642 -0.705380 -0.534431, -0.465456 -0.704776 0.535388, -0.464940 -0.704777 0.535835,
 -0.464617 0.705379 0.535323, -0.463994 -0.705357 0.535892, -0.463056 0.707107 -0.534396, -0.463056 0.707107 0.534396, -0.462678 -0.704700 -0.537891,
 -0.461988 0.000000 -0.886886, -0.461912 0.000000 -0.886926, -0.461811 -0.705429 0.537680, -0.461648 0.705429 -0.537820, -0.461295 -0.705430 0.538123,
 -0.461207 0.000000 0.887293, -0.461152 0.000000 -0.887321, -0.461138 0.000000 0.887328, -0.461077 0.000000 -0.887360, -0.460763 0.704784 -0.539423,
 -0.460353 0.000000 0.887736, -0.460308 -0.704956 -0.539586, -0.460302 0.000000 0.887763, -0.460020 -0.705379 -0.539279, -0.459506 -0.705379 -0.539717,
 -0.459428 0.705432 -0.539714, -0.459238 -0.704787 0.540718, -0.459236 0.707107 -0.537682, -0.459229 0.707107 -0.537688, -0.459229 0.707107 0.537688,
 -0.459226 0.707107 0.537691, -0.458528 0.704788 -0.541319, -0.457962 0.000000 -0.888972, -0.457900 0.000000 -0.889004, -0.457339 -0.704981 0.542072,
 -0.457012 -0.704698 -0.542716, -0.456494 -0.704698 -0.543152, -0.456167 -0.705369 0.542556, -0.455590 -0.705436 0.542953, -0.455451 0.704698 0.544027,
 -0.454759 0.000000 -0.890615, -0.454522 -0.704953 -0.544473, -0.453990 0.000000 -0.891007, -0.453990 0.000000 0.891007, -0.453955 0.705378 0.544395,
 -0.453835 -0.705378 -0.544496, -0.453317 -0.705378 -0.544927, -0.453052 0.707107 -0.542903, -0.452958 -0.704797 0.545976, -0.452159 0.000000 0.891937,
 -0.452103 0.000000 0.891966, -0.451935 0.000000 -0.892051, -0.451909 0.000000 -0.892064, -0.451450 -0.705378 -0.546475, -0.451399 0.705441 -0.546436,
 -0.451121 0.000000 0.892463, -0.451094 0.000000 -0.892476, -0.451083 0.000000 -0.892482, -0.451073 0.000000 0.892487, -0.450847 0.705441 -0.546891,
 -0.450779 -0.704697 -0.547906, -0.450599 -0.704997 0.547668, -0.450283 0.000000 0.892886, -0.450257 -0.704697 -0.548335, -0.450230 0.000000 0.892913,
 -0.449889 0.704803 -0.548501, -0.449307 -0.705443 0.548154, -0.448590 0.705444 -0.548740, -0.447616 0.704807 -0.550352, -0.447597 -0.705378 -0.549635,
 -0.447148 -0.704807 0.550731, -0.447074 -0.705378 -0.550060, -0.446617 -0.704808 0.551161, -0.444714 0.000000 -0.895673, -0.444617 0.704696 0.552919,
 -0.444494 -0.704696 -0.553017, -0.444148 0.000000 -0.895954, -0.444126 0.000000 -0.895964, -0.443968 -0.704696 -0.553440, -0.443780 0.707107 0.550508,
 -0.443497 -0.705450 0.552857, -0.443136 0.705378 0.553238, -0.443073 -0.705378 -0.553288, -0.442966 -0.705451 0.553281, -0.441876 0.000000 -0.897076,
 -0.441824 0.000000 -0.897102, -0.441308 -0.705378 -0.554697, -0.441132 0.000000 -0.897442, -0.440989 0.000000 0.897512, -0.440979 0.000000 -0.897518,
 -0.440933 0.000000 0.897540, -0.440781 -0.705379 -0.555116, -0.440752 -0.704819 0.555848, -0.440569 0.000000 -0.897719, -0.440499 0.000000 -0.897753,
 -0.440216 -0.704820 0.556272, -0.440137 0.000000 0.897930, -0.440084 0.000000 0.897957, -0.439867 0.705455 -0.555743, -0.438834 0.704823 -0.557360,
 -0.438311 0.000000 0.898824, -0.438186 0.000000 0.898884, -0.438160 -0.704696 -0.558050, -0.437629 -0.704696 -0.558466, -0.437574 0.705458 -0.557547,
 -0.437102 -0.705458 0.557916, -0.436566 -0.705459 0.558335, -0.436525 0.704827 -0.559165, -0.434968 -0.705379 -0.559681, -0.434597 0.000000 -0.900625,
 -0.434581 0.000000 0.900633, -0.434534 0.000000 0.900656, -0.434448 0.705379 0.560085, -0.434438 -0.705379 -0.560093, -0.434298 -0.704831 0.560891,
 -0.434100 0.000000 -0.900865, -0.433757 -0.704832 0.561308, -0.433631 0.704696 0.561575, -0.433545 0.000000 -0.901132, -0.433283 0.000000 -0.901258,
 -0.433212 0.000000 -0.901292, -0.432951 0.707107 -0.559065, -0.432166 0.705380 0.561847, -0.431859 -0.704836 0.562765, -0.431850 0.000000 -0.901946,
 -0.431795 0.000000 -0.901972, -0.431776 -0.704696 -0.563003, -0.431763 -0.704836 0.562838, -0.431662 0.000000 -0.902036, -0.431661 0.000000 -0.902036,
 -0.431536 -0.704837 0.563012, -0.431470 0.000000 -0.902127, -0.431424 0.000000 -0.902149, -0.431242 -0.704696 -0.563412, -0.431086 -0.704837 0.563355,
 -0.431082 0.000000 -0.902313, -0.431073 -0.704837 0.563365, -0.430976 -0.704838 0.563439, -0.430955 0.000000 -0.902373, -0.430812 0.000000 -0.902442,
 -0.430764 0.000000 0.902465, -0.430723 0.000000 0.902484, -0.430650 -0.705467 0.562901, -0.430552 -0.704838 0.563762, -0.430408 -0.704839 0.563872,
 -0.430126 -0.704839 0.564086, -0.430110 -0.705467 0.563313, -0.429906 0.000000 0.902873, -0.429852 0.000000 -0.902899, -0.429841 -0.704840 0.564303,
 -0.428716 0.705469 -0.564372, -0.428581 -0.705381 -0.564585, -0.427606 0.704844 -0.565993, -0.427241 -0.704845 0.566267, -0.426696 0.000000 -0.904395,
 -0.426539 0.000000 -0.904469, -0.426388 0.705472 -0.566129, -0.425777 0.705057 -0.567105, -0.425484 -0.704848 0.567584, -0.425345 -0.704697 -0.567876,
 -0.425261 0.704849 -0.567751, -0.424817 0.704698 0.568271, -0.424807 -0.704698 -0.568278, -0.424143 -0.705475 0.567809, -0.423598 -0.705476 0.568215,
 -0.423365 0.705382 0.568506, -0.423057 0.000000 -0.906103, -0.422882 0.000000 -0.906184, -0.422504 0.704698 0.569992, -0.422462 -0.705478 0.569058,
 -0.422146 -0.705382 -0.569411, -0.421967 0.705067 -0.569934, -0.421639 0.000000 -0.906764, -0.421452 0.000000 -0.906851, -0.421054 0.705383 0.570218,
 -0.420717 -0.704855 0.571119, -0.420535 0.000000 0.907277, -0.420484 0.000000 0.907300, -0.420459 0.000000 0.907312, -0.420450 0.000000 0.907316,
 -0.418874 -0.704851 0.572477, -0.418868 -0.704699 -0.572668, -0.417400 0.705485 -0.572773, -0.417032 -0.705485 0.573040, -0.416799 0.000000 0.908999,
 -0.416768 0.000000 0.909013, -0.416523 0.704846 -0.574196, -0.416208 -0.705384 -0.573763, -0.416163 -0.704941 -0.574340, -0.415666 -0.705384 -0.574155,
 -0.415415 0.000000 -0.909632, -0.415415 0.000000 0.909632, -0.414888 0.705385 0.574718, -0.413582 0.704701 0.576495, -0.413286 0.704701 0.576707,
 -0.413188 0.704701 0.576777, -0.412958 0.704701 0.576942, -0.412893 -0.704701 -0.576988, -0.412501 0.704702 0.577268, -0.412488 0.704702 0.577278,
 -0.412389 0.704702 0.577348, -0.412347 -0.704702 -0.577378, -0.412258 0.000000 -0.911067, -0.412144 0.705386 0.576687, -0.411959 0.704702 0.577655,
 -0.411812 0.704702 0.577759, -0.411526 0.704702 0.577963, -0.411394 0.000000 -0.911458, -0.411371 -0.705440 0.577173, -0.411241 0.704702 0.578166,
 -0.411237 0.704702 0.578169, -0.411203 0.000000 -0.911544, -0.410982 0.000000 0.911643, -0.410148 0.000000 0.912019, -0.410119 0.000000 0.912032,
 -0.409806 0.705387 0.578350, -0.409688 -0.705387 -0.578433, -0.409143 -0.705387 -0.578819, -0.409022 0.000000 -0.912525, -0.408822 0.000000 -0.912614,
 -0.408706 -0.704830 0.579805, -0.407557 0.707107 0.577838, -0.406817 0.704704 0.581285, -0.406705 0.000000 -0.913560, -0.406629 0.000000 0.913593,
 -0.406333 -0.704704 -0.581623, -0.406191 0.705486 -0.580774, -0.405784 -0.704705 -0.582006, -0.405669 -0.705063 0.581652, -0.405618 0.704824 -0.581977,
 -0.405330 0.000000 -0.914171, -0.405144 0.000000 -0.914253, -0.404285 -0.705431 0.582168, -0.403125 -0.705390 -0.583023, -0.402875 -0.704819 0.583885,
 -0.402576 -0.705390 -0.583402, -0.402562 0.000000 0.915393, -0.402558 0.000000 0.915394, -0.402403 0.000000 -0.915463, -0.402342 -0.704818 0.584253,
 -0.402217 0.704706 0.584474, -0.401941 0.000000 -0.915666, -0.401779 0.000000 -0.915737, -0.401081 0.000000 -0.916043, -0.400920 0.000000 -0.916113,
 -0.400795 0.705391 0.584626, -0.400689 0.000000 0.916214, -0.400603 0.000000 0.916252, -0.399955 0.704708 0.586023, -0.399850 0.704708 0.586094,
 -0.399742 0.000000 0.916628, -0.399736 0.000000 0.916631, -0.399731 -0.704708 -0.586176, -0.399317 0.707107 0.583563, -0.399179 -0.704708 -0.586552,
 -0.398839 0.000000 0.917021, -0.398835 0.000000 0.917023, -0.398785 -0.705475 0.585897, -0.398431 0.705392 0.586238, -0.398338 -0.704941 -0.586844,
 -0.398249 -0.705475 0.586262, -0.396521 -0.705393 -0.587530, -0.396452 -0.704807 0.588279, -0.395969 -0.705393 -0.587902, -0.395914 -0.704807 0.588643,
 -0.395112 0.705470 -0.588386, -0.394516 0.704804 -0.589583, -0.393549 -0.705053 0.589932, -0.393466 -0.705418 0.589551, -0.393089 -0.704712 -0.590645,
 -0.392534 -0.704712 -0.591014, -0.392388 0.704800 -0.591006, -0.392328 -0.705467 0.590251, -0.391918 0.000000 -0.920000, -0.391918 0.000000 0.920000,
 -0.391787 -0.705466 0.590611, -0.391652 -0.704943 -0.591323, -0.391539 0.000000 -0.920161, -0.391439 0.000000 -0.920204, -0.391073 0.000000 -0.920359,
 -0.390976 0.000000 -0.920401, -0.390796 0.707107 -0.589303, -0.390732 0.704714 0.592205, -0.390669 0.000000 -0.920531, -0.390573 0.000000 -0.920572,
 -0.390186 0.000000 0.920736, -0.390178 0.000000 0.920739, -0.389964 -0.704796 0.592613, -0.389878 -0.705397 -0.591955, -0.389420 -0.704795 0.592972,
 -0.389324 0.705397 0.592319, -0.389322 -0.705397 -0.592320, -0.389307 0.000000 0.921108, -0.389288 0.000000 0.921116, -0.388341 0.704715 0.593774,
 -0.387853 0.707107 -0.591244, -0.387303 0.000000 -0.921952, -0.387253 0.000000 -0.921973, -0.386410 -0.704717 -0.595031, -0.385879 0.704790 -0.595289,
 -0.385851 -0.704717 -0.595393, -0.385807 -0.705458 0.594543, -0.385574 0.704789 -0.595487, -0.385261 -0.705458 0.594898, -0.384516 0.000000 0.923119,
 -0.384488 0.000000 0.923130, -0.383843 0.705456 -0.595816, -0.383412 -0.704786 0.596886, -0.383221 0.704785 -0.597008, -0.383196 -0.705401 -0.596297,
 -0.382863 -0.704785 0.597239, -0.382291 0.707107 -0.594856, -0.382291 0.707107 0.594856, -0.381060 0.000000 -0.924550, -0.381014 0.000000 -0.924569,
 -0.380768 0.000000 0.924671, -0.380727 0.000000 0.924688, -0.380177 0.000000 -0.924914, -0.380141 0.000000 -0.924929, -0.379713 0.000000 0.925105,
 -0.379693 -0.704722 -0.599333, -0.379669 0.000000 0.925122, -0.379305 0.704780 -0.599511, -0.379225 -0.705450 0.598773, -0.379134 0.704723 0.599686,
 -0.379132 -0.704723 -0.599688, -0.378982 0.704779 -0.599716, -0.378838 0.000000 0.925463, -0.378794 0.000000 0.925481, -0.378673 -0.705450 0.599122,
 -0.378620 0.704778 -0.599945, -0.378450 0.704778 -0.600053, -0.378404 0.704778 -0.600082, -0.377740 0.705405 0.599764, -0.377517 0.704777 -0.600642,
 -0.377394 0.704777 -0.600719, -0.377269 0.704776 -0.600798, -0.377239 0.704776 -0.600817, -0.376934 0.704776 -0.601009, -0.376797 -0.704776 0.601095,
 -0.376478 -0.705406 -0.600556, -0.376242 -0.704775 0.601443, -0.376215 0.704775 -0.601460, -0.374772 0.705445 -0.601576, -0.374129 0.704772 -0.602764,
 -0.372942 -0.704728 -0.603550, -0.372891 0.000000 -0.927875, -0.372887 0.000000 -0.927877, -0.372580 -0.705443 0.602939, -0.372386 0.705442 -0.603058,
 -0.372023 -0.705442 0.603283, -0.371740 -0.704729 -0.604290, -0.371738 0.704769 -0.604245, -0.370508 0.000000 -0.928829, -0.370501 0.000000 -0.928832,
 -0.370289 -0.705411 -0.604386, -0.370119 -0.704766 0.605241, -0.369892 -0.704952 -0.605163, -0.369724 -0.705411 -0.604731, -0.369628 0.000000 -0.929180,
 -0.369570 0.000000 -0.929203, -0.369213 0.000000 0.929345, -0.369139 0.000000 0.929374, -0.369006 0.000000 -0.929427, -0.368336 0.000000 0.929693,
 -0.368261 0.000000 0.929723, -0.367431 0.704733 0.606915, -0.366723 -0.704734 -0.607342, -0.366363 0.000000 0.930472, -0.366284 0.000000 0.930503,
 -0.366156 -0.704735 -0.607683, -0.366050 0.705414 0.606959, -0.366050 -0.705394 0.606982, -0.365874 -0.705436 0.607039, -0.364953 -0.704736 -0.608405,
 -0.363505 -0.705416 -0.608484, -0.363380 -0.704757 0.609321, -0.363171 0.705433 -0.608664, -0.362937 -0.705417 -0.608822, -0.362755 0.705034 -0.609373,
 -0.362499 0.704756 -0.609847, -0.360749 0.705430 -0.610105, -0.360070 0.704753 -0.611287, -0.359926 0.000000 -0.932981, -0.359909 -0.704741 -0.611396,
 -0.359881 0.000000 -0.932998, -0.359585 -0.705033 0.611251, -0.359339 -0.704742 -0.611731, -0.359109 -0.705429 0.611074, -0.359040 0.000000 -0.933322,
 -0.358886 0.000000 -0.933382, -0.358686 0.000000 0.933458, -0.358583 0.000000 0.933498, -0.358561 -0.705416 -0.611410, -0.358542 0.705413 0.611424,
 -0.358119 -0.704743 -0.612444, -0.357805 -0.704744 -0.612628, -0.357704 0.000000 0.933835, -0.357415 -0.704744 -0.612854, -0.357240 -0.704744 -0.612956,
 -0.357192 -0.704744 -0.612984, -0.357150 -0.704750 0.613002, -0.356688 -0.705422 -0.612497, -0.356581 -0.704749 0.613334, -0.356282 -0.704745 -0.613513,
 -0.356156 -0.704745 -0.613585, -0.356119 -0.705423 -0.612828, -0.356028 -0.704746 -0.613660, -0.356006 -0.704746 -0.613672, -0.355691 -0.704746 -0.613854,
 -0.355631 0.704746 0.613889, -0.355142 0.000000 0.934812, -0.354951 -0.704747 -0.614282, -0.354570 0.000000 -0.935030, -0.354508 0.000000 -0.935053,
 -0.354262 0.705424 0.613901, -0.353063 -0.704749 -0.615366, -0.352856 -0.705423 0.614712, -0.352695 0.707107 0.612867, -0.352491 -0.704750 -0.615693,
 -0.352285 -0.705422 0.615041, -0.351392 0.705422 -0.615552, -0.350689 0.704742 -0.616730, -0.350296 -0.704742 0.616953, -0.350116 -0.705414 0.616287,
 -0.349982 0.705420 -0.616357, -0.349842 -0.705429 -0.616426, -0.349722 -0.704741 0.617280, -0.349275 0.000000 -0.937020, -0.349269 -0.705429 -0.616750,
 -0.349206 0.000000 -0.937046, -0.348933 0.705419 -0.616951, -0.348223 0.704740 -0.618128, -0.348126 0.000000 0.937448, -0.348121 0.000000 0.937450,
 -0.347994 0.000000 0.937497, -0.347989 0.000000 0.937498, -0.347098 0.705418 -0.617987, -0.346189 -0.704757 -0.619250, -0.345978 -0.705417 0.618616,
 -0.345614 -0.704758 -0.619570, -0.345402 -0.705416 0.618939, -0.345049 0.707107 0.617204, -0.344849 0.705433 0.619228, -0.343742 0.704760 0.620608,
 -0.343384 -0.704735 0.620835, -0.342966 -0.705435 -0.620271, -0.342805 -0.704734 0.621156, -0.342691 -0.705379 0.620486, -0.342391 -0.705436 -0.620587,
 -0.342384 0.705436 0.620591, -0.339441 0.705412 -0.622234, -0.339370 0.000000 -0.940653, -0.339286 -0.704766 -0.623049, -0.339043 -0.705411 0.622450,
 -0.339038 0.000000 0.940773, -0.338880 0.000000 0.940830, -0.338710 -0.704767 -0.623361, -0.338703 0.704730 -0.623406, -0.338560 0.000000 -0.940945,
 -0.338508 0.000000 0.940963, -0.338481 0.000000 -0.940973, -0.338463 -0.705411 0.622767, -0.338380 0.000000 0.941009, -0.337770 0.000000 0.941229,
 -0.337749 0.000000 0.941236, -0.337654 -0.705441 -0.623172, -0.337590 0.000000 0.941293, -0.337491 0.000000 0.941329, -0.337371 0.000000 0.941372,
 -0.336946 0.705410 -0.623590, -0.336895 0.000000 0.941542, -0.336659 0.000000 0.941627, -0.336414 -0.704728 0.624647, -0.336201 0.704728 -0.624762,
 -0.336197 0.000000 0.941792, -0.336062 -0.705442 -0.624030, -0.336054 0.000000 -0.941843, -0.335960 0.000000 -0.941876, -0.335830 -0.704728 0.624962,
 -0.335729 0.000000 0.941959, -0.334255 0.704773 0.625754, -0.333333 0.707107 -0.623610, -0.333328 0.707107 -0.623613, -0.333328 0.707107 0.623613,
 -0.333316 0.707107 0.623619, -0.332905 0.705446 0.625716, -0.332358 -0.704776 -0.626761, -0.332053 -0.705406 0.626213, -0.331780 -0.704776 -0.627067,
 -0.331772 0.704776 0.627070, -0.331467 -0.705406 0.626524, -0.331371 0.705027 -0.627001, -0.330425 0.705449 0.627026, -0.329680 0.000000 0.944093,
 -0.329607 0.000000 0.944118, -0.329387 -0.704722 0.628388, -0.329133 -0.705450 -0.627703, -0.328798 -0.704722 0.628696, -0.328688 0.000000 -0.944439,
 -0.328597 0.000000 0.944470, -0.328589 0.000000 -0.944473, -0.327788 0.000000 -0.944751, -0.327676 0.000000 0.944790, -0.327673 0.000000 -0.944791,
 -0.327467 0.000000 0.944863, -0.327321 0.705403 -0.628703, -0.326781 0.000000 0.945100, -0.326731 0.000000 0.945117, -0.326547 0.704720 -0.629870,
 -0.326121 -0.705027 0.629748, -0.325406 -0.704786 -0.630388, -0.325124 -0.704986 -0.630309, -0.325007 -0.705401 0.629904, -0.324417 -0.705401 0.630209,
 -0.323962 0.707107 -0.628529, -0.322760 -0.705457 -0.630996, -0.322305 -0.704717 0.632055, -0.322227 0.704790 0.632013, -0.322179 -0.705458 -0.631292,
 -0.322010 -0.704989 -0.631902, -0.320886 0.705460 0.631948, -0.319730 0.704794 0.633276, -0.319013 -0.704795 -0.633636, -0.318430 -0.704796 -0.633928,
 -0.318391 0.705463 0.633206, -0.317907 -0.705397 0.633522, -0.317869 0.000000 -0.948135, -0.317839 -0.705368 0.633588, -0.317758 0.000000 -0.948172,
 -0.317532 0.000000 0.948247, -0.317370 0.000000 -0.948302, -0.317273 0.000000 -0.948334, -0.316964 0.000000 -0.948437, -0.316903 0.000000 0.948458,
 -0.316863 0.000000 -0.948471, -0.316860 0.000000 0.948472, -0.316272 -0.704713 0.635100, -0.316167 -0.704713 0.635152, -0.316010 0.000000 0.948756,
 -0.316002 0.000000 0.948759, -0.315918 -0.704713 0.635276, -0.315785 -0.705466 -0.634506, -0.315508 -0.705396 0.634721, -0.315425 -0.704712 0.635522,
 -0.315411 -0.704712 0.635529, -0.315304 -0.704712 0.635582, -0.315202 -0.705466 -0.634795, -0.315168 -0.704712 0.635649, -0.315039 0.705395 -0.634955,
 -0.314840 -0.704712 0.635812, -0.314682 -0.704712 0.635890, -0.314373 -0.704712 0.636043, -0.314226 0.704711 -0.636116, -0.314060 -0.704711 0.636198,
 -0.312017 -0.704806 -0.637098, -0.311433 -0.704807 -0.637382, -0.311053 0.000000 0.950392, -0.311028 0.000000 0.950401, -0.310755 -0.705393 0.637065,
 -0.310599 -0.705028 0.637545, -0.310133 0.704809 0.638014, -0.309284 -0.704709 0.638537, -0.309017 0.000000 -0.951057, -0.309017 0.000000 0.951057,
 -0.308800 0.705474 0.637925, -0.308788 -0.705474 -0.637931, -0.308580 -0.704708 0.638878, -0.308204 -0.705475 -0.638212, -0.307978 -0.704708 0.639168,
 -0.307623 0.704813 0.639223, -0.307003 0.000000 -0.951708, -0.306904 0.000000 -0.951740, -0.306291 0.705478 0.639130, -0.306273 0.705478 0.639139,
 -0.306114 0.000000 0.951995, -0.306096 0.000000 -0.952001, -0.306066 0.000000 0.952010, -0.305990 0.000000 -0.952035, -0.305209 0.000000 0.952285,
 -0.305160 0.000000 0.952301, -0.305002 -0.704818 -0.640473, -0.304417 -0.704819 -0.640750, -0.304153 -0.705390 0.640247, -0.303930 0.707107 0.638456,
 -0.303551 -0.705390 0.640533, -0.302600 0.705389 -0.640983, -0.302454 0.000000 -0.953164, -0.302360 0.000000 -0.953194, -0.301858 -0.704705 0.642085,
 -0.301772 -0.705483 -0.641270, -0.301747 0.704705 -0.642137, -0.301342 -0.704705 0.642327, -0.300736 -0.704704 0.642611, -0.298550 0.000000 -0.954394,
 -0.298456 0.000000 -0.954424, -0.297980 0.704830 0.643757, -0.297969 -0.704830 -0.643762, -0.297381 -0.704831 -0.644032, -0.296903 -0.705387 0.643644,
 -0.296653 0.705490 0.643646, -0.296296 -0.705387 0.643924, -0.296148 0.000000 0.955142, -0.296106 0.000000 0.955155, -0.296099 0.000000 -0.955157,
 -0.296011 0.000000 -0.955185, -0.295459 0.704834 0.644913, -0.295251 0.000000 0.955420, -0.295188 0.000000 -0.955439, -0.295172 0.000000 0.955444,
 -0.295100 0.000000 -0.955466, -0.294736 -0.705493 -0.644523, -0.294606 0.704836 0.645301, -0.294501 0.704836 0.645349, -0.294342 0.000000 0.955700,
 -0.294261 0.000000 0.955725, -0.294255 0.704837 0.645460, -0.294054 -0.704702 0.645700, -0.294028 0.705032 -0.645350, -0.293768 0.704837 0.645681,
 -0.293754 0.704837 0.645688, -0.293743 0.707107 -0.643207, -0.293743 0.707107 0.643207, -0.293649 0.704838 0.645735, -0.293444 -0.704701 0.645977,
 -0.293190 0.704838 0.645943, -0.293034 0.704839 0.646013, -0.292729 0.704839 0.646151, -0.292420 0.704840 0.646290, -0.292282 0.000000 0.956332,
 -0.292196 0.000000 0.956358, -0.291741 0.704701 -0.646749, -0.291477 0.707107 -0.644237, -0.290918 -0.704843 -0.646965, -0.290011 0.705385 -0.646781,
 -0.289603 -0.705384 0.646964, -0.289115 0.704700 -0.647928, -0.288993 -0.705384 0.647238, -0.287718 0.704848 0.648388, -0.287337 -0.705485 -0.647865,
 -0.286715 -0.704699 0.648994, -0.286101 -0.704699 0.649265, -0.285776 0.704852 0.649242, -0.285161 0.000000 -0.958480, -0.285100 0.000000 -0.958498,
 -0.284326 0.000000 0.958728, -0.284263 0.000000 -0.958746, -0.284248 0.000000 -0.958751, -0.284226 0.000000 0.958757, -0.283929 0.705480 0.649370,
 -0.283852 -0.704856 -0.650082, -0.283550 0.000000 -0.958957, -0.283492 0.000000 -0.958975, -0.283411 0.000000 0.958999, -0.282256 -0.705382 0.650206,
 -0.281733 0.000000 -0.959493, -0.281733 0.000000 0.959493, -0.281641 -0.705382 0.650473, -0.280263 0.704851 0.651642, -0.279925 0.705382 -0.651213,
 -0.279874 -0.705476 -0.651134, -0.279628 0.000000 -0.960109, -0.279580 0.000000 -0.960122, -0.279328 -0.704698 0.652209, -0.279181 0.707107 0.649660,
 -0.278992 0.704697 -0.652353, -0.278710 -0.704697 0.652474, -0.277287 0.000000 0.960787, -0.277278 0.705381 -0.652345, -0.277154 0.000000 0.960826,
 -0.276505 -0.705363 0.652693, -0.276363 -0.704844 -0.653313, -0.276336 0.704697 -0.653483, -0.274861 -0.705381 0.653368, -0.274242 -0.705380 0.653628,
 -0.274197 0.000000 -0.961673, -0.274169 0.000000 -0.961682, -0.273350 0.000000 0.961915, -0.273330 0.000000 0.961920, -0.273236 0.000000 0.961947,
 -0.273216 0.000000 0.961953, -0.272997 -0.705467 -0.654055, -0.272912 0.704838 0.654769, -0.272370 -0.705467 -0.654317, -0.271894 -0.704696 0.655345,
 -0.271073 0.000000 -0.962559, -0.270964 0.705465 0.654903, -0.270436 0.704696 -0.655948, -0.268807 -0.704832 -0.656472, -0.267421 -0.705379 0.656450,
 -0.267088 -0.705364 0.656601, -0.267082 0.705379 -0.656588, -0.266102 0.704696 -0.657718, -0.265459 -0.705459 -0.657160, -0.264829 -0.705458 -0.657415,
 -0.264585 0.000000 -0.964362, -0.264570 0.000000 -0.964366, -0.264414 -0.704696 0.658399, -0.264408 0.705379 -0.657669, -0.264138 0.000000 -0.964485,
 -0.264102 -0.704989 -0.658210, -0.263418 0.704696 -0.658798, -0.263217 0.000000 -0.964737, -0.263214 0.000000 -0.964738, -0.263128 0.000000 0.964761,
 -0.262898 0.704696 -0.659006, -0.262332 0.000000 0.964978, -0.262207 0.000000 0.965012, -0.261849 -0.704820 -0.659290, -0.261214 -0.704819 -0.659543,
 -0.260676 0.000000 -0.965426, -0.260636 0.000000 -0.965437, -0.260011 0.000000 -0.965606, -0.259937 -0.705379 0.659450, -0.259791 0.704817 0.660107,
 -0.259082 -0.705049 0.660138, -0.259021 -0.705363 0.659826, -0.258819 0.000000 -0.965926, -0.258819 0.000000 0.965926, -0.258189 0.000000 0.966094,
 -0.258080 0.000000 0.966124, -0.257886 0.705451 0.660177, -0.257884 -0.705451 -0.660178, -0.257519 -0.704696 0.661126, -0.257251 -0.705450 -0.660425,
 -0.256890 -0.704696 0.661371, -0.255314 0.704696 -0.661981, -0.255191 -0.705052 0.661649, -0.254941 0.704696 -0.662124, -0.254526 0.704696 -0.662284,
 -0.254329 0.704696 -0.662359, -0.254276 0.704696 -0.662380, -0.254237 0.000000 0.967142, -0.254223 -0.704809 -0.662280, -0.254121 0.000000 0.967172,
 -0.254107 0.705378 -0.661718, -0.253976 -0.704973 -0.662201, -0.253586 -0.704808 -0.662526, -0.253256 0.704696 -0.662770, -0.253192 0.000000 -0.967416,
 -0.253134 0.000000 -0.967431, -0.253115 0.704696 -0.662824, -0.253078 0.704696 -0.662838, -0.253039 -0.705378 0.662128, -0.252991 0.707107 0.660300,
 -0.252971 0.704696 -0.662879, -0.252937 0.704696 -0.662892, -0.252586 0.704696 -0.663026, -0.252409 -0.705378 0.662368, -0.252307 0.000000 -0.967647,
 -0.252267 0.000000 0.967658, -0.252217 0.000000 -0.967671, -0.252070 0.000000 0.967709, -0.251761 0.707107 -0.660769, -0.251760 0.704696 -0.663340,
 -0.251407 0.705378 -0.662749, -0.251261 0.000000 0.967919, -0.251146 0.000000 0.967949, -0.250367 0.704697 -0.663867, -0.250274 -0.705443 -0.663108,
 -0.249954 -0.704697 0.664022, -0.249637 -0.705443 -0.663349, -0.249322 -0.704697 0.664260, -0.248912 0.000000 -0.968526, -0.248640 -0.704800 -0.664405,
 -0.248368 0.000000 -0.968666, -0.247761 0.000000 -0.968821, -0.247474 0.000000 -0.968895, -0.247439 0.705441 0.664174, -0.247397 0.000000 -0.968914,
 -0.246565 0.704797 0.665181, -0.246563 -0.704797 -0.665182, -0.245923 -0.704797 -0.665420, -0.245906 0.000000 -0.969294, -0.245701 0.000000 -0.969346,
 -0.245647 0.000000 -0.969359, -0.245548 0.000000 -0.969384, -0.245491 0.000000 -0.969399, -0.245473 -0.705378 0.664970, -0.245441 0.000000 -0.969412,
 -0.244928 0.000000 -0.969541, -0.244841 -0.705378 0.665203, -0.244703 0.705438 0.665190, -0.243723 0.000000 -0.969845, -0.242629 -0.705436 -0.665951,
 -0.242348 -0.704698 0.666834, -0.242259 0.000000 -0.970212, -0.242131 0.000000 -0.970244, -0.241991 -0.705436 -0.666184, -0.241818 0.000000 -0.970322,
 -0.241712 -0.704698 0.667065, -0.241610 0.000000 -0.970373, -0.241324 0.000000 -0.970445, -0.241213 0.000000 -0.970472, -0.241124 0.000000 0.970494,
 -0.241008 0.705378 -0.666601, -0.240985 0.000000 0.970529, -0.240980 -0.704790 -0.667233, -0.240151 0.000000 0.970736, -0.240060 0.000000 0.970758,
 -0.240023 0.707107 -0.665123, -0.239926 0.704699 -0.667709, -0.239014 0.000000 0.971016, -0.238918 0.000000 0.971040, -0.238871 -0.704787 -0.667994,
 -0.238282 0.705379 -0.667580, -0.238228 -0.704786 -0.668225, -0.237867 -0.705379 0.667727, -0.237232 -0.705379 0.667954, -0.237190 0.704699 -0.668685,
 -0.236006 0.704783 0.669016, -0.235018 0.000000 0.971991, -0.234953 -0.705429 -0.668705, -0.234945 0.000000 0.972009, -0.234701 -0.704700 0.669562,
 -0.234177 0.705429 0.668978, -0.234062 -0.704700 0.669786, -0.233285 -0.704780 -0.669973, -0.233241 0.704779 0.669988, -0.232907 -0.704779 -0.670105,
 -0.232486 -0.704778 -0.670252, -0.232287 -0.704778 -0.670321, -0.232233 -0.704778 -0.670340, -0.231422 0.705426 0.669939, -0.231247 0.000000 -0.972895,
 -0.231199 -0.704777 -0.670699, -0.231147 -0.704777 -0.670717, -0.231127 0.000000 -0.972924, -0.231056 -0.704777 -0.670748, -0.230910 -0.704776 -0.670798,
 -0.230875 -0.704776 -0.670811, -0.230829 0.705070 -0.670518, -0.230520 -0.704776 -0.670933, -0.230501 -0.704776 -0.670940, -0.230341 0.000000 -0.973110,
 -0.230223 -0.705380 0.670401, -0.230209 0.000000 -0.973141, -0.229942 0.000000 0.973204, -0.229937 0.705380 -0.670499, -0.229881 0.000000 0.973219,
 -0.229683 -0.704775 -0.671221, -0.229598 0.000000 -0.973286, -0.229584 -0.705380 0.670620, -0.229019 0.000000 0.973422, -0.228955 0.000000 0.973437,
 -0.227790 0.705380 -0.671231, -0.227246 -0.705423 -0.671370, -0.227015 -0.704702 0.672204, -0.226655 0.704703 -0.672326, -0.226630 0.000000 -0.973981,
 -0.226514 0.000000 -0.974008, -0.226373 -0.704703 0.672421, -0.223812 -0.705420 -0.672526, -0.223556 0.705414 0.672617, -0.223394 -0.704767 -0.673349,
 -0.222686 0.000000 -0.974890, -0.222610 0.704766 0.673609, -0.222541 -0.705381 0.672988, -0.221899 -0.705381 0.673200, -0.221724 0.705078 -0.673575,
 -0.220824 0.705418 0.673515, -0.220625 -0.705418 -0.673580, -0.220196 0.000000 -0.975456, -0.220156 -0.705417 -0.673734, -0.220101 0.000000 -0.975477,
 -0.219828 0.704763 0.674526, -0.219730 0.000000 0.975561, -0.219701 0.000000 0.975567, -0.219510 -0.705417 -0.673945, -0.219292 -0.704706 0.674760,
 -0.219284 0.000000 -0.975661, -0.219179 0.000000 -0.975685, -0.218884 -0.704918 -0.674670, -0.218800 0.000000 0.975770, -0.218764 0.000000 0.975778,
 -0.218051 0.705416 0.674420, -0.217866 0.000000 0.975979, -0.217837 0.000000 0.975985, -0.216262 -0.704759 -0.675681, -0.215612 -0.704758 -0.675890,
 -0.215117 0.705380 -0.675399, -0.214972 -0.705379 0.675446, -0.214823 -0.705383 0.675489, -0.214461 0.705383 -0.675604, -0.214215 -0.705381 0.675684,
 -0.213271 0.704709 -0.676684, -0.212395 -0.705412 -0.676227, -0.211746 -0.705411 -0.676431, -0.211532 -0.704709 0.677229, -0.210007 0.707107 0.675201,
 -0.209131 0.704751 0.677930, -0.209082 0.000000 -0.977898, -0.209020 0.000000 -0.977911, -0.208457 -0.704751 -0.678139, -0.208114 0.000000 -0.978105,
 -0.208094 0.000000 -0.978109, -0.208028 0.000000 -0.978123, -0.207805 -0.704750 -0.678340, -0.207779 0.000000 0.978176, -0.207642 0.000000 0.978205,
 -0.207620 0.000000 0.978209, -0.207428 0.000000 -0.978250, -0.207389 0.705408 0.677782, -0.207370 0.000000 -0.978262, -0.207071 -0.705385 0.677904,
 -0.206687 0.000000 0.978407, -0.206484 -0.705385 0.678082, -0.206333 0.704748 0.678790, -0.205480 -0.705095 0.678690, -0.204607 -0.705407 -0.678629,
 -0.204599 0.705407 0.678632, -0.204388 -0.704713 0.679415, -0.203957 -0.705406 -0.678825, -0.203737 -0.704714 0.679610, -0.201030 0.705387 -0.679717,
 -0.200626 -0.704743 -0.680505, -0.200464 0.000000 0.979701, -0.200409 0.000000 0.979712, -0.200285 0.707107 0.678149, -0.199972 -0.704742 -0.680698,
 -0.199935 -0.705388 0.680040, -0.199782 0.704716 -0.680780, -0.199285 -0.705388 0.680230, -0.199215 0.707107 -0.678464, -0.199215 0.707107 0.678464,
 -0.197924 0.000000 -0.980217, -0.197889 0.000000 -0.980224, -0.196795 -0.705402 -0.680940, -0.196563 -0.704718 0.681715, -0.196519 0.000000 0.980500,
 -0.196442 0.000000 0.980515, -0.196143 -0.705401 -0.681129, -0.195909 -0.704719 0.681903, -0.195777 0.000000 0.980649, -0.195595 -0.705389 0.681299,
 -0.195577 0.704738 0.681978, -0.193878 0.705400 0.681779, -0.192773 -0.704736 -0.682778, -0.192764 0.704736 0.682781, -0.192121 -0.705391 0.682285,
 -0.192117 -0.704735 -0.682964, -0.191953 0.707107 -0.680554, -0.191937 0.707107 -0.680559, -0.191937 0.707107 0.680559, -0.191918 0.707107 0.680564,
 -0.191468 -0.705391 0.682469, -0.189015 0.704724 -0.683841, -0.188960 -0.705397 -0.683161, -0.188706 -0.704724 0.683926, -0.188306 -0.705397 -0.683342,
 -0.188096 0.000000 -0.982151, -0.188080 0.000000 -0.982154, -0.188049 -0.704724 0.684106, -0.187663 0.000000 -0.982233, -0.187503 0.705393 -0.683567,
 -0.186875 0.707107 -0.681966, -0.186733 0.000000 -0.982411, -0.186714 0.000000 -0.982414, -0.186330 0.000000 0.982487, -0.186196 0.704726 -0.684611,
 -0.185523 0.705396 0.684104, -0.185403 0.000000 0.982662, -0.185258 0.000000 0.982690, -0.184898 -0.704729 -0.684960, -0.184814 -0.704727 0.684985,
 -0.184697 -0.704727 0.685016, -0.184421 -0.704727 0.685090, -0.184276 -0.705394 0.684442, -0.184240 -0.704728 -0.685138, -0.183871 -0.704728 0.685238,
 -0.183855 -0.704728 0.685242, -0.183736 -0.704728 0.685273, -0.183621 -0.705395 0.684618, -0.183219 -0.704728 0.685411, -0.183044 -0.704728 0.685458,
 -0.182700 -0.704729 0.685549, -0.182352 -0.704729 0.685642, -0.181957 0.704727 0.685749, -0.181835 -0.705121 0.685376, -0.181241 0.000000 0.983439,
 -0.181104 -0.705394 -0.685289, -0.181066 0.000000 0.983471, -0.180818 -0.704730 0.686047, -0.180300 0.705393 0.685501, -0.180159 -0.704731 0.686220,
 -0.180155 0.000000 0.983638, -0.177050 -0.704733 0.687026, -0.177003 -0.704723 -0.687049, -0.176713 0.705398 -0.686430, -0.176656 -0.704868 -0.686989,
 -0.176439 0.000000 -0.984312, -0.176435 0.000000 -0.984312, -0.176403 -0.705398 0.686509, -0.176343 -0.704722 -0.687219, -0.176101 0.707107 -0.684827,
 -0.175745 -0.705399 0.686678, -0.175503 0.000000 -0.984479, -0.175484 0.000000 -0.984482, -0.175357 0.704735 -0.687458, -0.175218 0.000000 0.984530,
 -0.175002 0.000000 0.984568, -0.174290 0.000000 0.984694, -0.174075 0.000000 0.984732, -0.173889 0.705400 -0.687149, -0.173229 -0.705390 -0.687326,
 -0.172902 -0.704737 0.688078, -0.172521 0.704737 -0.688173, -0.172241 -0.704737 0.688243, -0.169089 -0.704717 -0.689044, -0.168832 -0.704741 0.689084,
 -0.168677 0.000000 -0.985671, -0.168669 0.000000 -0.985673, -0.168503 -0.705403 0.688487, -0.168280 0.704717 0.689243, -0.167843 -0.705403 0.688647,
 -0.166665 0.705388 0.688949, -0.165994 -0.705387 -0.689112, -0.165335 -0.705387 -0.689270, -0.165199 0.000000 -0.986260, -0.165170 0.000000 -0.986265,
 -0.164959 -0.704744 0.690018, -0.164260 0.000000 -0.986417, -0.164242 0.000000 -0.986420, -0.164208 -0.704856 -0.690083, -0.164067 0.000000 0.986449,
 -0.163802 0.000000 0.986493, -0.163135 0.000000 0.986604, -0.163035 0.705406 -0.689799, -0.162908 0.000000 0.986641, -0.161970 0.000000 0.986796,
 -0.161821 -0.704713 -0.690792, -0.161738 0.000000 0.986834, -0.161617 0.704748 -0.690805, -0.161576 0.704713 0.690849, -0.161459 0.704713 0.690877,
 -0.161184 0.704713 0.690941, -0.161159 -0.704713 -0.690947, -0.160637 0.704712 0.691069, -0.160621 0.704712 0.691073, -0.160577 -0.705408 0.690373,
 -0.160503 0.704712 0.691100, -0.160195 0.705408 -0.690462, -0.159988 0.704712 0.691220, -0.159915 -0.705408 0.690526, -0.159813 0.704712 0.691261,
 -0.159471 0.704712 0.691340, -0.159124 0.704711 0.691420, -0.158764 0.704750 -0.691463, -0.158085 -0.705385 -0.690972, -0.157425 -0.705384 -0.691122,
 -0.156989 -0.704752 0.691866, -0.156434 0.000000 -0.987688, -0.156434 0.000000 0.987688, -0.154553 0.704709 0.692458, -0.153934 0.000000 -0.988081,
 -0.153901 0.000000 -0.988086, -0.153877 -0.704709 -0.692609, -0.153846 0.704709 0.692616, -0.153230 0.000000 -0.988191, -0.153214 -0.704708 -0.692756,
 -0.153197 0.000000 -0.988196, -0.152994 0.000000 -0.988227, -0.152979 0.705383 0.692121, -0.152947 0.000000 -0.988234, -0.152873 0.000000 0.988246,
 -0.152693 0.000000 0.988274, -0.152627 -0.705413 0.692169, -0.151938 0.000000 0.988390, -0.151753 0.000000 0.988419, -0.150297 -0.705163 0.692933,
 -0.150161 -0.705382 -0.692739, -0.149664 -0.704760 0.693480, -0.149500 -0.705382 -0.692882, -0.149283 0.705415 -0.692895, -0.149194 0.000000 -0.988808,
 -0.149141 0.000000 -0.988816, -0.148996 -0.704761 0.693623, -0.147802 0.704762 -0.693877, -0.147195 0.000000 0.989108, -0.147029 0.000000 0.989132,
 -0.146956 0.705167 -0.693645, -0.146636 0.000000 0.989191, -0.146596 0.000000 0.989196, -0.146430 0.705417 -0.693502, -0.146310 0.000000 0.989239,
 -0.146229 0.707107 0.691822, -0.145920 -0.704705 -0.694333, -0.145851 0.000000 0.989307, -0.145829 0.000000 0.989310, -0.145675 0.704705 0.694384,
 -0.145660 0.000000 0.989335, -0.145320 -0.705418 0.693734, -0.145256 -0.704705 -0.694472, -0.144935 0.704765 -0.694478, -0.144923 0.000000 0.989443,
 -0.144673 0.000000 0.989479, -0.144655 -0.705419 0.693873, -0.144184 0.000000 0.989551, -0.143689 0.000000 0.989623, -0.142651 0.000000 -0.989773,
 -0.142599 0.000000 -0.989781, -0.142574 0.000000 0.989784, -0.142467 0.000000 0.989799, -0.142315 0.000000 -0.989821, -0.142315 0.000000 0.989821,
 -0.142224 -0.705381 -0.694414, -0.142095 0.705381 0.694440, -0.141710 0.000000 -0.989908, -0.141650 -0.704769 0.695152, -0.141642 0.000000 0.989918,
 -0.141603 0.000000 -0.989924, -0.141562 -0.705381 -0.694549, -0.141529 0.000000 0.989934, -0.140981 -0.704770 0.695287, -0.140785 0.704703 0.695394,
 -0.140704 0.000000 0.990052, -0.140606 0.000000 0.990066, -0.139252 0.705380 0.695016, -0.138435 0.707107 0.693423, -0.137951 -0.704702 -0.695963,
 -0.137730 -0.705424 0.695275, -0.137329 -0.705424 0.695354, -0.137286 -0.704702 -0.696095, -0.136662 -0.705425 0.695485, -0.136146 0.000000 0.990689,
 -0.135548 0.704776 -0.696360, -0.135467 0.705426 -0.695718, -0.134275 -0.705379 -0.695996, -0.133921 0.704778 -0.696673, -0.133707 0.000000 -0.991021,
 -0.133661 0.000000 -0.991027, -0.133616 -0.704779 0.696731, -0.133612 -0.705379 -0.696123, -0.132945 -0.704780 0.696858, -0.132644 0.707107 -0.694554,
 -0.132601 0.705428 -0.696267, -0.131357 0.000000 -0.991335, -0.131301 0.000000 -0.991343, -0.131041 0.704782 -0.697216, -0.130415 0.000000 -0.991460,
 -0.130381 0.000000 0.991464, -0.130372 0.000000 0.991465, -0.130285 0.000000 -0.991477, -0.129972 -0.704700 -0.697500, -0.129843 0.704699 0.697524,
 -0.129664 0.000000 -0.991558, -0.129619 0.000000 -0.991564, -0.129442 0.000000 0.991587, -0.129318 -0.705431 0.696882, -0.129306 -0.704699 -0.697624,
 -0.129297 0.000000 0.991606, -0.128650 -0.705431 0.697005, -0.128342 0.705379 0.697115, -0.127489 0.704786 -0.697870, -0.127125 0.000000 0.991887,
 -0.127080 0.000000 0.991893, -0.126985 0.704699 0.698050, -0.126316 -0.705379 -0.697485, -0.125562 -0.704789 0.698217, -0.125492 0.705379 0.697634,
 -0.124890 -0.704790 0.698337, -0.124483 0.000000 0.992222, -0.123407 0.705202 -0.698183, -0.123122 0.000000 0.992392, -0.123087 0.000000 0.992396,
 -0.121984 -0.704698 -0.698943, -0.121595 0.705437 -0.698264, -0.121318 -0.704698 -0.699059, -0.121290 -0.705438 0.698317, -0.120620 -0.705438 0.698432,
 -0.120058 0.000000 -0.992767, -0.120006 0.000000 -0.992773, -0.119982 0.704796 -0.699190, -0.119402 0.704797 -0.699288, -0.119156 0.000000 0.992876,
 -0.119097 0.000000 0.992883, -0.119006 0.704798 -0.699355, -0.118563 0.704798 -0.699430, -0.118354 0.704798 -0.699465, -0.118349 -0.705378 -0.698881,
 -0.118298 0.704799 -0.699475, -0.117490 -0.704800 0.699610, -0.117211 0.704800 -0.699656, -0.117062 0.704800 -0.699681, -0.116909 0.704800 -0.699706,
 -0.116872 0.704800 -0.699712, -0.116817 -0.704800 0.699721, -0.116499 0.704801 -0.699774, -0.116023 0.704697 0.699958, -0.115620 0.704802 -0.699919,
 -0.114561 0.705378 0.699512, -0.114166 0.000000 -0.993462, -0.114110 0.000000 -0.993468, -0.113989 -0.704696 -0.700292, -0.113943 -0.704820 -0.700176,
 -0.113246 -0.705445 0.699659, -0.113162 0.704696 0.700427, -0.112574 -0.705446 0.699767, -0.111707 0.705378 0.699974, -0.111612 -0.704696 -0.700675,
 -0.111040 -0.705378 -0.700080, -0.110375 -0.705378 -0.700185, -0.110124 0.000000 -0.993918, -0.110067 0.000000 -0.993924, -0.109652 0.000000 -0.993970,
 -0.109403 -0.704811 0.700908, -0.108760 0.000000 -0.994068, -0.108756 -0.704820 -0.701000, -0.108738 0.000000 0.994070, -0.108715 0.000000 -0.994073,
 -0.107908 0.000000 0.994161, -0.107795 0.000000 0.994173, -0.107702 0.000000 0.994183, -0.107674 0.705450 -0.700533, -0.107589 0.000000 0.994196,
 -0.106657 -0.704696 -0.701447, -0.105993 0.704816 -0.701427, -0.105990 -0.704696 -0.701548, -0.105187 -0.705453 0.700908, -0.104933 -0.705233 0.701168,
 -0.104514 -0.705453 0.701008, -0.104280 0.705453 -0.701043, -0.103672 0.000000 0.994612, -0.103559 -0.704696 -0.701911, -0.103541 0.000000 0.994625,
 -0.103062 -0.705379 -0.701298, -0.102396 -0.705379 -0.701396, -0.102187 0.704696 0.702112, -0.101301 -0.704823 0.702113, -0.100763 0.705379 0.701632,
 -0.100632 0.707107 -0.699909, -0.100632 0.707107 0.699909, -0.099323 0.704696 0.702523, -0.098654 -0.704696 -0.702617, -0.098580 0.707107 -0.700201,
 -0.098412 0.000000 -0.995146, -0.098366 0.000000 -0.995150, -0.097986 -0.704696 -0.702711, -0.097970 0.000000 0.995189, -0.097907 0.705379 0.702036,
 -0.097634 -0.704816 -0.702639, -0.097563 0.000000 0.995229, -0.097471 0.000000 -0.995238, -0.097426 0.000000 0.995243, -0.097424 0.000000 -0.995243,
 -0.097115 -0.705461 0.702064, -0.096637 0.000000 0.995320, -0.096483 0.000000 0.995335, -0.095501 -0.704696 -0.703053, -0.095107 -0.704696 -0.703106,
 -0.095079 -0.705380 -0.702424, -0.094667 -0.704696 -0.703165, -0.094641 0.000000 -0.995511, -0.094597 0.000000 -0.995516, -0.094459 -0.704696 -0.703193,
 -0.094414 -0.705380 -0.702514, -0.094403 -0.704696 -0.703201, -0.094069 -0.705251 0.702689, -0.093970 -0.705380 -0.702573, -0.093864 -0.704834 0.703135,
 -0.093713 0.705464 -0.702523, -0.093323 -0.704696 -0.703345, -0.093174 -0.704696 -0.703365, -0.093022 -0.704696 -0.703385, -0.092985 -0.704696 -0.703390,
 -0.092614 -0.704696 -0.703438, -0.091964 0.704837 -0.703383, -0.091741 -0.704696 -0.703553, -0.090648 -0.704697 -0.703694, -0.090606 0.000000 -0.995887,
 -0.090592 0.000000 -0.995888, -0.089981 -0.704697 -0.703780, -0.089707 -0.705468 0.703041, -0.089033 -0.705469 0.703126, -0.088343 0.704697 0.703987,
 -0.088196 0.000000 0.996103, -0.088021 0.000000 0.996119, -0.087137 0.000000 -0.996196, -0.087100 0.000000 -0.996200, -0.087095 -0.705381 -0.703457,
 -0.086955 0.705381 0.703475, -0.086429 -0.705381 -0.703539, -0.086304 0.000000 0.996269, -0.086197 0.000000 -0.996278, -0.086158 0.000000 -0.996282,
 -0.086110 0.000000 0.996286, -0.085739 -0.704847 0.704159, -0.085478 0.704697 0.704340, -0.085342 0.000000 0.996352, -0.085166 0.000000 0.996367,
 -0.084144 0.000000 0.996454, -0.083971 0.000000 0.996468, -0.082643 -0.704698 -0.704678, -0.081975 -0.704698 -0.704756, -0.081615 -0.705477 0.704018,
 -0.080815 0.704855 -0.704733, -0.079722 0.705479 -0.704232, -0.079110 -0.705383 -0.704398, -0.078444 -0.705383 -0.704473, -0.078359 -0.705380 -0.704485,
 -0.078151 0.705379 0.704509, -0.078008 0.704854 -0.705050, -0.077728 -0.704853 0.705082, -0.077724 0.707107 -0.702822, -0.077572 0.000000 -0.996987,
 -0.075882 0.000000 -0.997117, -0.075853 0.000000 -0.997119, -0.075165 0.000000 -0.997171, -0.075145 0.000000 -0.997173, -0.074970 0.000000 0.997186,
 -0.074945 0.000000 -0.997188, -0.074928 0.000000 -0.997189, -0.074796 0.000000 0.997199, -0.074638 -0.704700 -0.705569, -0.074498 0.704700 0.705584,
 -0.074035 0.000000 0.997256, -0.073971 -0.704700 -0.705639, -0.073853 0.000000 0.997269, -0.073516 -0.705486 0.704900, -0.073146 0.705384 0.705041,
 -0.071314 0.000000 -0.997454, -0.071126 -0.705385 -0.705247, -0.070255 0.705289 -0.705430, -0.070044 -0.704840 0.705900, -0.068628 0.000000 0.997642,
 -0.068608 0.705492 -0.705389, -0.068456 0.000000 0.997654, -0.067511 -0.705494 0.705494, -0.067511 0.705494 -0.705494, -0.067463 0.704836 -0.706155,
 -0.066637 -0.704702 -0.706367, -0.066291 0.000000 -0.997800, -0.065970 -0.704702 -0.706429, -0.065796 0.705491 -0.705658, -0.065514 -0.705491 0.705684,
 -0.064703 0.704831 -0.706418, -0.064654 0.000000 -0.997908, -0.064653 0.000000 -0.997908, -0.063826 0.000000 -0.997961, -0.063720 0.000000 -0.997968,
 -0.063670 0.000000 0.997971, -0.063490 0.000000 0.997982, -0.063145 -0.705388 -0.706004, -0.062724 0.000000 0.998031, -0.062548 0.000000 0.998042,
 -0.062331 -0.704828 0.706635, -0.061686 -0.704827 0.706693, -0.060662 0.704704 0.706903, -0.059344 0.705389 0.706332, -0.058871 0.000000 0.998266,
 -0.058639 -0.704705 -0.707073, -0.058564 0.705389 0.706397, -0.057789 -0.705482 0.706368, -0.055833 -0.705390 -0.706617, -0.055785 0.000000 -0.998443,
 -0.055771 0.000000 -0.998444, -0.055195 0.705479 -0.706579, -0.055168 -0.705391 -0.706669, -0.054999 0.000000 -0.998486, -0.054590 -0.704816 0.707287,
 -0.054446 0.000000 -0.998517, -0.054089 0.704815 -0.707326, -0.053829 0.000000 -0.998550, -0.053538 0.000000 -0.998566, -0.053479 0.000000 -0.998569,
 -0.053460 0.000000 -0.998570, -0.053459 0.000000 -0.998570, -0.053085 -0.704812 -0.707405, -0.052696 0.000000 -0.998611, -0.052529 0.000000 -0.998619,
 -0.052421 0.705475 -0.706793, -0.052340 0.000000 0.998629, -0.052200 0.000000 0.998637, -0.051945 0.000000 -0.998650, -0.051737 0.000000 -0.998661,
 -0.051524 0.000000 -0.998672, -0.051472 0.000000 -0.998674, -0.051397 0.000000 0.998678, -0.051396 0.000000 0.998678, -0.051314 -0.704709 -0.707639,
 -0.051312 0.704811 -0.707537, -0.051068 0.000000 -0.998695, -0.050952 0.000000 -0.998701, -0.050648 -0.704709 -0.707686, -0.050038 -0.705473 0.706969,
 -0.049729 0.000000 -0.998763, -0.049390 -0.705472 0.707015, -0.049065 0.000000 0.998796, -0.048928 0.000000 0.998802, -0.047862 -0.705394 -0.707198,
 -0.047197 -0.705394 -0.707242, -0.046843 0.704711 0.707946, -0.046821 -0.704804 0.707855, -0.046165 -0.704803 0.707899, -0.046075 -0.704803 0.707905,
 -0.045650 -0.704802 0.707933, -0.045556 0.705395 0.707349, -0.044733 -0.704801 0.707993, -0.044718 -0.704801 0.707994, -0.044602 -0.704801 0.708002,
 -0.044099 -0.704800 0.708034, -0.043928 -0.704800 0.708045, -0.043594 -0.704799 0.708066, -0.043329 -0.704713 -0.708168, -0.043255 -0.704799 0.708087,
 -0.042664 -0.704713 -0.708208, -0.042303 0.000000 -0.999105, -0.042262 -0.705464 0.707485, -0.042225 0.000000 -0.999108, -0.041759 0.705463 -0.707515,
 -0.041659 0.707107 -0.705879, -0.041628 0.707107 -0.705880, -0.041628 0.707107 0.705880, -0.041037 0.000000 0.999158, -0.040931 0.000000 0.999162,
 -0.040635 0.704795 -0.708246, -0.039897 -0.705398 -0.707688, -0.039679 -0.704794 0.708302, -0.039234 -0.705398 -0.707725, -0.039028 -0.704793 0.708339,
 -0.038970 0.705460 -0.707677, -0.038932 -0.705267 0.707872, -0.038095 -0.704792 0.708391, -0.037842 0.704791 -0.708405, -0.036459 0.000000 -0.999335,
 -0.036343 0.000000 -0.999339, -0.035769 -0.705457 0.707849, -0.035354 -0.704718 -0.708606, -0.035113 -0.705456 0.707883, -0.034689 -0.704718 -0.708639,
 -0.034638 0.705401 0.707962, -0.034462 -0.705456 0.707916, -0.033048 0.704719 0.708716, -0.032228 -0.705453 0.708023, -0.032049 0.000000 -0.999486,
 -0.031942 -0.705402 -0.708087, -0.031863 -0.704783 0.708707, -0.031792 0.705402 0.708094, -0.031279 -0.705403 -0.708116, -0.031210 -0.704783 0.708736,
 -0.031108 0.000000 -0.999516, -0.030975 0.000000 -0.999520, -0.030626 0.000000 0.999531, -0.030093 -0.704781 0.708786, -0.029748 0.000000 0.999557,
 -0.029690 0.000000 0.999559, -0.029527 0.000000 0.999564, -0.029470 0.000000 0.999566, -0.028252 0.705450 -0.708197, -0.027461 -0.705260 0.708417,
 -0.027389 -0.704723 -0.708953, -0.027292 -0.705449 0.708236, -0.027108 0.704777 -0.708910, -0.026725 -0.704724 -0.708978, -0.026639 -0.705448 0.708261,
 -0.025449 0.705447 -0.708306, -0.024301 0.704774 -0.709016, -0.024024 -0.704774 0.709025, -0.023997 -0.705407 -0.708396, -0.023370 -0.704773 0.709048,
 -0.023335 -0.705408 -0.708418, -0.022650 0.704727 0.709117, -0.022565 0.707107 -0.706747, -0.022533 0.704727 0.709121, -0.022255 0.704727 0.709129,
 -0.022130 0.704727 0.709133, -0.021700 0.704728 0.709146, -0.021684 0.704728 0.709146, -0.021565 0.704728 0.709150, -0.021044 0.704728 0.709165,
 -0.020898 0.705409 0.708492, -0.020867 0.704728 0.709170, -0.020521 0.704729 0.709180, -0.020198 0.707107 -0.706818, -0.020171 0.704729 0.709190,
 -0.019918 0.000000 -0.999802, -0.019734 0.000000 -0.999805, -0.019492 0.000000 0.999810, -0.019450 -0.705441 0.708502, -0.019436 -0.704729 -0.709210,
 -0.019416 0.000000 0.999811, -0.019286 0.704730 0.709214, -0.018795 -0.705440 0.708520, -0.018773 -0.704730 -0.709227, -0.018703 -0.704821 -0.709139,
 -0.018059 0.705411 0.708568, -0.017083 0.000000 -0.999854, -0.016901 0.000000 -0.999857, -0.016164 -0.704764 0.709257, -0.016064 -0.705412 -0.708615,
 -0.015508 -0.704764 0.709273, -0.015460 0.705255 -0.708786, -0.014844 0.704733 0.709317, -0.014681 0.705437 -0.708621, -0.013515 0.704761 -0.709316,
 -0.011588 -0.705434 0.708681, -0.011496 -0.704736 -0.709376, -0.010932 -0.705433 0.708692, -0.010835 -0.704737 -0.709386, -0.010114 0.000000 0.999949,
 -0.010027 0.000000 0.999950, -0.008699 0.000000 -0.999962, -0.008508 0.000000 -0.999964, -0.008400 0.704739 0.709417, -0.008283 -0.704756 0.709402,
 -0.008246 0.000000 0.999966, -0.008170 0.000000 0.999967, -0.008144 -0.705418 -0.708745, -0.007625 -0.704755 0.709410, -0.007195 0.705419 0.708754,
 -0.006625 0.704741 0.709434, -0.005565 0.704742 0.709442, -0.004365 0.705421 0.708775, -0.003708 -0.705427 0.708773, -0.003572 -0.704744 -0.709453,
 -0.003050 -0.705427 0.708776, -0.001699 0.000000 -0.999999, -0.001515 0.000000 -0.999999, -0.001053 0.705425 -0.708784, -0.000897 -0.705424 -0.708785,
 -0.000384 -0.704747 0.709458, -0.000239 -0.705424 -0.708785, 0.000000 -1.000000 0.000000, 0.000000 0.000000 -1.000000, -0.000000 0.000000 1.000000,
 0.000000 0.707107 -0.707107, 0.000000 0.707107 0.707107, 0.000000 1.000000 0.000000, 0.000137 0.704747 -0.709459, 0.002262 -0.704832 -0.709371,
 0.002325 0.000000 -0.999997, 0.002474 0.000000 -0.999997, 0.002529 0.000000 -0.999997, 0.002651 0.704744 -0.709456, 0.002678 0.000000 -0.999996,
 0.002903 0.000000 0.999996, 0.003089 0.000000 0.999995, 0.003512 0.705248 -0.708952, 0.003677 -0.704751 -0.709445, 0.004189 -0.705421 0.708776,
 0.004336 -0.704751 -0.709441, 0.004848 -0.705420 0.708772, 0.005163 0.000000 0.999987, 0.005284 0.704752 0.709434, 0.005332 0.000000 0.999986,
 0.006464 0.705430 0.708751, 0.006993 -0.705430 -0.708745, 0.007532 -0.704740 0.709426, 0.007650 -0.705431 -0.708738, 0.008108 0.704755 0.709404,
 0.009203 0.000000 0.999958, 0.009284 0.705432 0.708717, 0.009394 0.000000 0.999956, 0.010680 0.704737 -0.709388, 0.011569 -0.704759 -0.709352,
 0.012102 -0.705415 0.708691, 0.012226 -0.704760 -0.709341, 0.012624 0.705415 -0.708682, 0.013826 0.000000 -0.999904, 0.013826 0.000000 -0.999904,
 0.013840 0.704734 -0.709336, 0.014119 0.000000 0.999900, 0.014308 0.000000 0.999898, 0.014802 -0.704733 0.709318, 0.014866 -0.705437 -0.708617,
 0.015464 -0.704733 0.709304, 0.015522 -0.705437 -0.708602, 0.016088 -0.705245 0.708781, 0.017747 0.000000 -0.999843, 0.017775 0.000000 -0.999842,
 0.018744 0.704730 -0.709228, 0.018913 0.704767 0.709186, 0.019140 0.704730 -0.709218, 0.019367 -0.705410 0.708535, 0.019441 -0.704768 -0.709171,
 0.019582 0.704729 -0.709206, 0.019790 0.704729 -0.709200, 0.019846 0.704729 -0.709199, 0.020029 -0.705410 0.708517, 0.020070 0.705442 0.708484,
 0.020097 -0.704769 -0.709152, 0.020930 0.704728 -0.709168, 0.021080 0.704728 -0.709164, 0.021232 0.704728 -0.709160, 0.021269 0.704728 -0.709159,
 0.021641 0.704728 -0.709148, 0.021726 0.704771 0.709102, 0.021779 0.000000 -0.999763, 0.021781 0.000000 -0.999763, 0.022518 0.704727 -0.709121,
 0.022720 -0.705444 -0.708401, 0.022748 -0.704727 0.709114, 0.023374 -0.705445 -0.708379, 0.023411 -0.704726 0.709093, 0.024082 0.000000 -0.999710,
 0.024106 0.000000 -0.999709, 0.024606 0.000000 0.999697, 0.024739 0.704725 -0.709049, 0.024789 0.000000 0.999693, 0.025016 0.000000 -0.999687,
 0.025164 0.000000 -0.999683, 0.025353 0.000000 0.999679, 0.025505 0.000000 0.999675, 0.026206 -0.704776 -0.708945, 0.026290 0.000000 0.999654,
 0.026342 0.705406 -0.708314, 0.026444 0.000000 0.999650, 0.027293 -0.704778 -0.708903, 0.027306 -0.705405 0.708278, 0.027586 0.704723 -0.708946,
 0.027946 -0.704778 -0.708877, 0.027968 -0.705405 0.708253, 0.028629 0.000000 0.999590, 0.028779 0.000000 0.999586, 0.030553 -0.705452 -0.708099,
 0.030706 -0.704721 0.708820, 0.031205 -0.705452 -0.708070, 0.031370 -0.704721 0.708791, 0.032228 -0.705453 -0.708023, 0.032300 0.707107 -0.706369,
 0.032481 0.704784 0.708678, 0.033616 0.705455 0.707957, 0.034048 -0.704786 -0.708602, 0.035122 -0.704788 -0.708548, 0.035255 -0.705400 0.707932,
 0.035306 0.000000 -0.999377, 0.035391 0.000000 -0.999374, 0.035774 -0.704789 -0.708515, 0.035919 -0.705400 0.707899, 0.036599 0.000000 0.999330,
 0.036707 0.000000 0.999326, 0.037175 0.000000 -0.999309, 0.037247 0.705399 -0.707831, 0.037277 0.000000 -0.999305, 0.038088 -0.704857 -0.708326,
 0.038365 -0.705460 -0.707711, 0.038515 0.704716 -0.708443, 0.038675 -0.704716 0.708435, 0.039340 -0.704715 0.708399, 0.040095 0.705398 -0.707677,
 0.041202 0.000000 -0.999151, 0.041327 0.000000 -0.999146, 0.041369 0.704714 -0.708284, 0.041582 0.707107 -0.705883, 0.041628 0.707107 -0.705880,
 0.041628 0.707107 0.705880, 0.041876 -0.704797 -0.708172, 0.042258 -0.704798 -0.708149, 0.042686 -0.704798 -0.708123, 0.042887 -0.704798 -0.708110,
 0.042928 -0.704798 -0.708108, 0.042942 -0.704799 -0.708107, 0.043215 -0.705396 0.707495, 0.043578 -0.704799 -0.708067, 0.043879 -0.705396 0.707454,
 0.043989 -0.704800 -0.708041, 0.044060 0.000000 0.999029, 0.044101 0.000000 0.999027, 0.044134 -0.704800 -0.708032, 0.044281 -0.704800 -0.708022,
 0.044316 -0.704800 -0.708020, 0.044676 -0.704801 -0.707997, 0.045523 -0.704802 -0.707942, 0.045751 0.000000 -0.998953, 0.045966 0.000000 0.998943,
 0.045979 0.704803 0.707912, 0.046153 -0.705468 -0.707237, 0.046562 0.000000 -0.998915, 0.046655 -0.704711 0.707959, 0.046685 0.000000 -0.998910,
 0.046904 0.000000 0.998899, 0.047096 0.705469 0.707174, 0.047321 -0.704711 0.707915, 0.047852 0.000000 0.998854, 0.047896 0.000000 0.998852,
 0.048085 -0.705243 0.707333, 0.048087 0.000000 0.998843, 0.048119 0.000000 0.998842, 0.048799 0.000000 0.998809, 0.048930 0.000000 0.998802,
 0.049544 0.000000 0.998772, 0.050709 -0.704810 -0.707582, 0.050871 0.000000 0.998705, 0.050893 0.000000 0.998704, 0.051021 0.705392 -0.706978,
 0.051060 0.000000 0.998696, 0.051068 0.000000 0.998695, 0.051182 -0.705392 0.706967, 0.051787 0.000000 0.998658, 0.051847 -0.705392 0.706919,
 0.052034 0.000000 0.998645, 0.052320 0.704708 -0.707565, 0.052516 0.000000 0.998620, 0.053006 0.000000 0.998594, 0.053874 0.705391 -0.706768,
 0.053917 -0.705477 -0.706679, 0.054643 -0.704707 0.707391, 0.055180 0.704707 -0.707350, 0.056665 0.000000 -0.998393, 0.056774 -0.704879 -0.707051,
 0.056829 0.000000 -0.998384, 0.056901 0.000000 -0.998380, 0.057064 0.000000 -0.998371, 0.057818 -0.704820 -0.707026, 0.057843 0.000000 -0.998326,
 0.058024 0.000000 -0.998315, 0.058119 0.000000 0.998310, 0.058277 0.000000 0.998300, 0.058464 -0.704821 -0.706972, 0.058564 0.705389 -0.706397,
 0.058871 0.000000 0.998266, 0.059049 0.000000 0.998255, 0.059053 0.000000 0.998255, 0.059095 -0.704882 -0.706859, 0.059156 -0.705389 0.706348,
 0.059402 0.704823 0.706892, 0.059821 -0.705389 0.706292, 0.060456 0.000000 0.998171, 0.060502 0.705485 0.706138, 0.060706 0.000000 -0.998156,
 0.060941 0.000000 -0.998141, 0.061655 -0.705486 -0.706037, 0.062637 -0.704704 0.706731, 0.063442 0.000000 0.997986, 0.063450 0.000000 0.997985,
 0.064816 0.705387 -0.705853, 0.066147 0.704702 -0.706413, 0.066191 -0.704834 -0.706278, 0.067135 -0.705386 0.705637, 0.067433 0.000000 0.997724,
 0.067463 0.000000 0.997722, 0.067511 -0.705494 -0.705494, 0.067511 0.705494 0.705494, 0.067672 0.705386 -0.705586, 0.068199 0.000000 -0.997672,
 0.068389 0.000000 -0.997659, 0.069010 0.704701 -0.706140, 0.069141 0.000000 -0.997607, 0.069321 0.000000 -0.997594, 0.069328 0.000000 0.997594,
 0.069361 0.000000 0.997592, 0.069464 -0.705491 -0.705306, 0.069970 -0.704701 0.706046, 0.070238 0.000000 0.997530, 0.070264 0.000000 0.997528,
 0.070637 -0.704701 0.705980, 0.071266 0.705489 0.705129, 0.071756 -0.705247 0.705322, 0.071984 0.000000 0.997406, 0.072743 0.704845 0.705622,
 0.073889 -0.704847 -0.705501, 0.073983 0.707107 -0.703226, 0.074166 0.705486 0.704833, 0.074452 -0.705384 0.704905, 0.075118 -0.705384 0.704834,
 0.076212 0.000000 -0.997092, 0.076404 0.000000 -0.997077, 0.077567 -0.705482 -0.704471, 0.077973 -0.704699 0.705209, 0.078151 0.705379 -0.704509,
 0.078359 -0.705380 0.704485, 0.078477 0.705248 -0.704604, 0.078622 0.705383 -0.704453, 0.078640 -0.704699 0.705135, 0.078824 -0.704907 -0.704907,
 0.079509 0.000000 -0.996834, 0.079692 0.000000 -0.996819, 0.079988 0.704698 -0.704984, 0.080452 0.000000 -0.996758, 0.080485 0.000000 -0.996756,
 0.080528 0.000000 0.996752, 0.080568 0.000000 0.996749, 0.080643 0.000000 -0.996743, 0.081470 0.000000 0.996676, 0.081479 0.705382 -0.704129,
 0.081506 0.000000 0.996673, 0.081510 -0.705380 0.704127, 0.081673 -0.704853 -0.704636, 0.082437 -0.705382 0.704018, 0.082839 0.000000 0.996563,
 0.082852 0.704698 -0.704653, 0.082880 0.000000 0.996560, 0.083102 -0.705382 0.703939, 0.083482 0.704850 0.704426, 0.084988 -0.705474 -0.703622,
 0.085273 0.705473 0.703588, 0.085662 -0.705473 -0.703541, 0.085978 -0.704697 0.704279, 0.086392 0.704846 0.704080, 0.086646 -0.704697 0.704198,
 0.087419 0.707107 -0.701682, 0.088168 0.705470 0.703234, 0.089803 -0.704840 -0.703659, 0.090347 -0.705380 0.703048, 0.090422 -0.705380 0.703038,
 0.090825 0.000000 -0.995867, 0.090997 0.000000 -0.995851, 0.091078 -0.704697 0.703639, 0.091087 -0.705380 0.702952, 0.091172 -0.704697 0.703627,
 0.091610 -0.704696 0.703570, 0.091768 0.000000 -0.995780, 0.091790 0.000000 0.995778, 0.091832 0.000000 0.995775, 0.091946 0.000000 -0.995764,
 0.092431 0.705380 -0.702777, 0.092556 -0.704696 0.703446, 0.092572 -0.704696 0.703444, 0.092691 -0.704696 0.703428, 0.092729 0.000000 0.995691,
 0.092772 0.000000 0.995687, 0.092818 0.705253 -0.702854, 0.093075 -0.705465 -0.702607, 0.093209 -0.704696 0.703360, 0.093386 -0.704696 0.703337,
 0.093730 -0.704696 0.703291, 0.093833 0.704696 -0.703277, 0.093970 -0.705380 0.702573, 0.093984 -0.704696 0.703257, 0.094079 -0.704696 0.703244,
 0.094651 -0.704696 0.703167, 0.095782 0.000000 -0.995402, 0.095940 0.000000 -0.995387, 0.097246 -0.704829 -0.702680, 0.097532 0.704828 0.702641,
 0.097922 -0.704828 -0.702587, 0.098405 -0.705379 0.701966, 0.099071 -0.705379 0.701873, 0.099254 0.705459 0.701767, 0.099395 -0.704696 0.702513,
 0.100435 0.704824 0.702236, 0.100632 0.707107 -0.699909, 0.100632 0.707107 0.699909, 0.101153 -0.705457 -0.701498, 0.101988 -0.704696 0.702141,
 0.102140 0.000000 -0.994770, 0.102142 0.705456 0.701355, 0.102276 0.000000 -0.994756, 0.102333 0.000000 0.994750, 0.102380 0.000000 0.994745,
 0.102656 -0.704696 0.702044, 0.103071 0.000000 0.994674, 0.103083 0.000000 -0.994673, 0.103114 0.000000 0.994669, 0.103154 0.000000 -0.994665,
 0.104011 0.000000 0.994576, 0.104056 0.000000 0.994571, 0.104280 0.705453 0.701043, 0.105354 -0.704817 -0.701523, 0.106236 0.705378 -0.700825,
 0.106386 -0.705378 0.700802, 0.107052 -0.705378 0.700701, 0.107623 -0.704696 0.701299, 0.107675 0.704696 -0.701291, 0.108546 -0.705449 -0.700399,
 0.109218 -0.705449 -0.700295, 0.109990 -0.704696 0.700932, 0.111546 0.704808 0.700574, 0.112083 -0.704846 -0.700450, 0.112774 -0.704806 -0.700379,
 0.113200 0.705445 0.699667, 0.113448 0.000000 -0.993544, 0.113449 -0.704805 -0.700271, 0.113534 0.000000 -0.993534, 0.114360 0.000000 0.993439,
 0.114363 -0.705378 0.699545, 0.114408 0.000000 0.993434, 0.114440 0.704804 0.700111, 0.114953 0.704803 0.700027, 0.115028 -0.705378 0.699436,
 0.115047 0.704803 0.700012, 0.115341 0.000000 -0.993326, 0.115418 0.000000 -0.993317, 0.115488 0.704802 0.699940, 0.116080 0.705442 0.699197,
 0.116440 0.704801 0.699784, 0.116456 0.704801 0.699781, 0.116576 0.704801 0.699761, 0.116599 -0.705442 -0.699111, 0.117098 0.704800 0.699675,
 0.117270 -0.705441 -0.699000, 0.117275 0.704800 0.699645, 0.117621 0.704799 0.699588, 0.117973 0.704799 0.699529, 0.117987 -0.704697 0.699629,
 0.118832 0.000000 -0.992914, 0.120028 0.705378 -0.698595, 0.120855 -0.704795 -0.699041, 0.121506 0.704698 -0.699026, 0.121528 -0.704794 -0.698925,
 0.121606 -0.704827 -0.698879, 0.121860 0.000000 0.992547, 0.121915 0.000000 0.992541, 0.122334 -0.705378 0.698195, 0.123152 -0.705268 0.698162,
 0.123313 0.704792 0.698615, 0.123830 0.000000 -0.992303, 0.124637 -0.705435 -0.697730, 0.124742 0.000000 -0.992189, 0.124772 0.000000 -0.992185,
 0.124784 0.000000 0.992184, 0.125306 -0.705434 -0.697611, 0.125313 -0.704698 0.698353, 0.125516 0.704789 0.698225, 0.125653 0.000000 0.992074,
 0.125707 0.000000 0.992067, 0.125979 -0.704699 0.698233, 0.127102 0.705433 0.697288, 0.127540 -0.705271 0.697371, 0.128400 0.704785 0.697704,
 0.128920 -0.704785 -0.697609, 0.129591 -0.704784 -0.697486, 0.129633 -0.705379 0.696876, 0.130242 0.000000 -0.991482, 0.130297 -0.705379 0.696752,
 0.131559 0.704781 0.697120, 0.132461 0.704700 -0.697031, 0.132658 -0.705428 -0.696257, 0.133297 -0.704700 0.696871, 0.133326 -0.705427 -0.696130,
 0.133799 0.705379 -0.696087, 0.133963 -0.704701 0.696743, 0.134818 0.000000 -0.990870, 0.134856 0.000000 -0.990865, 0.135026 0.000000 -0.990842,
 0.135076 0.000000 -0.990835, 0.135316 0.704701 -0.696481, 0.135931 0.000000 -0.990718, 0.135939 0.000000 0.990717, 0.136015 0.000000 -0.990707,
 0.136063 0.000000 0.990700, 0.136958 0.000000 0.990577, 0.136965 -0.704775 -0.696084, 0.137005 0.000000 0.990570, 0.137588 -0.705380 0.695348,
 0.137635 -0.704774 -0.695953, 0.138251 -0.705380 0.695216, 0.138435 0.707107 -0.693423, 0.139433 0.704772 0.695597, 0.140661 -0.705422 -0.694691,
 0.140953 0.705421 0.694631, 0.141272 -0.704703 0.695295, 0.141327 -0.705421 -0.694556, 0.141408 0.000000 0.989951, 0.141453 0.000000 0.989945,
 0.141670 0.000000 -0.989914, 0.141713 0.704703 -0.695205, 0.141937 -0.704703 0.695160, 0.142230 0.000000 -0.989834, 0.142315 0.000000 -0.989821,
 0.142315 0.000000 0.989821, 0.142855 0.000000 -0.989744, 0.143150 0.000000 -0.989701, 0.143230 0.000000 -0.989689, 0.144700 0.705381 -0.693901,
 0.144763 0.000000 -0.989466, 0.144974 0.000000 -0.989435, 0.144991 -0.704765 -0.694466, 0.145190 0.000000 -0.989404, 0.145242 0.000000 -0.989396,
 0.145532 -0.705381 0.693727, 0.145660 -0.704764 -0.694327, 0.145768 0.000000 -0.989319, 0.146160 0.000000 -0.989261, 0.146194 -0.705382 0.693588,
 0.146249 0.704705 -0.694264, 0.146325 0.000000 -0.989237, 0.147008 0.000000 -0.989135, 0.147113 0.000000 -0.989120, 0.147161 0.707107 0.691624,
 0.147262 0.000000 -0.989098, 0.147274 0.000000 0.989096, 0.147353 0.000000 0.989084, 0.147540 0.705382 -0.693302, 0.148260 0.000000 0.988948,
 0.148294 0.000000 0.988943, 0.148643 -0.705416 -0.693032, 0.149098 0.704706 -0.693656, 0.149237 -0.704706 0.693626, 0.149711 0.704707 -0.693524,
 0.149900 -0.704707 0.693483, 0.150101 0.000000 -0.988671, 0.150278 0.000000 -0.988644, 0.152996 -0.704756 -0.692756, 0.153289 0.704756 0.692691,
 0.153301 0.705290 -0.692146, 0.153464 -0.705383 0.692014, 0.153662 -0.704756 -0.692609, 0.154065 0.000000 -0.988061, 0.154125 -0.705384 0.691867,
 0.154292 0.000000 -0.988025, 0.154362 -0.704779 -0.692429, 0.154745 0.705411 0.691700, 0.156434 0.000000 -0.987688, 0.156434 0.000000 0.987688,
 0.156605 -0.705410 -0.691282, 0.156802 0.000000 0.987630, 0.156869 0.000000 0.987620, 0.156906 0.000000 0.987614, 0.157189 -0.704710 0.691863,
 0.157323 0.000000 -0.987547, 0.157541 0.000000 -0.987512, 0.157712 0.704711 -0.691744, 0.157851 -0.704711 0.691712, 0.158104 0.704711 -0.691654,
 0.158237 0.000000 -0.987401, 0.158412 0.705385 -0.690897, 0.158475 0.000000 -0.987363, 0.158541 0.704711 -0.691554, 0.158614 0.000000 0.987341,
 0.158630 0.000000 0.987338, 0.158747 0.704711 -0.691507, 0.158803 0.704711 -0.691494, 0.159545 0.000000 0.987191, 0.159569 0.000000 0.987187,
 0.159875 0.704712 -0.691246, 0.160001 0.704712 -0.691217, 0.160023 0.704712 -0.691212, 0.160174 0.704712 -0.691177, 0.160210 0.704712 -0.691168,
 0.160579 0.704712 -0.691083, 0.160937 0.000000 0.986965, 0.160958 0.000000 0.986961, 0.160977 -0.704748 -0.690953, 0.161243 0.705386 -0.690240,
 0.161382 -0.705386 0.690208, 0.161446 0.704713 -0.690880, 0.162041 -0.705386 0.690053, 0.162842 0.704714 -0.690552, 0.163882 -0.705406 -0.689598,
 0.164543 -0.705405 -0.689441, 0.164842 -0.704744 -0.690045, 0.165126 -0.704715 0.690007, 0.167075 0.704742 0.689510, 0.167933 -0.704761 -0.689283,
 0.168271 -0.704741 -0.689220, 0.168468 0.705403 0.688495, 0.168481 0.000000 -0.985705, 0.168719 0.000000 -0.985664, 0.168933 -0.704741 -0.689059,
 0.169284 -0.705389 0.688310, 0.169392 0.000000 -0.985549, 0.169400 0.000000 -0.985547, 0.169628 0.000000 -0.985508, 0.169648 0.000000 -0.985505,
 0.169868 0.000000 0.985467, 0.169885 0.000000 0.985464, 0.169942 -0.705389 0.688147, 0.170809 0.000000 0.985304, 0.170822 0.000000 0.985302,
 0.171797 -0.705401 -0.687674, 0.172078 0.705390 -0.687615, 0.172456 -0.705400 -0.687509, 0.172893 -0.704737 -0.688080, 0.173048 -0.704720 0.688058,
 0.173401 0.000000 -0.984851, 0.173616 0.000000 -0.984813, 0.173710 0.704720 -0.687891, 0.174900 0.705391 -0.686902, 0.176203 -0.704734 -0.687243,
 0.176343 0.000000 0.984329, 0.176383 0.000000 0.984322, 0.176540 0.704723 -0.687168, 0.176864 -0.704733 -0.687074, 0.177169 -0.705392 0.686319,
 0.179297 0.705397 0.685761, 0.179324 0.705397 0.685754, 0.179664 0.000000 -0.983728, 0.179687 -0.705397 -0.685659, 0.179850 0.000000 -0.983694,
 0.180155 0.000000 -0.983638, 0.180294 -0.704725 0.686190, 0.180343 -0.705396 -0.685487, 0.180398 0.000000 0.983594, 0.180402 0.000000 0.983593,
 0.180625 0.000000 -0.983552, 0.180776 0.000000 -0.983524, 0.180783 0.704730 0.686056, 0.180934 -0.704730 -0.686016, 0.180953 -0.704726 0.686016,
 0.181113 0.000000 0.983462, 0.181125 0.000000 0.983460, 0.181328 -0.704730 -0.685913, 0.181767 -0.704729 -0.685797, 0.181974 -0.704729 -0.685742,
 0.182030 -0.704729 -0.685727, 0.182047 0.000000 0.983290, 0.182059 0.000000 0.983288, 0.182115 0.705395 0.685019, 0.182884 -0.705317 0.684895,
 0.183106 -0.704728 -0.685441, 0.183255 -0.704728 -0.685402, 0.183406 -0.704728 -0.685362, 0.183443 -0.704728 -0.685352, 0.183812 -0.704728 -0.685253,
 0.184108 -0.704728 -0.685174, 0.184380 -0.705395 0.684413, 0.184683 -0.704727 -0.685020, 0.184766 -0.704727 -0.684997, 0.185035 -0.705395 0.684236,
 0.185523 0.705396 -0.684104, 0.185692 0.705396 -0.684058, 0.187366 0.704731 -0.684287, 0.187548 -0.705393 -0.683555, 0.188181 -0.704732 0.684062,
 0.188202 -0.705392 -0.683375, 0.188501 0.705397 -0.683288, 0.188738 0.000000 -0.982027, 0.188838 -0.704732 0.683881, 0.188860 0.000000 -0.982004,
 0.190184 0.704733 -0.683506, 0.190851 0.000000 -0.981619, 0.190960 0.000000 -0.981598, 0.191595 0.704722 0.683124, 0.191937 0.707107 -0.680559,
 0.191937 0.707107 0.680559, 0.191956 0.707107 -0.680553, 0.191983 -0.704722 -0.683015, 0.192227 -0.705399 0.682247, 0.192307 0.000000 0.981335,
 0.192332 0.000000 0.981330, 0.192638 -0.704721 -0.682831, 0.192743 0.000000 -0.981249, 0.192837 0.000000 -0.981231, 0.192878 0.705390 0.682072,
 0.192881 -0.705400 0.682062, 0.194406 0.704720 0.682332, 0.195380 -0.705389 -0.681361, 0.195595 -0.705389 -0.681299, 0.195677 0.705389 0.681276,
 0.195745 0.000000 0.980655, 0.195777 0.000000 -0.980649, 0.195780 0.000000 0.980648, 0.196032 -0.705389 -0.681174, 0.196047 -0.704738 0.681842,
 0.196505 -0.705332 0.681097, 0.196702 -0.704739 0.681653, 0.199215 0.707107 -0.678464, 0.199215 0.707107 0.678464, 0.199244 0.705403 -0.680227,
 0.199737 0.000000 0.979850, 0.199776 0.000000 0.979842, 0.199827 -0.704716 -0.680767, 0.200053 -0.705404 0.679989, 0.200479 -0.704716 -0.680576,
 0.200704 -0.705404 0.679796, 0.200729 0.705336 -0.679859, 0.200960 0.704743 -0.680406, 0.202031 0.000000 -0.979379, 0.202080 0.000000 -0.979369,
 0.202521 0.000000 0.979278, 0.203182 -0.705386 -0.679078, 0.203460 0.000000 0.979083, 0.203507 0.000000 0.979073, 0.203892 -0.704746 0.679530,
 0.204544 -0.704747 0.679333, 0.205143 0.704713 0.679188, 0.206368 0.705385 0.678118, 0.207638 -0.704712 -0.678430, 0.207779 0.000000 -0.978176,
 0.207855 -0.705409 0.677639, 0.207934 0.704711 0.678340, 0.208028 0.000000 0.978123, 0.208078 0.000000 -0.978112, 0.208092 0.000000 -0.978109,
 0.208117 0.000000 0.978104, 0.208288 -0.704711 -0.678232, 0.208504 -0.705409 0.677439, 0.209147 0.705384 0.677267, 0.210951 -0.705384 -0.676708,
 0.211712 -0.704754 0.677126, 0.212073 0.000000 -0.977254, 0.212135 0.000000 -0.977240, 0.212158 0.000000 0.977235, 0.212276 0.000000 -0.977210,
 0.212280 0.000000 -0.977209, 0.212357 0.000000 0.977192, 0.212363 -0.704755 0.676922, 0.212412 0.707107 -0.674449, 0.212726 0.705412 -0.676122,
 0.213203 0.000000 -0.977008, 0.213224 0.000000 -0.977003, 0.213643 0.000000 0.976912, 0.213711 0.000000 0.976897, 0.214486 0.704757 -0.676250,
 0.214567 0.000000 0.976709, 0.214642 0.000000 0.976693, 0.214972 -0.705379 -0.675446, 0.214981 0.000000 0.976618, 0.215058 0.000000 0.976601,
 0.215117 0.705380 0.675399, 0.215416 -0.704708 -0.676005, 0.215631 -0.705414 0.675199, 0.216279 -0.705415 0.674992, 0.217077 -0.705415 0.674735,
 0.218043 -0.705382 -0.674458, 0.218102 0.705376 0.674445, 0.218591 0.704706 0.674987, 0.218686 -0.705382 -0.674250, 0.218707 -0.704706 -0.674949,
 0.218943 0.000000 0.975738, 0.219022 0.000000 0.975720, 0.219506 -0.704763 0.674631, 0.219759 0.705382 0.673901, 0.220625 -0.705418 0.673580,
 0.221361 0.704705 0.674085, 0.222517 0.705381 0.672996, 0.223158 -0.704704 -0.673493, 0.223382 -0.705420 0.672669, 0.223397 0.000000 -0.974728,
 0.223454 0.000000 -0.974715, 0.223556 0.705414 -0.672617, 0.223812 -0.705420 0.672526, 0.224027 -0.705420 0.672454, 0.224324 0.000000 -0.974515,
 0.224373 0.000000 -0.974503, 0.224562 0.000000 0.974460, 0.224702 0.000000 0.974428, 0.224829 0.000000 0.974398, 0.225621 0.000000 0.974215,
 0.225722 0.000000 0.974192, 0.225746 -0.705380 -0.671921, 0.225984 0.705367 -0.671854, 0.226130 0.705422 -0.671748, 0.226387 -0.705380 -0.671705,
 0.227274 -0.704772 0.672044, 0.227326 0.000000 -0.973819, 0.227397 0.000000 -0.973802, 0.227932 0.704773 -0.671820, 0.229047 -0.704774 0.671439,
 0.229137 -0.704774 0.671409, 0.229557 -0.704775 0.671265, 0.229598 0.000000 0.973286, 0.229779 -0.705423 0.670508, 0.229937 0.705380 0.670499,
 0.230222 -0.704701 -0.671114, 0.230464 -0.704776 0.670953, 0.230479 -0.704776 0.670947, 0.230593 -0.704776 0.670908, 0.230863 -0.704701 -0.670894,
 0.231090 -0.704777 0.670736, 0.231103 -0.705426 0.670049, 0.231259 -0.704777 0.670678, 0.231498 0.000000 -0.972835, 0.231589 -0.704777 0.670564,
 0.231923 -0.704778 0.670448, 0.231932 0.704701 0.670526, 0.233045 0.705379 0.669425, 0.233412 -0.705379 -0.669297, 0.234050 -0.705379 -0.669075,
 0.234063 0.000000 0.972221, 0.234169 0.000000 0.972196, 0.234368 -0.704781 0.669593, 0.234509 0.000000 -0.972114, 0.234592 0.000000 -0.972094,
 0.234678 0.704700 0.669570, 0.235013 -0.704782 0.669367, 0.235435 0.000000 -0.971890, 0.235533 0.000000 -0.971866, 0.235711 0.000000 0.971823,
 0.235817 0.000000 0.971797, 0.236628 0.000000 0.971600, 0.236749 0.000000 0.971571, 0.237007 -0.704784 0.668660, 0.237221 -0.705383 0.667953,
 0.237892 -0.704699 -0.668436, 0.238155 -0.705432 0.667568, 0.238419 0.707107 -0.665700, 0.238530 -0.704699 -0.668209, 0.238536 0.704786 -0.668114,
 0.238795 -0.705433 0.667339, 0.239447 0.705433 -0.667105, 0.241041 -0.705378 -0.666589, 0.241293 0.704790 -0.667120, 0.241675 -0.705378 -0.666359,
 0.242079 -0.704791 0.666834, 0.242721 -0.704792 0.666599, 0.242807 0.000000 0.970075, 0.242937 0.000000 0.970042, 0.243541 0.000000 0.969891,
 0.244848 0.000000 0.969562, 0.244849 -0.704795 0.665817, 0.244869 0.000000 0.969556, 0.245034 0.000000 0.969514, 0.245156 0.704697 0.665808,
 0.245522 -0.704697 -0.665673, 0.245606 0.000000 -0.969370, 0.245721 0.000000 -0.969341, 0.245750 0.000000 0.969333, 0.245818 -0.705439 0.664777,
 0.245993 0.000000 0.969272, 0.246156 -0.704697 -0.665439, 0.246217 0.705378 0.664695, 0.246456 -0.705440 0.664541, 0.246469 0.000000 0.969151,
 0.246525 0.000000 -0.969136, 0.246530 0.000000 -0.969135, 0.246640 0.000000 -0.969107, 0.246703 0.000000 -0.969091, 0.246715 0.000000 0.969088,
 0.246815 0.000000 0.969063, 0.246950 0.000000 0.969028, 0.247633 0.000000 0.968854, 0.247721 0.000000 0.968831, 0.248630 -0.705378 -0.663796,
 0.249261 -0.705378 -0.663559, 0.249759 -0.704802 0.663984, 0.249943 0.705443 -0.663234, 0.250397 -0.704803 0.663742, 0.251133 0.704697 0.663578,
 0.251221 0.704697 0.663544, 0.251636 0.704696 0.663387, 0.251822 0.704805 -0.663201, 0.252531 0.704696 0.663047, 0.252546 0.704696 0.663041,
 0.252658 0.704696 0.662998, 0.252670 0.705446 -0.662196, 0.253094 0.000000 0.967442, 0.253111 -0.704696 -0.662826, 0.253147 0.000000 0.967428,
 0.253149 0.704696 0.662811, 0.253315 0.704696 0.662748, 0.253448 -0.705447 0.661898, 0.253641 0.704696 0.662623, 0.253742 -0.704696 -0.662584,
 0.253971 0.704696 0.662497, 0.254083 -0.705447 0.661654, 0.254279 0.000000 0.967131, 0.254559 0.704809 -0.662151, 0.256178 -0.705378 -0.660919,
 0.256680 0.000000 -0.966496, 0.256806 0.000000 -0.966463, 0.257404 -0.704813 0.661045, 0.257602 0.000000 -0.966251, 0.257717 0.000000 0.966221,
 0.257737 0.000000 0.966215, 0.257810 0.000000 -0.966196, 0.258040 -0.704814 0.660796, 0.258258 0.704696 0.660838, 0.258634 0.000000 0.965976,
 0.258654 0.000000 0.965970, 0.258819 0.000000 -0.965926, 0.258819 0.000000 0.965926, 0.258984 0.704696 0.660554, 0.259268 0.705378 0.659713,
 0.260657 -0.704696 -0.659895, 0.261044 -0.705454 0.658931, 0.261285 -0.704696 -0.659647, 0.261676 -0.705455 0.658680, 0.263085 0.705456 -0.658117,
 0.263684 -0.705379 -0.657960, 0.265007 0.704825 -0.658022, 0.265015 -0.704825 0.658018, 0.265597 0.000000 0.964084, 0.265648 -0.704826 0.657762,
 0.265656 0.000000 -0.964068, 0.265777 0.000000 -0.964035, 0.265791 0.705459 -0.657025, 0.266707 0.704696 0.657473, 0.267722 0.704830 -0.656917,
 0.267726 0.000000 -0.963495, 0.267846 0.000000 -0.963462, 0.268131 -0.705429 0.656106, 0.268160 -0.704696 -0.656882, 0.268604 -0.705463 0.655877,
 0.268695 0.000000 0.963225, 0.268708 0.000000 0.963222, 0.269233 -0.705463 0.655618, 0.270526 -0.705380 -0.655176, 0.271147 -0.705380 -0.654919,
 0.271230 0.704696 0.655620, 0.271440 0.000000 0.962455, 0.271467 0.000000 -0.962448, 0.272085 0.000000 0.962273, 0.272103 0.000000 0.962268,
 0.272191 0.705380 0.654485, 0.272590 -0.704838 0.654903, 0.275617 -0.704697 -0.653787, 0.276119 0.705471 -0.652740, 0.276127 -0.705471 0.652736,
 0.276517 0.704845 -0.653248, 0.276752 -0.705472 0.652470, 0.277947 -0.705381 -0.652060, 0.278083 0.704847 -0.652580, 0.278564 -0.705381 -0.651797,
 0.278736 0.000000 -0.960368, 0.278778 0.000000 0.960356, 0.278802 0.705474 -0.651595, 0.278842 0.000000 -0.960337, 0.279637 0.000000 0.960106,
 0.279682 0.000000 0.960093, 0.280126 -0.704851 0.651701, 0.280775 0.704852 -0.651421, 0.281733 0.000000 -0.959493, 0.281733 0.000000 0.959493,
 0.282344 0.705382 0.650167, 0.282412 -0.704698 -0.650879, 0.283028 -0.704698 -0.650612, 0.283610 -0.705480 0.649510, 0.284035 0.704855 -0.650002,
 0.284064 0.704699 0.650159, 0.284686 0.000000 -0.958621, 0.284707 0.707107 -0.647257, 0.284783 0.000000 -0.958592, 0.284979 0.705383 0.649016,
 0.285323 -0.705383 -0.648865, 0.285935 -0.705383 -0.648595, 0.287387 -0.704849 0.648534, 0.287727 0.707107 0.645920, 0.288792 0.000000 -0.957392,
 0.288886 0.000000 -0.957363, 0.289036 0.705487 -0.647106, 0.289673 0.000000 0.957126, 0.289705 0.000000 -0.957116, 0.289722 0.000000 0.957111,
 0.289779 -0.704700 -0.647631, 0.289800 0.000000 -0.957087, 0.290391 -0.704700 -0.647357, 0.290559 0.000000 0.956857, 0.290621 0.704843 -0.647098,
 0.290634 0.000000 0.956834, 0.290981 0.000000 0.956729, 0.291054 -0.705489 0.646199, 0.291057 0.000000 0.956706, 0.291162 0.704842 -0.646856,
 0.291511 0.704841 -0.646699, 0.291694 0.705490 -0.645909, 0.291900 0.704841 -0.646524, 0.292084 0.704840 -0.646442, 0.292134 0.704840 -0.646419,
 0.292650 -0.705385 -0.645590, 0.293090 0.704839 -0.645988, 0.293146 0.704839 -0.645963, 0.293221 0.704838 -0.645929, 0.293259 -0.705386 -0.645314,
 0.293356 0.704838 -0.645868, 0.293388 0.704838 -0.645853, 0.293716 0.704838 -0.645705, 0.293743 0.707107 -0.643207, 0.293743 0.707107 0.643207,
 0.294142 0.704702 0.645660, 0.294445 -0.704836 0.645374, 0.294489 0.704836 -0.645354, 0.295021 0.705386 0.644510, 0.295583 0.705471 -0.644159,
 0.296755 0.704703 0.644461, 0.297096 -0.704703 -0.644304, 0.297626 0.705387 0.643310, 0.297704 -0.704703 -0.644023, 0.298241 -0.704703 -0.643774,
 0.298256 -0.705488 0.642907, 0.299683 0.000000 -0.954039, 0.299717 0.000000 -0.954028, 0.299749 0.000000 -0.954018, 0.299782 0.000000 -0.954008,
 0.299930 -0.705388 -0.642238, 0.300396 0.000000 -0.953815, 0.300534 -0.705388 -0.641955, 0.300540 0.000000 0.953769, 0.300561 0.705388 0.641942,
 0.300626 0.000000 -0.953742, 0.300646 0.000000 0.953736, 0.300689 0.000000 -0.953722, 0.300901 -0.704825 0.642402, 0.301464 0.000000 0.953478,
 0.301476 0.705484 -0.641408, 0.301488 -0.704824 0.642128, 0.301556 0.000000 0.953449, 0.302806 0.704822 -0.641510, 0.303580 0.000000 -0.952806,
 0.303629 0.000000 -0.952790, 0.303695 0.705464 -0.640382, 0.304364 -0.704706 -0.640899, 0.304967 -0.704706 -0.640612, 0.305282 -0.705479 0.639611,
 0.305531 -0.704707 -0.640343, 0.305898 0.000000 0.952064, 0.306201 0.000000 0.951967, 0.306273 0.705478 -0.639139, 0.306714 0.704707 0.639777,
 0.307159 -0.705391 -0.638808, 0.307551 0.705392 0.638620, 0.307927 -0.704813 0.639077, 0.308512 -0.704812 0.638796, 0.309017 0.000000 -0.951057,
 0.309017 0.000000 0.951057, 0.309296 0.704709 0.638531, 0.309823 0.000000 0.950794, 0.309921 0.000000 0.950762, 0.310125 0.705393 0.637372,
 0.310588 0.000000 -0.950545, 0.310616 0.000000 -0.950535, 0.311442 0.000000 0.950265, 0.311492 0.000000 -0.950249, 0.311508 0.000000 -0.950244,
 0.311535 0.000000 0.950235, 0.311580 -0.704710 -0.637418, 0.311706 -0.705471 0.636514, 0.312156 0.000000 -0.950031, 0.312179 -0.704710 -0.637124,
 0.312289 -0.705470 0.636229, 0.312341 0.000000 0.949970, 0.312441 0.000000 0.949937, 0.312784 -0.704711 -0.636827, 0.313138 -0.704711 -0.636653,
 0.313533 -0.704711 -0.636458, 0.313600 0.705468 -0.635586, 0.313720 -0.704711 -0.636366, 0.313770 -0.704711 -0.636342, 0.314338 -0.705395 -0.635303,
 0.314738 -0.704712 -0.635862, 0.314871 -0.704712 -0.635796, 0.314934 -0.704802 0.635666, 0.314936 0.704802 -0.635665, 0.315008 -0.704712 -0.635729,
 0.315373 -0.704712 -0.635548, 0.315508 -0.705396 -0.634721, 0.315518 -0.704801 0.635378, 0.316155 -0.704713 -0.635158, 0.318443 0.000000 -0.947942,
 0.318447 0.000000 -0.947941, 0.318693 -0.705462 0.633054, 0.318743 -0.704714 -0.633862, 0.319131 0.704715 0.633666, 0.319275 -0.705461 0.632762,
 0.319928 0.705398 0.632502, 0.320872 -0.705399 -0.632024, 0.321368 0.000000 -0.946954, 0.321399 0.000000 -0.946944, 0.321464 -0.705399 -0.631722,
 0.321681 0.704716 0.632374, 0.321921 -0.704791 0.632169, 0.322169 0.000000 -0.946682, 0.322275 0.000000 0.946646, 0.322287 0.000000 -0.946642,
 0.322298 0.000000 -0.946638, 0.322307 0.000000 -0.946635, 0.322382 0.000000 0.946610, 0.322469 0.705400 0.631209, 0.323001 0.000000 -0.946399,
 0.323181 0.000000 0.946337, 0.323285 0.000000 0.946302, 0.324659 0.000000 0.945831, 0.324797 0.000000 0.945784, 0.325659 -0.705454 0.629508,
 0.325661 0.705454 -0.629507, 0.325853 -0.704719 -0.630231, 0.326239 -0.705453 0.629209, 0.327005 0.704783 -0.629562, 0.327949 -0.705403 -0.628375,
 0.328537 -0.705404 -0.628068, 0.328566 0.000000 0.944481, 0.328663 0.000000 0.944447, 0.328885 -0.704780 0.628585, 0.331387 0.704724 0.627333,
 0.332054 0.000000 -0.943261, 0.332145 0.000000 -0.943228, 0.332146 0.705406 0.626164, 0.332321 -0.704725 -0.626838, 0.332601 -0.705446 0.625877,
 0.332785 0.000000 -0.943003, 0.332907 -0.704725 -0.626526, 0.332958 0.000000 0.942942, 0.333037 0.000000 -0.942914, 0.333098 0.000000 0.942892,
 0.333181 0.000000 0.942863, 0.333328 0.707107 -0.623613, 0.333328 0.707107 0.623613, 0.333343 0.707107 -0.623604, 0.333822 0.000000 -0.942636,
 0.333903 0.704726 0.625995, 0.333994 0.000000 0.942575, 0.334079 0.000000 0.942545, 0.334351 0.000000 -0.942449, 0.334942 0.000000 -0.942239,
 0.334972 -0.705408 -0.624654, 0.335220 0.000000 -0.942140, 0.335248 -0.704772 0.625225, 0.335295 0.000000 -0.942113, 0.335540 -0.705443 0.624310,
 0.335540 0.705443 -0.624310, 0.335555 -0.705409 -0.624341, 0.335826 -0.704771 0.624916, 0.336528 0.704770 -0.624539, 0.336743 0.000000 -0.941597,
 0.336898 0.000000 -0.941541, 0.336942 0.000000 -0.941525, 0.337019 0.000000 -0.941498, 0.337146 0.000000 -0.941452, 0.337195 0.000000 -0.941435,
 0.337651 0.705441 -0.623173, 0.337654 -0.705441 0.623172, 0.337692 0.000000 -0.941257, 0.338862 0.000000 -0.940836, 0.339005 0.704766 -0.623201,
 0.339324 -0.704731 -0.623068, 0.339517 -0.705439 0.622161, 0.339906 -0.704731 -0.622750, 0.340691 0.000000 -0.940175, 0.340835 0.000000 -0.940123,
 0.341939 -0.705414 -0.620862, 0.342165 -0.704762 0.621476, 0.342518 -0.705414 -0.620542, 0.342686 0.000000 -0.939450, 0.342741 -0.704762 0.621160,
 0.342818 0.000000 -0.939402, 0.343351 0.000000 0.939207, 0.343418 0.000000 0.939183, 0.343476 0.704735 0.620784, 0.343850 0.000000 0.939025,
 0.343925 0.000000 0.938997, 0.344200 0.705415 0.619609, 0.345834 -0.705432 0.618679, 0.346271 -0.704738 -0.619226, 0.346407 -0.705432 0.618359,
 0.346847 -0.704738 -0.618903, 0.347098 0.705418 0.617987, 0.347104 0.705431 -0.617969, 0.347177 0.000000 0.937800, 0.347250 0.000000 0.937773,
 0.348467 0.704754 -0.617974, 0.348768 0.707107 -0.615111, 0.348851 -0.705419 -0.616998, 0.349056 -0.704754 0.617642, 0.349424 -0.705420 -0.616673,
 0.349562 0.705429 -0.616585, 0.349629 -0.704753 0.617319, 0.349982 0.705420 0.616357, 0.350116 -0.705414 -0.616287, 0.350927 0.704751 -0.616584,
 0.352698 -0.705426 0.614800, 0.353159 -0.704745 -0.615315, 0.353269 -0.705425 0.614472, 0.353296 0.000000 -0.935512, 0.353414 0.000000 -0.935467,
 0.353728 0.000000 0.935348, 0.353731 -0.704746 -0.614986, 0.354388 -0.704747 0.614606, 0.354466 -0.704747 0.614561, 0.354549 0.000000 0.935037,
 0.354609 0.000000 0.935015, 0.354836 -0.704747 0.614348, 0.355142 0.000000 -0.934812, 0.355249 0.000000 -0.934772, 0.355369 0.000000 -0.934726,
 0.355393 0.704748 0.614025, 0.355620 0.705418 0.613123, 0.355635 -0.704746 0.613887, 0.355655 -0.704746 0.613875, 0.355704 -0.705425 -0.613066,
 0.355748 -0.704746 0.613821, 0.355919 -0.704746 0.613723, 0.356084 0.705426 0.612845, 0.356186 -0.704745 0.613568, 0.356335 -0.704745 0.613482,
 0.356490 -0.704745 0.613392, 0.356625 -0.704745 0.613313, 0.356920 -0.704745 0.613142, 0.358542 0.705413 -0.611424, 0.358543 0.705413 -0.611424,
 0.358561 -0.705416 0.611410, 0.358947 0.705420 -0.611179, 0.359009 0.000000 -0.933334, 0.359141 0.000000 -0.933283, 0.359532 -0.705420 0.610835,
 0.359988 -0.704753 -0.611336, 0.360100 -0.705419 0.610501, 0.360321 0.704741 -0.611154, 0.360555 -0.704754 -0.611001, 0.361386 0.705418 -0.609742,
 0.361434 -0.704740 0.610498, 0.361824 0.000000 0.932246, 0.361859 0.000000 0.932233, 0.362499 -0.705432 -0.609065, 0.362752 -0.704738 0.609717,
 0.362763 0.704738 -0.609711, 0.362982 0.000000 -0.931796, 0.363075 0.000000 -0.931760, 0.363209 0.707107 -0.606695, 0.363320 -0.704738 0.609380,
 0.363857 0.000000 -0.931455, 0.363953 0.000000 -0.931417, 0.364236 0.000000 0.931307, 0.364343 0.000000 0.931265, 0.365205 0.000000 0.930927,
 0.365226 0.000000 0.930919, 0.365638 0.000000 0.930757, 0.365649 0.000000 0.930753, 0.366335 -0.705414 0.606787, 0.366757 -0.704762 -0.607289,
 0.366901 -0.705413 0.606445, 0.367133 0.704762 0.607062, 0.367793 0.705437 0.605876, 0.368380 -0.704732 0.606340, 0.368675 -0.705438 -0.605339,
 0.369235 -0.705439 -0.604997, 0.369553 -0.704731 0.605627, 0.370697 0.705410 -0.604136, 0.372083 0.704729 -0.604079, 0.373105 -0.705409 0.602654,
 0.373116 0.705409 -0.602647, 0.373466 -0.704771 -0.603176, 0.373513 0.000000 -0.927625, 0.373531 0.000000 -0.927618, 0.373572 0.000000 -0.927601,
 0.373591 0.000000 -0.927593, 0.373668 -0.705408 0.602305, 0.374410 0.000000 -0.927263, 0.374467 0.000000 -0.927240, 0.374505 0.704727 -0.602583,
 0.374886 0.000000 0.927071, 0.374894 0.000000 0.927068, 0.375356 -0.705446 -0.601211, 0.375669 0.704774 0.601802, 0.375746 0.704774 0.601754,
 0.375770 0.000000 0.926713, 0.375795 0.000000 0.926703, 0.375910 -0.705446 -0.600864, 0.376107 0.704775 0.601528, 0.376322 -0.704725 0.601452,
 0.376886 0.704776 0.601039, 0.376899 0.704776 0.601031, 0.376951 0.705448 0.600209, 0.376997 0.704776 0.600969, 0.377332 0.000000 -0.926078,
 0.377423 0.704777 0.600701, 0.377568 0.704777 0.600609, 0.377851 0.704777 0.600431, 0.378138 0.704778 0.600250, 0.378690 0.704779 0.599901,
 0.379322 0.705450 0.598711, 0.379560 -0.704780 -0.599349, 0.379841 -0.705404 0.598437, 0.380089 0.000000 0.924950, 0.380112 -0.704781 -0.598998,
 0.380136 0.000000 0.924931, 0.381975 -0.705454 -0.597018, 0.382291 0.707107 -0.594856, 0.382291 0.707107 0.594856, 0.382346 0.705402 -0.596841,
 0.382490 0.704784 0.597478, 0.382496 -0.704720 0.597551, 0.382524 -0.705454 -0.596666, 0.383056 -0.704719 0.597192, 0.383746 0.704719 -0.596750,
 0.384047 0.000000 -0.923314, 0.384077 0.000000 -0.923301, 0.384743 0.705400 -0.595301, 0.384926 0.000000 -0.922947, 0.384950 0.000000 -0.922938,
 0.385368 0.000000 0.922763, 0.385438 0.000000 0.922734, 0.386146 0.704717 -0.595202, 0.386149 -0.704790 -0.595113, 0.386237 0.000000 0.922400,
 0.386310 0.000000 0.922369, 0.386541 -0.705399 0.594136, 0.386696 -0.704791 -0.594757, 0.387723 0.704793 0.594086, 0.388334 0.705461 0.592892,
 0.388532 -0.705462 -0.592762, 0.389076 -0.705462 -0.592404, 0.389171 0.704795 0.593135, 0.389197 -0.704715 0.593214, 0.389754 -0.704714 0.592848,
 0.390060 0.704796 0.592550, 0.390666 0.705464 0.591354, 0.391678 0.000000 -0.920102, 0.391685 0.000000 -0.920099, 0.391918 0.000000 -0.920000,
 0.391918 0.000000 0.920000, 0.392650 -0.705395 0.590121, 0.392675 -0.704801 -0.590815, 0.393204 -0.705395 0.589753, 0.393216 -0.704802 -0.590454,
 0.393887 0.705395 -0.589298, 0.394527 0.000000 -0.918885, 0.394527 0.000000 -0.918884, 0.395026 -0.705470 -0.588444, 0.395300 0.704711 -0.589170,
 0.395396 0.000000 -0.918511, 0.395442 0.000000 -0.918491, 0.395564 -0.705471 -0.588081, 0.395758 0.000000 0.918355, 0.395861 -0.704710 0.588793,
 0.395883 0.000000 0.918301, 0.396260 0.705393 -0.587706, 0.396415 -0.704710 0.588421, 0.396620 0.000000 0.917983, 0.396621 0.704710 -0.588282,
 0.396751 0.000000 0.917926, 0.397647 0.000000 0.917539, 0.398079 0.000000 0.917351, 0.398217 0.000000 0.917291, 0.398941 0.704812 0.586588,
 0.399136 -0.704812 -0.586456, 0.399278 -0.705392 0.585662, 0.399529 0.705476 0.585389, 0.399672 -0.704813 -0.586089, 0.399828 -0.705391 0.585287,
 0.401239 0.704816 0.585014, 0.401821 0.705480 0.583814, 0.402403 0.000000 0.915463, 0.402486 -0.704706 0.584289, 0.402637 0.000000 -0.915360,
 0.403037 -0.704706 0.583910, 0.403348 0.704706 -0.583696, 0.404933 0.000000 -0.914346, 0.404955 0.000000 -0.914337, 0.405310 0.705389 -0.581507,
 0.405532 -0.704824 -0.582036, 0.405799 0.000000 -0.913962, 0.405865 -0.705388 0.581121, 0.405923 0.000000 -0.913907, 0.406063 -0.704825 -0.581665,
 0.406066 0.000000 0.913844, 0.406242 0.000000 0.913765, 0.406412 -0.705388 0.580738, 0.406629 0.000000 -0.913593, 0.406705 0.000000 0.913560,
 0.406739 0.704704 -0.581340, 0.406908 0.000000 0.913469, 0.406923 0.000000 0.913463, 0.407105 0.000000 0.913382, 0.409071 -0.704703 0.579702,
 0.409259 0.705491 0.578610, 0.409618 -0.704703 0.579316, 0.409675 0.000000 -0.912232, 0.409699 0.000000 -0.912221, 0.409966 0.704833 0.578912,
 0.410055 0.704703 -0.579007, 0.410383 0.704702 -0.578775, 0.410531 0.705492 0.577706, 0.410749 0.704702 -0.578515, 0.410921 0.704702 -0.578393,
 0.410968 0.704702 -0.578360, 0.411865 0.704702 -0.577722, 0.411988 0.704702 -0.577634, 0.412114 0.704702 -0.577544, 0.412145 0.704702 -0.577523,
 0.412222 0.704837 0.577302, 0.412410 -0.705386 0.576497, 0.412452 0.704702 -0.577303, 0.412868 0.705491 0.576040, 0.412954 -0.705385 0.576108,
 0.413035 0.707107 -0.573936, 0.413177 0.704701 -0.576785, 0.413730 -0.705490 -0.575423, 0.414764 0.705385 -0.574807, 0.414779 0.000000 0.909922,
 0.414872 0.000000 0.909880, 0.414888 0.705385 -0.574718, 0.415291 0.000000 -0.909689, 0.415323 0.000000 -0.909674, 0.415415 0.000000 -0.909632,
 0.415415 0.000000 0.909632, 0.415613 -0.704700 0.575033, 0.415718 0.707107 0.571995, 0.415768 -0.704845 -0.574744, 0.415861 0.000000 0.909428,
 0.416066 0.000000 0.909334, 0.416332 0.000000 0.909212, 0.416527 0.000000 0.909123, 0.416609 0.705384 -0.573472, 0.418053 0.704700 -0.573263,
 0.418912 -0.705383 0.571793, 0.419452 -0.705383 0.571397, 0.420322 -0.705481 -0.570637, 0.420792 0.704855 0.571064, 0.421906 0.705478 0.569469,
 0.422060 -0.704855 -0.570126, 0.422112 -0.704698 0.570282, 0.422462 -0.705478 -0.569058, 0.423106 0.704853 0.569353, 0.423962 -0.704852 -0.568718,
 0.425369 -0.705381 0.567008, 0.425594 0.000000 -0.904914, 0.425629 0.000000 -0.904898, 0.425700 0.000000 0.904864, 0.426562 0.000000 0.904458,
 0.426730 0.000000 0.904379, 0.426861 -0.705472 -0.565773, 0.426933 0.704697 -0.566684, 0.427404 -0.705471 -0.565364, 0.427511 0.000000 -0.904010,
 0.427547 0.000000 -0.903993, 0.427777 0.705381 -0.565195, 0.428030 -0.704697 0.565856, 0.428566 -0.704697 0.565450, 0.428677 -0.704842 -0.565185,
 0.429000 -0.704841 -0.564940, 0.429014 0.000000 0.903298, 0.429133 0.000000 0.903241, 0.429235 0.704697 -0.564942, 0.429360 -0.704841 -0.564667,
 0.429530 -0.704840 -0.564538, 0.429576 -0.704840 -0.564504, 0.429686 0.000000 0.902978, 0.430459 -0.704839 -0.563833, 0.430506 -0.704839 -0.563797,
 0.430581 -0.704838 -0.563740, 0.430705 -0.704838 -0.563645, 0.430882 0.000000 0.902408, 0.430901 0.000000 0.902399, 0.431038 -0.704838 -0.563392,
 0.431052 0.000000 0.902327, 0.431707 0.000000 0.902014, 0.431752 -0.704836 -0.562847, 0.431781 -0.705380 0.562143, 0.431929 0.000000 0.901908,
 0.432079 0.704835 0.562597, 0.432364 0.000000 0.901699, 0.432804 0.000000 0.901488, 0.433158 0.705463 0.560977, 0.433345 -0.705463 -0.560833,
 0.433530 0.000000 0.901139, 0.433636 0.000000 0.901088, 0.433883 -0.705462 -0.560418, 0.434441 -0.704696 0.560949, 0.434974 -0.704696 0.560537,
 0.434985 0.000000 -0.900438, 0.435034 0.000000 -0.900414, 0.435836 0.000000 -0.900026, 0.435901 0.000000 -0.899995, 0.435901 0.000000 0.899994,
 0.436130 0.000000 0.899884, 0.436534 0.705379 -0.558461, 0.436749 0.000000 0.899583, 0.436828 0.000000 0.899545, 0.436994 -0.704826 -0.558799,
 0.437532 -0.704825 -0.558379, 0.437615 -0.705379 0.557614, 0.438005 0.704696 -0.558171, 0.438144 -0.705379 0.557199, 0.438804 0.705379 -0.556680,
 0.439494 0.000000 0.898246, 0.439773 -0.705455 -0.555817, 0.440278 0.704696 -0.556380, 0.440307 -0.705454 -0.555396, 0.440805 -0.704696 0.555963,
 0.441333 -0.704696 0.555544, 0.441515 0.705378 -0.554532, 0.441526 0.000000 -0.897249, 0.441579 0.000000 -0.897223, 0.443073 -0.705378 0.553288,
 0.443239 0.704814 0.553874, 0.443424 -0.704814 -0.553726, 0.443934 -0.705378 0.552598, 0.443958 -0.704813 -0.553299, 0.444242 0.705449 0.552259,
 0.444459 -0.705378 0.552176, 0.445161 0.000000 -0.895450, 0.445166 0.000000 -0.895448, 0.445227 0.000000 -0.895418, 0.445228 0.000000 -0.895417,
 0.446012 0.000000 -0.895027, 0.446043 0.000000 0.895011, 0.446064 0.000000 -0.895001, 0.446102 0.000000 0.894982, 0.446144 -0.705447 -0.550727,
 0.446887 0.000000 0.894591, 0.446888 0.000000 0.894590, 0.447119 -0.704696 0.550897, 0.447445 0.705378 -0.549759, 0.447577 0.000000 0.894245,
 0.447643 -0.704696 0.550471, 0.447668 0.000000 0.894200, 0.448932 0.704697 -0.549421, 0.449683 0.705378 -0.547929, 0.449791 0.000000 0.893134,
 0.449795 -0.704803 -0.548578, 0.450202 -0.705378 0.547503, 0.450324 -0.704802 -0.548145, 0.450722 -0.705378 0.547075, 0.451006 0.705376 -0.546844,
 0.451034 0.000000 0.892507, 0.451058 0.000000 0.892495, 0.451174 0.704697 -0.547581, 0.451399 0.705441 0.546436, 0.451450 -0.705378 0.546475,
 0.452456 -0.705440 -0.545563, 0.453382 -0.704697 0.545753, 0.453902 -0.704697 0.545321, 0.453990 0.000000 -0.891007, 0.453990 0.000000 0.891007,
 0.454223 0.704795 0.544927, 0.455152 0.705437 0.543320, 0.455276 0.000000 -0.890351, 0.455330 0.000000 -0.890323, 0.456076 0.000000 0.889941,
 0.456106 -0.704792 -0.543356, 0.456115 0.000000 -0.889921, 0.456131 0.000000 0.889913, 0.456177 0.000000 -0.889889, 0.456418 -0.705378 0.542332,
 0.456914 0.000000 0.889511, 0.456934 -0.705378 0.541897, 0.456969 0.000000 0.889483, 0.458189 -0.705433 -0.540765, 0.458202 0.705379 -0.540825,
 0.458708 -0.705433 -0.540326, 0.459009 0.000000 -0.888432, 0.459062 0.000000 -0.888404, 0.459229 0.707107 -0.537688, 0.459229 0.707107 0.537688,
 0.459247 0.707107 -0.537673, 0.459593 -0.704699 0.540531, 0.459705 0.704699 -0.540436, 0.460408 0.705379 -0.538948, 0.461914 0.704700 -0.538548,
 0.462355 -0.704781 -0.538062, 0.462581 -0.705379 0.537084, 0.462597 0.000000 -0.886568, 0.462648 0.000000 -0.886542, 0.463056 0.707107 -0.534396,
 0.463056 0.707107 0.534396, 0.463093 -0.705379 0.536643, 0.463676 0.705427 0.536076, 0.464385 -0.705426 -0.535463, 0.464759 0.000000 0.885437,
 0.464838 0.000000 0.885396, 0.464899 -0.705426 -0.535017, 0.465023 0.704777 0.535764, 0.465308 0.000000 -0.885149, 0.465362 0.000000 -0.885120,
 0.465750 -0.704701 0.535232, 0.465881 0.705425 0.534164, 0.466057 -0.704701 0.534964, 0.466063 0.000000 0.884752, 0.466141 0.000000 -0.884711,
 0.466145 -0.704701 0.534888, 0.466158 0.000000 0.884702, 0.466201 0.000000 -0.884679, 0.466232 -0.704701 0.534812, 0.466276 -0.704701 0.534773,
 0.466406 -0.704701 0.534660, 0.466440 -0.704701 0.534630, 0.466678 -0.704702 0.534422, 0.466788 -0.704702 0.534326, 0.466893 0.000000 0.884314,
 0.466991 0.000000 0.884262, 0.467100 -0.704702 0.534053, 0.468028 -0.704772 -0.533147, 0.468236 -0.704702 0.533057, 0.468310 0.000000 0.883564,
 0.468414 0.000000 0.883509, 0.468541 -0.704772 -0.532697, 0.468689 -0.705380 0.531760, 0.468799 0.705380 -0.531663, 0.470317 0.704703 -0.531221,
 0.470518 -0.705420 -0.530089, 0.470537 0.705416 0.530078, 0.470685 -0.705413 -0.529950, 0.470971 0.705381 -0.529739, 0.471027 -0.705420 -0.529638,
 0.471345 -0.704704 0.530308, 0.471397 0.000000 0.881921, 0.471418 0.000000 -0.881910, 0.471852 -0.704704 0.529857, 0.472492 0.704704 -0.529286,
 0.473407 -0.704705 0.528466, 0.473454 0.704764 0.528345, 0.474155 -0.704763 -0.527717, 0.474256 0.705417 0.526753, 0.474663 -0.704762 -0.527261,
 0.474742 -0.705382 0.526362, 0.474825 0.707107 -0.523967, 0.474918 0.707107 -0.523883, 0.475258 0.000000 -0.879847, 0.475301 0.000000 -0.879823,
 0.475634 0.704761 0.526388, 0.475996 0.000000 0.879447, 0.476073 0.000000 -0.879406, 0.476084 0.000000 -0.879400, 0.476119 0.000000 0.879381,
 0.476255 0.000000 -0.879307, 0.476297 0.000000 -0.879285, 0.476422 0.705415 0.524798, 0.476588 -0.705414 -0.524647, 0.476820 0.000000 0.879001,
 0.476946 0.000000 0.878932, 0.477092 -0.705414 -0.524190, 0.477269 -0.705377 0.524078, 0.477357 0.705376 -0.523998, 0.477359 0.705376 -0.523997,
 0.477395 -0.704707 0.524863, 0.477893 0.705407 0.523468, 0.477897 -0.704708 0.524406, 0.479228 0.705383 -0.522278, 0.479601 -0.704709 0.522847,
 0.479791 0.000000 -0.877383, 0.479827 0.000000 -0.877363, 0.480218 -0.704755 -0.522218, 0.480239 -0.705384 0.521349, 0.480720 -0.704754 -0.521757,
 0.480736 -0.705384 0.520890, 0.480761 0.704709 -0.521779, 0.481365 0.705384 -0.520309, 0.481903 0.000000 0.876224, 0.482037 0.000000 0.876151,
 0.482594 -0.705409 -0.519135, 0.483091 -0.705409 -0.518673, 0.483387 -0.704711 0.519344, 0.483884 -0.704712 0.518881, 0.483910 0.704749 0.518806,
 0.484644 0.705407 0.517224, 0.485423 0.000000 0.874279, 0.485487 0.704747 0.517333, 0.485555 0.704747 0.517269, 0.485569 0.000000 0.874199,
 0.485865 0.000000 0.874034, 0.485877 0.704747 0.516967, 0.486009 0.000000 0.873954, 0.486049 0.704747 0.516806, 0.486180 -0.705386 0.515810,
 0.486213 -0.704746 -0.516652, 0.486572 0.704746 0.516314, 0.486590 0.704746 0.516297, 0.486671 0.704746 0.516221, 0.486672 -0.705387 0.515345,
 0.486710 -0.704746 -0.516185, 0.486769 0.705405 0.515227, 0.487052 0.704745 0.515863, 0.487181 0.704745 0.515741, 0.487434 0.704745 0.515503,
 0.487690 0.704745 0.515261, 0.488533 -0.705404 -0.513557, 0.489320 -0.704716 0.513752, 0.489483 0.705388 -0.512674, 0.489812 -0.704716 0.513282,
 0.491029 0.704717 -0.512117, 0.491091 0.000000 -0.871108, 0.491603 0.704740 0.511536, 0.492060 -0.705389 0.510199, 0.492142 -0.704739 -0.511018,
 0.492548 -0.705389 0.509728, 0.492633 -0.704738 -0.510546, 0.493232 0.000000 -0.869898, 0.493237 0.000000 -0.869895, 0.493256 0.000000 -0.869884,
 0.494165 0.704736 0.509065, 0.494405 -0.705400 -0.507913, 0.494834 0.705399 0.507495, 0.495193 -0.704721 0.508087, 0.495667 0.000000 0.868513,
 0.495680 -0.704722 0.507611, 0.495821 0.000000 0.868425, 0.496261 0.704734 0.507025, 0.496648 0.000000 -0.867952, 0.496716 0.000000 -0.867913,
 0.496917 0.705398 0.505458, 0.496991 0.000000 0.867756, 0.497587 0.704732 0.505726, 0.497880 -0.705393 0.504517, 0.498001 -0.704732 -0.505319,
 0.498362 -0.705393 0.504040, 0.498860 0.000000 0.866682, 0.499012 0.000000 0.866595, 0.499555 0.705394 -0.502856, 0.499728 -0.705396 -0.502682,
 0.500000 0.000000 -0.866025, 0.500000 0.000000 0.866025, 0.500209 -0.705395 -0.502204, 0.500880 0.000000 -0.865517, 0.501003 -0.704727 0.502350,
 0.501115 0.704727 -0.502238, 0.502357 0.000000 0.864660, 0.502495 0.000000 0.864580, 0.503637 -0.705396 0.498764, 0.503761 0.000000 -0.863843,
 0.503762 0.000000 -0.863843, 0.503791 -0.704726 -0.499556, 0.504114 -0.705397 0.498282, 0.504214 0.704725 0.499130, 0.504301 0.704731 -0.499034,
 0.504819 0.705392 0.497573, 0.505413 0.000000 0.862878, 0.505468 -0.705392 -0.496915, 0.505557 0.000000 0.862793, 0.505944 -0.705392 -0.496431,
 0.506266 0.704723 0.497051, 0.506750 -0.704734 0.496543, 0.507888 0.705391 0.494443, 0.508980 0.704736 -0.494253, 0.509036 -0.704720 -0.494219,
 0.509330 -0.705401 0.492943, 0.509440 0.705401 -0.492830, 0.509510 -0.704720 -0.493730, 0.509915 0.000000 -0.860225, 0.509946 0.000000 -0.860206,
 0.510063 0.704738 -0.493133, 0.510638 0.000000 -0.859796, 0.511012 0.704739 -0.492148, 0.511115 0.000000 -0.859512, 0.511138 -0.705389 -0.491085,
 0.511608 -0.705388 -0.490596, 0.511648 0.000000 -0.859195, 0.511842 0.705403 -0.490332, 0.511899 0.000000 -0.859046, 0.511962 -0.704740 0.491159,
 0.511967 0.000000 -0.859005, 0.512040 0.705403 -0.490125, 0.512433 -0.704741 0.490666, 0.513210 0.000000 -0.858263, 0.513273 0.000000 -0.858225,
 0.513328 0.000000 -0.858193, 0.513366 0.000000 -0.858170, 0.513453 0.000000 -0.858118, 0.513636 0.000000 -0.858008, 0.513681 0.000000 -0.857981,
 0.514050 0.704716 0.489007, 0.514129 0.000000 -0.857713, 0.514595 0.705387 0.487464, 0.514689 -0.704715 -0.488336, 0.514779 0.704744 -0.488200,
 0.514958 -0.705405 0.487054, 0.515113 0.000000 0.857122, 0.515157 -0.704715 -0.487843, 0.515184 0.000000 -0.857080, 0.515231 0.000000 0.857051,
 0.515668 0.000000 0.856789, 0.515775 0.000000 0.856724, 0.515785 0.704745 -0.487135, 0.516064 0.704746 -0.486839, 0.516375 0.704746 -0.486508,
 0.516483 0.000000 -0.856297, 0.516522 0.704746 -0.486352, 0.516561 0.704746 -0.486310, 0.516643 0.704746 -0.486223, 0.516738 -0.705386 -0.485194,
 0.517141 0.705407 -0.484733, 0.517201 -0.705386 -0.484700, 0.517324 0.704747 -0.485497, 0.517429 0.704747 -0.485385, 0.517433 0.704747 -0.485381,
 0.517510 0.704748 -0.485298, 0.517584 -0.704748 0.485219, 0.518050 -0.704748 0.484721, 0.518722 0.704749 -0.484000, 0.519129 0.705409 -0.482600,
 0.519410 -0.705385 -0.482333, 0.520058 -0.705410 0.481598, 0.520269 -0.704711 -0.482393, 0.520519 -0.705410 0.481098, 0.520713 0.704752 -0.481853,
 0.520731 -0.704710 -0.481895, 0.521465 -0.704710 -0.481101, 0.522265 -0.705383 -0.479243, 0.522722 -0.705383 -0.478744, 0.522873 0.000000 -0.852411,
 0.522904 0.000000 -0.852391, 0.523139 -0.704756 0.479212, 0.523600 -0.704757 0.478708, 0.523652 0.000000 -0.851932, 0.523669 0.704708 0.478704,
 0.523698 0.000000 -0.851904, 0.523963 0.000000 0.851741, 0.524042 0.000000 0.851692, 0.524156 0.705383 0.477174, 0.524757 0.000000 0.851252,
 0.524841 0.000000 0.851200, 0.525543 0.707107 0.473079, 0.525558 -0.705415 0.475582, 0.525776 -0.704707 -0.476391, 0.526014 -0.705416 0.475077,
 0.526231 -0.704706 -0.475888, 0.526409 0.000000 -0.850231, 0.526450 0.000000 -0.850206, 0.526671 0.705417 -0.474347, 0.527043 -0.704706 -0.474989,
 0.527718 -0.705382 -0.473234, 0.528263 0.704764 -0.473545, 0.528618 0.705419 -0.472174, 0.528627 -0.704765 0.473139, 0.529081 -0.704765 0.472630,
 0.530212 0.704767 -0.471358, 0.530446 0.707107 -0.467576, 0.530989 -0.705421 0.469501, 0.531208 -0.704703 -0.470332, 0.531439 -0.705422 0.468991,
 0.531657 -0.704703 -0.469824, 0.532298 0.000000 0.846557, 0.532346 0.000000 0.846527, 0.532372 0.000000 -0.846510, 0.532413 0.000000 -0.846485,
 0.532563 -0.704703 -0.468797, 0.532832 -0.704702 -0.468492, 0.533066 0.704702 0.468226, 0.533098 -0.705380 -0.467168, 0.533132 -0.704702 -0.468151,
 0.533143 0.000000 -0.846025, 0.533205 0.000000 -0.845986, 0.533273 -0.704702 -0.467990, 0.533311 -0.704702 -0.467947, 0.533498 0.705380 0.466711,
 0.533542 0.000000 0.845774, 0.533590 0.000000 0.845744, 0.534045 -0.704774 0.467001, 0.534045 -0.704702 -0.467110, 0.534146 -0.704702 -0.466994,
 0.534249 -0.704702 -0.466876, 0.534341 0.000000 0.845269, 0.534382 0.000000 0.845243, 0.534396 0.707107 -0.463056, 0.534396 0.707107 0.463056,
 0.534493 -0.704775 0.466486, 0.534525 -0.704702 -0.466560, 0.534772 0.705426 -0.465182, 0.535117 -0.704701 -0.465882, 0.535996 0.705427 -0.463768,
 0.536351 -0.705428 0.463357, 0.536564 -0.704701 -0.464216, 0.536795 -0.705428 0.462842, 0.537597 0.704781 -0.462897, 0.537899 0.705429 -0.461556,
 0.537963 -0.705379 -0.461558, 0.538403 -0.705379 -0.461046, 0.539392 -0.704784 0.460799, 0.539502 0.704784 -0.460669, 0.540641 0.000000 -0.841254,
 0.540641 0.000000 0.841254, 0.540747 0.705379 0.458295, 0.541642 -0.705434 0.457151, 0.541844 -0.704698 -0.458045, 0.541852 0.000000 -0.840474,
 0.541890 0.000000 -0.840449, 0.542080 -0.705435 0.456630, 0.542236 0.704698 0.457581, 0.542615 0.705378 0.456082, 0.542660 0.000000 -0.839952,
 0.542679 0.000000 -0.839940, 0.542819 0.000000 -0.839850, 0.542855 0.000000 -0.839827, 0.543017 0.705378 0.455603, 0.543063 0.000000 0.839692,
 0.543083 0.000000 0.839679, 0.543199 -0.705378 -0.455386, 0.543632 -0.705378 -0.454869, 0.543760 -0.705437 0.454625, 0.543849 0.000000 0.839183,
 0.543873 0.000000 0.839168, 0.544668 -0.704794 0.454534, 0.545109 0.705439 -0.453003, 0.546616 -0.704697 -0.452342, 0.546719 0.704799 -0.452059,
 0.546861 -0.705441 0.450884, 0.546968 0.705442 -0.450753, 0.547046 -0.704697 -0.451821, 0.548357 -0.705378 -0.449161, 0.548579 0.704803 -0.449794,
 0.548698 0.000000 0.836021, 0.548747 0.000000 0.835988, 0.548784 -0.705378 -0.448640, 0.549344 0.704697 0.449025, 0.549441 -0.704805 0.448738,
 0.549683 0.705378 0.447538, 0.549872 -0.704805 0.448208, 0.549899 0.705378 0.447273, 0.551175 0.704696 0.446777, 0.551294 0.000000 -0.834311,
 0.551329 0.000000 -0.834288, 0.551503 0.705378 0.445293, 0.551747 -0.704696 -0.446070, 0.552007 -0.705449 0.444557, 0.552171 -0.704696 -0.445545,
 0.552456 0.000000 0.833542, 0.552540 0.000000 0.833486, 0.553439 -0.705378 -0.442885, 0.553859 -0.705378 -0.442359, 0.554006 0.705452 -0.442058,
 0.554576 -0.704816 0.442357, 0.555001 -0.704817 0.441822, 0.555621 0.704818 -0.441040, 0.555819 0.705455 -0.439772, 0.556397 0.000000 -0.830916,
 0.556397 0.000000 0.830916, 0.556658 -0.705456 0.438706, 0.556799 -0.704696 -0.439748, 0.557078 -0.705457 0.438171, 0.557217 -0.704696 -0.439218,
 0.557671 0.705453 -0.437424, 0.558097 0.704696 0.438100, 0.558387 0.705379 0.436629, 0.558442 -0.705379 -0.436558, 0.558856 -0.705379 -0.436028,
 0.559108 0.000000 -0.829095, 0.559145 0.000000 -0.829070, 0.559262 0.000000 0.828991, 0.559637 -0.704828 0.435917, 0.559878 0.704696 0.435821,
 0.560056 -0.704829 0.435377, 0.560158 0.705379 0.434353, 0.560687 0.000000 -0.828028, 0.560725 0.000000 -0.828002, 0.561662 -0.705464 0.432269,
 0.561767 0.000000 0.827296, 0.561772 -0.704696 -0.433376, 0.561928 0.000000 0.827186, 0.562075 -0.705465 0.431729, 0.562183 -0.704696 -0.432843,
 0.562679 0.705466 -0.430940, 0.562988 -0.704836 0.431567, 0.563058 -0.704837 0.431475, 0.563128 -0.704837 0.431384, 0.563163 -0.704837 0.431337,
 0.563268 -0.704837 0.431200, 0.563295 -0.704837 0.431164, 0.563367 -0.705380 -0.430182, 0.563486 -0.704838 0.430914, 0.563575 -0.704838 0.430798,
 0.563791 0.707107 -0.426778, 0.563791 0.707107 0.426778, 0.563802 0.707107 -0.426764, 0.563825 -0.704839 0.430470, 0.564299 0.704840 -0.429845,
 0.564735 -0.704841 0.429271, 0.564811 0.000000 0.825220, 0.564995 0.000000 0.825095, 0.565035 -0.704842 0.428875, 0.566589 -0.705473 0.425775,
 0.566611 0.704697 0.427029, 0.566665 -0.704697 -0.426957, 0.566855 0.705381 0.425573, 0.566997 -0.705474 0.425231, 0.567070 -0.704697 -0.426420,
 0.567964 0.707107 -0.421209, 0.568212 -0.705382 -0.423759, 0.568343 0.704698 0.424721, 0.568578 0.705382 0.423268, 0.568867 -0.704852 0.423762,
 0.569261 0.000000 -0.822156, 0.569294 0.000000 -0.822134, 0.569937 -0.704855 0.422317, 0.570049 0.000000 -0.821611, 0.570071 0.000000 -0.821595,
 0.570257 0.000000 0.821467, 0.570457 0.000000 0.821328, 0.570978 0.705377 0.420032, 0.571027 0.000000 0.820931, 0.571098 -0.705376 -0.419870,
 0.571126 0.705481 -0.419656, 0.571241 0.000000 0.820783, 0.571477 -0.704699 -0.420492, 0.571841 -0.705483 0.418679, 0.571931 0.000000 -0.820301,
 0.571964 0.000000 -0.820279, 0.572582 -0.705384 -0.417832, 0.572633 0.704851 -0.418661, 0.572977 -0.705384 -0.417291, 0.573617 -0.704848 0.417316,
 0.574884 0.704700 0.415820, 0.575084 0.705385 0.414379, 0.575272 0.000000 -0.817962, 0.575290 0.000000 -0.817949, 0.576208 -0.704701 -0.413982,
 0.576565 0.704701 0.413484, 0.576607 -0.705492 0.412073, 0.576919 0.704701 0.412989, 0.576986 0.704701 0.412896, 0.577046 -0.705487 0.411468,
 0.577052 0.704701 0.412803, 0.577086 0.704701 0.412756, 0.577176 0.705489 -0.411282, 0.577176 0.705489 -0.411281, 0.577186 0.704701 0.412616,
 0.577212 0.704701 0.412580, 0.577273 -0.705386 -0.411322, 0.577393 0.704702 0.412326, 0.577477 0.704702 0.412208, 0.577598 0.000000 0.816321,
 0.577661 -0.705386 -0.410778, 0.577715 0.704702 0.411875, 0.577724 0.000000 0.816232, 0.578404 0.705383 0.409736, 0.578568 0.000000 -0.815634,
 0.578580 0.704702 0.410658, 0.578590 0.000000 -0.815619, 0.578845 0.704833 -0.410060, 0.579244 0.705489 -0.408365, 0.579332 0.000000 -0.815092,
 0.579362 0.000000 -0.815070, 0.579481 0.000000 0.814986, 0.579720 0.000000 0.814815, 0.580249 0.000000 0.814439, 0.580448 0.704829 -0.407795,
 0.580466 0.000000 0.814284, 0.580472 -0.704704 -0.407977, 0.580627 0.707107 -0.403575, 0.580780 0.000000 0.814060, 0.580857 -0.704704 -0.407429,
 0.580997 0.000000 0.813906, 0.581883 -0.705389 -0.404770, 0.582264 -0.705389 -0.404222, 0.582501 0.704705 0.405072, 0.582777 -0.704822 0.404471,
 0.582912 0.704705 0.404480, 0.583071 0.705390 0.403055, 0.583147 -0.704821 0.403939, 0.584119 0.000000 -0.811668, 0.585045 -0.704707 -0.401385,
 0.585323 0.705477 -0.399624, 0.585423 -0.704707 -0.400834, 0.586411 -0.705392 -0.398176, 0.586523 0.704812 -0.399037, 0.586785 -0.705392 -0.397624,
 0.586891 0.705473 -0.397324, 0.587160 0.704709 0.398282, 0.587186 -0.704810 0.398064, 0.587551 -0.704809 0.397527, 0.587672 0.000000 0.809099,
 0.587769 0.000000 -0.809029, 0.587769 0.000000 -0.809029, 0.587785 0.000000 -0.809017, 0.587785 0.000000 0.809017, 0.587802 0.000000 -0.809005,
 0.587825 0.000000 -0.808988, 0.587914 0.000000 0.808923, 0.587949 0.000000 -0.808898, 0.587972 0.000000 -0.808881, 0.588089 0.704808 -0.396732,
 0.588581 0.000000 -0.808439, 0.588592 0.000000 -0.808430, 0.588661 0.000000 0.808380, 0.588836 0.000000 0.808253, 0.588987 0.705394 0.394352,
 0.589168 -0.705469 0.393948, 0.589425 0.000000 0.807823, 0.589529 -0.705468 0.393408, 0.589536 -0.704711 -0.394753, 0.589605 0.000000 0.807691,
 0.589906 -0.704711 -0.394199, 0.590692 0.704712 0.393018, 0.590813 0.705396 0.391608, 0.590856 -0.705396 -0.391542, 0.591223 -0.705396 -0.390987,
 0.591238 0.000000 -0.806497, 0.591261 0.000000 -0.806481, 0.591535 -0.704799 0.391592, 0.591774 0.705464 -0.390031, 0.591895 -0.704798 0.391049,
 0.591926 0.705463 -0.389801, 0.592068 0.704798 -0.390788, 0.592828 0.705462 -0.388432, 0.593350 0.000000 0.804944, 0.593476 -0.705460 0.387443,
 0.593551 0.000000 0.804796, 0.593832 -0.705460 0.386898, 0.593942 -0.704715 -0.388083, 0.594022 0.704793 -0.387820, 0.594306 -0.704716 -0.387525,
 0.594358 0.705459 -0.386092, 0.594856 0.707107 -0.382291, 0.594856 0.707107 0.382291, 0.595219 -0.705400 -0.384870, 0.595551 0.704789 -0.385476,
 0.595823 -0.704788 0.385056, 0.595870 0.000000 0.803081, 0.595973 0.000000 0.803004, 0.596178 -0.704787 0.384508, 0.596378 0.704787 -0.384198,
 0.596464 0.000000 0.802639, 0.596614 0.000000 0.802529, 0.596735 0.000000 0.802438, 0.596986 0.000000 -0.802251, 0.596994 0.000000 -0.802246,
 0.597525 0.000000 0.801850, 0.597553 0.000000 0.801830, 0.597569 -0.705403 -0.381207, 0.597676 0.000000 0.801738, 0.597721 -0.705452 0.380876,
 0.597755 0.000000 -0.801679, 0.597791 0.000000 0.801652, 0.597795 0.000000 -0.801649, 0.597911 0.000000 0.801563, 0.598072 -0.705452 0.380326,
 0.598223 0.704721 0.381442, 0.598257 0.000000 0.801304, 0.598265 -0.704721 -0.381376, 0.598307 0.705403 0.380045, 0.598454 0.000000 0.801157,
 0.598550 0.000000 0.801085, 0.598570 0.000000 0.801071, 0.598622 -0.704721 -0.380815, 0.598656 0.000000 0.801006, 0.598660 0.000000 0.801004,
 0.598840 0.000000 0.800869, 0.599231 0.000000 0.800576, 0.599499 -0.705405 -0.378161, 0.599888 0.704779 -0.378710, 0.600049 -0.704778 0.378456,
 0.600147 0.705448 -0.377050, 0.600398 -0.704777 0.377903, 0.600649 0.704777 -0.377506, 0.600784 0.000000 -0.799411, 0.600784 0.000000 0.799411,
 0.600857 0.704776 -0.377176, 0.601089 0.704776 -0.376807, 0.601198 0.704776 -0.376633, 0.601227 0.704775 -0.376586, 0.601285 0.704775 -0.376494,
 0.601336 0.704775 -0.376413, 0.601638 0.705445 -0.374673, 0.601796 0.704774 -0.375680, 0.601874 0.704774 -0.375555, 0.601876 0.704774 -0.375551,
 0.601903 -0.705445 0.374247, 0.601935 0.704774 -0.375458, 0.602249 -0.705444 0.373691, 0.602504 -0.704727 -0.374633, 0.602826 0.704772 -0.374029,
 0.603348 -0.705409 -0.371980, 0.603695 -0.705410 -0.371416, 0.603780 0.000000 -0.797151, 0.603783 0.000000 -0.797149, 0.604074 0.705410 0.370798,
 0.604210 -0.704769 0.371794, 0.605214 0.000000 0.796063, 0.605314 -0.704731 -0.370067, 0.605502 0.704731 0.369759, 0.605552 0.705412 0.368375,
 0.606020 -0.705437 0.367556, 0.606090 0.000000 -0.795396, 0.606091 0.000000 -0.795395, 0.606361 -0.705437 0.366996, 0.606658 -0.704733 -0.367856,
 0.606846 0.000000 -0.794819, 0.606865 0.000000 0.794805, 0.606872 0.000000 0.794800, 0.606914 0.000000 -0.794768, 0.607027 0.000000 -0.794681,
 0.607030 0.000000 -0.794679, 0.607274 0.705435 -0.365486, 0.607467 -0.705415 -0.365204, 0.607619 0.000000 0.794229, 0.607624 0.000000 0.794225,
 0.607807 -0.705415 -0.364637, 0.608307 -0.704760 0.365071, 0.608458 0.704759 -0.364819, 0.608724 0.705433 -0.363070, 0.609045 0.000000 0.793136,
 0.609055 0.000000 0.793128, 0.609193 0.705432 -0.362285, 0.609447 -0.704738 -0.363206, 0.609907 0.704756 -0.362398, 0.610071 -0.705430 0.360806,
 0.610391 -0.704739 -0.361615, 0.610727 -0.704740 -0.361046, 0.611094 0.704741 0.360423, 0.611119 0.705420 0.359049, 0.611502 -0.705421 -0.358395,
 0.611834 -0.705421 -0.357826, 0.612004 -0.704752 0.358854, 0.612261 0.000000 0.790655, 0.612281 0.000000 0.790640, 0.612337 -0.704751 0.358286,
 0.612406 0.707107 0.353496, 0.612527 0.704743 0.357978, 0.612545 0.705422 0.356606, 0.612801 -0.704744 -0.357507, 0.613513 -0.704745 -0.356281,
 0.613710 -0.704746 -0.355941, 0.613930 -0.704746 -0.355561, 0.614033 -0.704746 -0.355381, 0.614055 -0.705424 0.353996, 0.614061 -0.704746 -0.355333,
 0.614119 -0.704746 -0.355233, 0.614202 0.705424 -0.353742, 0.614382 -0.704747 -0.354777, 0.614395 0.000000 0.788999, 0.614599 -0.704747 -0.354399,
 0.614673 -0.704747 -0.354271, 0.614711 -0.704748 -0.354206, 0.614731 -0.704748 -0.354170, 0.615111 0.000000 -0.788440, 0.615114 0.000000 -0.788439,
 0.615381 0.704745 -0.353045, 0.615452 -0.705427 -0.351556, 0.615610 0.705421 -0.351290, 0.615778 -0.705427 -0.350984, 0.615821 0.000000 0.787886,
 0.615877 0.000000 0.787843, 0.615943 -0.705421 0.350706, 0.615972 -0.704744 0.352015, 0.616300 -0.704743 0.351442, 0.617647 -0.705418 0.347703,
 0.617911 0.705431 0.347207, 0.617917 0.704754 0.348569, 0.617971 -0.705418 0.347128, 0.618287 -0.704755 -0.347910, 0.618609 -0.704756 -0.347336,
 0.619285 0.705433 0.344746, 0.619296 0.704757 0.346106, 0.619317 -0.705434 -0.344687, 0.619367 0.000000 -0.785101, 0.619374 0.000000 -0.785096,
 0.619636 -0.705434 -0.344113, 0.619871 -0.704737 0.345117, 0.620193 -0.704736 0.344539, 0.620925 0.705413 -0.341824, 0.621240 0.705437 0.341202,
 0.621499 -0.705413 0.340782, 0.621816 -0.705412 0.340203, 0.622099 0.704733 -0.341093, 0.622107 -0.704764 -0.341014, 0.622422 -0.704765 -0.340438,
 0.622561 0.000000 -0.782571, 0.622596 0.000000 -0.782543, 0.623098 -0.705441 -0.337791, 0.623263 0.707107 -0.333981, 0.623701 -0.704730 0.338161,
 0.624017 -0.704729 0.337579, 0.624049 0.000000 -0.781385, 0.624057 0.000000 -0.781379, 0.624450 0.705443 0.335280, 0.624473 0.000000 0.781046,
 0.624483 0.704770 0.336632, 0.624570 0.000000 0.780969, 0.624725 0.000000 0.780845, 0.624821 0.000000 0.780768, 0.625279 -0.705407 0.333806,
 0.625591 -0.705407 0.333221, 0.625771 0.705446 0.332802, 0.625810 0.704773 0.334152, 0.625841 -0.704773 -0.334093, 0.626148 -0.704774 -0.333514,
 0.626793 -0.705448 -0.330868, 0.627438 0.705405 -0.329737, 0.627459 -0.704724 0.331149, 0.627632 0.000000 0.778510, 0.627754 0.000000 0.778412,
 0.627769 -0.704723 0.330561, 0.628606 0.704722 -0.328970, 0.628988 -0.705402 0.326773, 0.629294 -0.705402 0.326185, 0.629489 -0.704783 -0.327146,
 0.630105 -0.705455 -0.324500, 0.630403 -0.705456 -0.323920, 0.630733 0.705457 0.323275, 0.630792 0.704787 0.324618, 0.631145 -0.704718 0.324080,
 0.632066 0.704790 0.322123, 0.632165 0.000000 -0.774834, 0.632188 0.000000 -0.774815, 0.632624 -0.705398 0.319687, 0.632834 0.000000 0.774287,
 0.632900 0.000000 -0.774234, 0.632924 -0.705398 0.319094, 0.632926 0.000000 -0.774212, 0.632956 0.000000 0.774188, 0.633051 -0.704793 -0.320176,
 0.633555 0.000000 0.773698, 0.633612 0.704715 -0.319238, 0.633637 -0.705464 -0.317531, 0.633692 0.000000 0.773585, 0.633733 0.705397 -0.317486,
 0.633927 -0.705464 -0.316949, 0.634698 0.000000 -0.772760, 0.634726 0.000000 -0.772738, 0.634758 -0.704713 0.316957, 0.634895 0.704713 -0.316682,
 0.635259 -0.704713 0.315953, 0.635309 -0.704713 0.315851, 0.635359 -0.704712 0.315752, 0.635385 -0.704712 0.315700, 0.635459 -0.704712 0.315550,
 0.635479 -0.704712 0.315511, 0.635615 -0.704712 0.315236, 0.635678 -0.704712 0.315109, 0.635857 -0.704712 0.314750, 0.636186 -0.705394 0.312548,
 0.636240 -0.704803 -0.313768, 0.636507 -0.704711 0.313435, 0.636527 -0.704804 -0.313184, 0.636761 0.705471 0.311201, 0.636844 0.704805 0.312536,
 0.637083 -0.705472 -0.310539, 0.637300 0.705386 -0.310290, 0.637366 -0.705473 -0.309956, 0.637762 0.000000 -0.770233, 0.637827 0.000000 -0.770180,
 0.638004 -0.704709 0.310381, 0.638296 -0.704709 0.309781, 0.638568 0.705392 -0.307659, 0.638788 0.707107 -0.303233, 0.639449 -0.704708 0.307396,
 0.639637 -0.704815 -0.306758, 0.639673 -0.705391 0.305357, 0.639707 0.000000 0.768619, 0.639725 0.704707 -0.306822, 0.639806 0.705390 -0.305079,
 0.639867 0.000000 0.768485, 0.639916 -0.704816 -0.306172, 0.640443 -0.705481 -0.303528, 0.640931 0.000000 -0.767598, 0.640961 0.704706 -0.304233,
 0.640966 0.000000 -0.767569, 0.641472 -0.704705 0.303156, 0.641578 0.000000 0.767058, 0.641658 0.000000 -0.766991, 0.641694 0.000000 -0.766960,
 0.641755 0.000000 0.766909, 0.641758 -0.704705 0.302552, 0.642154 0.707107 -0.296037, 0.642154 0.707107 0.296037, 0.642157 0.707107 -0.296030,
 0.642326 0.000000 0.766432, 0.642485 0.000000 0.766298, 0.642532 0.705487 0.299065, 0.642639 0.704826 0.300394, 0.642802 -0.705388 0.298720,
 0.642935 -0.704704 0.300044, 0.642948 -0.704827 -0.299729, 0.643083 -0.705387 0.298115, 0.643207 0.707107 -0.293743, 0.643207 0.707107 0.293743,
 0.643220 -0.704828 -0.299142, 0.643718 -0.705491 -0.296497, 0.644460 0.705386 -0.295130, 0.644538 0.000000 0.764572, 0.644832 0.705487 0.294075,
 0.644852 -0.705489 -0.294026, 0.644864 -0.704702 0.295880, 0.645143 -0.704702 0.295271, 0.645445 0.704836 0.294289, 0.645490 0.704837 0.294189,
 0.645535 0.704837 0.294091, 0.645558 0.704837 0.294040, 0.645610 0.704702 -0.294251, 0.645626 0.704837 0.293892, 0.645643 0.704837 0.293853,
 0.645650 0.705385 -0.292519, 0.645766 0.704838 0.293582, 0.645823 0.704838 0.293456, 0.645983 0.704839 0.293101, 0.646142 -0.705385 0.291433,
 0.646172 -0.704839 -0.292682, 0.646416 -0.705385 0.290823, 0.646568 0.704841 0.291804, 0.646798 0.704701 -0.291631, 0.647034 -0.705487 -0.289197,
 0.648175 0.704848 0.288200, 0.648178 -0.704700 0.288554, 0.648243 0.705484 0.286485, 0.648451 -0.704700 0.287941, 0.649204 0.704852 0.285864,
 0.649206 -0.705376 0.284564, 0.649291 0.705381 -0.284356, 0.649291 0.705381 -0.284355, 0.649311 -0.704852 -0.285620, 0.649345 0.705481 0.283987,
 0.649403 -0.705383 0.284097, 0.649448 0.000000 0.760406, 0.649473 0.000000 -0.760385, 0.649601 0.000000 -0.760275, 0.649650 0.000000 -0.760234,
 0.649671 -0.705383 0.283483, 0.649750 0.000000 -0.760148, 0.649796 0.000000 -0.760109, 0.650119 0.705382 -0.282455, 0.650307 0.000000 0.759671,
 0.650319 0.000000 -0.759661, 0.650324 -0.705478 -0.281743, 0.650363 0.000000 -0.759623, 0.650472 0.000000 0.759530, 0.651032 0.000000 0.759050,
 0.651195 0.000000 0.758911, 0.651261 0.705382 -0.279814, 0.651261 0.704698 -0.281531, 0.651312 0.705474 0.279463, 0.651393 0.000000 -0.758741,
 0.651413 -0.704698 0.281180, 0.651679 -0.704698 0.280562, 0.651878 0.705381 -0.278375, 0.651990 0.705381 -0.278112, 0.652401 0.704697 -0.278881,
 0.652451 0.704848 0.278383, 0.652510 -0.704848 -0.278246, 0.652585 -0.705381 0.276714, 0.652692 0.705471 0.276231, 0.652847 -0.705381 0.276096,
 0.653265 -0.705470 -0.274876, 0.653529 -0.705469 -0.274250, 0.653679 0.704843 0.275500, 0.653826 0.705468 0.273544, 0.654568 -0.704697 0.273757,
 0.654615 0.707107 -0.267357, 0.654752 0.000000 0.755844, 0.654861 0.000000 -0.755750, 0.654861 0.000000 0.755750, 0.654920 0.000000 0.755699,
 0.655478 -0.705464 -0.269572, 0.655541 0.705380 -0.269639, 0.655687 -0.705380 0.269285, 0.655690 -0.704835 -0.270700, 0.655942 -0.705379 0.268664,
 0.656392 -0.705461 -0.267347, 0.656633 0.705379 -0.266970, 0.656648 -0.705460 -0.266718, 0.656674 0.704696 -0.268669, 0.656710 0.704696 -0.268580,
 0.657643 -0.704696 0.266289, 0.657764 0.704696 -0.265990, 0.657976 0.704826 0.265121, 0.658071 0.705457 0.263198, 0.658169 0.000000 -0.752870,
 0.658224 0.000000 -0.752822, 0.658529 -0.704823 -0.263750, 0.658707 -0.705379 0.261812, 0.658783 -0.704822 -0.263116, 0.658865 0.000000 -0.752261,
 0.658879 0.000000 -0.752249, 0.658948 0.000000 0.752189, 0.659069 0.704821 0.262402, 0.659101 0.000000 0.752055, 0.659152 0.705454 0.260488,
 0.659431 -0.705453 -0.259781, 0.659665 0.000000 0.751560, 0.659681 -0.705452 -0.259149, 0.659777 0.704696 -0.260955, 0.659816 0.000000 0.751427,
 0.660127 0.000000 -0.751154, 0.660389 -0.704696 0.259403, 0.660635 -0.704696 0.258775, 0.660721 0.705378 -0.256690, 0.661541 -0.704812 -0.256133,
 0.661646 -0.705378 0.254295, 0.661762 0.705378 -0.253995, 0.661788 -0.704811 -0.255496, 0.661843 0.704696 -0.255670, 0.662099 0.000000 -0.749416,
 0.662244 0.704696 -0.254629, 0.662261 0.000000 -0.749273, 0.662384 -0.705445 -0.252179, 0.662626 -0.705445 -0.251544, 0.662775 0.704696 -0.253244,
 0.662920 0.704696 -0.252864, 0.663081 0.704696 -0.252440, 0.663157 0.704805 0.251937, 0.663158 0.704696 -0.252240, 0.663178 0.704696 -0.252186,
 0.663190 0.705443 0.250057, 0.663218 0.704696 -0.252081, 0.663306 -0.704696 0.251850, 0.663545 -0.704697 0.251218, 0.663573 0.704697 -0.251145,
 0.663627 0.704697 -0.251001, 0.663629 0.704697 -0.250997, 0.663669 0.704697 -0.250890, 0.664168 0.705378 -0.247633, 0.664196 0.704801 0.249196,
 0.664217 0.705441 0.247325, 0.664267 -0.705378 0.247368, 0.664465 -0.704800 -0.248481, 0.664501 0.000000 -0.747287, 0.664502 -0.705378 0.246737,
 0.664573 0.000000 -0.747223, 0.664705 -0.704799 -0.247842, 0.665111 -0.704798 -0.246753, 0.665249 -0.705438 -0.244544, 0.665483 -0.705437 -0.243905,
 0.665653 0.705378 -0.243614, 0.666139 -0.704698 0.244254, 0.666372 -0.704698 0.243618, 0.666638 0.000000 -0.745381, 0.666700 0.000000 -0.745326,
 0.666763 0.704698 -0.242544, 0.667046 -0.705379 0.239773, 0.667272 0.000000 -0.744814, 0.667274 -0.705379 0.239137, 0.667300 -0.704789 -0.240797,
 0.667342 0.000000 -0.744752, 0.667511 0.000000 0.744600, 0.667532 -0.704789 -0.240155, 0.667636 0.000000 0.744488, 0.667945 -0.704787 -0.239008,
 0.668025 -0.705431 -0.236875, 0.668047 0.705431 0.236814, 0.668073 0.704787 0.238651, 0.668222 0.000000 0.743962, 0.668343 0.000000 0.743853,
 0.668806 0.000000 -0.743437, 0.668823 -0.705379 0.234770, 0.668888 -0.704699 0.236617, 0.669018 0.705429 0.234062, 0.669057 0.704783 0.235890,
 0.669113 -0.704700 0.235978, 0.669229 0.000000 -0.743056, 0.669582 0.000000 0.742738, 0.669701 0.000000 0.742631, 0.669702 0.000000 -0.742630,
 0.669740 -0.705379 0.232138, 0.669924 0.000000 -0.742429, 0.669961 -0.705379 0.231499, 0.669984 0.000000 -0.742375, 0.670045 -0.704779 -0.233081,
 0.670215 -0.704779 -0.232590, 0.670269 -0.704778 -0.232436, 0.670333 0.705380 -0.230420, 0.670703 -0.704777 -0.231186, 0.670712 -0.705425 -0.229176,
 0.670836 -0.704776 -0.230802, 0.670984 -0.704776 -0.230372, 0.671054 -0.704776 -0.230169, 0.671073 -0.704775 -0.230114, 0.671110 -0.704775 -0.230008,
 0.671142 0.000000 -0.741329, 0.671301 0.000000 -0.741185, 0.671431 0.704702 -0.229296, 0.671435 -0.704774 -0.229060, 0.671464 0.000000 -0.741037,
 0.671485 -0.704774 -0.228914, 0.671503 0.000000 -0.741002, 0.671524 -0.704774 -0.228801, 0.671552 -0.704702 0.228940, 0.671636 0.000000 -0.740882,
 0.671770 -0.704702 0.228299, 0.671900 0.000000 -0.740642, 0.672234 0.705421 0.224683, 0.672349 -0.705381 0.224465, 0.672511 0.707107 0.218470,
 0.672563 -0.705381 0.223824, 0.672637 0.705420 0.223479, 0.672699 -0.704770 -0.225335, 0.672720 0.704769 0.225273, 0.672834 0.000000 -0.739794,
 0.673097 -0.705419 -0.222092, 0.673310 -0.705418 -0.221447, 0.673648 0.704766 0.222494, 0.674129 -0.704705 0.221226, 0.674758 0.705382 -0.217112,
 0.674872 -0.705382 0.216756, 0.674949 0.704706 -0.218707, 0.675043 0.000000 -0.737778, 0.675079 -0.705383 0.216111, 0.675084 0.000000 -0.737741,
 0.675263 -0.704760 -0.217560, 0.675612 -0.705413 -0.214338, 0.675818 -0.705413 -0.213690, 0.675841 0.704707 -0.215933, 0.675984 0.000000 0.736916,
 0.676074 0.000000 0.736834, 0.676620 -0.704708 0.213475, 0.676958 0.705410 0.210059, 0.677095 0.704754 0.211810, 0.677308 -0.705385 0.209012,
 0.677452 0.707107 -0.202629, 0.677533 -0.704753 -0.210410, 0.677736 -0.704752 -0.209759, 0.678037 -0.705408 -0.206556, 0.678082 0.705385 -0.206484,
 0.678235 -0.705407 -0.205906, 0.678464 0.707107 -0.199215, 0.678464 0.707107 0.199215, 0.678826 -0.704712 0.206339, 0.678923 0.705386 -0.203701,
 0.679023 -0.704713 0.205689, 0.679024 0.000000 -0.734116, 0.679065 0.000000 -0.734078, 0.679152 0.704713 -0.205260, 0.679657 -0.705387 0.201234,
 0.679922 -0.704745 -0.202586, 0.679989 0.704715 -0.202464, 0.680117 -0.704744 -0.201933, 0.680371 -0.705403 -0.198750, 0.680562 -0.705403 -0.198098,
 0.681008 0.705402 0.196562, 0.681148 -0.704717 0.198522, 0.681197 0.704741 0.198270, 0.681338 -0.704718 0.197869, 0.681732 -0.705390 0.194077,
 0.681917 -0.705390 0.193425, 0.682039 0.705390 -0.192995, 0.682219 -0.704737 -0.194738, 0.682406 -0.704737 -0.194083, 0.682614 -0.705399 -0.190921,
 0.682797 -0.705398 -0.190267, 0.682825 0.705392 -0.190192, 0.683091 0.704722 -0.191712, 0.683381 -0.704723 0.190673, 0.683384 0.000000 -0.730060,
 0.683408 0.000000 -0.730036, 0.683563 -0.704723 0.190017, 0.683873 0.704724 -0.188897, 0.683911 -0.705393 0.186240, 0.684089 -0.705394 0.185585,
 0.684154 0.000000 0.729338, 0.684187 0.000000 0.729307, 0.684377 0.000000 0.729129, 0.684409 0.000000 0.729098, 0.684423 -0.704731 -0.186868,
 0.684603 -0.704730 -0.186211, 0.684766 -0.705395 -0.183070, 0.684785 0.705395 0.182997, 0.685023 0.704729 0.184663, 0.685080 -0.704727 0.184460,
 0.685110 -0.704727 0.184345, 0.685140 -0.704727 0.184234, 0.685156 -0.704727 0.184177, 0.685199 -0.704728 0.184013, 0.685212 -0.704728 0.183966,
 0.685293 -0.704728 0.183665, 0.685331 -0.704728 0.183519, 0.685438 -0.704728 0.183119, 0.685525 -0.704729 0.182793, 0.685700 -0.704729 0.182134,
 0.685730 0.705397 -0.179415, 0.685826 -0.704729 0.181658, 0.685981 0.707107 -0.171551, 0.686001 -0.705397 0.178374, 0.686171 -0.705398 0.177717,
 0.686460 0.705398 -0.176595, 0.686535 -0.704724 -0.178978, 0.686707 -0.704724 -0.178319, 0.686762 0.704732 -0.178072, 0.686825 -0.705391 -0.175199,
 0.687488 0.704735 -0.175239, 0.687560 -0.704735 0.174958, 0.687578 -0.704735 0.174884, 0.687586 0.705390 0.172196, 0.687746 -0.704736 0.174223,
 0.688001 -0.705402 0.170480, 0.688163 -0.705402 0.169821, 0.688288 0.705389 0.169373, 0.688554 -0.704719 -0.171069, 0.688572 0.704719 0.170996,
 0.688632 -0.705388 -0.167968, 0.688709 0.705397 -0.167614, 0.688793 -0.705388 -0.167310, 0.689152 0.705404 -0.165753, 0.689541 -0.704742 0.166947,
 0.689569 -0.704742 0.166829, 0.689826 0.705406 -0.162916, 0.689910 -0.705406 0.162560, 0.690065 -0.705407 0.161899, 0.690163 0.704745 -0.164347,
 0.690217 0.705386 0.161343, 0.690390 0.000000 -0.723437, 0.690401 0.000000 -0.723427, 0.690480 -0.704714 -0.163143, 0.690515 -0.705385 -0.160063,
 0.690668 -0.705385 -0.159404, 0.690678 0.707107 -0.151539, 0.690678 0.707107 0.151539, 0.690681 0.707107 -0.151526, 0.690832 0.704748 -0.161498,
 0.690869 0.705385 0.158530, 0.690932 0.704713 0.161222, 0.690954 0.000000 -0.722899, 0.690959 0.704713 0.161109, 0.690968 0.000000 -0.722885,
 0.690985 0.704712 0.160999, 0.690998 0.704712 0.160942, 0.691037 0.704712 0.160775, 0.691047 0.704712 0.160732, 0.691118 0.704712 0.160428,
 0.691151 0.704712 0.160287, 0.691189 0.704712 0.160120, 0.691243 0.704712 0.159888, 0.691413 -0.704750 0.158984, 0.691514 0.705384 0.155696,
 0.691516 0.705411 -0.155569, 0.691579 0.704711 0.158432, 0.691633 0.000000 -0.722249, 0.691655 0.000000 -0.722228, 0.691729 -0.705411 0.154616,
 0.691843 0.704710 0.157278, 0.691921 0.000000 0.721973, 0.691956 0.000000 0.721940, 0.692164 -0.704710 -0.155865, 0.692303 0.705413 -0.152015,
 0.692306 -0.705383 -0.152143, 0.692313 -0.704709 -0.155202, 0.692447 -0.705381 -0.151506, 0.692451 -0.705383 -0.151482, 0.692500 0.705376 0.151290,
 0.692638 0.000000 0.721285, 0.692676 0.000000 0.721249, 0.692921 0.705415 -0.149164, 0.693047 -0.704758 0.151664, 0.693076 0.704708 0.151764,
 0.693192 -0.704759 0.150997, 0.693290 0.704759 -0.150547, 0.693322 0.000000 -0.720627, 0.693348 0.000000 -0.720603, 0.693423 0.707107 -0.138435,
 0.693456 -0.705417 0.146650, 0.693800 -0.705381 -0.145184, 0.693877 0.705381 0.144819, 0.693911 -0.704706 -0.147911, 0.694004 -0.705381 -0.144209,
 0.694052 -0.704706 -0.147247, 0.694141 -0.705381 -0.143547, 0.694238 0.704705 0.146368, 0.694307 0.705418 -0.142563, 0.694321 -0.705415 0.142506,
 0.694464 0.705381 0.141977, 0.694742 -0.704767 0.143656, 0.694799 0.704704 0.143687, 0.694834 0.704704 0.143518, 0.694879 -0.704768 0.142987,
 0.694958 -0.705423 0.139329, 0.695091 -0.705423 0.138662, 0.695180 0.705423 -0.138212, 0.695361 0.000000 0.718661, 0.695453 0.000000 0.718571,
 0.695564 -0.704703 -0.139944, 0.695609 -0.705380 -0.136263, 0.695698 -0.704702 -0.139280, 0.695739 -0.705380 -0.135600, 0.696140 0.704775 -0.136678,
 0.696255 0.705379 0.132926, 0.696345 -0.704776 0.135626, 0.696474 -0.704777 0.134956, 0.696509 -0.705429 0.131323, 0.696607 0.705379 0.131071,
 0.696626 0.705379 0.130966, 0.696634 -0.705430 0.130654, 0.696741 0.704779 -0.133562, 0.696963 0.000000 -0.717107, 0.697008 0.704700 0.132580,
 0.697121 -0.705379 -0.128307, 0.697124 -0.704700 -0.131967, 0.697137 0.705379 0.128223, 0.697250 -0.704700 -0.131302, 0.697546 0.704699 0.129723,
 0.697781 0.705435 -0.124350, 0.697854 -0.704786 0.127577, 0.697967 -0.705436 0.123299, 0.697976 -0.704787 0.126905, 0.698031 0.705436 -0.122932,
 0.698084 -0.705436 0.122629, 0.698243 0.704789 -0.125416, 0.698354 0.000000 0.715753, 0.698451 0.000000 0.715658, 0.698541 -0.705378 -0.120342,
 0.698591 -0.704698 -0.123982, 0.698709 -0.704698 -0.123315, 0.698713 0.704793 -0.122750, 0.698980 0.000000 0.715142, 0.699059 0.705378 0.117295,
 0.699135 0.000000 -0.714990, 0.699171 0.000000 -0.714955, 0.699270 -0.704797 0.119510, 0.699332 -0.705443 0.115258, 0.699384 -0.704798 0.118836,
 0.699412 0.704798 -0.118673, 0.699442 -0.705444 0.114587, 0.699498 0.704697 0.118765, 0.699658 0.704800 -0.117199, 0.699725 0.704801 -0.116795,
 0.699761 -0.705378 -0.113034, 0.699800 0.704801 -0.116344, 0.699819 0.000000 -0.714320, 0.699835 0.704801 -0.116131, 0.699844 0.704801 -0.116073,
 0.699851 0.000000 -0.714289, 0.699863 0.704802 -0.115961, 0.699868 -0.705378 -0.112369, 0.699909 0.707107 -0.100632, 0.699909 0.707107 0.100632,
 0.699964 -0.704697 -0.115989, 0.699978 0.704697 0.115904, 0.700025 0.704803 -0.114966, 0.700050 0.704803 -0.114813, 0.700069 0.704803 -0.114694,
 0.700093 0.000000 0.714052, 0.700105 0.705448 -0.110438, 0.700178 0.000000 0.713968, 0.700413 -0.705449 0.108458, 0.700593 -0.704808 0.111426,
 0.700605 -0.705451 0.107203, 0.700707 -0.705451 0.106531, 0.700771 0.000000 0.713386, 0.700879 0.000000 0.713280, 0.700989 -0.704696 -0.109625,
 0.701002 -0.705378 -0.105057, 0.701006 0.704812 -0.108770, 0.701102 -0.705379 -0.104391, 0.701234 0.705379 0.103500, 0.701243 -0.704696 -0.107990,
 0.701707 0.704696 0.104931, 0.701784 -0.705459 0.099134, 0.701821 -0.704820 0.103328, 0.701881 0.705379 0.099011, 0.702150 0.705461 -0.096484,
 0.702151 -0.705379 -0.097075, 0.702213 -0.704696 -0.101491, 0.702243 -0.705379 -0.096410, 0.702333 -0.704696 -0.100655, 0.702429 -0.704696 -0.099987,
 0.702624 0.704828 -0.097653, 0.702864 -0.704831 0.095893, 0.702869 -0.705467 0.091054, 0.703018 0.704833 -0.094749, 0.703131 0.705380 0.089693,
 0.703151 -0.704696 -0.094776, 0.703208 -0.705380 -0.089091, 0.703231 0.707107 -0.073934, 0.703235 0.707107 0.073899, 0.703292 -0.705381 -0.088425,
 0.703347 -0.704696 -0.093310, 0.703400 -0.704696 -0.092908, 0.703434 -0.704696 -0.092650, 0.703459 -0.704696 -0.092460, 0.703486 -0.704696 -0.092248,
 0.703494 -0.704696 -0.092191, 0.703508 -0.704696 -0.092080, 0.703521 -0.704696 -0.091982, 0.703573 0.705473 -0.085394, 0.703637 -0.704697 -0.091091,
 0.703638 0.704697 0.091088, 0.703657 -0.704697 -0.090940, 0.703672 -0.704697 -0.090821, 0.703782 -0.705475 0.083639, 0.703912 -0.704844 0.087771,
 0.703916 0.705476 -0.082498, 0.704172 -0.705382 -0.081106, 0.704248 -0.705382 -0.080440, 0.704412 0.704850 -0.083604, 0.704441 -0.704697 -0.084644,
 0.704502 0.000000 -0.709702, 0.704521 -0.704698 -0.083977, 0.704548 0.000000 -0.709656, 0.704688 -0.705484 0.075541, 0.704747 0.704855 -0.080693,
 0.704752 0.705384 0.075884, 0.704865 -0.704857 0.079644, 0.705043 -0.705384 -0.073122, 0.705116 0.705489 -0.071387, 0.705289 0.704699 0.077243,
 0.705355 -0.704699 -0.076639, 0.705401 0.705492 -0.068487, 0.705427 -0.704699 -0.075972, 0.705500 -0.705493 0.067441, 0.705703 -0.704843 0.071968,
 0.705823 -0.705387 -0.065140, 0.705842 0.705387 0.064935, 0.705894 0.704840 -0.070104, 0.706098 0.705388 0.062079, 0.706166 0.704836 -0.067348,
 0.706176 -0.704702 -0.068637, 0.706205 -0.705484 0.059723, 0.706240 -0.704702 -0.067970, 0.706363 0.705482 -0.057850, 0.706457 -0.705390 -0.057827,
 0.706459 -0.704831 0.064262, 0.706511 -0.705390 -0.057162, 0.706518 -0.704830 0.063618, 0.706588 0.705478 -0.055079, 0.706663 0.704703 0.063404,
 0.706826 -0.705475 0.051978, 0.706874 -0.705474 0.051331, 0.706905 -0.704704 -0.060638, 0.706970 0.705392 0.051141, 0.707061 -0.705393 -0.049854,
 0.707107 0.000000 -0.707107, 0.707107 0.000000 0.707107, 0.707107 0.707107 0.000000, 0.707107 -0.705393 -0.049189, 0.707114 0.704819 -0.056747,
 0.707132 -0.704818 0.056527, 0.707169 0.705394 0.048289, 0.707244 0.000000 -0.706969, 0.707294 0.000000 -0.706919, 0.707335 0.704815 -0.053973,
 0.707349 0.705466 -0.044429, 0.707364 -0.705466 0.044208, 0.707399 0.000000 -0.706814, 0.707445 0.000000 -0.706768, 0.707522 0.705463 -0.041643,
 0.707542 -0.704708 -0.052645, 0.707557 0.704708 0.052440, 0.707574 -0.705397 -0.041888, 0.707612 -0.705397 -0.041224, 0.707721 -0.704807 0.048766,
 0.707761 0.704710 0.049581, 0.707816 -0.705458 0.036414, 0.707825 0.705399 0.037366, 0.707883 -0.704803 0.046414, 0.707890 -0.704803 0.046300,
 0.707900 -0.704803 0.046153, 0.707920 0.000000 -0.706293, 0.707963 -0.704802 0.045194, 0.707968 0.705401 0.034519, 0.707968 0.000000 -0.706245,
 0.707970 -0.704801 0.045086, 0.707974 -0.704801 0.045031, 0.707987 -0.704801 0.044826, 0.707996 -0.705401 -0.033930, 0.708015 -0.704801 0.044391,
 0.708027 -0.705401 -0.033267, 0.708040 -0.704800 0.044002, 0.708044 -0.704712 -0.045325, 0.708082 0.705452 -0.030935, 0.708084 0.704799 -0.043309,
 0.708086 -0.704712 -0.044659, 0.708129 -0.704798 0.042579, 0.708155 -0.705450 0.029249, 0.708183 -0.705450 0.028597, 0.708187 -0.704797 0.041629,
 0.708188 0.000000 0.706024, 0.708200 0.705449 -0.028174, 0.708226 -0.704796 0.040979, 0.708312 0.000000 0.705900, 0.708327 -0.705406 -0.025982,
 0.708351 -0.705406 -0.025320, 0.708409 0.705407 0.023619, 0.708437 0.704716 0.038634, 0.708443 -0.705443 0.021412, 0.708463 -0.705442 0.020758,
 0.708496 0.705409 0.020779, 0.708500 -0.704789 0.036058, 0.708505 -0.704717 -0.037347, 0.708540 -0.704717 -0.036682, 0.708557 0.705439 -0.017377,
 0.708565 -0.705411 -0.018189, 0.708569 -0.705411 -0.018046, 0.708577 0.705435 -0.016745, 0.708585 0.704718 0.035781, 0.708613 -0.704786 0.033819,
 0.708644 -0.705436 0.013556, 0.708645 -0.704785 0.033167, 0.708657 -0.705435 0.012900, 0.708721 -0.705417 -0.010122, 0.708724 0.705417 0.009908,
 0.708758 -0.705429 0.005680, 0.708763 -0.705428 0.005022, 0.708772 0.705427 -0.003760, 0.708774 -0.705418 -0.005061, 0.708779 0.705415 0.004773,
 0.708780 0.705422 0.003231, 0.708782 -0.705422 -0.002872, 0.708784 -0.705423 -0.002213, 0.708799 0.704781 -0.029796, 0.708858 0.000000 0.705351,
 0.708869 -0.704779 0.028142, 0.708875 -0.704722 -0.029379, 0.708902 -0.704722 -0.028715, 0.708954 -0.704776 0.025986, 0.708978 0.000000 0.705231,
 0.708978 -0.704775 0.025332, 0.709045 0.704725 0.024858, 0.709128 0.704727 0.022293, 0.709132 0.704727 0.022178, 0.709135 0.704727 0.022066,
 0.709137 0.704727 0.022012, 0.709137 0.704727 0.022009, 0.709142 0.704728 0.021843, 0.709143 0.704728 0.021796, 0.709152 0.704728 0.021492,
 0.709154 -0.704728 -0.021423, 0.709156 0.704728 0.021346, 0.709168 0.704728 0.020943, 0.709173 -0.704728 -0.020760, 0.709208 -0.704767 0.018131,
 0.709209 0.704729 0.019472, 0.709225 -0.704766 0.017475, 0.709256 0.704764 -0.016215, 0.709321 0.000000 -0.704885, 0.709343 -0.704734 -0.013480,
 0.709355 -0.704735 -0.012818, 0.709356 0.704735 0.012747, 0.709374 -0.704758 0.010255, 0.709382 0.704737 0.011119, 0.709384 -0.704757 0.009598,
 0.709395 0.000000 -0.704811, 0.709418 0.704739 0.008282, 0.709442 -0.704742 -0.005551, 0.709448 0.704742 0.004629, 0.709451 0.704750 -0.002575,
 0.709452 -0.704749 0.002361, 0.709455 0.000000 0.704751, 0.709568 0.000000 0.704637, 0.709795 0.000000 0.704408, 0.712305 0.000000 0.701870,
 0.712445 0.000000 0.701728, 0.715278 0.000000 -0.698840, 0.715333 0.000000 -0.698783, 0.715977 0.000000 -0.698124, 0.716000 0.000000 -0.698101,
 0.716145 0.000000 0.697951, 0.716304 0.000000 0.697788, 0.716804 0.000000 0.697274, 0.716968 0.000000 0.697106, 0.718390 0.000000 -0.695641,
 0.718447 0.000000 -0.695582, 0.721234 0.000000 -0.692691, 0.721289 0.000000 -0.692634, 0.723134 0.000000 0.690708, 0.723225 0.000000 -0.690613,
 0.723283 0.000000 -0.690552, 0.723319 0.000000 0.690514, 0.723941 0.000000 -0.689861, 0.723961 0.000000 -0.689841, 0.724019 0.000000 0.689780,
 0.724207 0.000000 0.689583, 0.724672 0.000000 0.689094, 0.724856 0.000000 0.688901, 0.725936 0.000000 0.687762, 0.726113 0.000000 0.687575,
 0.731078 0.000000 -0.682294, 0.731138 0.000000 -0.682230, 0.731817 0.000000 0.681502, 0.731992 0.000000 0.681313, 0.732012 0.000000 -0.681292,
 0.732072 0.000000 -0.681227, 0.734846 0.000000 -0.678235, 0.734855 0.000000 -0.678224, 0.736585 0.000000 0.676345, 0.736710 0.000000 0.676208,
 0.738846 0.000000 -0.673874, 0.738895 0.000000 -0.673821, 0.739338 0.000000 0.673335, 0.739445 0.000000 0.673217, 0.739534 0.000000 0.673120,
 0.739632 0.000000 0.673011, 0.740013 0.000000 0.672593, 0.740123 0.000000 0.672472, 0.740231 0.000000 0.672352, 0.740287 0.000000 0.672291,
 0.740450 0.000000 0.672112, 0.740492 0.000000 0.672065, 0.740790 0.000000 0.671737, 0.740927 0.000000 0.671585, 0.741317 0.000000 0.671155,
 0.742736 0.000000 0.669584, 0.743052 0.000000 0.669233, 0.743205 0.000000 -0.669064, 0.743205 0.000000 -0.669064, 0.743231 0.000000 0.669035,
 0.745364 0.000000 -0.666658, 0.745401 0.000000 -0.666616, 0.745871 0.000000 -0.666091, 0.745914 0.000000 -0.666043, 0.746517 0.000000 -0.665367,
 0.746532 0.000000 0.665349, 0.746548 0.000000 -0.665332, 0.746694 0.000000 0.665168, 0.747165 0.000000 0.664639, 0.747192 0.000000 0.664608,
 0.748003 0.000000 -0.663695, 0.748149 0.000000 -0.663531, 0.749185 0.000000 0.662361, 0.749785 0.000000 0.661681, 0.749796 0.000000 0.661669,
 0.750163 0.000000 -0.661252, 0.753448 0.000000 -0.657508, 0.753469 0.000000 -0.657484, 0.754069 0.000000 -0.656795, 0.754081 0.000000 0.656782,
 0.754094 0.000000 -0.656767, 0.754103 0.000000 0.656757, 0.754674 0.000000 0.656100, 0.754706 0.000000 0.656063, 0.754977 0.000000 0.655751,
 0.755065 0.000000 0.655650, 0.755750 0.000000 -0.654861, 0.755750 0.000000 0.654861, 0.756881 0.000000 0.653553, 0.758402 0.000000 -0.651787,
 0.758411 0.000000 -0.651777, 0.760908 0.000000 -0.648860, 0.760913 0.000000 -0.648854, 0.761461 0.000000 0.648210, 0.761529 0.000000 -0.648131,
 0.761531 0.000000 -0.648128, 0.761535 0.000000 0.648124, 0.762074 0.000000 0.647489, 0.762152 0.000000 0.647398, 0.762634 0.000000 0.646830,
 0.762711 0.000000 0.646740, 0.768243 0.000000 -0.640159, 0.768266 0.000000 -0.640131, 0.768783 0.000000 0.639510, 0.768849 0.000000 -0.639431,
 0.768881 0.000000 -0.639392, 0.768890 0.000000 0.639382, 0.769389 0.000000 0.638780, 0.769498 0.000000 0.638649, 0.771081 0.000000 -0.636737,
 0.771113 0.000000 -0.636698, 0.772343 0.000000 0.635206, 0.775213 0.000000 0.631699, 0.775337 0.000000 0.631547, 0.775454 0.000000 -0.631404,
 0.775505 0.000000 -0.631342, 0.776013 0.000000 0.630716, 0.776050 0.000000 -0.630672, 0.776068 0.000000 -0.630649, 0.776141 0.000000 0.630559,
 0.776613 0.000000 0.629978, 0.776741 0.000000 0.629820, 0.782544 0.000000 -0.622595, 0.782627 0.000000 -0.622491, 0.783146 0.000000 0.621837,
 0.783285 0.000000 0.621663, 0.783394 0.000000 -0.621525, 0.783465 0.000000 -0.621436, 0.786367 0.000000 -0.617760, 0.786613 0.000000 -0.617446,
 0.787261 0.000000 -0.616619, 0.787515 0.000000 0.616295, 0.787644 0.000000 0.616130, 0.789515 0.000000 -0.613731, 0.789609 0.000000 -0.613611,
 0.790194 0.000000 0.612857, 0.790318 0.000000 0.612697, 0.792917 0.000000 -0.609329, 0.793035 0.000000 -0.609177, 0.794275 0.000000 -0.607559,
 0.795373 0.000000 -0.606121, 0.795475 0.000000 -0.605986, 0.795825 0.000000 -0.605527, 0.795940 0.000000 -0.605375, 0.796395 0.000000 -0.604777,
 0.796494 0.000000 -0.604646, 0.796495 0.000000 0.604644, 0.796663 0.000000 0.604423, 0.796997 0.000000 0.603983, 0.796997 0.000000 0.603983,
 0.797129 0.000000 0.603809, 0.797236 0.000000 0.603668, 0.797321 0.000000 0.603556, 0.797336 0.000000 -0.603535, 0.799513 0.000000 0.600649,
 0.799612 0.000000 0.600518, 0.799992 0.000000 -0.600010, 0.801210 0.000000 -0.598384, 0.801547 0.000000 -0.597932, 0.801923 0.000000 -0.597427,
 0.802101 0.000000 -0.597189, 0.802149 0.000000 -0.597125, 0.802247 0.000000 -0.596992, 0.802622 0.000000 -0.596487, 0.802692 0.000000 -0.596394,
 0.803070 0.000000 -0.595885, 0.803185 0.000000 -0.595730, 0.803197 0.000000 -0.595714, 0.803202 0.000000 -0.595707, 0.803252 0.000000 -0.595640,
 0.803296 0.000000 -0.595580, 0.803356 0.000000 0.595499, 0.803473 0.000000 0.595341, 0.803958 0.000000 0.594687, 0.804035 0.000000 0.594582,
 0.804681 0.000000 -0.593707, 0.804746 0.000000 -0.593620, 0.807081 0.000000 -0.590441, 0.807120 0.000000 -0.590387, 0.808764 0.000000 0.588133,
 0.808850 0.000000 0.588015, 0.809017 0.000000 -0.587785, 0.809017 0.000000 0.587785, 0.809326 0.000000 -0.587360, 0.809357 0.000000 -0.587317,
 0.809881 0.000000 -0.586595, 0.809898 0.000000 -0.586570, 0.810119 0.000000 0.586266, 0.810161 0.000000 0.586207, 0.810677 0.000000 0.585494,
 0.810714 0.000000 0.585443, 0.811189 0.000000 0.584784, 0.811222 0.000000 0.584738, 0.814730 0.000000 -0.579840, 0.815918 0.000000 -0.578167,
 0.815931 0.000000 -0.578149, 0.816148 0.000000 -0.577843, 0.816161 0.000000 -0.577824, 0.816449 0.000000 -0.577417, 0.816477 0.000000 -0.577377,
 0.816726 0.000000 0.577026, 0.816736 0.000000 0.577011, 0.817268 0.000000 0.576258, 0.817282 0.000000 0.576238, 0.818473 0.000000 -0.574545,
 0.818499 0.000000 -0.574508, 0.820166 0.000000 0.572125, 0.820205 0.000000 0.572070, 0.821130 0.000000 -0.570741, 0.822394 0.000000 -0.568919,
 0.822434 0.000000 -0.568860, 0.822461 0.000000 0.568822, 0.822523 0.000000 0.568733, 0.822945 0.000000 -0.568121, 0.822972 0.000000 -0.568082,
 0.823164 0.000000 0.567804, 0.823230 0.000000 0.567708, 0.823695 0.000000 0.567033, 0.823768 0.000000 0.566927, 0.825729 0.000000 0.564067,
 0.827278 0.000000 -0.561793, 0.827335 0.000000 -0.561709, 0.828769 0.000000 -0.559590, 0.828831 0.000000 -0.559499, 0.829481 0.000000 0.558535,
 0.829559 0.000000 -0.558419, 0.829606 0.000000 0.558349, 0.829607 0.000000 -0.558348, 0.831117 0.000000 0.556098, 0.831257 0.000000 0.555889,
 0.833345 0.000000 0.552753, 0.833497 0.000000 0.552524, 0.835050 0.000000 -0.550174, 0.835118 0.000000 -0.550071, 0.835703 0.000000 0.549182,
 0.835863 0.000000 0.548938, 0.838107 0.000000 -0.545506, 0.838183 0.000000 -0.545389, 0.840303 0.000000 -0.542117, 0.840364 0.000000 -0.542023,
 0.840700 0.000000 -0.541501, 0.840782 0.000000 -0.541374, 0.841217 0.000000 -0.540698, 0.841254 0.000000 -0.540641, 0.841254 0.000000 0.540641,
 0.841292 0.000000 -0.540581, 0.841319 0.000000 0.540538, 0.841485 0.000000 0.540281, 0.841771 0.000000 0.539835, 0.841826 0.000000 0.539749,
 0.841938 0.000000 0.539574, 0.841991 0.000000 0.539491, 0.842774 0.000000 -0.538267, 0.842843 0.000000 -0.538160, 0.846772 0.000000 -0.531955,
 0.846849 0.000000 -0.531833, 0.847273 0.000000 -0.531158, 0.847350 0.000000 0.531035, 0.847350 0.000000 -0.531035, 0.847518 0.000000 0.530766,
 0.847848 0.000000 0.530240, 0.847992 0.000000 0.530009, 0.848613 0.000000 -0.529014, 0.848688 0.000000 -0.528894, 0.852121 0.000000 0.523345,
 0.852245 0.000000 0.523143, 0.852725 0.000000 -0.522361, 0.852798 0.000000 -0.522241, 0.853223 0.000000 -0.521546, 0.853275 0.000000 0.521461,
 0.853288 0.000000 -0.521440, 0.853380 0.000000 0.521289, 0.853764 0.000000 0.520660, 0.853862 0.000000 0.520500, 0.857243 0.000000 0.514912,
 0.857325 0.000000 0.514775, 0.857406 0.000000 0.514640, 0.857448 0.000000 0.514571, 0.857569 0.000000 0.514368, 0.857601 0.000000 0.514315,
 0.857823 0.000000 0.513945, 0.857926 0.000000 0.513774, 0.858216 0.000000 0.513288, 0.858571 0.000000 -0.512694, 0.858625 0.000000 -0.512605,
 0.858777 0.000000 -0.512350, 0.858835 0.000000 -0.512253, 0.859274 0.000000 0.511516, 0.859572 0.000000 0.511015, 0.859602 0.000000 0.510964,
 0.862148 0.000000 0.506656, 0.862149 0.000000 0.506655, 0.864061 0.000000 0.503386, 0.864293 0.000000 -0.502988, 0.864327 0.000000 -0.502930,
 0.865241 0.000000 0.501355, 0.865267 0.000000 0.501311, 0.865998 0.000000 0.500047, 0.866025 0.000000 -0.500000, 0.866025 0.000000 0.500000,
 0.866072 0.000000 0.499919, 0.866095 0.000000 -0.499880, 0.866095 0.000000 -0.499880, 0.868604 0.000000 -0.495508, 0.868612 0.000000 -0.495494,
 0.869740 0.000000 0.493511, 0.869896 0.000000 -0.493235, 0.869908 0.000000 -0.493215, 0.871768 0.000000 0.489920, 0.871846 0.000000 0.489780,
 0.873687 0.000000 0.486489, 0.875375 0.000000 -0.483445, 0.875402 0.000000 -0.483396, 0.876119 0.000000 -0.482095, 0.876143 0.000000 -0.482052,
 0.876949 0.000000 0.480584, 0.876972 0.000000 0.480541, 0.878041 0.000000 -0.478586, 0.878082 0.000000 -0.478510, 0.879227 0.000000 0.476402,
 0.879257 0.000000 0.476349, 0.880285 0.000000 -0.474445, 0.880339 0.000000 -0.474345, 0.880727 0.000000 -0.473624, 0.880729 0.000000 0.473621,
 0.880786 0.000000 -0.473514, 0.880830 0.000000 0.473433, 0.881116 0.000000 0.472900, 0.881158 0.000000 0.472822, 0.881234 0.000000 0.472681,
 0.881275 0.000000 0.472604, 0.881427 0.000000 -0.472321, 0.883995 0.000000 -0.467496, 0.884181 0.000000 -0.467145, 0.885273 0.000000 -0.465072,
 0.885365 0.000000 -0.464896, 0.885531 0.000000 -0.464581, 0.885624 0.000000 -0.464402, 0.885963 0.000000 -0.463755, 0.885988 0.000000 0.463709,
 0.886060 0.000000 -0.463571, 0.886119 0.000000 0.463457, 0.886433 0.000000 0.462857, 0.886555 0.000000 0.462622, 0.887127 0.000000 -0.461525,
 0.887230 0.000000 -0.461327, 0.888315 0.000000 0.459235, 0.888449 0.000000 0.458975, 0.890179 0.000000 0.455612, 0.890297 0.000000 0.455380,
 0.890678 0.000000 -0.454634, 0.890795 0.000000 -0.454406, 0.891007 0.000000 -0.453990, 0.891007 0.000000 0.453990, 0.891103 0.000000 -0.453801,
 0.891180 0.000000 0.453650, 0.891217 0.000000 -0.453577, 0.891298 0.000000 0.453419, 0.891609 0.000000 0.452807, 0.891724 0.000000 0.452579,
 0.891873 0.000000 -0.452286, 0.894125 0.000000 -0.447817, 0.894239 0.000000 -0.447590, 0.895733 0.000000 -0.444593, 0.895841 0.000000 -0.444374,
 0.895922 0.000000 -0.444212, 0.896028 0.000000 -0.443997, 0.896150 0.000000 -0.443751, 0.896217 0.000000 -0.443616, 0.896263 0.000000 0.443523,
 0.896362 0.000000 0.443323, 0.896682 0.000000 0.442676, 0.896779 0.000000 0.442479, 0.896954 0.000000 -0.442124, 0.897148 0.000000 0.441730,
 0.897245 0.000000 0.441534, 0.898936 0.000000 0.438081, 0.899021 0.000000 0.437905, 0.900691 0.000000 -0.434461, 0.900771 0.000000 -0.434294,
 0.901066 0.000000 -0.433683, 0.901100 0.000000 -0.433612, 0.901100 0.000000 -0.433612, 0.901234 0.000000 0.433332, 0.901309 0.000000 0.433177,
 0.901646 0.000000 0.432475, 0.901716 0.000000 0.432329, 0.901953 0.000000 -0.431833, 0.902196 0.000000 -0.431327, 0.902466 0.000000 -0.430761,
 0.902594 0.000000 -0.430493, 0.902628 0.000000 -0.430421, 0.902692 0.000000 -0.430288, 0.902695 0.000000 -0.430280, 0.902761 0.000000 -0.430144,
 0.903290 0.000000 -0.429031, 0.903381 0.000000 -0.428839, 0.903384 0.000000 -0.428833, 0.903452 0.000000 -0.428690, 0.904427 0.000000 -0.426629,
 0.904433 0.000000 -0.426617, 0.905047 0.000000 -0.425311, 0.905548 0.000000 -0.424244, 0.905586 0.000000 -0.424162, 0.905651 0.000000 0.424023,
 0.905689 0.000000 0.423944, 0.906095 0.000000 0.423074, 0.906136 0.000000 0.422986, 0.907367 0.000000 0.420340, 0.907391 0.000000 0.420288,
 0.908143 0.000000 0.418660, 0.908148 0.000000 -0.418650, 0.909632 0.000000 -0.415415, 0.909632 0.000000 0.415415, 0.910287 0.000000 -0.413978,
 0.910300 0.000000 -0.413948, 0.910841 0.000000 0.412757, 0.910855 0.000000 0.412727, 0.910940 0.000000 -0.412540, 0.910952 0.000000 -0.412512,
 0.912586 0.000000 -0.408884, 0.912619 0.000000 -0.408812, 0.913056 0.000000 0.407834, 0.913768 0.000000 0.406236, 0.913812 0.000000 0.406137,
 0.914529 0.000000 -0.404521, 0.914562 0.000000 -0.404445, 0.914906 0.000000 -0.403667, 0.914945 0.000000 -0.403578, 0.915047 0.000000 0.403347,
 0.915064 0.000000 0.403308, 0.915425 0.000000 0.402488, 0.915490 0.000000 0.402342, 0.918832 0.000000 -0.394650, 0.918889 0.000000 -0.394517,
 0.919047 0.000000 -0.394147, 0.919105 0.000000 -0.394012, 0.919419 0.000000 -0.393278, 0.919479 0.000000 -0.393139, 0.919537 0.000000 0.393004,
 0.919618 0.000000 0.392814, 0.919906 0.000000 0.392138, 0.920006 0.000000 0.391904, 0.921517 0.000000 0.388337, 0.921623 0.000000 0.388087,
 0.923461 0.000000 -0.383691, 0.923534 0.000000 -0.383516, 0.923826 0.000000 -0.382812, 0.923898 0.000000 -0.382638, 0.923924 0.000000 0.382577,
 0.924039 0.000000 0.382297, 0.924285 0.000000 0.381704, 0.924402 0.000000 0.381421, 0.925765 0.000000 -0.378100, 0.926407 0.000000 -0.376524,
 0.926485 0.000000 -0.376332, 0.927769 0.000000 -0.373155, 0.927847 0.000000 -0.372962, 0.928140 0.000000 -0.372231, 0.928201 0.000000 -0.372080,
 0.928205 0.000000 0.372070, 0.928322 0.000000 0.371777, 0.928557 0.000000 0.371191, 0.928674 0.000000 0.370898, 0.928955 0.000000 0.370191,
 0.929071 0.000000 0.369900, 0.931963 0.000000 -0.362554, 0.932039 0.000000 -0.362358, 0.932348 0.000000 -0.361562, 0.932376 0.000000 0.361490,
 0.932383 0.000000 -0.361471, 0.932480 0.000000 0.361220, 0.932719 0.000000 0.360604, 0.932821 0.000000 0.360341, 0.933658 0.000000 -0.358166,
 0.933726 0.000000 -0.357989, 0.936039 0.000000 -0.351895, 0.936065 0.000000 0.351828, 0.936110 0.000000 -0.351709, 0.936141 0.000000 0.351625,
 0.936435 0.000000 0.350841, 0.936515 0.000000 0.350628, 0.937865 0.000000 -0.347000, 0.937873 0.000000 -0.346978, 0.939148 0.000000 -0.343513,
 0.939207 0.000000 -0.343350, 0.940009 0.000000 -0.341150, 0.940056 0.000000 -0.341021, 0.940378 0.000000 0.340131, 0.940408 0.000000 0.340049,
 0.940551 0.000000 -0.339652, 0.940599 0.000000 -0.339519, 0.940945 0.000000 0.338560, 0.940999 0.000000 0.338408, 0.941053 0.000000 0.338259,
 0.941081 0.000000 0.338182, 0.941161 0.000000 0.337957, 0.941182 0.000000 0.337899, 0.941330 0.000000 0.337488, 0.941398 0.000000 0.337298,
 0.941510 0.000000 0.336985, 0.941528 0.000000 0.336935, 0.941590 0.000000 0.336760, 0.942291 0.000000 0.334795, 0.942829 0.000000 0.333278,
 0.942829 0.000000 0.333278, 0.943525 0.000000 -0.331302, 0.943562 0.000000 -0.331196, 0.943846 0.000000 -0.330386, 0.943876 0.000000 -0.330301,
 0.943889 0.000000 0.330263, 0.943938 0.000000 0.330124, 0.944186 0.000000 0.329413, 0.944203 0.000000 0.329364, 0.945445 0.000000 0.325781,
 0.945759 0.000000 -0.324870, 0.945782 0.000000 -0.324803, 0.946636 0.000000 0.322306, 0.947083 0.000000 -0.320988, 0.947094 0.000000 -0.320956,
 0.947256 0.000000 -0.320479, 0.947265 0.000000 -0.320452, 0.947560 0.000000 -0.319577, 0.947568 0.000000 -0.319555, 0.947579 0.000000 0.319520,
 0.947603 0.000000 0.319451, 0.947856 0.000000 0.318700, 0.947907 0.000000 0.318547, 0.947911 0.000000 0.318534, 0.947939 0.000000 0.318453,
 0.949147 0.000000 0.314835, 0.949173 0.000000 0.314756, 0.949234 0.000000 0.314571, 0.950838 0.000000 -0.309688, 0.950856 0.000000 -0.309633,
 0.951057 0.000000 -0.309017, 0.951057 0.000000 0.309017, 0.951074 0.000000 0.308963, 0.951075 0.000000 0.308959, 0.951076 0.000000 -0.308956,
 0.951077 0.000000 -0.308953, 0.951122 0.000000 0.308817, 0.951130 0.000000 -0.308790, 0.951154 0.000000 -0.308717, 0.951194 0.000000 0.308594,
 0.951413 0.000000 0.307916, 0.951488 0.000000 0.307687, 0.951971 0.000000 -0.306189, 0.952001 0.000000 -0.306095, 0.953202 0.000000 -0.302333,
 0.953245 0.000000 -0.302197, 0.953865 0.000000 -0.300234, 0.953967 0.000000 0.299912, 0.953987 0.000000 -0.299847, 0.954051 0.000000 0.299645,
 0.954281 0.000000 -0.298910, 0.954334 0.000000 -0.298741, 0.954563 0.000000 -0.298010, 0.954575 0.000000 0.297972, 0.954622 0.000000 -0.297819,
 0.954660 0.000000 0.297699, 0.954857 0.000000 0.297064, 0.954943 0.000000 0.296789, 0.955182 0.000000 0.296019, 0.955268 0.000000 0.295741,
 0.957605 0.000000 -0.288085, 0.957681 0.000000 -0.287831, 0.957782 0.000000 -0.287496, 0.957859 0.000000 -0.287239, 0.957877 0.000000 -0.287179,
 0.957911 0.000000 0.287065, 0.957941 0.000000 -0.286966, 0.957999 0.000000 0.286773, 0.958062 0.000000 -0.286560, 0.958184 0.000000 0.286152,
 0.958271 0.000000 0.285861, 0.958941 0.000000 -0.283605, 0.958993 0.000000 0.283428, 0.958994 0.000000 0.283427, 0.959017 0.000000 -0.283347,
 0.959493 0.000000 -0.281733, 0.959493 0.000000 0.281733, 0.959700 0.000000 0.281026, 0.959784 0.000000 0.280741, 0.959787 0.000000 0.280729,
 0.960814 0.000000 -0.277192, 0.960841 0.000000 0.277101, 0.960899 0.000000 -0.276898, 0.960922 0.000000 0.276820, 0.961127 0.000000 0.276108,
 0.961209 0.000000 0.275822, 0.963248 0.000000 -0.268612, 0.963323 0.000000 -0.268346, 0.963328 0.000000 -0.268326, 0.963907 0.000000 -0.266238,
 0.963981 0.000000 -0.265972, 0.964226 0.000000 0.265081, 0.964289 0.000000 0.264853, 0.964364 0.000000 -0.264579, 0.964391 0.000000 -0.264481,
 0.965070 0.000000 0.261991, 0.965129 0.000000 0.261773, 0.965926 0.000000 -0.258819, 0.965926 0.000000 0.258819, 0.966367 0.000000 -0.257165,
 0.966638 0.000000 -0.256147, 0.966701 0.000000 -0.255909, 0.966868 0.000000 -0.255278, 0.966881 0.000000 -0.255227, 0.966930 0.000000 0.255041,
 0.966936 0.000000 -0.255018, 0.966997 0.000000 0.254787, 0.967198 0.000000 0.254023, 0.967238 0.000000 0.253872, 0.968360 0.000000 -0.249557,
 0.968404 0.000000 -0.249388, 0.968783 0.000000 -0.247912, 0.969298 0.000000 -0.245889, 0.969438 0.000000 -0.245334, 0.969500 0.000000 -0.245091,
 0.969530 0.000000 -0.244972, 0.969595 0.000000 -0.244716, 0.969669 0.000000 -0.244423, 0.969688 0.000000 -0.244345, 0.969727 0.000000 -0.244191,
 0.969733 0.000000 -0.244167, 0.969761 0.000000 -0.244057, 0.969796 0.000000 0.243915, 0.969825 0.000000 0.243801, 0.970044 0.000000 0.242929,
 0.970055 0.000000 0.242885, 0.970068 0.000000 0.242834, 0.970070 0.000000 -0.242825, 0.970083 0.000000 0.242775, 0.970122 0.000000 -0.242616,
 0.970124 0.000000 -0.242609, 0.970163 0.000000 -0.242453, 0.971608 0.000000 0.236596, 0.972239 0.000000 -0.233992, 0.972241 0.000000 -0.233982,
 0.972457 0.000000 -0.233082, 0.972461 0.000000 -0.233064, 0.972522 0.000000 0.232812, 0.972540 0.000000 0.232735, 0.972741 0.000000 0.231894,
 0.972763 0.000000 0.231803, 0.973098 0.000000 -0.230392, 0.973105 0.000000 -0.230364, 0.974650 0.000000 0.223736, 0.974691 0.000000 0.223556,
 0.974828 0.000000 -0.222956, 0.974852 0.000000 -0.222854, 0.975033 0.000000 -0.222061, 0.975064 0.000000 -0.221924, 0.975097 0.000000 0.221777,
 0.975142 0.000000 0.221581, 0.975307 0.000000 0.220855, 0.975353 0.000000 0.220651, 0.976766 0.000000 0.214309, 0.976770 0.000000 -0.214290,
 0.977300 0.000000 -0.211861, 0.977338 0.000000 -0.211687, 0.977433 0.000000 -0.211247, 0.977472 0.000000 -0.211066, 0.977504 0.000000 -0.210915,
 0.977539 0.000000 -0.210754, 0.977553 0.000000 0.210688, 0.977611 0.000000 0.210420, 0.977753 0.000000 0.209761, 0.977812 0.000000 0.209485,
 0.978858 0.000000 0.204541, 0.978921 0.000000 0.204241, 0.979649 0.000000 -0.200719, 0.979695 0.000000 -0.200495, 0.979888 0.000000 0.199549,
 0.979950 0.000000 0.199244, 0.980649 0.000000 -0.195777, 0.981407 0.000000 -0.191938, 0.981454 0.000000 -0.191696, 0.981876 0.000000 -0.189525,
 0.981922 0.000000 -0.189285, 0.981963 0.000000 0.189073, 0.981986 0.000000 0.188951, 0.982098 0.000000 0.188369, 0.982159 0.000000 0.188054,
 0.982699 0.000000 0.185211, 0.982757 0.000000 0.184902, 0.983803 0.000000 -0.179255, 0.983849 0.000000 -0.179000, 0.983975 0.000000 -0.178307,
 0.984014 0.000000 0.178090, 0.984019 0.000000 -0.178064, 0.984064 0.000000 0.177812, 0.984183 0.000000 0.177154, 0.984234 0.000000 0.176874,
 0.984290 0.000000 -0.176558, 0.984335 0.000000 -0.176306, 0.985005 0.000000 -0.172527, 0.985046 0.000000 -0.172289, 0.985477 0.000000 0.169808,
 0.985523 0.000000 0.169541, 0.985787 0.000000 -0.168000, 0.985825 0.000000 -0.167775, 0.985946 0.000000 -0.167062, 0.985983 0.000000 0.166847,
 0.985984 0.000000 -0.166840, 0.986026 0.000000 0.166594, 0.986141 0.000000 0.165909, 0.986163 0.000000 0.165781, 0.986176 0.000000 0.165700,
 0.986197 0.000000 0.165573, 0.987587 0.000000 -0.157072, 0.987615 0.000000 -0.156894, 0.987640 0.000000 -0.156736, 0.987670 0.000000 -0.156552,
 0.987688 0.000000 -0.156434, 0.987688 0.000000 0.156434, 0.987791 0.000000 -0.155783, 0.987817 0.000000 -0.155617, 0.987823 0.000000 0.155581,
 0.987841 0.000000 0.155467, 0.987971 0.000000 0.154641, 0.987986 0.000000 0.154542, 0.988222 0.000000 -0.153029, 0.988245 0.000000 -0.152880,
 0.988637 0.000000 0.150321, 0.988645 0.000000 0.150268, 0.989183 0.000000 0.146690, 0.989207 0.000000 0.146527, 0.989230 0.000000 0.146368,
 0.989241 0.000000 0.146292, 0.989242 0.000000 0.146287, 0.989243 0.000000 0.146283, 0.989277 0.000000 0.146053, 0.989286 0.000000 0.145987,
 0.989350 0.000000 0.145558, 0.989367 0.000000 -0.145438, 0.989380 0.000000 0.145351, 0.989382 0.000000 -0.145338, 0.989464 0.000000 0.144781,
 0.989514 0.000000 -0.144438, 0.989519 0.000000 -0.144403, 0.989529 0.000000 0.144336, 0.989534 0.000000 0.144299, 0.989664 0.000000 0.143405,
 0.989671 0.000000 0.143357, 0.989766 0.000000 0.142700, 0.989821 0.000000 -0.142315, 0.989821 0.000000 0.142315, 0.990154 0.000000 -0.139981,
 0.990168 0.000000 -0.139881, 0.990495 0.000000 -0.137550, 0.990501 0.000000 -0.137507, 0.990962 0.000000 -0.134140, 0.990963 0.000000 -0.134138,
 0.991049 0.000000 -0.133501, 0.991056 0.000000 -0.133444, 0.991089 0.000000 -0.133205, 0.991093 0.000000 0.133174, 0.991095 0.000000 0.133160,
 0.991101 0.000000 -0.133110, 0.991115 0.000000 0.133006, 0.991219 0.000000 0.132229, 0.991241 0.000000 0.132065, 0.991385 0.000000 0.130979,
 0.991410 0.000000 0.130794, 0.991908 0.000000 0.126962, 0.991934 0.000000 0.126752, 0.992387 0.000000 -0.123161, 0.992412 0.000000 -0.122959,
 0.992426 0.000000 -0.122843, 0.992536 0.000000 0.121951, 0.992566 0.000000 0.121711, 0.992573 0.000000 0.121646, 0.992703 0.000000 -0.120589,
 0.992703 0.000000 0.120589, 0.992993 0.000000 -0.118169, 0.993014 0.000000 -0.117993, 0.993486 0.000000 -0.113958, 0.993490 0.000000 -0.113916,
 0.993734 0.000000 -0.111770, 0.993757 0.000000 0.111562, 0.993761 0.000000 -0.111528, 0.993791 0.000000 0.111261, 0.993852 0.000000 0.110721,
 0.993885 0.000000 0.110418, 0.994511 0.000000 -0.104636, 0.994519 0.000000 -0.104558, 0.994524 0.000000 0.104509, 0.994536 0.000000 0.104391,
 0.994797 0.000000 0.101880, 0.994837 0.000000 -0.101483, 0.994867 0.000000 -0.101191, 0.994932 0.000000 -0.100546, 0.994951 0.000000 0.100362,
 0.994963 0.000000 -0.100245, 0.994980 0.000000 0.100076, 0.995042 0.000000 0.099456, 0.995074 0.000000 0.099136, 0.995110 0.000000 -0.098770,
 0.995141 0.000000 -0.098464, 0.995752 0.000000 0.092071, 0.995782 0.000000 0.091756, 0.995921 0.000000 -0.090233, 0.995950 0.000000 -0.089912,
 0.996005 0.000000 -0.089294, 0.996020 0.000000 0.089128, 0.996034 0.000000 -0.088972, 0.996049 0.000000 0.088808, 0.996106 0.000000 0.088166,
 0.996132 0.000000 0.087870, 0.996852 0.000000 -0.079290, 0.996876 0.000000 -0.078982, 0.996878 0.000000 -0.078961, 0.996902 0.000000 -0.078654,
 0.996952 0.000000 -0.078021, 0.996968 0.000000 0.077807, 0.996975 0.000000 -0.077724, 0.996987 0.000000 0.077563, 0.997018 0.000000 -0.077167,
 0.997042 0.000000 0.076855, 0.997060 0.000000 0.076626, 0.997199 0.000000 -0.074789, 0.997293 0.000000 0.073527, 0.997303 0.000000 0.073396,
 0.997368 0.000000 0.072507, 0.997382 0.000000 0.072313, 0.997707 0.000000 -0.067674, 0.997724 0.000000 -0.067434, 0.997771 0.000000 -0.066732,
 0.997780 0.000000 -0.066590, 0.997787 0.000000 0.066489, 0.997797 0.000000 0.066346, 0.997850 0.000000 0.065546, 0.997858 0.000000 0.065412,
 0.997989 0.000000 -0.063393, 0.998213 0.000000 -0.059763, 0.998221 0.000000 -0.059619, 0.998380 0.000000 0.056903, 0.998410 0.000000 -0.056377,
 0.998417 0.000000 -0.056242, 0.998459 0.000000 -0.055490, 0.998462 0.000000 -0.055435, 0.998476 0.000000 0.055181, 0.998477 0.000000 0.055163,
 0.998528 0.000000 0.054231, 0.998529 0.000000 0.054227, 0.998542 0.000000 -0.053983, 0.998597 0.000000 0.052959, 0.998598 0.000000 0.052942,
 0.998651 0.000000 -0.051928, 0.998680 0.000000 -0.051365, 0.998712 0.000000 -0.050736, 0.998727 0.000000 -0.050440, 0.998731 0.000000 -0.050360,
 0.998739 0.000000 -0.050203, 0.998808 0.000000 -0.048817, 0.998818 0.000000 -0.048605, 0.998826 0.000000 -0.048439, 0.998983 0.000000 -0.045078,
 0.998984 0.000000 -0.045070, 0.999033 0.000000 0.043975, 0.999037 0.000000 0.043879, 0.999188 0.000000 -0.040293, 0.999191 0.000000 -0.040222,
 0.999294 0.000000 0.037581, 0.999295 0.000000 0.037551, 0.999424 0.000000 -0.033925, 0.999429 0.000000 -0.033783, 0.999436 0.000000 0.033589,
 0.999442 0.000000 0.033389, 0.999463 0.000000 0.032766, 0.999470 0.000000 0.032556, 0.999689 0.000000 -0.024925, 0.999694 0.000000 -0.024737,
 0.999721 0.000000 -0.023635, 0.999725 0.000000 -0.023438, 0.999742 0.000000 -0.022716, 0.999747 0.000000 -0.022497, 0.999747 0.000000 0.022479,
 0.999751 0.000000 0.022327, 0.999781 0.000000 -0.020927, 0.999786 0.000000 -0.020701, 0.999834 0.000000 0.018193, 0.999839 0.000000 0.017965,
 0.999900 0.000000 0.014174, 0.999904 0.000000 0.013882, 0.999934 0.000000 -0.011503, 0.999937 0.000000 0.011249, 0.999937 0.000000 -0.011229,
 0.999940 0.000000 0.010996, 0.999985 0.000000 -0.005547, 0.999986 0.000000 -0.005255, 0.999999 0.000000 -0.001532, 0.999999 0.000000 -0.001232,
 1.000000 0.000000 -0.000284, 1.000000 0.000000 0.000000, 1.000000 0.000000 0.000016
]
}
coordIndex [
 2959, 2993, 2820, -1, 2820, 2993, 2822, -1, 2820, 2822, 2741, -1,
 2741, 2822, 2743, -1, 2741, 2743, 2659, -1, 2659, 2743, 2661, -1,
 2659, 2661, 2593, -1, 2593, 2661, 2595, -1, 2593, 2595, 2486, -1,
 2486, 2595, 2488, -1, 2486, 2488, 2449, -1, 2449, 2488, 2450, -1,
 2449, 2450, 2487, -1, 2487, 2450, 2489, -1, 2487, 2489, 2594, -1,
 2594, 2489, 2596, -1, 2594, 2596, 2660, -1, 2660, 2596, 2662, -1,
 2660, 2662, 2742, -1, 2742, 2662, 2744, -1, 2742, 2744, 2821, -1,
 2821, 2744, 2823, -1, 2821, 2823, 2960, -1, 2960, 2823, 2994, -1,
 2995, 2990, 3111, -1, 2991, 2992, 3036, -1, 3036, 2992, 3063, -1,
 3417, 3273, 3063, -1, 3063, 3273, 3171, -1, 3171, 3152, 3063, -1,
 3063, 3152, 3075, -1, 3063, 3075, 3036, -1, 3557, 3417, 3647, -1,
 3647, 3417, 3694, -1, 3557, 3506, 3417, -1, 3417, 3506, 3455, -1,
 3417, 3455, 3273, -1, 3894, 3694, 3981, -1, 3981, 3694, 3992, -1,
 3894, 3864, 3694, -1, 3694, 3864, 3769, -1, 3694, 3769, 3647, -1,
 4177, 4175, 3992, -1, 3992, 4175, 4109, -1, 3992, 4109, 3981, -1,
 4177, 3992, 4367, -1, 4367, 3992, 4313, -1, 4367, 4313, 4459, -1,
 4775, 4725, 4525, -1, 4525, 4725, 4519, -1, 4525, 4519, 4313, -1,
 4313, 4519, 4477, -1, 4313, 4477, 4459, -1, 4739, 5062, 4996, -1,
 4996, 4964, 4739, -1, 4739, 4964, 4842, -1, 4739, 4842, 4525, -1,
 4525, 4842, 4804, -1, 4525, 4804, 4775, -1, 5634, 5605, 5076, -1,
 5062, 4739, 5076, -1, 5076, 4739, 4810, -1, 5076, 4810, 5634, -1,
 2995, 3111, 3064, -1, 3064, 3111, 3354, -1, 3064, 3354, 3418, -1,
 3354, 3530, 3418, -1, 3418, 3530, 3801, -1, 3418, 3801, 3695, -1,
 3801, 3954, 3695, -1, 3695, 3954, 4203, -1, 3695, 4203, 3993, -1,
 4203, 4394, 3993, -1, 3993, 4394, 4664, -1, 3993, 4664, 4314, -1,
 4664, 4914, 4314, -1, 4314, 4914, 5231, -1, 4314, 5231, 4526, -1,
 5231, 5357, 4526, -1, 4526, 5357, 5434, -1, 4526, 5434, 4740, -1,
 5434, 5594, 4740, -1, 4740, 5594, 5631, -1, 4740, 5631, 4810, -1,
 4810, 5631, 5788, -1, 4810, 5788, 5634, -1, 2938, 2936, 3633, -1,
 2938, 3633, 3517, -1, 3517, 3633, 4400, -1, 3517, 4400, 4067, -1,
 4067, 4400, 5533, -1, 4067, 5533, 4801, -1, 4801, 5533, 5798, -1,
 4801, 5798, 5761, -1, 5761, 5798, 5808, -1, 5761, 5808, 5794, -1,
 5794, 5808, 5830, -1, 5794, 5830, 5804, -1, 5804, 5830, 5849, -1,
 5804, 5849, 5816, -1, 5816, 5849, 5853, -1, 5816, 5853, 5822, -1,
 5822, 5853, 5857, -1, 5822, 5857, 5832, -1, 5832, 5857, 5861, -1,
 5832, 5861, 5834, -1, 5834, 5861, 5863, -1, 5834, 5863, 5839, -1,
 5839, 5863, 5860, -1, 5839, 5860, 5833, -1, 5833, 5860, 5856, -1,
 5833, 5856, 5831, -1, 5831, 5856, 5852, -1, 5831, 5852, 5821, -1,
 5821, 5852, 5848, -1, 5821, 5848, 5815, -1, 5815, 5848, 5829, -1,
 5815, 5829, 5803, -1, 5803, 5829, 5807, -1, 5803, 5807, 5793, -1,
 5793, 5807, 5797, -1, 5793, 5797, 5760, -1, 5760, 5797, 5532, -1,
 5760, 5532, 4800, -1, 4800, 5532, 4399, -1, 4800, 4399, 4066, -1,
 4066, 4399, 3632, -1, 4066, 3632, 3516, -1, 3516, 3632, 2935, -1,
 3516, 2935, 2937, -1, 2934, 2932, 2669, -1, 2669, 2932, 2667, -1,
 2669, 2667, 2325, -1, 2325, 2667, 2323, -1, 2325, 2323, 2025, -1,
 2025, 2323, 2023, -1, 2025, 2023, 1834, -1, 1834, 2023, 1832, -1,
 1834, 1832, 1632, -1, 1632, 1832, 1630, -1, 1632, 1630, 1596, -1,
 1596, 1630, 1595, -1, 1596, 1595, 1631, -1, 1631, 1595, 1629, -1,
 1631, 1629, 1833, -1, 1833, 1629, 1831, -1, 1833, 1831, 2024, -1,
 2024, 1831, 2022, -1, 2024, 2022, 2324, -1, 2324, 2022, 2322, -1,
 2324, 2322, 2668, -1, 2668, 2322, 2666, -1, 2668, 2666, 2933, -1,
 2933, 2666, 2931, -1, 2929, 2926, 3589, -1, 2929, 3589, 3591, -1,
 3591, 3589, 4267, -1, 3591, 4267, 4269, -1, 4269, 4267, 5285, -1,
 4269, 5285, 5287, -1, 5287, 5285, 5790, -1, 5287, 5790, 5792, -1,
 5792, 5790, 5800, -1, 5792, 5800, 5802, -1, 5802, 5800, 5818, -1,
 5802, 5818, 5820, -1, 5820, 5818, 5824, -1, 5820, 5824, 5826, -1,
 5826, 5824, 5836, -1, 5826, 5836, 5838, -1, 5838, 5836, 5841, -1,
 5838, 5841, 5843, -1, 5843, 5841, 5844, -1, 5843, 5844, 5845, -1,
 5845, 5844, 5840, -1, 5845, 5840, 5842, -1, 5842, 5840, 5835, -1,
 5842, 5835, 5837, -1, 5837, 5835, 5823, -1, 5837, 5823, 5825, -1,
 5825, 5823, 5817, -1, 5825, 5817, 5819, -1, 5819, 5817, 5799, -1,
 5819, 5799, 5801, -1, 5801, 5799, 5789, -1, 5801, 5789, 5791, -1,
 5791, 5789, 5284, -1, 5791, 5284, 5286, -1, 5286, 5284, 4266, -1,
 5286, 4266, 4268, -1, 4268, 4266, 3588, -1, 4268, 3588, 3590, -1,
 3590, 3588, 2925, -1, 3590, 2925, 2928, -1, 2927, 2935, 3632, -1,
 2927, 3632, 3630, -1, 3630, 3632, 4399, -1, 3630, 4399, 4397, -1,
 4397, 4399, 5532, -1, 4397, 5532, 5530, -1, 5530, 5532, 5797, -1,
 5530, 5797, 5795, -1, 5795, 5797, 5807, -1, 5795, 5807, 5805, -1,
 5805, 5807, 5829, -1, 5805, 5829, 5827, -1, 5827, 5829, 5848, -1,
 5827, 5848, 5846, -1, 5846, 5848, 5852, -1, 5846, 5852, 5850, -1,
 5850, 5852, 5856, -1, 5850, 5856, 5854, -1, 5854, 5856, 5860, -1,
 5854, 5860, 5858, -1, 5858, 5860, 5863, -1, 5858, 5863, 5862, -1,
 5862, 5863, 5861, -1, 5862, 5861, 5859, -1, 5859, 5861, 5857, -1,
 5859, 5857, 5855, -1, 5855, 5857, 5853, -1, 5855, 5853, 5851, -1,
 5851, 5853, 5849, -1, 5851, 5849, 5847, -1, 5847, 5849, 5830, -1,
 5847, 5830, 5828, -1, 5828, 5830, 5808, -1, 5828, 5808, 5806, -1,
 5806, 5808, 5798, -1, 5806, 5798, 5796, -1, 5796, 5798, 5533, -1,
 5796, 5533, 5531, -1, 5531, 5533, 4400, -1, 5531, 4400, 4398, -1,
 4398, 4400, 3633, -1, 4398, 3633, 3631, -1, 3631, 3633, 2936, -1,
 3631, 2936, 2930, -1, 5634, 5715, 5689, -1, 5634, 5689, 5605, -1,
 5605, 5689, 5601, -1, 5605, 5601, 5518, -1, 5518, 5601, 5543, -1,
 5518, 5543, 5464, -1, 5543, 5517, 5464, -1, 5464, 5517, 5487, -1,
 5464, 5487, 5417, -1, 5417, 5487, 5426, -1, 5417, 5426, 5325, -1,
 4890, 4872, 5125, -1, 5125, 4872, 4883, -1, 5125, 4883, 5280, -1,
 5280, 4883, 5257, -1, 5280, 5257, 5298, -1, 5298, 5257, 5290, -1,
 5298, 5290, 5324, -1, 5324, 5290, 5325, -1, 5324, 5325, 5359, -1,
 5359, 5325, 5426, -1, 4890, 4871, 4872, -1, 4872, 4871, 4719, -1,
 4872, 4719, 4666, -1, 4666, 4719, 4689, -1, 4666, 4689, 4502, -1,
 4502, 4689, 4505, -1, 4502, 4505, 4414, -1, 4060, 3997, 3914, -1,
 3914, 3997, 3890, -1, 3914, 3890, 3826, -1, 4505, 4437, 4414, -1,
 4414, 4437, 4356, -1, 4414, 4356, 4228, -1, 4228, 4356, 4227, -1,
 4228, 4227, 4184, -1, 4184, 4227, 4167, -1, 4184, 4167, 4060, -1,
 4060, 4167, 4059, -1, 4060, 4059, 3997, -1, 3890, 3825, 3826, -1,
 3826, 3825, 3696, -1, 3826, 3696, 3687, -1, 3687, 3696, 3686, -1,
 3687, 3686, 3582, -1, 3582, 3686, 3570, -1, 3582, 3570, 3382, -1,
 3570, 3425, 3382, -1, 3382, 3425, 3381, -1, 3382, 3381, 3314, -1,
 3314, 3381, 3313, -1, 3314, 3313, 3245, -1, 3245, 3313, 3228, -1,
 3245, 3228, 2988, -1, 2988, 3228, 3104, -1, 2988, 3104, 2987, -1,
 5788, 5741, 5634, -1, 5634, 5741, 5716, -1, 5634, 5716, 5715, -1,
 5631, 5787, 5788, -1, 5788, 5787, 5763, -1, 5788, 5763, 5741, -1,
 5581, 5594, 5522, -1, 5522, 5594, 5434, -1, 5581, 5591, 5594, -1,
 5594, 5591, 5626, -1, 5594, 5626, 5631, -1, 5631, 5626, 5664, -1,
 5631, 5664, 5787, -1, 5233, 5256, 5231, -1, 5231, 5256, 5347, -1,
 5231, 5347, 5357, -1, 5347, 5384, 5357, -1, 5357, 5384, 5411, -1,
 5357, 5411, 5434, -1, 5434, 5411, 5460, -1, 5434, 5460, 5522, -1,
 5233, 5231, 5060, -1, 5060, 5231, 4914, -1, 5060, 4914, 5029, -1,
 4203, 4302, 4394, -1, 4394, 4302, 4445, -1, 4394, 4445, 4664, -1,
 4664, 4445, 4550, -1, 4664, 4550, 4595, -1, 4595, 4621, 4664, -1,
 4664, 4621, 4712, -1, 4664, 4712, 4914, -1, 4914, 4712, 4822, -1,
 4914, 4822, 5029, -1, 4103, 4148, 4203, -1, 4203, 4148, 4255, -1,
 4203, 4255, 4302, -1, 3639, 3801, 3512, -1, 3512, 3801, 3530, -1,
 3512, 3530, 3478, -1, 3478, 3530, 3354, -1, 3478, 3354, 3408, -1,
 3639, 3797, 3801, -1, 3801, 3797, 3851, -1, 3801, 3851, 3954, -1,
 3954, 3851, 3852, -1, 3954, 3852, 4203, -1, 4203, 3852, 3961, -1,
 4203, 3961, 4103, -1, 2990, 2989, 3111, -1, 3111, 2989, 3025, -1,
 3025, 3098, 3111, -1, 3111, 3098, 3169, -1, 3111, 3169, 3354, -1,
 3354, 3169, 3318, -1, 3354, 3318, 3408, -1, 3824, 3732, 3685, -1,
 3685, 3732, 3684, -1, 3685, 3684, 3616, -1, 2983, 2984, 3127, -1,
 3127, 2984, 3012, -1, 3127, 3012, 3239, -1, 3239, 3012, 3277, -1,
 3239, 3277, 3311, -1, 3311, 3277, 3312, -1, 3311, 3312, 3379, -1,
 3379, 3312, 3380, -1, 3379, 3380, 3439, -1, 3439, 3380, 3616, -1,
 3439, 3616, 3583, -1, 3583, 3616, 3684, -1, 4058, 4032, 3937, -1,
 3937, 4032, 3920, -1, 3937, 3920, 3824, -1, 3824, 3920, 3823, -1,
 3824, 3823, 3732, -1, 4226, 4190, 4058, -1, 4058, 4190, 4057, -1,
 4058, 4057, 4032, -1, 5279, 5183, 4937, -1, 4937, 5183, 4927, -1,
 4937, 4927, 4870, -1, 4927, 4869, 4870, -1, 4870, 4869, 4736, -1,
 4870, 4736, 4688, -1, 4688, 4736, 4687, -1, 4688, 4687, 4556, -1,
 4556, 4687, 4520, -1, 4556, 4520, 4436, -1, 4436, 4520, 4435, -1,
 4436, 4435, 4230, -1, 4230, 4435, 4375, -1, 4230, 4375, 4226, -1,
 4226, 4375, 4225, -1, 4226, 4225, 4190, -1, 5326, 5327, 5323, -1,
 5323, 5327, 5322, -1, 5323, 5322, 5279, -1, 5279, 5322, 5278, -1,
 5279, 5278, 5183, -1, 5486, 5485, 5429, -1, 5429, 5485, 5435, -1,
 5429, 5435, 5326, -1, 5326, 5435, 5389, -1, 5326, 5389, 5327, -1,
 5714, 5713, 5688, -1, 5688, 5713, 5687, -1, 5688, 5687, 5606, -1,
 5606, 5687, 5612, -1, 5606, 5612, 5516, -1, 5516, 5612, 5548, -1,
 5516, 5548, 5486, -1, 5486, 5548, 5515, -1, 5486, 5515, 5485, -1,
 5580, 5589, 5630, -1, 5630, 5589, 5622, -1, 5630, 5622, 5663, -1,
 5663, 5622, 5662, -1, 5663, 5662, 5786, -1, 5786, 5662, 5754, -1,
 5786, 5754, 5740, -1, 5740, 5754, 5785, -1, 5740, 5785, 5714, -1,
 5714, 5785, 5720, -1, 5714, 5720, 5713, -1, 5255, 5254, 5354, -1,
 5354, 5254, 5341, -1, 5354, 5341, 5383, -1, 5341, 5382, 5383, -1,
 5383, 5382, 5406, -1, 5383, 5406, 5459, -1, 5459, 5406, 5458, -1,
 5459, 5458, 5528, -1, 5528, 5458, 5491, -1, 5528, 5491, 5580, -1,
 5580, 5491, 5579, -1, 5580, 5579, 5589, -1, 4711, 4798, 5059, -1,
 5059, 4798, 4981, -1, 5059, 4981, 5088, -1, 5088, 4981, 5058, -1,
 5088, 5058, 5255, -1, 5255, 5058, 5229, -1, 5255, 5229, 5254, -1,
 4254, 4253, 4329, -1, 4329, 4253, 4281, -1, 4329, 4281, 4549, -1,
 4549, 4281, 4408, -1, 4549, 4408, 4594, -1, 4408, 4548, 4594, -1,
 4594, 4548, 4593, -1, 4594, 4593, 4660, -1, 4660, 4593, 4607, -1,
 4660, 4607, 4711, -1, 4711, 4607, 4710, -1, 4711, 4710, 4798, -1,
 3796, 3795, 3850, -1, 3850, 3795, 3849, -1, 3850, 3849, 3994, -1,
 3994, 3849, 3950, -1, 3994, 3950, 4147, -1, 4147, 3950, 4088, -1,
 4147, 4088, 4254, -1, 4254, 4088, 4146, -1, 4254, 4146, 4253, -1,
 3406, 3476, 3477, -1, 3477, 3476, 3499, -1, 3477, 3499, 3711, -1,
 3711, 3499, 3623, -1, 3711, 3623, 3796, -1, 3796, 3623, 3766, -1,
 3796, 3766, 3795, -1, 2986, 2985, 3097, -1, 3097, 2985, 3096, -1,
 3097, 3096, 3125, -1, 3477, 3438, 3406, -1, 3406, 3438, 3407, -1,
 3406, 3407, 3279, -1, 3279, 3407, 3125, -1, 3279, 3125, 3156, -1,
 3156, 3125, 3096, -1, 2979, 2980, 3141, -1, 3141, 2980, 3033, -1,
 3141, 3033, 3254, -1, 3254, 3033, 3310, -1, 3254, 3310, 3309, -1,
 3309, 3310, 3377, -1, 3377, 3310, 3322, -1, 3377, 3322, 3378, -1,
 3822, 3821, 3683, -1, 3683, 3821, 3746, -1, 3683, 3746, 3645, -1,
 3746, 3682, 3645, -1, 3645, 3682, 3607, -1, 3645, 3607, 3378, -1,
 3378, 3607, 3482, -1, 3378, 3482, 3377, -1, 4434, 4390, 4288, -1,
 4288, 4390, 4229, -1, 4288, 4229, 4224, -1, 4224, 4229, 4223, -1,
 4224, 4223, 4056, -1, 4056, 4223, 4070, -1, 4056, 4070, 3960, -1,
 3960, 4070, 4055, -1, 3960, 4055, 3822, -1, 3822, 4055, 3932, -1,
 3822, 3932, 3821, -1, 4868, 4970, 4950, -1, 4950, 4970, 5223, -1,
 5223, 4970, 5277, -1, 5223, 5277, 5276, -1, 4950, 4867, 4868, -1,
 4868, 4867, 4759, -1, 4868, 4759, 4686, -1, 4686, 4759, 4685, -1,
 4686, 4685, 4605, -1, 4605, 4685, 4559, -1, 4605, 4559, 4434, -1,
 4434, 4559, 4433, -1, 4434, 4433, 4390, -1, 5276, 5277, 5320, -1,
 5320, 5277, 5321, -1, 5320, 5321, 5334, -1, 5334, 5321, 5336, -1,
 5334, 5336, 5393, -1, 5712, 5711, 5686, -1, 5686, 5711, 5685, -1,
 5686, 5685, 5617, -1, 5617, 5685, 5619, -1, 5617, 5619, 5514, -1,
 5514, 5619, 5551, -1, 5514, 5551, 5492, -1, 5492, 5551, 5513, -1,
 5492, 5513, 5484, -1, 5484, 5513, 5483, -1, 5484, 5483, 5336, -1,
 5336, 5483, 5463, -1, 5336, 5463, 5393, -1, 5578, 5583, 5618, -1,
 5618, 5583, 5615, -1, 5618, 5615, 5661, -1, 5661, 5615, 5660, -1,
 5661, 5660, 5784, -1, 5784, 5660, 5738, -1, 5784, 5738, 5746, -1,
 5746, 5738, 5783, -1, 5746, 5783, 5712, -1, 5712, 5783, 5725, -1,
 5712, 5725, 5711, -1, 5253, 5252, 5343, -1, 5343, 5252, 5333, -1,
 5343, 5333, 5381, -1, 5333, 5380, 5381, -1, 5381, 5380, 5397, -1,
 5381, 5397, 5457, -1, 5457, 5397, 5456, -1, 5457, 5456, 5493, -1,
 5493, 5456, 5462, -1, 5493, 5462, 5578, -1, 5578, 5462, 5577, -1,
 5578, 5577, 5583, -1, 4709, 4763, 5024, -1, 5024, 4763, 4958, -1,
 5024, 4958, 5057, -1, 5057, 4958, 5056, -1, 5057, 5056, 5253, -1,
 5253, 5056, 5226, -1, 5253, 5226, 5252, -1, 4252, 4251, 4307, -1,
 4307, 4251, 4257, -1, 4307, 4257, 4547, -1, 4547, 4257, 4391, -1,
 4547, 4391, 4592, -1, 4391, 4546, 4592, -1, 4592, 4546, 4569, -1,
 4592, 4569, 4622, -1, 4622, 4569, 4591, -1, 4622, 4591, 4709, -1,
 4709, 4591, 4708, -1, 4709, 4708, 4763, -1, 3794, 3793, 3848, -1,
 3848, 3793, 3847, -1, 3848, 3847, 3970, -1, 3970, 3847, 3935, -1,
 3970, 3935, 4145, -1, 4145, 3935, 4072, -1, 4145, 4072, 4252, -1,
 4252, 4072, 4144, -1, 4252, 4144, 4251, -1, 3475, 3488, 3657, -1,
 3657, 3488, 3610, -1, 3657, 3610, 3794, -1, 3794, 3610, 3752, -1,
 3794, 3752, 3793, -1, 2982, 2981, 3071, -1, 3071, 2981, 3094, -1,
 3071, 3094, 3095, -1, 3095, 3094, 3145, -1, 3095, 3145, 3336, -1,
 3336, 3145, 3257, -1, 3336, 3257, 3405, -1, 3405, 3257, 3404, -1,
 3405, 3404, 3475, -1, 3475, 3404, 3474, -1, 3475, 3474, 3488, -1,
 4196, 4249, 4250, -1, 3308, 3275, 3103, -1, 3103, 3275, 3153, -1,
 3103, 3153, 2976, -1, 2976, 3153, 2975, -1, 3820, 3819, 3688, -1,
 3688, 3819, 3761, -1, 3688, 3761, 3681, -1, 3761, 3680, 3681, -1,
 3681, 3680, 3619, -1, 3681, 3619, 3385, -1, 3385, 3619, 3493, -1,
 3385, 3493, 3376, -1, 3376, 3493, 3375, -1, 3376, 3375, 3308, -1,
 3308, 3375, 3307, -1, 3308, 3307, 3275, -1, 4320, 4274, 4222, -1,
 4222, 4274, 4221, -1, 4222, 4221, 4054, -1, 4054, 4221, 4080, -1,
 4054, 4080, 3979, -1, 3979, 4080, 4053, -1, 3979, 4053, 3820, -1,
 3820, 4053, 3946, -1, 3820, 3946, 3819, -1, 5275, 5227, 5033, -1,
 5033, 5227, 4968, -1, 5033, 4968, 4866, -1, 4968, 4865, 4866, -1,
 4866, 4865, 4799, -1, 4866, 4799, 4684, -1, 4684, 4799, 4683, -1,
 4684, 4683, 4647, -1, 4647, 4683, 4599, -1, 4647, 4599, 4432, -1,
 4432, 4599, 4431, -1, 4432, 4431, 4320, -1, 4320, 4431, 4409, -1,
 4320, 4409, 4274, -1, 5319, 5318, 5275, -1, 5275, 5318, 5274, -1,
 5275, 5274, 5227, -1, 5519, 5511, 5482, -1, 5482, 5511, 5481, -1,
 5482, 5481, 5348, -1, 5348, 5481, 5399, -1, 5348, 5399, 5319, -1,
 5319, 5399, 5338, -1, 5319, 5338, 5318, -1, 5482, 5512, 5519, -1,
 5519, 5512, 5524, -1, 5519, 5524, 5557, -1, 5557, 5524, 5633, -1,
 5750, 5727, 5710, -1, 5710, 5727, 5709, -1, 5710, 5709, 5684, -1,
 5684, 5709, 5683, -1, 5684, 5683, 5633, -1, 5633, 5683, 5628, -1,
 5633, 5628, 5557, -1, 5576, 5575, 5611, -1, 5611, 5575, 5610, -1,
 5611, 5610, 5659, -1, 5659, 5610, 5658, -1, 5659, 5658, 5782, -1,
 5782, 5658, 5723, -1, 5782, 5723, 5750, -1, 5750, 5723, 5781, -1,
 5750, 5781, 5727, -1, 5379, 5392, 5432, -1, 5432, 5392, 5430, -1,
 5432, 5430, 5455, -1, 5455, 5430, 5454, -1, 5455, 5454, 5576, -1,
 5576, 5454, 5555, -1, 5576, 5555, 5575, -1, 5055, 5221, 5251, -1,
 5251, 5221, 5250, -1, 5251, 5250, 5331, -1, 5331, 5250, 5301, -1,
 5331, 5301, 5379, -1, 5379, 5301, 5378, -1, 5379, 5378, 5392, -1,
 4707, 4742, 4962, -1, 4962, 4742, 4934, -1, 4962, 4934, 5055, -1,
 5055, 4934, 5054, -1, 5055, 5054, 5221, -1, 4250, 4249, 4275, -1,
 4275, 4249, 4545, -1, 4545, 4249, 4376, -1, 4545, 4376, 4590, -1,
 4590, 4376, 4544, -1, 4590, 4544, 4598, -1, 4544, 4554, 4598, -1,
 4598, 4554, 4589, -1, 4598, 4589, 4707, -1, 4707, 4589, 4706, -1,
 4707, 4706, 4742, -1, 3792, 3791, 3846, -1, 3846, 3791, 3845, -1,
 3846, 3845, 3952, -1, 3952, 3845, 3924, -1, 3952, 3924, 4143, -1,
 4143, 3924, 4034, -1, 4143, 4034, 4250, -1, 4250, 4034, 4142, -1,
 4250, 4142, 4196, -1, 3473, 3472, 3629, -1, 3629, 3472, 3587, -1,
 3629, 3587, 3792, -1, 3792, 3587, 3735, -1, 3792, 3735, 3791, -1,
 2978, 2977, 3026, -1, 3026, 2977, 3092, -1, 3026, 3092, 3093, -1,
 3093, 3092, 3134, -1, 3093, 3134, 3288, -1, 3288, 3134, 3243, -1,
 3288, 3243, 3403, -1, 3403, 3243, 3402, -1, 3403, 3402, 3473, -1,
 3473, 3402, 3451, -1, 3473, 3451, 3472, -1, 3306, 3289, 3135, -1,
 3135, 3289, 3163, -1, 3135, 3163, 2972, -1, 2972, 3163, 3020, -1,
 2972, 3020, 2971, -1, 3679, 3635, 3453, -1, 3453, 3635, 3507, -1,
 3453, 3507, 3374, -1, 3374, 3507, 3373, -1, 3374, 3373, 3306, -1,
 3306, 3373, 3305, -1, 3306, 3305, 3289, -1, 4024, 3956, 3818, -1,
 3818, 3956, 3817, -1, 3818, 3817, 3731, -1, 3731, 3817, 3798, -1,
 3731, 3798, 3679, -1, 3679, 3798, 3678, -1, 3679, 3678, 3635, -1,
 4362, 4295, 4220, -1, 4220, 4295, 4219, -1, 4220, 4219, 4052, -1,
 4052, 4219, 4095, -1, 4052, 4095, 4024, -1, 4024, 4095, 4051, -1,
 4024, 4051, 3956, -1, 4992, 4864, 5096, -1, 4992, 4863, 4864, -1,
 4864, 4863, 4823, -1, 4864, 4823, 4714, -1, 4714, 4823, 4681, -1,
 4714, 4681, 4682, -1, 4682, 4681, 4613, -1, 4682, 4613, 4430, -1,
 4430, 4613, 4444, -1, 4430, 4444, 4362, -1, 4362, 4444, 4429, -1,
 4362, 4429, 4295, -1, 5317, 5316, 5273, -1, 5273, 5316, 5272, -1,
 5273, 5272, 5096, -1, 5096, 5272, 5232, -1, 5096, 5232, 4992, -1,
 5480, 5479, 5356, -1, 5356, 5479, 5408, -1, 5356, 5408, 5317, -1,
 5317, 5408, 5344, -1, 5317, 5344, 5316, -1, 5657, 5666, 5780, -1,
 5780, 5666, 5779, -1, 5780, 5779, 5758, -1, 5758, 5779, 5730, -1,
 5758, 5730, 5708, -1, 5708, 5730, 5707, -1, 5708, 5707, 5691, -1,
 5691, 5707, 5681, -1, 5691, 5681, 5682, -1, 5682, 5681, 5635, -1,
 5682, 5635, 5538, -1, 5538, 5635, 5584, -1, 5538, 5584, 5510, -1,
 5510, 5584, 5523, -1, 5510, 5523, 5480, -1, 5480, 5523, 5509, -1,
 5480, 5509, 5479, -1, 5574, 5573, 5600, -1, 5600, 5573, 5603, -1,
 5600, 5603, 5657, -1, 5657, 5603, 5656, -1, 5657, 5656, 5666, -1,
 5377, 5387, 5422, -1, 5422, 5387, 5425, -1, 5422, 5425, 5453, -1,
 5453, 5425, 5452, -1, 5453, 5452, 5574, -1, 5574, 5452, 5547, -1,
 5574, 5547, 5573, -1, 5053, 5154, 5249, -1, 5249, 5154, 5248, -1,
 5249, 5248, 5295, -1, 5295, 5248, 5296, -1, 5295, 5296, 5377, -1,
 5377, 5296, 5376, -1, 5377, 5376, 5387, -1, 4705, 4723, 4913, -1,
 4913, 4723, 4887, -1, 4913, 4887, 5053, -1, 5053, 4887, 5052, -1,
 5053, 5052, 5154, -1, 4588, 4587, 4705, -1, 4705, 4587, 4704, -1,
 4705, 4704, 4723, -1, 4197, 4185, 4248, -1, 4248, 4185, 4247, -1,
 4248, 4247, 4524, -1, 4524, 4247, 4359, -1, 4524, 4359, 4543, -1,
 4543, 4359, 4512, -1, 4543, 4512, 4588, -1, 4588, 4512, 4542, -1,
 4588, 4542, 4587, -1, 3606, 3471, 3470, -1, 3470, 3576, 3606, -1,
 3606, 3576, 3705, -1, 3606, 3705, 3790, -1, 3790, 3705, 3789, -1,
 3790, 3789, 3844, -1, 3844, 3789, 3843, -1, 3844, 3843, 3929, -1,
 3929, 3843, 3911, -1, 3929, 3911, 4141, -1, 4141, 3911, 3999, -1,
 4141, 3999, 4197, -1, 4197, 3999, 4140, -1, 4197, 4140, 4185, -1,
 2974, 2973, 3006, -1, 3006, 2973, 3090, -1, 3006, 3090, 3091, -1,
 3091, 3090, 3112, -1, 3091, 3112, 3263, -1, 3263, 3112, 3232, -1,
 3263, 3232, 3401, -1, 3401, 3232, 3400, -1, 3401, 3400, 3471, -1,
 3471, 3400, 3430, -1, 3471, 3430, 3470, -1, 3345, 3398, 3399, -1,
 3157, 3304, 3303, -1, 2967, 2968, 3031, -1, 3031, 2968, 3157, -1,
 3031, 3157, 3176, -1, 3176, 3157, 3303, -1, 4050, 3857, 3816, -1,
 3816, 3857, 3815, -1, 3816, 3815, 3756, -1, 3756, 3815, 3676, -1,
 3756, 3676, 3677, -1, 3677, 3676, 3651, -1, 3677, 3651, 3496, -1,
 3496, 3651, 3524, -1, 3496, 3524, 3372, -1, 3372, 3524, 3371, -1,
 3372, 3371, 3304, -1, 3304, 3371, 3326, -1, 3304, 3326, 3303, -1,
 4393, 4311, 4218, -1, 4218, 4311, 4217, -1, 4218, 4217, 4075, -1,
 4075, 4217, 4111, -1, 4075, 4111, 4050, -1, 4050, 4111, 4049, -1,
 4050, 4049, 3857, -1, 4680, 4645, 4428, -1, 4428, 4645, 4460, -1,
 4428, 4460, 4393, -1, 4393, 4460, 4427, -1, 4393, 4427, 4311, -1,
 5315, 5282, 5271, -1, 5271, 5282, 5270, -1, 5271, 5270, 5220, -1,
 5220, 5270, 5037, -1, 5220, 5037, 4862, -1, 4862, 5037, 4861, -1,
 4862, 4861, 4753, -1, 4753, 4861, 4839, -1, 4753, 4839, 4680, -1,
 4680, 4839, 4679, -1, 4680, 4679, 4645, -1, 5388, 5478, 5477, -1,
 5477, 5414, 5388, -1, 5388, 5414, 5350, -1, 5388, 5350, 5315, -1,
 5315, 5350, 5314, -1, 5315, 5314, 5282, -1, 5762, 5733, 5718, -1,
 5718, 5733, 5705, -1, 5718, 5705, 5706, -1, 5706, 5705, 5690, -1,
 5706, 5690, 5680, -1, 5680, 5690, 5679, -1, 5680, 5679, 5545, -1,
 5545, 5679, 5592, -1, 5545, 5592, 5508, -1, 5508, 5592, 5536, -1,
 5508, 5536, 5478, -1, 5478, 5536, 5507, -1, 5478, 5507, 5477, -1,
 5655, 5654, 5778, -1, 5778, 5654, 5777, -1, 5778, 5777, 5762, -1,
 5762, 5777, 5757, -1, 5762, 5757, 5733, -1, 5593, 5599, 5655, -1,
 5655, 5599, 5640, -1, 5655, 5640, 5654, -1, 5051, 5094, 5247, -1,
 5247, 5094, 5246, -1, 5247, 5246, 5283, -1, 5283, 5246, 5358, -1,
 5283, 5358, 5375, -1, 5375, 5358, 5374, -1, 5375, 5374, 5413, -1,
 5413, 5374, 5418, -1, 5413, 5418, 5451, -1, 5451, 5418, 5450, -1,
 5451, 5450, 5572, -1, 5572, 5450, 5540, -1, 5572, 5540, 5593, -1,
 5593, 5540, 5571, -1, 5593, 5571, 5599, -1, 4246, 4326, 4495, -1,
 4495, 4326, 4497, -1, 4495, 4497, 4541, -1, 4541, 4497, 4540, -1,
 4541, 4540, 4586, -1, 4540, 4585, 4586, -1, 4586, 4585, 4661, -1,
 4586, 4661, 4703, -1, 4703, 4661, 4702, -1, 4703, 4702, 4845, -1,
 4845, 4702, 4874, -1, 4845, 4874, 5051, -1, 5051, 4874, 5050, -1,
 5051, 5050, 5094, -1, 4156, 4149, 4246, -1, 4246, 4149, 4245, -1,
 4246, 4245, 4326, -1, 3399, 3398, 3469, -1, 3469, 3398, 3468, -1,
 3469, 3468, 3578, -1, 3468, 3541, 3578, -1, 3578, 3541, 3663, -1,
 3578, 3663, 3788, -1, 3788, 3663, 3787, -1, 3788, 3787, 3842, -1,
 3842, 3787, 3841, -1, 3842, 3841, 3881, -1, 3881, 3841, 3875, -1,
 3881, 3875, 4139, -1, 4139, 3875, 3980, -1, 4139, 3980, 4156, -1,
 4156, 3980, 4138, -1, 4156, 4138, 4149, -1, 3345, 3399, 3219, -1,
 3219, 3399, 3233, -1, 3219, 3233, 3088, -1, 3088, 3233, 3089, -1,
 3088, 3089, 3068, -1, 3068, 3089, 2970, -1, 3068, 2970, 2969, -1,
 2963, 2964, 3066, -1, 3066, 2964, 3181, -1, 3302, 3301, 3181, -1,
 3181, 3301, 3214, -1, 3181, 3214, 3066, -1, 3675, 3662, 3522, -1,
 3522, 3662, 3539, -1, 3522, 3539, 3370, -1, 3370, 3539, 3369, -1,
 3370, 3369, 3302, -1, 3302, 3369, 3343, -1, 3302, 3343, 3301, -1,
 4216, 4215, 4101, -1, 4101, 4215, 4125, -1, 4101, 4125, 4048, -1,
 4048, 4125, 4047, -1, 4048, 4047, 3853, -1, 3853, 4047, 3872, -1,
 3853, 3872, 3814, -1, 3814, 3872, 3813, -1, 3814, 3813, 3675, -1,
 3675, 3813, 3674, -1, 3675, 3674, 3662, -1, 4678, 4677, 4659, -1,
 4678, 4659, 4439, -1, 4439, 4659, 4491, -1, 4439, 4491, 4426, -1,
 4426, 4491, 4425, -1, 4426, 4425, 4216, -1, 4216, 4425, 4324, -1,
 4216, 4324, 4215, -1, 4677, 4678, 4859, -1, 4859, 4678, 4813, -1,
 4859, 4813, 4877, -1, 4877, 4813, 4860, -1, 4877, 4860, 5084, -1,
 5084, 4860, 5228, -1, 5084, 5228, 5268, -1, 5268, 5228, 5269, -1,
 5268, 5269, 5289, -1, 5289, 5269, 5313, -1, 5289, 5313, 5312, -1,
 5476, 5475, 5398, -1, 5398, 5475, 5419, -1, 5398, 5419, 5313, -1,
 5313, 5419, 5355, -1, 5313, 5355, 5312, -1, 5704, 5692, 5678, -1,
 5678, 5692, 5677, -1, 5678, 5677, 5554, -1, 5554, 5677, 5598, -1,
 5554, 5598, 5506, -1, 5506, 5598, 5539, -1, 5506, 5539, 5476, -1,
 5476, 5539, 5505, -1, 5476, 5505, 5475, -1, 5653, 5652, 5744, -1,
 5744, 5652, 5775, -1, 5744, 5775, 5776, -1, 5776, 5775, 5759, -1,
 5776, 5759, 5724, -1, 5724, 5759, 5737, -1, 5724, 5737, 5704, -1,
 5704, 5737, 5703, -1, 5704, 5703, 5692, -1, 5449, 5529, 5570, -1,
 5570, 5529, 5569, -1, 5570, 5569, 5587, -1, 5587, 5569, 5595, -1,
 5587, 5595, 5653, -1, 5653, 5595, 5632, -1, 5653, 5632, 5652, -1,
 5049, 5072, 5230, -1, 5230, 5072, 5244, -1, 5230, 5244, 5245, -1,
 5245, 5244, 5352, -1, 5245, 5352, 5373, -1, 5373, 5352, 5372, -1,
 5373, 5372, 5407, -1, 5407, 5372, 5415, -1, 5407, 5415, 5449, -1,
 5449, 5415, 5448, -1, 5449, 5448, 5529, -1, 4461, 4538, 4584, -1,
 4584, 4539, 4461, -1, 4461, 4539, 4448, -1, 4461, 4448, 4315, -1,
 4315, 4448, 4244, -1, 4315, 4244, 4243, -1, 4538, 4583, 4584, -1,
 4584, 4583, 4648, -1, 4584, 4648, 4701, -1, 4701, 4648, 4700, -1,
 4701, 4700, 4818, -1, 4818, 4700, 4835, -1, 4818, 4835, 5049, -1,
 5049, 4835, 5048, -1, 5049, 5048, 5072, -1, 3786, 3785, 3840, -1,
 3840, 3785, 3839, -1, 3840, 3839, 3859, -1, 3859, 3839, 3862, -1,
 3859, 3862, 4105, -1, 4105, 3862, 3971, -1, 4105, 3971, 4137, -1,
 4137, 3971, 4115, -1, 4137, 4115, 4244, -1, 4244, 4115, 4136, -1,
 4244, 4136, 4243, -1, 2966, 2965, 3032, -1, 2966, 3032, 3087, -1,
 3087, 3032, 3086, -1, 3087, 3086, 3200, -1, 3086, 3178, 3200, -1,
 3200, 3178, 3328, -1, 3200, 3328, 3397, -1, 3397, 3328, 3396, -1,
 3397, 3396, 3467, -1, 3467, 3396, 3466, -1, 3467, 3466, 3528, -1,
 3528, 3466, 3525, -1, 3528, 3525, 3786, -1, 3786, 3525, 3652, -1,
 3786, 3652, 3785, -1, 3368, 3367, 3300, -1, 3300, 3367, 3299, -1,
 3300, 3299, 3227, -1, 2957, 2958, 3107, -1, 3107, 2958, 3227, -1,
 3107, 3227, 3231, -1, 3231, 3227, 3299, -1, 3812, 3704, 3673, -1,
 3673, 3704, 3672, -1, 3673, 3672, 3552, -1, 3552, 3672, 3572, -1,
 3552, 3572, 3368, -1, 3368, 3572, 3427, -1, 3368, 3427, 3367, -1,
 4424, 4360, 4214, -1, 4214, 4360, 4213, -1, 4214, 4213, 4121, -1,
 4121, 4213, 4170, -1, 4121, 4170, 4046, -1, 4046, 4170, 4045, -1,
 4046, 4045, 3877, -1, 3877, 4045, 3893, -1, 3877, 3893, 3812, -1,
 3812, 3893, 3811, -1, 3812, 3811, 3704, -1, 5267, 5133, 4858, -1,
 4858, 5133, 4892, -1, 4858, 4892, 4840, -1, 4892, 4857, 4840, -1,
 4840, 4857, 4721, -1, 4840, 4721, 4676, -1, 4676, 4721, 4675, -1,
 4676, 4675, 4466, -1, 4466, 4675, 4507, -1, 4466, 4507, 4424, -1,
 4424, 4507, 4423, -1, 4424, 4423, 4360, -1, 5311, 5310, 5281, -1,
 5281, 5310, 5299, -1, 5281, 5299, 5267, -1, 5267, 5299, 5266, -1,
 5267, 5266, 5133, -1, 5702, 5701, 5676, -1, 5676, 5701, 5675, -1,
 5676, 5675, 5585, -1, 5675, 5604, 5585, -1, 5585, 5604, 5544, -1,
 5585, 5544, 5504, -1, 5504, 5544, 5503, -1, 5504, 5503, 5474, -1,
 5474, 5503, 5473, -1, 5474, 5473, 5412, -1, 5412, 5473, 5427, -1,
 5412, 5427, 5311, -1, 5311, 5427, 5361, -1, 5311, 5361, 5310, -1,
 5651, 5650, 5719, -1, 5719, 5650, 5773, -1, 5719, 5773, 5774, -1,
 5774, 5773, 5764, -1, 5774, 5764, 5729, -1, 5729, 5764, 5742, -1,
 5729, 5742, 5702, -1, 5702, 5742, 5717, -1, 5702, 5717, 5701, -1,
 5568, 5590, 5651, -1, 5651, 5590, 5625, -1, 5651, 5625, 5650, -1,
 5394, 5410, 5447, -1, 5447, 5410, 5446, -1, 5447, 5446, 5556, -1,
 5556, 5446, 5521, -1, 5556, 5521, 5568, -1, 5568, 5521, 5567, -1,
 5568, 5567, 5590, -1, 4441, 4536, 4582, -1, 4582, 4537, 4441, -1,
 4441, 4537, 4401, -1, 4441, 4401, 4299, -1, 4299, 4401, 4242, -1,
 4299, 4242, 4241, -1, 4536, 4581, 4582, -1, 4582, 4581, 4618, -1,
 4582, 4618, 4699, -1, 4699, 4618, 4698, -1, 4699, 4698, 4766, -1,
 4766, 4698, 4821, -1, 4766, 4821, 5047, -1, 5047, 4821, 5027, -1,
 5047, 5027, 5222, -1, 5222, 5027, 5046, -1, 5222, 5046, 5243, -1,
 5243, 5046, 5242, -1, 5243, 5242, 5371, -1, 5371, 5242, 5346, -1,
 5371, 5346, 5394, -1, 5394, 5346, 5370, -1, 5394, 5370, 5410, -1,
 3784, 3827, 3838, -1, 3838, 3827, 3837, -1, 3838, 3837, 4079, -1,
 4079, 3837, 3958, -1, 4079, 3958, 4135, -1, 4135, 3958, 4102, -1,
 4135, 4102, 4242, -1, 4242, 4102, 4134, -1, 4242, 4134, 4241, -1,
 2962, 2961, 3024, -1, 2962, 3024, 3085, -1, 3085, 3024, 3084, -1,
 3085, 3084, 3164, -1, 3084, 3168, 3164, -1, 3164, 3168, 3315, -1,
 3164, 3315, 3395, -1, 3395, 3315, 3394, -1, 3395, 3394, 3465, -1,
 3465, 3394, 3464, -1, 3465, 3464, 3500, -1, 3500, 3464, 3510, -1,
 3500, 3510, 3768, -1, 3768, 3510, 3636, -1, 3768, 3636, 3784, -1,
 3784, 3636, 3783, -1, 3784, 3783, 3827, -1, 3366, 3365, 3298, -1,
 3298, 3365, 3297, -1, 3298, 3297, 3251, -1, 3297, 3242, 3251, -1,
 3251, 3242, 3131, -1, 3251, 3131, 2999, -1, 2999, 3131, 2953, -1,
 2999, 2953, 2954, -1, 3810, 3733, 3671, -1, 3671, 3733, 3670, -1,
 3671, 3670, 3592, -1, 3592, 3670, 3585, -1, 3592, 3585, 3366, -1,
 3366, 3585, 3445, -1, 3366, 3445, 3365, -1, 4422, 4377, 4212, -1,
 4212, 4377, 4211, -1, 4212, 4211, 4187, -1, 4187, 4211, 4193, -1,
 4187, 4193, 4044, -1, 4044, 4193, 4043, -1, 4044, 4043, 3919, -1,
 3919, 4043, 3921, -1, 3919, 3921, 3810, -1, 3810, 3921, 3809, -1,
 3810, 3809, 3733, -1, 5265, 5189, 4885, -1, 4885, 5189, 4933, -1,
 4885, 4933, 4856, -1, 4933, 4855, 4856, -1, 4856, 4855, 4741, -1,
 4856, 4741, 4674, -1, 4674, 4741, 4673, -1, 4674, 4673, 4510, -1,
 4510, 4673, 4522, -1, 4510, 4522, 4422, -1, 4422, 4522, 4421, -1,
 4422, 4421, 4377, -1, 5309, 5329, 5293, -1, 5293, 5329, 5308, -1,
 5293, 5308, 5265, -1, 5265, 5308, 5264, -1, 5265, 5264, 5189, -1,
 5472, 5471, 5420, -1, 5420, 5471, 5436, -1, 5420, 5436, 5309, -1,
 5309, 5436, 5390, -1, 5309, 5390, 5329, -1, 5700, 5699, 5674, -1,
 5674, 5699, 5673, -1, 5674, 5673, 5596, -1, 5596, 5673, 5613, -1,
 5596, 5613, 5502, -1, 5502, 5613, 5549, -1, 5502, 5549, 5472, -1,
 5472, 5549, 5501, -1, 5472, 5501, 5471, -1, 5772, 5771, 5735, -1,
 5735, 5771, 5745, -1, 5735, 5745, 5700, -1, 5700, 5745, 5721, -1,
 5700, 5721, 5699, -1, 5566, 5588, 5639, -1, 5639, 5588, 5621, -1,
 5639, 5621, 5649, -1, 5649, 5621, 5648, -1, 5649, 5648, 5772, -1,
 5772, 5648, 5751, -1, 5772, 5751, 5771, -1, 5385, 5405, 5445, -1,
 5445, 5405, 5444, -1, 5445, 5444, 5541, -1, 5541, 5444, 5490, -1,
 5541, 5490, 5566, -1, 5566, 5490, 5565, -1, 5566, 5565, 5588, -1,
 4407, 4534, 4580, -1, 4580, 4535, 4407, -1, 4407, 4535, 4370, -1,
 4407, 4370, 4277, -1, 4277, 4370, 4240, -1, 4277, 4240, 4239, -1,
 4534, 4579, 4580, -1, 4580, 4579, 4606, -1, 4580, 4606, 4697, -1,
 4697, 4606, 4696, -1, 4697, 4696, 4728, -1, 4728, 4696, 4796, -1,
 4728, 4796, 5045, -1, 5045, 4796, 4978, -1, 5045, 4978, 5152, -1,
 5152, 4978, 5044, -1, 5152, 5044, 5241, -1, 5241, 5044, 5240, -1,
 5241, 5240, 5369, -1, 5369, 5240, 5337, -1, 5369, 5337, 5385, -1,
 5385, 5337, 5368, -1, 5385, 5368, 5405, -1, 3782, 3781, 3836, -1,
 3836, 3781, 3835, -1, 3836, 3835, 4035, -1, 4035, 3835, 3947, -1,
 4035, 3947, 4133, -1, 4133, 3947, 4082, -1, 4133, 4082, 4240, -1,
 4240, 4082, 4132, -1, 4240, 4132, 4239, -1, 3393, 3392, 3463, -1,
 3463, 3392, 3462, -1, 3463, 3462, 3483, -1, 3483, 3462, 3498, -1,
 3483, 3498, 3742, -1, 3742, 3498, 3620, -1, 3742, 3620, 3782, -1,
 3782, 3620, 3765, -1, 3782, 3765, 3781, -1, 2956, 2955, 3083, -1,
 3083, 2955, 3010, -1, 3083, 3010, 3146, -1, 3010, 3082, 3146, -1,
 3146, 3082, 3155, -1, 3146, 3155, 3393, -1, 3393, 3155, 3276, -1,
 3393, 3276, 3392, -1, 3255, 3390, 3391, -1, 3363, 3295, 3282, -1,
 3282, 3295, 3256, -1, 3282, 3256, 3018, -1, 3018, 3256, 3142, -1,
 3018, 3142, 2950, -1, 2950, 3142, 3001, -1, 2950, 3001, 2949, -1,
 3282, 3296, 3363, -1, 3363, 3296, 3364, -1, 3363, 3364, 3484, -1,
 3484, 3364, 3622, -1, 3484, 3622, 3609, -1, 4042, 4041, 3942, -1,
 3942, 4041, 3933, -1, 3942, 3933, 3808, -1, 3808, 3933, 3807, -1,
 3808, 3807, 3669, -1, 3669, 3807, 3748, -1, 3669, 3748, 3622, -1,
 3622, 3748, 3668, -1, 3622, 3668, 3609, -1, 4420, 4395, 4259, -1,
 4259, 4395, 4236, -1, 4259, 4236, 4210, -1, 4210, 4236, 4209, -1,
 4210, 4209, 4042, -1, 4042, 4209, 4071, -1, 4042, 4071, 4041, -1,
 5263, 5224, 4945, -1, 4945, 5224, 4955, -1, 4945, 4955, 4854, -1,
 4955, 4853, 4854, -1, 4854, 4853, 4765, -1, 4854, 4765, 4672, -1,
 4672, 4765, 4671, -1, 4672, 4671, 4560, -1, 4560, 4671, 4562, -1,
 4560, 4562, 4420, -1, 4420, 4562, 4419, -1, 4420, 4419, 4395, -1,
 5499, 5470, 5552, -1, 5552, 5470, 5500, -1, 5552, 5500, 5620, -1,
 5620, 5500, 5608, -1, 5620, 5608, 5671, -1, 5671, 5608, 5672, -1,
 5671, 5672, 5697, -1, 5697, 5672, 5698, -1, 5499, 5488, 5470, -1,
 5470, 5488, 5469, -1, 5470, 5469, 5433, -1, 5433, 5469, 5395, -1,
 5433, 5395, 5330, -1, 5330, 5395, 5335, -1, 5330, 5335, 5307, -1,
 5307, 5335, 5306, -1, 5307, 5306, 5263, -1, 5263, 5306, 5262, -1,
 5263, 5262, 5224, -1, 5770, 5769, 5743, -1, 5743, 5769, 5748, -1,
 5743, 5748, 5698, -1, 5698, 5748, 5726, -1, 5698, 5726, 5697, -1,
 5564, 5582, 5627, -1, 5627, 5582, 5614, -1, 5627, 5614, 5647, -1,
 5647, 5614, 5646, -1, 5647, 5646, 5770, -1, 5770, 5646, 5736, -1,
 5770, 5736, 5769, -1, 5239, 5238, 5351, -1, 5351, 5238, 5332, -1,
 5351, 5332, 5367, -1, 5332, 5366, 5367, -1, 5367, 5366, 5396, -1,
 5367, 5396, 5443, -1, 5443, 5396, 5442, -1, 5443, 5442, 5526, -1,
 5526, 5442, 5461, -1, 5526, 5461, 5564, -1, 5564, 5461, 5563, -1,
 5564, 5563, 5582, -1, 4532, 4578, 4387, -1, 4387, 4578, 4533, -1,
 4387, 4533, 4256, -1, 4256, 4533, 4325, -1, 4256, 4325, 4237, -1,
 4237, 4325, 4238, -1, 4532, 4565, 4578, -1, 4578, 4565, 4577, -1,
 4578, 4577, 4655, -1, 4655, 4577, 4694, -1, 4655, 4694, 4695, -1,
 4695, 4694, 4758, -1, 4695, 4758, 5043, -1, 5043, 4758, 4956, -1,
 5043, 4956, 5079, -1, 5079, 4956, 5042, -1, 5079, 5042, 5239, -1,
 5239, 5042, 5225, -1, 5239, 5225, 5238, -1, 3780, 3779, 3834, -1,
 3834, 3779, 3833, -1, 3834, 3833, 3987, -1, 3987, 3833, 3934, -1,
 3987, 3934, 4131, -1, 4131, 3934, 4069, -1, 4131, 4069, 4238, -1,
 4238, 4069, 4130, -1, 4238, 4130, 4237, -1, 3460, 3486, 3461, -1,
 3461, 3486, 3692, -1, 3692, 3486, 3608, -1, 3692, 3608, 3780, -1,
 3780, 3608, 3750, -1, 3780, 3750, 3779, -1, 3460, 3461, 3390, -1,
 3390, 3461, 3431, -1, 3390, 3431, 3391, -1, 3255, 3391, 3143, -1,
 3143, 3391, 3122, -1, 3143, 3122, 3080, -1, 3080, 3122, 3081, -1,
 3080, 3081, 3002, -1, 3002, 3081, 2952, -1, 3002, 2952, 2951, -1,
 3361, 3293, 3294, -1, 3294, 3293, 3278, -1, 3294, 3278, 3040, -1,
 3040, 3278, 3154, -1, 3040, 3154, 2946, -1, 2946, 3154, 3009, -1,
 2946, 3009, 2945, -1, 3294, 3329, 3361, -1, 3361, 3329, 3362, -1,
 3361, 3362, 3497, -1, 3497, 3362, 3646, -1, 3497, 3646, 3621, -1,
 3963, 3948, 3806, -1, 3806, 3948, 3805, -1, 3806, 3805, 3667, -1,
 3667, 3805, 3763, -1, 3667, 3763, 3646, -1, 3646, 3763, 3666, -1,
 3646, 3666, 3621, -1, 4418, 4410, 4298, -1, 4298, 4410, 4276, -1,
 4298, 4276, 4208, -1, 4208, 4276, 4207, -1, 4208, 4207, 4040, -1,
 4040, 4207, 4081, -1, 4040, 4081, 3963, -1, 3963, 4081, 4039, -1,
 3963, 4039, 3948, -1, 4852, 4803, 4670, -1, 4670, 4803, 4669, -1,
 4670, 4669, 4610, -1, 4610, 4669, 4600, -1, 4610, 4600, 4418, -1,
 4418, 4600, 4417, -1, 4418, 4417, 4410, -1, 5305, 5304, 5261, -1,
 5261, 5304, 5260, -1, 5261, 5260, 4980, -1, 4980, 5260, 4971, -1,
 4980, 4971, 4852, -1, 4852, 4971, 4851, -1, 4852, 4851, 4803, -1,
 5468, 5467, 5339, -1, 5339, 5467, 5404, -1, 5339, 5404, 5305, -1,
 5305, 5404, 5340, -1, 5305, 5340, 5304, -1, 5747, 5768, 5767, -1,
 5767, 5749, 5747, -1, 5747, 5749, 5728, -1, 5747, 5728, 5696, -1,
 5696, 5728, 5695, -1, 5696, 5695, 5670, -1, 5670, 5695, 5669, -1,
 5670, 5669, 5623, -1, 5623, 5669, 5629, -1, 5623, 5629, 5498, -1,
 5498, 5629, 5558, -1, 5498, 5558, 5494, -1, 5494, 5558, 5520, -1,
 5494, 5520, 5468, -1, 5468, 5520, 5497, -1, 5468, 5497, 5467, -1,
 5441, 5440, 5489, -1, 5489, 5440, 5553, -1, 5489, 5553, 5562, -1,
 5562, 5553, 5561, -1, 5562, 5561, 5616, -1, 5616, 5561, 5609, -1,
 5616, 5609, 5645, -1, 5645, 5609, 5644, -1, 5645, 5644, 5768, -1,
 5768, 5644, 5722, -1, 5768, 5722, 5767, -1, 5365, 5391, 5441, -1,
 5441, 5391, 5428, -1, 5441, 5428, 5440, -1, 5041, 5201, 5237, -1,
 5237, 5201, 5236, -1, 5237, 5236, 5342, -1, 5342, 5236, 5300, -1,
 5342, 5300, 5365, -1, 5365, 5300, 5364, -1, 5365, 5364, 5391, -1,
 4693, 4738, 4993, -1, 4993, 4738, 4928, -1, 4993, 4928, 5041, -1,
 5041, 4928, 5040, -1, 5041, 5040, 5201, -1, 4303, 4235, 4234, -1,
 4303, 4234, 4531, -1, 4531, 4234, 4374, -1, 4531, 4374, 4576, -1,
 4374, 4530, 4576, -1, 4576, 4530, 4553, -1, 4576, 4553, 4616, -1,
 4616, 4553, 4575, -1, 4616, 4575, 4693, -1, 4693, 4575, 4692, -1,
 4693, 4692, 4738, -1, 3778, 3777, 3832, -1, 3832, 3777, 3831, -1,
 3832, 3831, 3965, -1, 3965, 3831, 3922, -1, 3965, 3922, 4129, -1,
 4129, 3922, 4128, -1, 4129, 4128, 4235, -1, 4235, 4128, 4195, -1,
 4235, 4195, 4234, -1, 3459, 3458, 3650, -1, 3650, 3458, 3584, -1,
 3650, 3584, 3778, -1, 3778, 3584, 3734, -1, 3778, 3734, 3777, -1,
 2948, 2947, 3057, -1, 3057, 2947, 3078, -1, 3057, 3078, 3079, -1,
 3079, 3078, 3132, -1, 3079, 3132, 3332, -1, 3332, 3132, 3241, -1,
 3332, 3241, 3389, -1, 3389, 3241, 3388, -1, 3389, 3388, 3459, -1,
 3459, 3388, 3448, -1, 3459, 3448, 3458, -1, 3119, 3292, 3291, -1,
 2941, 2942, 3023, -1, 3023, 2942, 3119, -1, 3023, 3119, 3167, -1,
 3167, 3119, 3291, -1, 3690, 3664, 3665, -1, 3665, 3664, 3637, -1,
 3665, 3637, 3424, -1, 3424, 3637, 3509, -1, 3424, 3509, 3360, -1,
 3360, 3509, 3359, -1, 3360, 3359, 3292, -1, 3292, 3359, 3316, -1,
 3292, 3316, 3291, -1, 3985, 3959, 3804, -1, 3804, 3959, 3803, -1,
 3804, 3803, 3690, -1, 3690, 3803, 3800, -1, 3690, 3800, 3664, -1,
 4323, 4297, 4206, -1, 4206, 4297, 4205, -1, 4206, 4205, 4038, -1,
 4038, 4205, 4100, -1, 4038, 4100, 3985, -1, 3985, 4100, 4037, -1,
 3985, 4037, 3959, -1, 4850, 4825, 4668, -1, 4668, 4825, 4667, -1,
 4668, 4667, 4653, -1, 4653, 4667, 4614, -1, 4653, 4614, 4416, -1,
 4416, 4614, 4446, -1, 4416, 4446, 4323, -1, 4323, 4446, 4415, -1,
 4323, 4415, 4297, -1, 5303, 5302, 5259, -1, 5259, 5302, 5258, -1,
 5259, 5258, 5064, -1, 5064, 5258, 4997, -1, 5064, 4997, 4850, -1,
 4850, 4997, 4849, -1, 4850, 4849, 4825, -1, 5466, 5465, 5349, -1,
 5349, 5465, 5409, -1, 5349, 5409, 5303, -1, 5303, 5409, 5345, -1,
 5303, 5345, 5302, -1, 5753, 5731, 5694, -1, 5694, 5731, 5693, -1,
 5694, 5693, 5668, -1, 5668, 5693, 5667, -1, 5668, 5667, 5637, -1,
 5637, 5667, 5638, -1, 5637, 5638, 5527, -1, 5527, 5638, 5586, -1,
 5527, 5586, 5496, -1, 5496, 5586, 5525, -1, 5496, 5525, 5466, -1,
 5466, 5525, 5495, -1, 5466, 5495, 5465, -1, 5643, 5665, 5766, -1,
 5766, 5665, 5765, -1, 5766, 5765, 5753, -1, 5753, 5765, 5755, -1,
 5753, 5755, 5731, -1, 5560, 5559, 5607, -1, 5607, 5559, 5602, -1,
 5607, 5602, 5643, -1, 5643, 5602, 5642, -1, 5643, 5642, 5665, -1,
 5363, 5386, 5431, -1, 5431, 5386, 5423, -1, 5431, 5423, 5439, -1,
 5439, 5423, 5438, -1, 5439, 5438, 5560, -1, 5560, 5438, 5546, -1,
 5560, 5546, 5559, -1, 5039, 5147, 5235, -1, 5235, 5147, 5234, -1,
 5235, 5234, 5328, -1, 5328, 5234, 5294, -1, 5328, 5294, 5363, -1,
 5363, 5294, 5362, -1, 5363, 5362, 5386, -1, 4691, 4722, 4949, -1,
 4949, 4722, 4884, -1, 4949, 4884, 5039, -1, 5039, 4884, 5038, -1,
 5039, 5038, 5147, -1, 4233, 4232, 4264, -1, 4264, 4232, 4355, -1,
 4264, 4355, 4529, -1, 4529, 4355, 4511, -1, 4529, 4511, 4572, -1,
 4572, 4511, 4574, -1, 4511, 4528, 4574, -1, 4574, 4528, 4573, -1,
 4574, 4573, 4691, -1, 4691, 4573, 4690, -1, 4691, 4690, 4722, -1,
 3624, 3457, 3456, -1, 3456, 3573, 3624, -1, 3624, 3573, 3701, -1,
 3624, 3701, 3776, -1, 3776, 3701, 3775, -1, 3776, 3775, 3830, -1,
 3830, 3775, 3829, -1, 3830, 3829, 3945, -1, 3945, 3829, 3904, -1,
 3945, 3904, 4127, -1, 4127, 3904, 4126, -1, 4127, 4126, 4233, -1,
 4233, 4126, 4183, -1, 4233, 4183, 4232, -1, 2944, 2943, 3022, -1,
 3022, 2943, 3076, -1, 3022, 3076, 3077, -1, 3077, 3076, 3108, -1,
 3077, 3108, 3284, -1, 3284, 3108, 3229, -1, 3284, 3229, 3387, -1,
 3387, 3229, 3386, -1, 3387, 3386, 3457, -1, 3457, 3386, 3428, -1,
 3457, 3428, 3456, -1, 5550, 5624, 5636, -1, 3873, 3925, 3858, -1,
 3858, 3925, 3856, -1, 3858, 3856, 3767, -1, 3767, 3856, 3640, -1,
 3423, 3447, 3595, -1, 3595, 3447, 3540, -1, 3595, 3540, 3640, -1,
 3640, 3540, 3661, -1, 3640, 3661, 3767, -1, 2940, 2939, 3004, -1,
 3004, 2939, 3065, -1, 3004, 3065, 3252, -1, 3065, 3067, 3252, -1,
 3252, 3067, 3213, -1, 3252, 3213, 3253, -1, 3253, 3213, 3344, -1,
 3253, 3344, 3423, -1, 3423, 3344, 3426, -1, 3423, 3426, 3447, -1,
 4513, 4286, 4745, -1, 4745, 4286, 4749, -1, 4745, 4749, 4820, -1,
 4513, 4385, 4286, -1, 4286, 4385, 4280, -1, 4286, 4280, 4120, -1,
 4120, 4280, 4189, -1, 4120, 4189, 3873, -1, 3873, 4189, 3986, -1,
 3873, 3986, 3925, -1, 5292, 5288, 4749, -1, 4749, 5288, 4888, -1,
 4749, 4888, 4820, -1, 5537, 5534, 5535, -1, 5535, 5534, 5437, -1,
 5437, 5424, 5535, -1, 5535, 5424, 5297, -1, 5535, 5297, 5292, -1,
 5292, 5297, 5291, -1, 5292, 5291, 5288, -1, 5756, 5734, 5732, -1,
 5756, 5732, 5535, -1, 5535, 5732, 5597, -1, 5535, 5597, 5537, -1,
 5624, 5641, 5636, -1, 5636, 5641, 5752, -1, 5636, 5752, 5756, -1,
 5756, 5752, 5739, -1, 5756, 5739, 5734, -1, 5353, 5421, 5155, -1,
 5155, 5421, 5176, -1, 5155, 5176, 5132, -1, 5353, 5360, 5421, -1,
 5421, 5360, 5416, -1, 5421, 5416, 5636, -1, 5636, 5416, 5542, -1,
 5636, 5542, 5550, -1, 4571, 4566, 4724, -1, 4571, 4724, 5176, -1,
 5176, 4724, 4975, -1, 5176, 4975, 5132, -1, 4119, 4369, 4571, -1,
 4571, 4369, 4521, -1, 4571, 4521, 4566, -1, 2985, 2986, 2818, -1,
 2818, 2986, 2788, -1, 2818, 2788, 2692, -1, 2692, 2788, 2640, -1,
 2640, 2788, 2641, -1, 2640, 2641, 2576, -1, 2576, 2641, 2577, -1,
 2576, 2577, 2500, -1, 2500, 2577, 2445, -1, 2500, 2445, 2351, -1,
 2351, 2445, 2260, -1, 2260, 2445, 2261, -1, 2260, 2261, 2200, -1,
 2200, 2261, 2180, -1, 2200, 2180, 2119, -1, 2119, 2180, 2120, -1,
 2119, 2120, 2010, -1, 2010, 2120, 1887, -1, 2010, 1887, 1898, -1,
 1224, 1385, 1484, -1, 1484, 1385, 1483, -1, 1484, 1483, 1534, -1,
 1534, 1483, 1543, -1, 1534, 1543, 1699, -1, 1699, 1543, 1698, -1,
 1699, 1698, 1862, -1, 1862, 1698, 1721, -1, 1862, 1721, 1887, -1,
 1887, 1721, 1886, -1, 1887, 1886, 1898, -1, 736, 964, 1037, -1,
 1037, 964, 1036, -1, 1037, 1036, 1162, -1, 1162, 1036, 1165, -1,
 1162, 1165, 1224, -1, 1224, 1165, 1223, -1, 1224, 1223, 1385, -1,
 559, 561, 608, -1, 608, 561, 607, -1, 608, 607, 736, -1,
 736, 607, 718, -1, 736, 718, 964, -1, 386, 420, 506, -1,
 506, 420, 477, -1, 506, 477, 559, -1, 559, 477, 558, -1,
 559, 558, 561, -1, 166, 165, 171, -1, 171, 165, 195, -1,
 171, 195, 196, -1, 196, 195, 248, -1, 196, 248, 319, -1,
 319, 248, 314, -1, 319, 314, 358, -1, 358, 314, 357, -1,
 358, 357, 386, -1, 386, 357, 385, -1, 386, 385, 420, -1,
 256, 235, 224, -1, 224, 235, 223, -1, 224, 223, 98, -1,
 98, 223, 103, -1, 98, 103, 104, -1, 104, 103, 97, -1,
 104, 97, 166, -1, 166, 97, 142, -1, 166, 142, 165, -1,
 416, 359, 299, -1, 299, 359, 298, -1, 299, 298, 256, -1,
 256, 298, 264, -1, 256, 264, 235, -1, 633, 632, 570, -1,
 570, 632, 520, -1, 570, 520, 502, -1, 502, 520, 501, -1,
 502, 501, 428, -1, 428, 501, 445, -1, 428, 445, 416, -1,
 416, 445, 415, -1, 416, 415, 359, -1, 842, 841, 633, -1,
 633, 841, 636, -1, 633, 636, 632, -1, 1674, 1617, 1386, -1,
 1386, 1617, 1485, -1, 1386, 1485, 1373, -1, 1373, 1485, 1372, -1,
 1373, 1372, 1329, -1, 1372, 1328, 1329, -1, 1329, 1328, 1282, -1,
 1329, 1282, 1200, -1, 1200, 1282, 1199, -1, 1200, 1199, 997, -1,
 997, 1199, 1079, -1, 997, 1079, 842, -1, 842, 1079, 885, -1,
 842, 885, 841, -1, 2147, 2146, 2095, -1, 2095, 2146, 2094, -1,
 2095, 2094, 2001, -1, 2001, 2094, 1963, -1, 2001, 1963, 1785, -1,
 1785, 1963, 1819, -1, 1785, 1819, 1718, -1, 1718, 1819, 1784, -1,
 1718, 1784, 1674, -1, 1674, 1784, 1673, -1, 1674, 1673, 1617, -1,
 2335, 2296, 2147, -1, 2147, 2296, 2148, -1, 2147, 2148, 2146, -1,
 2988, 2987, 2923, -1, 2923, 2987, 2859, -1, 2923, 2859, 2860, -1,
 2860, 2859, 2676, -1, 2859, 2767, 2676, -1, 2676, 2767, 2643, -1,
 2676, 2643, 2553, -1, 2553, 2643, 2552, -1, 2553, 2552, 2477, -1,
 2477, 2552, 2476, -1, 2477, 2476, 2335, -1, 2335, 2476, 2418, -1,
 2335, 2418, 2296, -1, 2981, 2982, 2800, -1, 2800, 2982, 2763, -1,
 2118, 2117, 2156, -1, 2156, 2117, 2184, -1, 2156, 2184, 2259, -1,
 2259, 2184, 2258, -1, 2259, 2258, 2417, -1, 2258, 2330, 2417, -1,
 2417, 2330, 2482, -1, 2417, 2482, 2575, -1, 2575, 2482, 2574, -1,
 2575, 2574, 2639, -1, 2639, 2574, 2638, -1, 2639, 2638, 2763, -1,
 2763, 2638, 2679, -1, 2763, 2679, 2800, -1, 1697, 1706, 1836, -1,
 1836, 1706, 1859, -1, 1836, 1859, 1885, -1, 1885, 1859, 1884, -1,
 1885, 1884, 2118, -1, 2118, 1884, 1996, -1, 2118, 1996, 2117, -1,
 1222, 1348, 1482, -1, 1482, 1348, 1481, -1, 1482, 1481, 1496, -1,
 1496, 1481, 1523, -1, 1496, 1523, 1697, -1, 1697, 1523, 1696, -1,
 1697, 1696, 1706, -1, 606, 605, 644, -1, 644, 605, 648, -1,
 644, 648, 1035, -1, 1035, 648, 941, -1, 1035, 941, 1126, -1,
 941, 1034, 1126, -1, 1126, 1034, 1142, -1, 1126, 1142, 1222, -1,
 1222, 1142, 1221, -1, 1222, 1221, 1348, -1, 384, 392, 469, -1,
 469, 392, 471, -1, 469, 471, 557, -1, 557, 471, 533, -1,
 557, 533, 606, -1, 606, 533, 556, -1, 606, 556, 605, -1,
 194, 242, 311, -1, 311, 242, 309, -1, 311, 309, 356, -1,
 356, 309, 355, -1, 356, 355, 384, -1, 384, 355, 383, -1,
 384, 383, 392, -1, 262, 239, 222, -1, 222, 239, 221, -1,
 222, 221, 105, -1, 105, 221, 116, -1, 105, 116, 96, -1,
 96, 116, 95, -1, 96, 95, 140, -1, 140, 95, 138, -1,
 140, 138, 164, -1, 164, 138, 163, -1, 164, 163, 194, -1,
 194, 163, 193, -1, 194, 193, 242, -1, 414, 387, 297, -1,
 297, 387, 296, -1, 297, 296, 262, -1, 262, 296, 269, -1,
 262, 269, 239, -1, 631, 630, 584, -1, 584, 630, 528, -1,
 584, 528, 500, -1, 500, 528, 499, -1, 500, 499, 442, -1,
 442, 499, 456, -1, 442, 456, 414, -1, 414, 456, 413, -1,
 414, 413, 387, -1, 840, 839, 631, -1, 631, 839, 640, -1,
 631, 640, 630, -1, 1672, 1642, 1427, -1, 1427, 1642, 1501, -1,
 1427, 1501, 1371, -1, 1371, 1501, 1370, -1, 1371, 1370, 1327, -1,
 1370, 1326, 1327, -1, 1327, 1326, 1299, -1, 1327, 1299, 1198, -1,
 1198, 1299, 1197, -1, 1198, 1197, 1051, -1, 1051, 1197, 1118, -1,
 1051, 1118, 840, -1, 840, 1118, 916, -1, 840, 916, 839, -1,
 2145, 2144, 2093, -1, 2093, 2144, 2092, -1, 2093, 2092, 2051, -1,
 2051, 2092, 1977, -1, 2051, 1977, 1789, -1, 1789, 1977, 1843, -1,
 1789, 1843, 1783, -1, 1783, 1843, 1782, -1, 1783, 1782, 1672, -1,
 1672, 1782, 1671, -1, 1672, 1671, 1642, -1, 2551, 2550, 2475, -1,
 2475, 2550, 2474, -1, 2475, 2474, 2381, -1, 2474, 2430, 2381, -1,
 2381, 2430, 2308, -1, 2381, 2308, 2145, -1, 2145, 2308, 2160, -1,
 2145, 2160, 2144, -1, 2984, 2983, 2858, -1, 2858, 2983, 2857, -1,
 2858, 2857, 2698, -1, 2698, 2857, 2784, -1, 2698, 2784, 2551, -1,
 2551, 2784, 2656, -1, 2551, 2656, 2550, -1, 2573, 2572, 2637, -1,
 2637, 2572, 2636, -1, 2637, 2636, 2724, -1, 2977, 2978, 2787, -1,
 2787, 2978, 2724, -1, 2787, 2724, 2663, -1, 2663, 2724, 2636, -1,
 2116, 2168, 2257, -1, 2257, 2168, 2256, -1, 2257, 2256, 2394, -1,
 2394, 2256, 2312, -1, 2394, 2312, 2573, -1, 2573, 2312, 2438, -1,
 2573, 2438, 2572, -1, 1695, 1694, 1805, -1, 1805, 1694, 1846, -1,
 1805, 1846, 1883, -1, 1883, 1846, 1882, -1, 1883, 1882, 2062, -1,
 2062, 1882, 1980, -1, 2062, 1980, 2116, -1, 2116, 1980, 2115, -1,
 2116, 2115, 2168, -1, 1220, 1332, 1446, -1, 1446, 1332, 1479, -1,
 1446, 1479, 1480, -1, 1480, 1479, 1500, -1, 1480, 1500, 1695, -1,
 1695, 1500, 1645, -1, 1695, 1645, 1694, -1, 1065, 1119, 1220, -1,
 1220, 1119, 1219, -1, 1220, 1219, 1332, -1, 555, 554, 604, -1,
 604, 554, 603, -1, 604, 603, 635, -1, 635, 603, 642, -1,
 635, 642, 1033, -1, 1033, 642, 924, -1, 1033, 924, 1065, -1,
 1065, 924, 1032, -1, 1065, 1032, 1119, -1, 192, 236, 302, -1,
 302, 236, 304, -1, 302, 304, 354, -1, 354, 304, 353, -1,
 354, 353, 382, -1, 353, 362, 382, -1, 382, 362, 381, -1,
 382, 381, 450, -1, 450, 381, 462, -1, 450, 462, 555, -1,
 555, 462, 527, -1, 555, 527, 554, -1, 220, 219, 123, -1,
 123, 219, 128, -1, 123, 128, 94, -1, 94, 128, 93, -1,
 94, 93, 134, -1, 134, 93, 136, -1, 134, 136, 162, -1,
 162, 136, 161, -1, 162, 161, 192, -1, 192, 161, 191, -1,
 192, 191, 236, -1, 412, 411, 295, -1, 295, 411, 300, -1,
 295, 300, 271, -1, 271, 300, 294, -1, 271, 294, 220, -1,
 220, 294, 245, -1, 220, 245, 219, -1, 458, 465, 412, -1,
 412, 465, 417, -1, 412, 417, 411, -1, 838, 837, 638, -1,
 638, 837, 645, -1, 638, 645, 629, -1, 629, 645, 628, -1,
 629, 628, 498, -1, 498, 628, 534, -1, 498, 534, 458, -1,
 458, 534, 497, -1, 458, 497, 465, -1, 1670, 1669, 1486, -1,
 1486, 1669, 1522, -1, 1486, 1522, 1369, -1, 1369, 1522, 1368, -1,
 1369, 1368, 1325, -1, 1368, 1338, 1325, -1, 1325, 1338, 1324, -1,
 1325, 1324, 1196, -1, 1196, 1324, 1195, -1, 1196, 1195, 1091, -1,
 1091, 1195, 1140, -1, 1091, 1140, 838, -1, 838, 1140, 935, -1,
 838, 935, 837, -1, 2143, 2142, 2091, -1, 2091, 2142, 2090, -1,
 2091, 2090, 2071, -1, 2071, 2090, 1990, -1, 2071, 1990, 1817, -1,
 1817, 1990, 1858, -1, 1817, 1858, 1781, -1, 1781, 1858, 1780, -1,
 1781, 1780, 1670, -1, 1670, 1780, 1702, -1, 1670, 1702, 1669, -1,
 2549, 2548, 2473, -1, 2473, 2548, 2472, -1, 2473, 2472, 2403, -1,
 2472, 2448, 2403, -1, 2403, 2448, 2327, -1, 2403, 2327, 2143, -1,
 2143, 2327, 2178, -1, 2143, 2178, 2142, -1, 2980, 2979, 2856, -1,
 2856, 2979, 2855, -1, 2856, 2855, 2747, -1, 2747, 2855, 2795, -1,
 2747, 2795, 2549, -1, 2549, 2795, 2674, -1, 2549, 2674, 2548, -1,
 2973, 2974, 2773, -1, 2773, 2974, 2686, -1, 2114, 2153, 2255, -1,
 2255, 2153, 2254, -1, 2255, 2254, 2352, -1, 2254, 2301, 2352, -1,
 2352, 2301, 2422, -1, 2352, 2422, 2571, -1, 2571, 2422, 2570, -1,
 2571, 2570, 2635, -1, 2635, 2570, 2634, -1, 2635, 2634, 2686, -1,
 2686, 2634, 2649, -1, 2686, 2649, 2773, -1, 1693, 1692, 1756, -1,
 1756, 1692, 1827, -1, 1756, 1827, 1881, -1, 1881, 1827, 1880, -1,
 1881, 1880, 2040, -1, 2040, 1880, 1968, -1, 2040, 1968, 2114, -1,
 2114, 1968, 2113, -1, 2114, 2113, 2153, -1, 1478, 1477, 1693, -1,
 1693, 1477, 1625, -1, 1693, 1625, 1692, -1, 602, 637, 1009, -1,
 1009, 637, 903, -1, 1009, 903, 1031, -1, 903, 1030, 1031, -1,
 1031, 1030, 1077, -1, 1031, 1077, 1218, -1, 1218, 1077, 1217, -1,
 1218, 1217, 1402, -1, 1402, 1217, 1292, -1, 1402, 1292, 1478, -1,
 1478, 1292, 1460, -1, 1478, 1460, 1477, -1, 380, 379, 433, -1,
 433, 379, 449, -1, 433, 449, 553, -1, 553, 449, 524, -1,
 553, 524, 578, -1, 578, 524, 552, -1, 578, 552, 602, -1,
 602, 552, 601, -1, 602, 601, 637, -1, 190, 189, 231, -1,
 190, 231, 263, -1, 263, 231, 273, -1, 263, 273, 352, -1,
 352, 273, 332, -1, 352, 332, 380, -1, 380, 332, 351, -1,
 380, 351, 379, -1, 189, 190, 159, -1, 159, 190, 160, -1,
 159, 160, 131, -1, 131, 160, 127, -1, 131, 127, 91, -1,
 91, 127, 92, -1, 91, 92, 167, -1, 167, 92, 197, -1,
 167, 197, 217, -1, 217, 197, 218, -1, 217, 218, 249, -1,
 249, 218, 292, -1, 292, 218, 293, -1, 292, 293, 305, -1,
 305, 293, 310, -1, 305, 310, 409, -1, 409, 310, 410, -1,
 409, 410, 421, -1, 421, 410, 472, -1, 421, 472, 473, -1,
 1144, 963, 836, -1, 836, 963, 835, -1, 836, 835, 650, -1,
 650, 835, 693, -1, 650, 693, 627, -1, 627, 693, 626, -1,
 627, 626, 496, -1, 496, 626, 565, -1, 496, 565, 472, -1,
 472, 565, 495, -1, 472, 495, 473, -1, 1323, 1322, 1194, -1,
 1194, 1322, 1193, -1, 1194, 1193, 1144, -1, 1144, 1193, 1161, -1,
 1144, 1161, 963, -1, 2089, 2003, 1847, -1, 1847, 2003, 1895, -1,
 1847, 1895, 1779, -1, 1779, 1895, 1778, -1, 1779, 1778, 1668, -1,
 1778, 1715, 1668, -1, 1668, 1715, 1667, -1, 1668, 1667, 1514, -1,
 1514, 1667, 1542, -1, 1514, 1542, 1367, -1, 1367, 1542, 1379, -1,
 1367, 1379, 1323, -1, 1323, 1379, 1366, -1, 1323, 1366, 1322, -1,
 2546, 2495, 2429, -1, 2495, 2470, 2429, -1, 2429, 2470, 2345, -1,
 2429, 2345, 2162, -1, 2162, 2345, 2195, -1, 2162, 2195, 2141, -1,
 2141, 2195, 2140, -1, 2141, 2140, 2089, -1, 2089, 2140, 2088, -1,
 2089, 2088, 2003, -1, 2976, 2975, 2854, -1, 2854, 2975, 2853, -1,
 2854, 2853, 2775, -1, 2429, 2471, 2546, -1, 2546, 2471, 2547, -1,
 2546, 2547, 2687, -1, 2687, 2547, 2775, -1, 2687, 2775, 2810, -1,
 2810, 2775, 2853, -1, 426, 407, 408, -1, 2612, 2665, 2568, -1,
 2568, 2665, 2633, -1, 2568, 2633, 2569, -1, 2969, 2970, 2902, -1,
 2902, 2970, 2917, -1, 2902, 2917, 2758, -1, 2758, 2917, 2665, -1,
 2758, 2665, 2632, -1, 2632, 2665, 2612, -1, 2112, 2111, 2253, -1,
 2253, 2111, 2252, -1, 2253, 2252, 2320, -1, 2320, 2252, 2281, -1,
 2320, 2281, 2569, -1, 2569, 2281, 2409, -1, 2569, 2409, 2568, -1,
 1691, 1690, 1711, -1, 1711, 1690, 1809, -1, 1711, 1809, 1879, -1,
 1879, 1809, 1878, -1, 1879, 1878, 1991, -1, 1991, 1878, 1955, -1,
 1991, 1955, 2112, -1, 2112, 1955, 2070, -1, 2112, 2070, 2111, -1,
 1476, 1475, 1691, -1, 1691, 1475, 1607, -1, 1691, 1607, 1690, -1,
 1029, 1055, 1216, -1, 1216, 1055, 1215, -1, 1216, 1215, 1378, -1,
 1378, 1215, 1276, -1, 1378, 1276, 1476, -1, 1476, 1276, 1443, -1,
 1476, 1443, 1475, -1, 551, 550, 563, -1, 563, 550, 583, -1,
 563, 583, 600, -1, 600, 583, 599, -1, 600, 599, 959, -1,
 959, 599, 857, -1, 959, 857, 1029, -1, 1029, 857, 1028, -1,
 1029, 1028, 1055, -1, 378, 377, 424, -1, 424, 377, 441, -1,
 424, 441, 551, -1, 551, 441, 517, -1, 551, 517, 550, -1,
 188, 226, 255, -1, 255, 226, 268, -1, 255, 268, 350, -1,
 350, 268, 329, -1, 350, 329, 378, -1, 378, 329, 349, -1,
 378, 349, 377, -1, 121, 126, 158, -1, 158, 126, 157, -1,
 158, 157, 188, -1, 188, 157, 187, -1, 188, 187, 226, -1,
 229, 225, 216, -1, 216, 225, 215, -1, 216, 215, 90, -1,
 90, 215, 89, -1, 90, 89, 121, -1, 121, 89, 109, -1,
 121, 109, 126, -1, 408, 407, 320, -1, 320, 407, 315, -1,
 320, 315, 291, -1, 291, 315, 290, -1, 291, 290, 229, -1,
 229, 290, 252, -1, 229, 252, 225, -1, 625, 568, 507, -1,
 507, 568, 493, -1, 507, 493, 494, -1, 494, 493, 408, -1,
 408, 493, 478, -1, 408, 478, 426, -1, 834, 833, 779, -1,
 779, 833, 760, -1, 779, 760, 625, -1, 625, 760, 624, -1,
 625, 624, 568, -1, 1191, 1175, 834, -1, 834, 1175, 999, -1,
 834, 999, 833, -1, 834, 1174, 1191, -1, 1191, 1174, 1192, -1,
 1191, 1192, 1320, -1, 1320, 1192, 1321, -1, 2087, 2041, 1908, -1,
 1908, 2041, 1930, -1, 1908, 1930, 1777, -1, 1777, 1930, 1776, -1,
 1777, 1776, 1666, -1, 1776, 1751, 1666, -1, 1666, 1751, 1665, -1,
 1666, 1665, 1552, -1, 1552, 1665, 1567, -1, 1552, 1567, 1365, -1,
 1365, 1567, 1392, -1, 1365, 1392, 1321, -1, 1321, 1392, 1364, -1,
 1321, 1364, 1320, -1, 2192, 2233, 2139, -1, 2139, 2233, 2138, -1,
 2139, 2138, 2087, -1, 2087, 2138, 2086, -1, 2087, 2086, 2041, -1,
 2545, 2544, 2483, -1, 2483, 2544, 2519, -1, 2483, 2519, 2469, -1,
 2469, 2519, 2468, -1, 2469, 2468, 2192, -1, 2192, 2468, 2375, -1,
 2192, 2375, 2233, -1, 2972, 2971, 2852, -1, 2852, 2971, 2851, -1,
 2852, 2851, 2796, -1, 2796, 2851, 2832, -1, 2796, 2832, 2545, -1,
 2545, 2832, 2699, -1, 2545, 2699, 2544, -1, 2965, 2966, 2895, -1,
 2895, 2966, 2903, -1, 2289, 2393, 2567, -1, 2567, 2393, 2566, -1,
 2567, 2566, 2617, -1, 2617, 2566, 2599, -1, 2617, 2599, 2631, -1,
 2631, 2599, 2630, -1, 2631, 2630, 2903, -1, 2903, 2630, 2740, -1,
 2903, 2740, 2895, -1, 1689, 1796, 1877, -1, 1877, 1796, 1876, -1,
 1877, 1876, 1970, -1, 1970, 1876, 2061, -1, 1970, 2061, 2110, -1,
 2110, 2061, 2109, -1, 2110, 2109, 2251, -1, 2251, 2109, 2250, -1,
 2251, 2250, 2289, -1, 2289, 2250, 2269, -1, 2289, 2269, 2393, -1,
 1474, 1473, 1628, -1, 1628, 1473, 1592, -1, 1628, 1592, 1689, -1,
 1689, 1592, 1688, -1, 1689, 1688, 1796, -1, 1214, 1213, 1305, -1,
 1305, 1213, 1242, -1, 1305, 1242, 1474, -1, 1474, 1242, 1423, -1,
 1474, 1423, 1473, -1, 549, 577, 598, -1, 598, 577, 597, -1,
 598, 597, 925, -1, 925, 597, 803, -1, 925, 803, 1027, -1,
 1027, 803, 1026, -1, 1027, 1026, 1214, -1, 1214, 1026, 1038, -1,
 1214, 1038, 1213, -1, 376, 375, 389, -1, 389, 375, 430, -1,
 389, 430, 531, -1, 531, 430, 510, -1, 531, 510, 549, -1,
 549, 510, 548, -1, 549, 548, 577, -1, 156, 172, 186, -1,
 186, 172, 185, -1, 186, 185, 243, -1, 243, 185, 259, -1,
 243, 259, 348, -1, 348, 259, 322, -1, 348, 322, 376, -1,
 376, 322, 347, -1, 376, 347, 375, -1, 118, 122, 156, -1,
 156, 122, 155, -1, 156, 155, 172, -1, 237, 228, 214, -1,
 214, 228, 213, -1, 214, 213, 88, -1, 88, 213, 87, -1,
 88, 87, 118, -1, 118, 87, 107, -1, 118, 107, 122, -1,
 492, 432, 406, -1, 406, 432, 405, -1, 406, 405, 334, -1,
 334, 405, 321, -1, 334, 321, 289, -1, 289, 321, 288, -1,
 289, 288, 237, -1, 237, 288, 257, -1, 237, 257, 228, -1,
 1190, 1042, 832, -1, 832, 1042, 831, -1, 832, 831, 813, -1,
 813, 831, 793, -1, 813, 793, 623, -1, 623, 793, 622, -1,
 623, 622, 515, -1, 515, 622, 509, -1, 515, 509, 492, -1,
 492, 509, 491, -1, 492, 491, 432, -1, 1664, 1663, 1593, -1,
 1593, 1663, 1591, -1, 1593, 1591, 1363, -1, 1363, 1591, 1418, -1,
 1363, 1418, 1319, -1, 1319, 1418, 1362, -1, 1319, 1362, 1245, -1,
 1362, 1318, 1245, -1, 1245, 1318, 1237, -1, 1245, 1237, 1190, -1,
 1190, 1237, 1189, -1, 1190, 1189, 1042, -1, 2085, 2057, 1938, -1,
 1938, 2057, 1940, -1, 1938, 1940, 1775, -1, 1775, 1940, 1790, -1,
 1775, 1790, 1664, -1, 1664, 1790, 1774, -1, 1664, 1774, 1663, -1,
 2467, 2392, 2265, -1, 2265, 2392, 2268, -1, 2265, 2268, 2137, -1,
 2137, 2268, 2136, -1, 2137, 2136, 2085, -1, 2085, 2136, 2084, -1,
 2085, 2084, 2057, -1, 2968, 2967, 2850, -1, 2850, 2967, 2891, -1,
 2850, 2891, 2828, -1, 2891, 2849, 2828, -1, 2828, 2849, 2737, -1,
 2828, 2737, 2581, -1, 2581, 2737, 2598, -1, 2581, 2598, 2543, -1,
 2543, 2598, 2542, -1, 2543, 2542, 2467, -1, 2467, 2542, 2466, -1,
 2467, 2466, 2392, -1, 2465, 2541, 2540, -1, 2961, 2962, 2835, -1,
 2835, 2962, 2862, -1, 2270, 2379, 2565, -1, 2565, 2379, 2564, -1,
 2565, 2564, 2592, -1, 2592, 2564, 2580, -1, 2592, 2580, 2629, -1,
 2629, 2580, 2628, -1, 2629, 2628, 2862, -1, 2862, 2628, 2700, -1,
 2862, 2700, 2835, -1, 1687, 1757, 1874, -1, 1874, 1757, 1873, -1,
 1874, 1873, 1943, -1, 1943, 1873, 2046, -1, 1943, 2046, 2108, -1,
 2108, 2046, 2107, -1, 2108, 2107, 2249, -1, 2249, 2107, 2234, -1,
 2249, 2234, 2270, -1, 2270, 2234, 2248, -1, 2270, 2248, 2379, -1,
 1472, 1471, 1603, -1, 1603, 1471, 1568, -1, 1603, 1568, 1687, -1,
 1687, 1568, 1686, -1, 1687, 1686, 1757, -1, 1025, 1024, 1212, -1,
 1212, 1024, 1211, -1, 1212, 1211, 1278, -1, 1278, 1211, 1229, -1,
 1278, 1229, 1472, -1, 1472, 1229, 1399, -1, 1472, 1399, 1471, -1,
 547, 567, 596, -1, 596, 567, 595, -1, 596, 595, 884, -1,
 884, 595, 783, -1, 884, 783, 1025, -1, 1025, 783, 996, -1,
 1025, 996, 1024, -1, 374, 425, 521, -1, 521, 425, 508, -1,
 521, 508, 547, -1, 547, 508, 546, -1, 547, 546, 567, -1,
 233, 254, 333, -1, 333, 254, 318, -1, 333, 318, 346, -1,
 346, 318, 345, -1, 346, 345, 374, -1, 374, 345, 373, -1,
 374, 373, 425, -1, 86, 99, 113, -1, 113, 99, 120, -1,
 113, 120, 154, -1, 154, 120, 153, -1, 154, 153, 184, -1,
 184, 153, 168, -1, 184, 168, 233, -1, 233, 168, 183, -1,
 233, 183, 254, -1, 244, 232, 212, -1, 212, 232, 211, -1,
 212, 211, 86, -1, 86, 211, 85, -1, 86, 85, 99, -1,
 490, 439, 404, -1, 404, 439, 403, -1, 404, 403, 391, -1,
 391, 403, 330, -1, 391, 330, 287, -1, 287, 330, 286, -1,
 287, 286, 244, -1, 244, 286, 260, -1, 244, 260, 232, -1,
 1188, 1063, 911, -1, 911, 1063, 829, -1, 911, 829, 830, -1,
 830, 829, 815, -1, 830, 815, 621, -1, 621, 815, 620, -1,
 621, 620, 530, -1, 530, 620, 513, -1, 530, 513, 490, -1,
 490, 513, 489, -1, 490, 489, 439, -1, 1662, 1661, 1618, -1,
 1618, 1661, 1604, -1, 1618, 1604, 1361, -1, 1361, 1604, 1444, -1,
 1361, 1444, 1317, -1, 1317, 1444, 1360, -1, 1317, 1360, 1290, -1,
 1360, 1316, 1290, -1, 1290, 1316, 1257, -1, 1290, 1257, 1188, -1,
 1188, 1257, 1187, -1, 1188, 1187, 1063, -1, 2083, 2067, 1961, -1,
 1961, 2067, 1953, -1, 1961, 1953, 1773, -1, 1773, 1953, 1806, -1,
 1773, 1806, 1662, -1, 1662, 1806, 1772, -1, 1662, 1772, 1661, -1,
 2540, 2464, 2465, -1, 2465, 2464, 2407, -1, 2465, 2407, 2284, -1,
 2284, 2407, 2280, -1, 2284, 2280, 2135, -1, 2135, 2280, 2134, -1,
 2135, 2134, 2083, -1, 2083, 2134, 2082, -1, 2083, 2082, 2067, -1,
 2964, 2963, 2896, -1, 2896, 2963, 2899, -1, 2896, 2899, 2848, -1,
 2848, 2899, 2847, -1, 2848, 2847, 2608, -1, 2608, 2847, 2755, -1,
 2608, 2755, 2541, -1, 2541, 2755, 2610, -1, 2541, 2610, 2540, -1,
 84, 210, 209, -1, 2955, 2956, 2815, -1, 2815, 2956, 2806, -1,
 2815, 2806, 2690, -1, 2690, 2806, 2626, -1, 2626, 2806, 2627, -1,
 2626, 2627, 2562, -1, 2562, 2627, 2563, -1, 2562, 2563, 2498, -1,
 2498, 2563, 2496, -1, 2498, 2496, 2348, -1, 2348, 2496, 2246, -1,
 2246, 2496, 2247, -1, 2246, 2247, 2198, -1, 2198, 2247, 2211, -1,
 2198, 2211, 2105, -1, 2105, 2211, 2106, -1, 2105, 2106, 2008, -1,
 2008, 2106, 1923, -1, 2008, 1923, 1871, -1, 1871, 1923, 1872, -1,
 1871, 1872, 1720, -1, 1720, 1872, 1685, -1, 1720, 1685, 1684, -1,
 1684, 1685, 1541, -1, 1541, 1685, 1566, -1, 1541, 1566, 1469, -1,
 1469, 1566, 1470, -1, 1469, 1470, 1384, -1, 1384, 1470, 1233, -1,
 1384, 1233, 1209, -1, 1209, 1233, 1210, -1, 1209, 1210, 1163, -1,
 1163, 1210, 1023, -1, 1163, 1023, 1022, -1, 545, 560, 594, -1,
 594, 560, 593, -1, 594, 593, 798, -1, 798, 593, 711, -1,
 798, 711, 1023, -1, 1023, 711, 960, -1, 1023, 960, 1022, -1,
 372, 419, 511, -1, 511, 419, 476, -1, 511, 476, 545, -1,
 545, 476, 544, -1, 545, 544, 560, -1, 110, 141, 152, -1,
 152, 141, 151, -1, 152, 151, 182, -1, 182, 151, 181, -1,
 182, 181, 198, -1, 198, 181, 247, -1, 198, 247, 323, -1,
 323, 247, 313, -1, 323, 313, 344, -1, 344, 313, 343, -1,
 344, 343, 372, -1, 372, 343, 371, -1, 372, 371, 419, -1,
 209, 106, 84, -1, 84, 106, 83, -1, 84, 83, 110, -1,
 110, 83, 119, -1, 110, 119, 141, -1, 402, 360, 285, -1,
 285, 360, 284, -1, 285, 284, 251, -1, 251, 284, 267, -1,
 251, 267, 210, -1, 210, 267, 238, -1, 210, 238, 209, -1,
 828, 827, 619, -1, 619, 827, 618, -1, 619, 618, 562, -1,
 562, 618, 522, -1, 562, 522, 488, -1, 488, 522, 487, -1,
 488, 487, 423, -1, 423, 487, 446, -1, 423, 446, 402, -1,
 402, 446, 401, -1, 402, 401, 360, -1, 1660, 1621, 1359, -1,
 1359, 1621, 1487, -1, 1359, 1487, 1340, -1, 1340, 1487, 1358, -1,
 1340, 1358, 1315, -1, 1358, 1314, 1315, -1, 1315, 1314, 1283, -1,
 1315, 1283, 1186, -1, 1186, 1283, 1185, -1, 1186, 1185, 948, -1,
 948, 1185, 1080, -1, 948, 1080, 828, -1, 828, 1080, 891, -1,
 828, 891, 827, -1, 2133, 2132, 2081, -1, 2081, 2132, 2080, -1,
 2081, 2080, 1982, -1, 1982, 2080, 1966, -1, 1982, 1966, 1771, -1,
 1771, 1966, 1824, -1, 1771, 1824, 1675, -1, 1675, 1824, 1770, -1,
 1675, 1770, 1660, -1, 1660, 1770, 1659, -1, 1660, 1659, 1621, -1,
 2463, 2419, 2309, -1, 2309, 2419, 2299, -1, 2309, 2299, 2133, -1,
 2133, 2299, 2150, -1, 2133, 2150, 2132, -1, 2958, 2957, 2913, -1,
 2913, 2957, 2911, -1, 2913, 2911, 2846, -1, 2911, 2845, 2846, -1,
 2846, 2845, 2769, -1, 2846, 2769, 2653, -1, 2653, 2769, 2648, -1,
 2653, 2648, 2539, -1, 2539, 2648, 2538, -1, 2539, 2538, 2463, -1,
 2463, 2538, 2462, -1, 2463, 2462, 2419, -1, 2658, 2536, 2537, -1,
 2537, 2536, 2461, -1, 2625, 2677, 2782, -1, 2782, 2677, 2798, -1,
 2782, 2798, 2952, -1, 2952, 2798, 2951, -1, 2104, 2103, 2174, -1,
 2174, 2103, 2183, -1, 2174, 2183, 2245, -1, 2183, 2244, 2245, -1,
 2245, 2244, 2328, -1, 2245, 2328, 2441, -1, 2441, 2328, 2481, -1,
 2441, 2481, 2561, -1, 2561, 2481, 2560, -1, 2561, 2560, 2625, -1,
 2625, 2560, 2624, -1, 2625, 2624, 2677, -1, 1683, 1704, 1856, -1,
 1856, 1704, 1857, -1, 1856, 1857, 1870, -1, 1870, 1857, 1869, -1,
 1870, 1869, 2104, -1, 2104, 1869, 1995, -1, 2104, 1995, 2103, -1,
 1208, 1345, 1468, -1, 1468, 1345, 1467, -1, 1468, 1467, 1530, -1,
 1530, 1467, 1520, -1, 1530, 1520, 1683, -1, 1683, 1520, 1682, -1,
 1683, 1682, 1704, -1, 706, 938, 1021, -1, 1021, 938, 1020, -1,
 1021, 1020, 1156, -1, 1156, 1020, 1139, -1, 1156, 1139, 1208, -1,
 1208, 1139, 1207, -1, 1208, 1207, 1345, -1, 543, 542, 592, -1,
 592, 542, 591, -1, 592, 591, 706, -1, 706, 591, 647, -1,
 706, 647, 938, -1, 370, 390, 504, -1, 504, 390, 470, -1,
 504, 470, 543, -1, 543, 470, 532, -1, 543, 532, 542, -1,
 150, 149, 169, -1, 169, 149, 179, -1, 169, 179, 180, -1,
 180, 179, 241, -1, 180, 241, 317, -1, 317, 241, 307, -1,
 317, 307, 342, -1, 342, 307, 341, -1, 342, 341, 370, -1,
 370, 341, 369, -1, 370, 369, 390, -1, 102, 115, 150, -1,
 150, 115, 137, -1, 150, 137, 149, -1, 258, 240, 208, -1,
 208, 240, 207, -1, 208, 207, 82, -1, 82, 207, 117, -1,
 82, 117, 102, -1, 102, 117, 81, -1, 102, 81, 115, -1,
 400, 388, 283, -1, 283, 388, 282, -1, 283, 282, 258, -1,
 258, 282, 270, -1, 258, 270, 240, -1, 826, 825, 617, -1,
 617, 825, 616, -1, 617, 616, 576, -1, 576, 616, 529, -1,
 576, 529, 486, -1, 486, 529, 485, -1, 486, 485, 429, -1,
 429, 485, 457, -1, 429, 457, 400, -1, 400, 457, 399, -1,
 400, 399, 388, -1, 1658, 1643, 1391, -1, 1391, 1643, 1502, -1,
 1391, 1502, 1357, -1, 1357, 1502, 1356, -1, 1357, 1356, 1313, -1,
 1356, 1312, 1313, -1, 1313, 1312, 1301, -1, 1313, 1301, 1184, -1,
 1184, 1301, 1183, -1, 1184, 1183, 1004, -1, 1004, 1183, 1125, -1,
 1004, 1125, 826, -1, 826, 1125, 918, -1, 826, 918, 825, -1,
 2131, 2130, 2079, -1, 2079, 2130, 2078, -1, 2079, 2078, 2007, -1,
 2007, 2078, 1979, -1, 2007, 1979, 1769, -1, 1769, 1979, 1845, -1,
 1769, 1845, 1723, -1, 1723, 1845, 1768, -1, 1723, 1768, 1658, -1,
 1658, 1768, 1657, -1, 1658, 1657, 1643, -1, 2536, 2460, 2461, -1,
 2461, 2460, 2433, -1, 2461, 2433, 2341, -1, 2341, 2433, 2311, -1,
 2341, 2311, 2131, -1, 2131, 2311, 2163, -1, 2131, 2163, 2130, -1,
 2658, 2537, 2785, -1, 2785, 2537, 2681, -1, 2785, 2681, 2843, -1,
 2843, 2681, 2844, -1, 2843, 2844, 2918, -1, 2918, 2844, 2954, -1,
 2918, 2954, 2953, -1, 2947, 2948, 2920, -1, 2920, 2948, 2759, -1,
 2920, 2759, 2786, -1, 2102, 2101, 2149, -1, 2149, 2101, 2165, -1,
 2149, 2165, 2243, -1, 2165, 2242, 2243, -1, 2243, 2242, 2310, -1,
 2243, 2310, 2415, -1, 2415, 2310, 2436, -1, 2415, 2436, 2559, -1,
 2559, 2436, 2558, -1, 2559, 2558, 2623, -1, 2623, 2558, 2622, -1,
 2623, 2622, 2759, -1, 2759, 2622, 2657, -1, 2759, 2657, 2786, -1,
 1681, 1680, 1829, -1, 1829, 1680, 1844, -1, 1829, 1844, 1868, -1,
 1868, 1844, 1867, -1, 1868, 1867, 2102, -1, 2102, 1867, 1978, -1,
 2102, 1978, 2101, -1, 1206, 1331, 1466, -1, 1466, 1331, 1465, -1,
 1466, 1465, 1490, -1, 1490, 1465, 1498, -1, 1490, 1498, 1681, -1,
 1681, 1498, 1644, -1, 1681, 1644, 1680, -1, 923, 1018, 1102, -1,
 1102, 1018, 1115, -1, 1102, 1115, 1206, -1, 1206, 1115, 1205, -1,
 1206, 1205, 1331, -1, 1102, 1019, 923, -1, 923, 1019, 643, -1,
 923, 643, 589, -1, 589, 643, 590, -1, 589, 590, 540, -1,
 540, 590, 541, -1, 178, 234, 306, -1, 306, 234, 303, -1,
 306, 303, 340, -1, 340, 303, 339, -1, 340, 339, 368, -1,
 339, 361, 368, -1, 368, 361, 367, -1, 368, 367, 467, -1,
 467, 367, 460, -1, 467, 460, 541, -1, 541, 460, 526, -1,
 541, 526, 540, -1, 80, 114, 139, -1, 139, 114, 135, -1,
 139, 135, 148, -1, 148, 135, 147, -1, 148, 147, 178, -1,
 178, 147, 177, -1, 178, 177, 234, -1, 266, 246, 206, -1,
 206, 246, 205, -1, 206, 205, 111, -1, 111, 205, 129, -1,
 111, 129, 80, -1, 80, 129, 79, -1, 80, 79, 114, -1,
 398, 397, 281, -1, 281, 397, 301, -1, 281, 301, 266, -1,
 266, 301, 280, -1, 266, 280, 246, -1, 615, 614, 609, -1,
 609, 614, 535, -1, 609, 535, 484, -1, 484, 535, 483, -1,
 484, 483, 443, -1, 443, 483, 466, -1, 443, 466, 398, -1,
 398, 466, 418, -1, 398, 418, 397, -1, 824, 823, 615, -1,
 615, 823, 646, -1, 615, 646, 614, -1, 1311, 1310, 1182, -1,
 1182, 1310, 1181, -1, 1182, 1181, 1059, -1, 1059, 1181, 1143, -1,
 1059, 1143, 824, -1, 824, 1143, 936, -1, 824, 936, 823, -1,
 1793, 1766, 1767, -1, 1767, 1766, 1656, -1, 1766, 1703, 1656, -1,
 1656, 1703, 1655, -1, 1656, 1655, 1438, -1, 1438, 1655, 1524, -1,
 1438, 1524, 1355, -1, 1355, 1524, 1354, -1, 1355, 1354, 1311, -1,
 1311, 1354, 1339, -1, 1311, 1339, 1310, -1, 2129, 2128, 2077, -1,
 2077, 2128, 2076, -1, 2077, 2076, 2054, -1, 2054, 2076, 1994, -1,
 2054, 1994, 1793, -1, 1793, 1994, 1860, -1, 1793, 1860, 1766, -1,
 2384, 2329, 2129, -1, 2129, 2329, 2181, -1, 2129, 2181, 2128, -1,
 2535, 2534, 2459, -1, 2459, 2534, 2458, -1, 2459, 2458, 2384, -1,
 2384, 2458, 2453, -1, 2384, 2453, 2329, -1, 2950, 2949, 2842, -1,
 2842, 2949, 2841, -1, 2842, 2841, 2704, -1, 2704, 2841, 2797, -1,
 2704, 2797, 2535, -1, 2535, 2797, 2678, -1, 2535, 2678, 2534, -1,
 2621, 2645, 2709, -1, 2709, 2645, 2770, -1, 2709, 2770, 2944, -1,
 2944, 2770, 2912, -1, 2944, 2912, 2943, -1, 2390, 2421, 2557, -1,
 2557, 2421, 2556, -1, 2557, 2556, 2621, -1, 2621, 2556, 2620, -1,
 2621, 2620, 2645, -1, 2060, 2099, 2100, -1, 2100, 2099, 2152, -1,
 2100, 2152, 2241, -1, 2241, 2152, 2240, -1, 2241, 2240, 2390, -1,
 2390, 2240, 2298, -1, 2390, 2298, 2421, -1, 1679, 1678, 1804, -1,
 1804, 1678, 1825, -1, 1804, 1825, 1866, -1, 1866, 1825, 1865, -1,
 1866, 1865, 2060, -1, 2060, 1865, 1965, -1, 2060, 1965, 2099, -1,
 1204, 1289, 1440, -1, 1440, 1289, 1458, -1, 1440, 1458, 1464, -1,
 1464, 1458, 1463, -1, 1464, 1463, 1679, -1, 1679, 1463, 1622, -1,
 1679, 1622, 1678, -1, 899, 1016, 1056, -1, 1056, 1016, 1075, -1,
 1056, 1075, 1204, -1, 1204, 1075, 1203, -1, 1204, 1203, 1289, -1,
 1056, 1017, 899, -1, 899, 1017, 634, -1, 899, 634, 587, -1,
 587, 634, 588, -1, 587, 588, 538, -1, 538, 588, 539, -1,
 366, 365, 447, -1, 447, 365, 448, -1, 447, 448, 539, -1,
 539, 448, 523, -1, 539, 523, 538, -1, 176, 230, 275, -1,
 275, 230, 272, -1, 275, 272, 338, -1, 338, 272, 331, -1,
 338, 331, 366, -1, 366, 331, 337, -1, 366, 337, 365, -1,
 78, 112, 133, -1, 133, 112, 130, -1, 133, 130, 146, -1,
 146, 130, 145, -1, 146, 145, 176, -1, 176, 145, 175, -1,
 176, 175, 230, -1, 204, 203, 132, -1, 132, 203, 170, -1,
 132, 170, 78, -1, 78, 170, 77, -1, 78, 77, 112, -1,
 396, 395, 279, -1, 279, 395, 308, -1, 279, 308, 274, -1,
 274, 308, 278, -1, 274, 278, 204, -1, 204, 278, 250, -1,
 204, 250, 203, -1, 459, 474, 396, -1, 396, 474, 422, -1,
 396, 422, 395, -1, 822, 821, 641, -1, 641, 821, 697, -1,
 641, 697, 613, -1, 613, 697, 612, -1, 613, 612, 482, -1,
 482, 612, 566, -1, 482, 566, 459, -1, 459, 566, 481, -1,
 459, 481, 474, -1, 1309, 1308, 1180, -1, 1180, 1308, 1179, -1,
 1180, 1179, 1097, -1, 1097, 1179, 1164, -1, 1097, 1164, 822, -1,
 822, 1164, 965, -1, 822, 965, 821, -1, 1654, 1765, 1764, -1,
 1764, 1765, 1821, -1, 1764, 1821, 2005, -1, 2005, 1821, 2075, -1,
 1764, 1717, 1654, -1, 1654, 1717, 1653, -1, 1654, 1653, 1489, -1,
 1489, 1653, 1544, -1, 1489, 1544, 1353, -1, 1353, 1544, 1382, -1,
 1353, 1382, 1309, -1, 1309, 1382, 1352, -1, 1309, 1352, 1308, -1,
 2410, 2350, 2127, -1, 2127, 2350, 2199, -1, 2127, 2199, 2122, -1,
 2122, 2199, 2126, -1, 2122, 2126, 2075, -1, 2075, 2126, 2074, -1,
 2075, 2074, 2005, -1, 2946, 2945, 2840, -1, 2840, 2945, 2839, -1,
 2840, 2839, 2752, -1, 2839, 2812, 2752, -1, 2752, 2812, 2691, -1,
 2752, 2691, 2533, -1, 2533, 2691, 2532, -1, 2533, 2532, 2457, -1,
 2457, 2532, 2497, -1, 2457, 2497, 2410, -1, 2410, 2497, 2456, -1,
 2410, 2456, 2350, -1, 431, 364, 363, -1, 2619, 2618, 2685, -1,
 2685, 2618, 2756, -1, 2685, 2756, 2940, -1, 2940, 2756, 2901, -1,
 2940, 2901, 2939, -1, 2344, 2408, 2555, -1, 2555, 2408, 2554, -1,
 2555, 2554, 2619, -1, 2619, 2554, 2609, -1, 2619, 2609, 2618, -1,
 2015, 2069, 2098, -1, 2098, 2069, 2097, -1, 2098, 2097, 2239, -1,
 2239, 2097, 2238, -1, 2239, 2238, 2344, -1, 2344, 2238, 2278, -1,
 2344, 2278, 2408, -1, 1677, 1676, 1749, -1, 1749, 1676, 1808, -1,
 1749, 1808, 1864, -1, 1864, 1808, 1863, -1, 1864, 1863, 2015, -1,
 2015, 1863, 1952, -1, 2015, 1952, 2069, -1, 1462, 1461, 1677, -1,
 1677, 1461, 1605, -1, 1677, 1605, 1676, -1, 585, 854, 1001, -1,
 1001, 854, 1015, -1, 854, 1014, 1015, -1, 1015, 1014, 1053, -1,
 1015, 1053, 1202, -1, 1202, 1053, 1201, -1, 1202, 1201, 1397, -1,
 1397, 1201, 1274, -1, 1397, 1274, 1462, -1, 1462, 1274, 1441, -1,
 1462, 1441, 1461, -1, 1001, 586, 585, -1, 585, 586, 575, -1,
 585, 575, 536, -1, 536, 575, 537, -1, 536, 537, 514, -1,
 514, 537, 431, -1, 514, 431, 440, -1, 440, 431, 363, -1,
 174, 173, 200, -1, 174, 200, 261, -1, 261, 200, 265, -1,
 261, 265, 336, -1, 336, 265, 328, -1, 336, 328, 364, -1,
 364, 328, 335, -1, 364, 335, 363, -1, 173, 174, 143, -1,
 143, 174, 144, -1, 143, 144, 125, -1, 125, 144, 124, -1,
 125, 124, 108, -1, 108, 124, 76, -1, 108, 76, 75, -1,
 75, 76, 199, -1, 75, 199, 201, -1, 201, 199, 202, -1,
 201, 202, 227, -1, 611, 610, 569, -1, 611, 569, 480, -1,
 480, 569, 503, -1, 480, 503, 475, -1, 503, 479, 475, -1,
 475, 479, 427, -1, 475, 427, 394, -1, 394, 427, 393, -1,
 394, 393, 312, -1, 312, 393, 316, -1, 312, 316, 277, -1,
 277, 316, 276, -1, 277, 276, 202, -1, 202, 276, 253, -1,
 202, 253, 227, -1, 610, 611, 775, -1, 775, 611, 683, -1,
 775, 683, 819, -1, 819, 683, 820, -1, 819, 820, 1000, -1,
 1000, 820, 1152, -1, 1000, 1152, 1177, -1, 1177, 1152, 1178, -1,
 1177, 1178, 1225, -1, 1225, 1178, 1307, -1, 1225, 1307, 1306, -1,
 2073, 2043, 1853, -1, 1853, 2043, 1762, -1, 1853, 1762, 1763, -1,
 1763, 1762, 1652, -1, 1762, 1753, 1652, -1, 1652, 1753, 1651, -1,
 1652, 1651, 1527, -1, 1527, 1651, 1582, -1, 1527, 1582, 1351, -1,
 1351, 1582, 1394, -1, 1351, 1394, 1307, -1, 1307, 1394, 1350, -1,
 1307, 1350, 1306, -1, 2455, 2454, 2431, -1, 2431, 2454, 2378, -1,
 2431, 2378, 2170, -1, 2170, 2378, 2235, -1, 2170, 2235, 2125, -1,
 2125, 2235, 2124, -1, 2125, 2124, 2073, -1, 2073, 2124, 2072, -1,
 2073, 2072, 2043, -1, 2942, 2941, 2838, -1, 2838, 2941, 2837, -1,
 2838, 2837, 2781, -1, 2837, 2834, 2781, -1, 2781, 2834, 2701, -1,
 2781, 2701, 2531, -1, 2531, 2701, 2530, -1, 2531, 2530, 2455, -1,
 2455, 2530, 2525, -1, 2455, 2525, 2454, -1, 2824, 2600, 2703, -1,
 2989, 2990, 2836, -1, 2836, 2990, 2824, -1, 2836, 2824, 2768, -1,
 2768, 2824, 2703, -1, 1794, 1710, 1397, -1, 1307, 1178, 1539, -1,
 4453, 4551, 5064, -1, 1128, 1041, 447, -1, 1309, 1180, 1553, -1,
 1311, 1182, 1559, -1, 4334, 4328, 4655, -1, 4655, 4328, 4578, -1,
 1313, 1184, 1583, -1, 4580, 4697, 4348, -1, 4582, 4699, 4352, -1,
 4584, 4701, 4332, -1, 1576, 1590, 1245, -1, 1245, 1590, 1319, -1,
 4586, 4703, 4336, -1, 1321, 1192, 1580, -1, 1323, 1194, 1571, -1,
 1325, 1196, 1578, -1, 1327, 1198, 1569, -1, 4344, 4330, 4660, -1,
 4660, 4330, 4594, -1, 1499, 1341, 1525, -1, 1499, 1525, 1538, -1,
 1538, 1525, 1573, -1, 1538, 1573, 1627, -1, 1627, 1573, 1835, -1,
 1627, 1835, 1803, -1, 1803, 1835, 1842, -1, 1842, 1835, 1849, -1,
 1842, 1849, 1983, -1, 1983, 1849, 2050, -1, 1983, 2050, 1993, -1,
 1993, 2050, 2188, -1, 2188, 2050, 2172, -1, 2188, 2172, 2285, -1,
 2285, 2172, 2319, -1, 2285, 2319, 2359, -1, 2359, 2319, 2479, -1,
 2359, 2479, 2586, -1, 2586, 2479, 2607, -1, 2586, 2607, 2604, -1,
 2604, 2607, 2808, -1, 2604, 2808, 2771, -1, 2771, 2808, 2807, -1,
 2807, 2808, 2819, -1, 2807, 2819, 2996, -1, 2996, 2819, 3126, -1,
 2996, 3126, 3136, -1, 3136, 3126, 3165, -1, 3165, 3126, 3161, -1,
 3165, 3161, 3346, -1, 3346, 3161, 3331, -1, 3346, 3331, 3444, -1,
 3444, 3331, 3596, -1, 3596, 3331, 3520, -1, 3596, 3520, 3727, -1,
 3727, 3520, 3617, -1, 3727, 3617, 3799, -1, 3799, 3617, 3860, -1,
 3799, 3860, 3991, -1, 5076, 5605, 5017, -1, 5017, 5605, 5518, -1,
 5017, 5518, 4878, -1, 5518, 5464, 4878, -1, 4878, 5464, 5417, -1,
 4878, 5417, 4793, -1, 4793, 5417, 5325, -1, 4793, 5325, 4663, -1,
 5325, 5290, 4663, -1, 4663, 5290, 5257, -1, 4663, 5257, 4486, -1,
 4486, 5257, 4883, -1, 4486, 4883, 4449, -1, 4449, 4883, 4872, -1,
 4449, 4872, 4199, -1, 4872, 4666, 4199, -1, 4199, 4666, 4502, -1,
 4199, 4502, 4176, -1, 4176, 4502, 4414, -1, 4176, 4414, 3968, -1,
 4414, 4228, 3968, -1, 3968, 4228, 4184, -1, 3968, 4184, 3903, -1,
 3903, 4184, 4060, -1, 3903, 4060, 3730, -1, 4060, 3914, 3730, -1,
 3730, 3914, 3826, -1, 3730, 3826, 3565, -1, 3565, 3826, 3687, -1,
 3565, 3687, 3501, -1, 3501, 3687, 3582, -1, 3501, 3582, 3220, -1,
 3220, 3582, 3382, -1, 3382, 3314, 3220, -1, 3220, 3314, 3245, -1,
 3220, 3245, 3207, -1, 3207, 3245, 2988, -1, 3207, 2988, 2924, -1,
 2924, 2988, 2923, -1, 2924, 2923, 2885, -1, 2885, 2923, 2860, -1,
 2885, 2860, 2706, -1, 2860, 2676, 2706, -1, 2706, 2676, 2553, -1,
 2706, 2553, 2528, -1, 2528, 2553, 2477, -1, 2528, 2477, 2416, -1,
 2477, 2335, 2416, -1, 2416, 2335, 2147, -1, 2416, 2147, 2220, -1,
 2220, 2147, 2095, -1, 2220, 2095, 2187, -1, 2095, 2001, 2187, -1,
 2187, 2001, 1785, -1, 2187, 1785, 1944, -1, 1944, 1785, 1718, -1,
 1944, 1718, 1916, -1, 1916, 1718, 1674, -1, 1916, 1674, 1700, -1,
 1700, 1674, 1386, -1, 1386, 1373, 1700, -1, 1700, 1373, 1329, -1,
 1700, 1329, 1556, -1, 1556, 1329, 1200, -1, 1556, 1200, 1447, -1,
 1200, 997, 1447, -1, 1447, 997, 842, -1, 1447, 842, 1250, -1,
 1250, 842, 633, -1, 1250, 633, 1226, -1, 633, 570, 1226, -1,
 1226, 570, 502, -1, 1226, 502, 990, -1, 990, 502, 428, -1,
 990, 428, 966, -1, 256, 810, 299, -1, 299, 810, 966, -1,
 299, 966, 416, -1, 416, 966, 428, -1, 224, 705, 256, -1,
 256, 705, 751, -1, 256, 751, 810, -1, 224, 98, 705, -1,
 705, 98, 104, -1, 705, 104, 670, -1, 670, 104, 166, -1,
 670, 166, 750, -1, 166, 171, 750, -1, 750, 171, 196, -1,
 750, 196, 888, -1, 888, 196, 319, -1, 888, 319, 904, -1,
 319, 358, 904, -1, 904, 358, 386, -1, 904, 386, 1074, -1,
 1074, 386, 506, -1, 1074, 506, 1123, -1, 1123, 506, 559, -1,
 1123, 559, 1330, -1, 559, 608, 1330, -1, 1330, 608, 736, -1,
 1330, 736, 1431, -1, 1431, 736, 1037, -1, 1431, 1037, 1549, -1,
 1037, 1162, 1549, -1, 1549, 1162, 1224, -1, 1549, 1224, 1725, -1,
 1725, 1224, 1484, -1, 1725, 1484, 1818, -1, 1484, 1534, 1818, -1,
 1818, 1534, 1699, -1, 1818, 1699, 2014, -1, 2014, 1699, 1862, -1,
 2014, 1862, 2016, -1, 2016, 1862, 1887, -1, 2016, 1887, 2304, -1,
 1887, 2120, 2304, -1, 2304, 2120, 2180, -1, 2304, 2180, 2353, -1,
 2353, 2180, 2261, -1, 2353, 2261, 2597, -1, 2261, 2445, 2597, -1,
 2597, 2445, 2577, -1, 2597, 2577, 2711, -1, 2711, 2577, 2641, -1,
 2711, 2641, 2805, -1, 2641, 2788, 2805, -1, 2805, 2788, 2986, -1,
 2805, 2986, 3045, -1, 3045, 2986, 3097, -1, 3045, 3097, 3105, -1,
 3097, 3125, 3105, -1, 3105, 3125, 3407, -1, 3105, 3407, 3320, -1,
 3320, 3407, 3438, -1, 3320, 3438, 3351, -1, 3351, 3438, 3477, -1,
 3351, 3477, 3605, -1, 3477, 3711, 3605, -1, 3605, 3711, 3796, -1,
 3605, 3796, 3702, -1, 3702, 3796, 3850, -1, 3702, 3850, 3869, -1,
 3850, 3994, 3869, -1, 3869, 3994, 4147, -1, 3869, 4147, 4004, -1,
 4004, 4147, 4254, -1, 4004, 4254, 4078, -1, 4078, 4254, 4329, -1,
 4078, 4329, 4330, -1, 4330, 4329, 4549, -1, 4330, 4549, 4594, -1,
 4660, 4711, 4344, -1, 4344, 4711, 5059, -1, 4344, 5059, 4557, -1,
 4557, 5059, 5088, -1, 4557, 5088, 4635, -1, 4635, 5088, 5255, -1,
 4635, 5255, 4788, -1, 5255, 5354, 4788, -1, 4788, 5354, 5383, -1,
 4788, 5383, 4907, -1, 4907, 5383, 5459, -1, 4907, 5459, 4960, -1,
 5459, 5528, 4960, -1, 4960, 5528, 5580, -1, 4960, 5580, 5118, -1,
 5118, 5580, 5630, -1, 5118, 5630, 5134, -1, 5740, 5192, 5786, -1,
 5786, 5192, 5134, -1, 5786, 5134, 5663, -1, 5663, 5134, 5630, -1,
 5714, 5073, 5740, -1, 5740, 5073, 5218, -1, 5740, 5218, 5192, -1,
 5714, 5688, 5073, -1, 5073, 5688, 5606, -1, 5073, 5606, 5018, -1,
 5018, 5606, 5516, -1, 5018, 5516, 4906, -1, 5516, 5486, 4906, -1,
 4906, 5486, 5429, -1, 4906, 5429, 4794, -1, 4794, 5429, 5326, -1,
 4794, 5326, 4726, -1, 5326, 5323, 4726, -1, 4726, 5323, 5279, -1,
 4726, 5279, 4489, -1, 4489, 5279, 4937, -1, 4489, 4937, 4487, -1,
 4487, 4937, 4870, -1, 4487, 4870, 4265, -1, 3754, 3901, 4058, -1,
 4870, 4688, 4265, -1, 4265, 4688, 4556, -1, 4265, 4556, 4173, -1,
 4173, 4556, 4436, -1, 4173, 4436, 3983, -1, 3983, 4436, 4230, -1,
 3983, 4230, 3901, -1, 3901, 4230, 4226, -1, 3901, 4226, 4058, -1,
 4058, 3937, 3754, -1, 3754, 3937, 3824, -1, 3754, 3824, 3563, -1,
 3563, 3824, 3685, -1, 3563, 3685, 3526, -1, 3526, 3685, 3616, -1,
 3526, 3616, 3236, -1, 3236, 3616, 3380, -1, 3380, 3312, 3236, -1,
 3236, 3312, 3277, -1, 3236, 3277, 3205, -1, 3205, 3277, 3011, -1,
 3277, 3012, 3011, -1, 3011, 3012, 2984, -1, 3011, 2984, 2883, -1,
 2883, 2984, 2858, -1, 2883, 2858, 2748, -1, 2858, 2698, 2748, -1,
 2748, 2698, 2551, -1, 2748, 2551, 2526, -1, 2526, 2551, 2475, -1,
 2526, 2475, 2439, -1, 2475, 2381, 2439, -1, 2439, 2381, 2145, -1,
 2439, 2145, 2231, -1, 2145, 2093, 2231, -1, 2231, 2093, 2051, -1,
 2231, 2051, 2218, -1, 2218, 2051, 1962, -1, 1569, 1198, 1488, -1,
 2051, 1789, 1962, -1, 1962, 1789, 1783, -1, 1962, 1783, 1914, -1,
 1914, 1783, 1672, -1, 1914, 1672, 1722, -1, 1722, 1672, 1427, -1,
 1722, 1427, 1569, -1, 1569, 1427, 1371, -1, 1569, 1371, 1327, -1,
 1198, 1051, 1488, -1, 1488, 1051, 840, -1, 1488, 840, 1259, -1,
 1259, 840, 631, -1, 1259, 631, 1241, -1, 631, 584, 1241, -1,
 1241, 584, 500, -1, 1241, 500, 1008, -1, 1008, 500, 442, -1,
 1008, 442, 974, -1, 442, 414, 974, -1, 974, 414, 297, -1,
 974, 297, 852, -1, 852, 297, 262, -1, 852, 262, 761, -1,
 761, 262, 222, -1, 761, 222, 715, -1, 222, 105, 715, -1,
 715, 105, 96, -1, 715, 96, 651, -1, 651, 96, 140, -1,
 651, 140, 724, -1, 140, 164, 724, -1, 724, 164, 194, -1,
 724, 194, 864, -1, 864, 194, 311, -1, 864, 311, 865, -1,
 311, 356, 865, -1, 865, 356, 384, -1, 865, 384, 1058, -1,
 1058, 384, 469, -1, 1058, 469, 1098, -1, 1098, 469, 557, -1,
 1098, 557, 1288, -1, 557, 606, 1288, -1, 1288, 606, 644, -1,
 1288, 644, 1407, -1, 1407, 644, 1035, -1, 1407, 1035, 1528, -1,
 1035, 1126, 1528, -1, 1528, 1126, 1222, -1, 1528, 1222, 1739, -1,
 1739, 1222, 1482, -1, 1739, 1482, 1797, -1, 1482, 1496, 1797, -1,
 1797, 1496, 1697, -1, 1797, 1697, 1992, -1, 1992, 1697, 1836, -1,
 1992, 1836, 2032, -1, 2032, 1836, 1885, -1, 2032, 1885, 2283, -1,
 1885, 2118, 2283, -1, 2283, 2118, 2156, -1, 2283, 2156, 2368, -1,
 2368, 2156, 2259, -1, 2368, 2259, 2502, -1, 2259, 2417, 2502, -1,
 2502, 2417, 2575, -1, 2502, 2575, 2725, -1, 2725, 2575, 2639, -1,
 2725, 2639, 2783, -1, 2639, 2763, 2783, -1, 2783, 2763, 2982, -1,
 2783, 2982, 3039, -1, 3039, 2982, 3071, -1, 3039, 3071, 3053, -1,
 3053, 3071, 3095, -1, 3053, 3095, 3274, -1, 3095, 3336, 3274, -1,
 3274, 3336, 3405, -1, 3274, 3405, 3411, -1, 3411, 3405, 3475, -1,
 3411, 3475, 3579, -1, 3475, 3657, 3579, -1, 3579, 3657, 3794, -1,
 3579, 3794, 3714, -1, 3714, 3794, 3848, -1, 3714, 3848, 3854, -1,
 3848, 3970, 3854, -1, 3854, 3970, 4145, -1, 3854, 4145, 4014, -1,
 4014, 4145, 4252, -1, 4014, 4252, 4061, -1, 4061, 4252, 4307, -1,
 4061, 4307, 4312, -1, 4312, 4307, 4547, -1, 4547, 4592, 4312, -1,
 4312, 4592, 4622, -1, 4312, 4622, 4338, -1, 4338, 4622, 4709, -1,
 4338, 4709, 4514, -1, 4709, 5024, 4514, -1, 4514, 5024, 5057, -1,
 4514, 5057, 4629, -1, 4629, 5057, 5253, -1, 4629, 5253, 4755, -1,
 5253, 5343, 4755, -1, 4755, 5343, 5381, -1, 4755, 5381, 4900, -1,
 4900, 5381, 5457, -1, 4900, 5457, 4948, -1, 5457, 5493, 4948, -1,
 4948, 5493, 5578, -1, 4948, 5578, 5111, -1, 5111, 5578, 5618, -1,
 5111, 5618, 5110, -1, 5746, 5180, 5784, -1, 5784, 5180, 5110, -1,
 5784, 5110, 5661, -1, 5661, 5110, 5618, -1, 5712, 5082, 5746, -1,
 5746, 5082, 5208, -1, 5746, 5208, 5180, -1, 5712, 5686, 5082, -1,
 5082, 5686, 5617, -1, 5082, 5617, 5005, -1, 5005, 5617, 5514, -1,
 5005, 5514, 4935, -1, 5514, 5492, 4935, -1, 4935, 5492, 5484, -1,
 4935, 5484, 4780, -1, 4780, 5484, 5336, -1, 4780, 5336, 4751, -1,
 5336, 5321, 4751, -1, 4751, 5321, 5277, -1, 4751, 5277, 4506, -1,
 4506, 5277, 4970, -1, 4506, 4970, 4473, -1, 4473, 4970, 4868, -1,
 4473, 4868, 4301, -1, 4868, 4686, 4301, -1, 4301, 4686, 4605, -1,
 4301, 4605, 4163, -1, 4163, 4605, 4434, -1, 4163, 4434, 4023, -1,
 4434, 4288, 4023, -1, 4023, 4288, 4224, -1, 4023, 4224, 3886, -1,
 3886, 4224, 4056, -1, 3886, 4056, 3772, -1, 3772, 4056, 3960, -1,
 3772, 3960, 3560, -1, 3560, 3960, 3822, -1, 3822, 3683, 3560, -1,
 3560, 3683, 3645, -1, 3560, 3645, 3553, -1, 3553, 3645, 3378, -1,
 3553, 3378, 3258, -1, 3258, 3378, 3322, -1, 3258, 3322, 3196, -1,
 3196, 3322, 3310, -1, 3196, 3310, 3029, -1, 3310, 3033, 3029, -1,
 3029, 3033, 2980, -1, 3029, 2980, 2870, -1, 2870, 2980, 2856, -1,
 2870, 2856, 2772, -1, 2856, 2747, 2772, -1, 2772, 2747, 2549, -1,
 2772, 2549, 2513, -1, 2513, 2549, 2473, -1, 2513, 2473, 2484, -1,
 2473, 2403, 2484, -1, 2484, 2403, 2143, -1, 2484, 2143, 2273, -1,
 2143, 2091, 2273, -1, 2273, 2091, 2071, -1, 2273, 2071, 2207, -1,
 2207, 2071, 1981, -1, 1578, 1196, 1512, -1, 2071, 1817, 1981, -1,
 1981, 1817, 1781, -1, 1981, 1781, 1904, -1, 1904, 1781, 1670, -1,
 1904, 1670, 1787, -1, 1787, 1670, 1486, -1, 1787, 1486, 1578, -1,
 1578, 1486, 1369, -1, 1578, 1369, 1325, -1, 1196, 1091, 1512, -1,
 1512, 1091, 838, -1, 1512, 838, 1268, -1, 1268, 838, 638, -1,
 1268, 638, 1258, -1, 638, 629, 1258, -1, 1258, 629, 498, -1,
 1258, 498, 1047, -1, 1047, 498, 458, -1, 1047, 458, 982, -1,
 458, 412, 982, -1, 982, 412, 295, -1, 982, 295, 890, -1,
 890, 295, 271, -1, 890, 271, 769, -1, 769, 271, 220, -1,
 769, 220, 728, -1, 220, 123, 728, -1, 728, 123, 94, -1,
 728, 94, 659, -1, 659, 94, 134, -1, 659, 134, 696, -1,
 134, 162, 696, -1, 696, 162, 192, -1, 696, 192, 851, -1,
 851, 192, 302, -1, 851, 302, 871, -1, 871, 302, 354, -1,
 871, 354, 1045, -1, 354, 382, 1045, -1, 1045, 382, 450, -1,
 1045, 450, 1107, -1, 1107, 450, 555, -1, 1107, 555, 1256, -1,
 555, 604, 1256, -1, 1256, 604, 635, -1, 1256, 635, 1414, -1,
 1414, 635, 1033, -1, 1414, 1033, 1497, -1, 1033, 1065, 1497, -1,
 1497, 1065, 1220, -1, 1497, 1220, 1737, -1, 1737, 1220, 1446, -1,
 1737, 1446, 1748, -1, 1748, 1446, 1480, -1, 1748, 1480, 1973, -1,
 1480, 1695, 1973, -1, 1973, 1695, 1805, -1, 1973, 1805, 2030, -1,
 2030, 1805, 1883, -1, 2030, 1883, 2266, -1, 1883, 2062, 2266, -1,
 2266, 2062, 2116, -1, 2266, 2116, 2365, -1, 2365, 2116, 2257, -1,
 2365, 2257, 2452, -1, 2257, 2394, 2452, -1, 2452, 2394, 2573, -1,
 2452, 2573, 2722, -1, 2722, 2573, 2637, -1, 2722, 2637, 2762, -1,
 2637, 2724, 2762, -1, 2762, 2724, 2978, -1, 2762, 2978, 3021, -1,
 3021, 2978, 3026, -1, 3021, 3026, 3051, -1, 3051, 3026, 3093, -1,
 3051, 3093, 3247, -1, 3093, 3288, 3247, -1, 3247, 3288, 3403, -1,
 3247, 3403, 3383, -1, 3383, 3403, 3473, -1, 3383, 3473, 3538, -1,
 3473, 3629, 3538, -1, 3538, 3629, 3792, -1, 3538, 3792, 3712, -1,
 3712, 3792, 3846, -1, 3712, 3846, 3764, -1, 3846, 3952, 3764, -1,
 3764, 3952, 4143, -1, 3764, 4143, 4006, -1, 4006, 4143, 4250, -1,
 4006, 4250, 4275, -1, 4545, 4287, 4275, -1, 4275, 4287, 4011, -1,
 4275, 4011, 4006, -1, 4545, 4590, 4287, -1, 4287, 4590, 4598, -1,
 4287, 4598, 4340, -1, 4340, 4598, 4707, -1, 4340, 4707, 4496, -1,
 4707, 4962, 4496, -1, 4496, 4962, 5055, -1, 4496, 5055, 4631, -1,
 4631, 5055, 5251, -1, 4631, 5251, 4734, -1, 5251, 5331, 4734, -1,
 4734, 5331, 5379, -1, 4734, 5379, 4902, -1, 4902, 5379, 5432, -1,
 4902, 5432, 4931, -1, 5432, 5455, 4931, -1, 4931, 5455, 5576, -1,
 4931, 5576, 5090, -1, 5090, 5576, 5611, -1, 5090, 5611, 5113, -1,
 5782, 5750, 5175, -1, 5113, 5611, 5175, -1, 5175, 5611, 5659, -1,
 5175, 5659, 5782, -1, 5710, 5093, 5750, -1, 5750, 5093, 5216, -1,
 5750, 5216, 5175, -1, 5710, 5684, 5093, -1, 5093, 5684, 5633, -1,
 5093, 5633, 5015, -1, 5015, 5633, 5524, -1, 5015, 5524, 4954, -1,
 5524, 5512, 4954, -1, 4954, 5512, 5482, -1, 4954, 5482, 4791, -1,
 4791, 5482, 5348, -1, 4791, 5348, 4784, -1, 4784, 5348, 5319, -1,
 4784, 5319, 4523, -1, 5319, 5275, 4523, -1, 4523, 5275, 5033, -1,
 4523, 5033, 4484, -1, 4484, 5033, 4866, -1, 4484, 4866, 4319, -1,
 4866, 4684, 4319, -1, 4319, 4684, 4647, -1, 4319, 4647, 4171, -1,
 4171, 4647, 4432, -1, 4171, 4432, 4068, -1, 4432, 4320, 4068, -1,
 4068, 4320, 4222, -1, 4068, 4222, 3899, -1, 3899, 4222, 4054, -1,
 3899, 4054, 3863, -1, 3069, 3203, 3308, -1, 4054, 3979, 3863, -1,
 3863, 3979, 3820, -1, 3863, 3820, 3586, -1, 3586, 3820, 3688, -1,
 3586, 3688, 3561, -1, 3561, 3688, 3681, -1, 3561, 3681, 3283, -1,
 3283, 3681, 3385, -1, 3283, 3385, 3203, -1, 3203, 3385, 3376, -1,
 3203, 3376, 3308, -1, 3308, 3103, 3069, -1, 3069, 3103, 2976, -1,
 3069, 2976, 2881, -1, 2881, 2976, 2854, -1, 2881, 2854, 2793, -1,
 2793, 2854, 2775, -1, 2793, 2775, 2524, -1, 2524, 2775, 2547, -1,
 2547, 2471, 2524, -1, 2524, 2471, 2429, -1, 2524, 2429, 2522, -1,
 2522, 2429, 2287, -1, 2429, 2162, 2287, -1, 2287, 2162, 2141, -1,
 2287, 2141, 2216, -1, 2216, 2141, 2089, -1, 2216, 2089, 2002, -1,
 1571, 1194, 1533, -1, 2089, 1847, 2002, -1, 2002, 1847, 1779, -1,
 2002, 1779, 1912, -1, 1912, 1779, 1668, -1, 1912, 1668, 1807, -1,
 1807, 1668, 1514, -1, 1807, 1514, 1571, -1, 1571, 1514, 1367, -1,
 1571, 1367, 1323, -1, 1194, 1144, 1533, -1, 1533, 1144, 836, -1,
 1533, 836, 1291, -1, 1291, 836, 650, -1, 1291, 650, 1261, -1,
 650, 627, 1261, -1, 1261, 627, 496, -1, 1261, 496, 1067, -1,
 1067, 496, 472, -1, 1067, 472, 976, -1, 976, 472, 410, -1,
 976, 410, 909, -1, 410, 310, 909, -1, 909, 310, 293, -1,
 909, 293, 763, -1, 763, 293, 218, -1, 763, 218, 738, -1,
 127, 663, 92, -1, 92, 663, 738, -1, 92, 738, 197, -1,
 197, 738, 218, -1, 160, 818, 127, -1, 127, 818, 672, -1,
 127, 672, 663, -1, 160, 190, 818, -1, 818, 190, 263, -1,
 818, 263, 877, -1, 877, 263, 352, -1, 877, 352, 1007, -1,
 352, 380, 1007, -1, 1007, 380, 433, -1, 1007, 433, 1113, -1,
 1113, 433, 553, -1, 1113, 553, 1236, -1, 553, 578, 1236, -1,
 1236, 578, 602, -1, 1236, 602, 1421, -1, 1421, 602, 1009, -1,
 1421, 1009, 1455, -1, 1455, 1009, 1031, -1, 1455, 1031, 1713, -1,
 1031, 1218, 1713, -1, 1713, 1218, 1402, -1, 1713, 1402, 1733, -1,
 1733, 1402, 1478, -1, 1733, 1478, 1958, -1, 1478, 1693, 1958, -1,
 1958, 1693, 1756, -1, 1958, 1756, 2026, -1, 2026, 1756, 1881, -1,
 2026, 1881, 2212, -1, 1881, 2040, 2212, -1, 2212, 2040, 2114, -1,
 2212, 2114, 2360, -1, 2360, 2114, 2255, -1, 2360, 2255, 2428, -1,
 2255, 2352, 2428, -1, 2428, 2352, 2571, -1, 2428, 2571, 2718, -1,
 2718, 2571, 2635, -1, 2718, 2635, 2733, -1, 2635, 2686, 2733, -1,
 2733, 2686, 2974, -1, 2733, 2974, 3005, -1, 3005, 2974, 3006, -1,
 3005, 3006, 3047, -1, 3047, 3006, 3091, -1, 3047, 3091, 3230, -1,
 3091, 3263, 3230, -1, 3230, 3263, 3401, -1, 3230, 3401, 3355, -1,
 3355, 3401, 3471, -1, 3355, 3471, 3513, -1, 3471, 3606, 3513, -1,
 3513, 3606, 3790, -1, 3513, 3790, 3707, -1, 3707, 3790, 3844, -1,
 3707, 3844, 3745, -1, 4524, 4258, 4248, -1, 4248, 4258, 4007, -1,
 4248, 4007, 4197, -1, 4197, 4007, 3978, -1, 4197, 3978, 4141, -1,
 4141, 3978, 3745, -1, 4141, 3745, 3929, -1, 3929, 3745, 3844, -1,
 4524, 4543, 4258, -1, 4258, 4543, 4588, -1, 4258, 4588, 4342, -1,
 4342, 4588, 4705, -1, 4342, 4705, 4457, -1, 4705, 4913, 4457, -1,
 4457, 4913, 5053, -1, 4457, 5053, 4633, -1, 4633, 5053, 5249, -1,
 4633, 5249, 4717, -1, 5249, 5295, 4717, -1, 4717, 5295, 5377, -1,
 4717, 5377, 4904, -1, 4904, 5377, 5422, -1, 4904, 5422, 4917, -1,
 5600, 5071, 5574, -1, 5574, 5071, 4917, -1, 5574, 4917, 5453, -1,
 5453, 4917, 5422, -1, 5657, 5169, 5600, -1, 5600, 5169, 5115, -1,
 5600, 5115, 5071, -1, 5657, 5780, 5169, -1, 5169, 5780, 5758, -1,
 5169, 5758, 5206, -1, 5206, 5758, 5708, -1, 5206, 5708, 5103, -1,
 5708, 5691, 5103, -1, 5103, 5691, 5682, -1, 5103, 5682, 5003, -1,
 5003, 5682, 5538, -1, 5003, 5538, 4969, -1, 5538, 5510, 4969, -1,
 4969, 5510, 5480, -1, 4969, 5480, 4812, -1, 4812, 5480, 5356, -1,
 4812, 5356, 4778, -1, 4778, 5356, 5317, -1, 4778, 5317, 4563, -1,
 5317, 5273, 4563, -1, 4563, 5273, 5096, -1, 4563, 5096, 4471, -1,
 4471, 5096, 4864, -1, 4471, 4864, 4350, -1, 4864, 4714, 4350, -1,
 4350, 4714, 4682, -1, 4350, 4682, 4161, -1, 4161, 4682, 4430, -1,
 4161, 4430, 4092, -1, 4430, 4362, 4092, -1, 4092, 4362, 4220, -1,
 4092, 4220, 3884, -1, 3884, 4220, 4052, -1, 3884, 4052, 3878, -1,
 4052, 4024, 3878, -1, 3878, 4024, 3818, -1, 3878, 3818, 3611, -1,
 3611, 3818, 3731, -1, 3611, 3731, 3550, -1, 3550, 3731, 3679, -1,
 3550, 3679, 3327, -1, 3679, 3453, 3327, -1, 3327, 3453, 3374, -1,
 3327, 3374, 3194, -1, 3194, 3374, 3306, -1, 3194, 3306, 3123, -1,
 3306, 3135, 3123, -1, 3123, 3135, 2972, -1, 3123, 2972, 2868, -1,
 2868, 2972, 2852, -1, 2868, 2852, 2813, -1, 2852, 2796, 2813, -1,
 2813, 2796, 2545, -1, 2813, 2545, 2606, -1, 2606, 2545, 2483, -1,
 2606, 2483, 2511, -1, 2511, 2483, 2469, -1, 2511, 2469, 2313, -1,
 2469, 2192, 2313, -1, 2313, 2192, 2139, -1, 2313, 2139, 2205, -1,
 2205, 2139, 2087, -1, 2205, 2087, 2047, -1, 1580, 1192, 1555, -1,
 2087, 1908, 2047, -1, 2047, 1908, 1777, -1, 2047, 1777, 1901, -1,
 1901, 1777, 1666, -1, 1901, 1666, 1830, -1, 1830, 1666, 1552, -1,
 1830, 1552, 1580, -1, 1580, 1552, 1365, -1, 1580, 1365, 1321, -1,
 1192, 1174, 1555, -1, 1555, 1174, 834, -1, 1555, 834, 1334, -1,
 1334, 834, 779, -1, 1334, 779, 1270, -1, 1270, 779, 625, -1,
 1270, 625, 1093, -1, 625, 507, 1093, -1, 1093, 507, 494, -1,
 1093, 494, 984, -1, 984, 494, 408, -1, 984, 408, 921, -1,
 408, 320, 921, -1, 921, 320, 291, -1, 921, 291, 771, -1,
 771, 291, 229, -1, 771, 229, 744, -1, 121, 676, 90, -1,
 90, 676, 744, -1, 90, 744, 216, -1, 216, 744, 229, -1,
 158, 805, 121, -1, 121, 805, 653, -1, 121, 653, 676, -1,
 158, 188, 805, -1, 805, 188, 255, -1, 805, 255, 867, -1,
 867, 255, 350, -1, 867, 350, 991, -1, 350, 378, 991, -1,
 991, 378, 424, -1, 991, 424, 1100, -1, 1100, 424, 551, -1,
 1100, 551, 1172, -1, 551, 563, 1172, -1, 1172, 563, 600, -1,
 1172, 600, 1409, -1, 1409, 600, 959, -1, 1409, 959, 1430, -1,
 1430, 959, 1029, -1, 1430, 1029, 1646, -1, 1029, 1216, 1646, -1,
 1646, 1216, 1378, -1, 1646, 1378, 1741, -1, 1741, 1378, 1476, -1,
 1741, 1476, 1939, -1, 1476, 1691, 1939, -1, 1939, 1691, 1711, -1,
 1939, 1711, 2034, -1, 2034, 1711, 1879, -1, 2034, 1879, 2177, -1,
 1879, 1991, 2177, -1, 2177, 1991, 2112, -1, 2177, 2112, 2371, -1,
 2371, 2112, 2253, -1, 2371, 2253, 2406, -1, 2406, 2253, 2320, -1,
 2406, 2320, 2697, -1, 2697, 2320, 2569, -1, 2569, 2633, 2697, -1,
 2697, 2633, 2665, -1, 2697, 2665, 2727, -1, 2727, 2665, 2919, -1,
 2665, 2917, 2919, -1, 2919, 2917, 2970, -1, 2919, 2970, 3055, -1,
 3055, 2970, 3089, -1, 3055, 3089, 3188, -1, 3089, 3233, 3188, -1,
 3188, 3233, 3399, -1, 3188, 3399, 3413, -1, 3413, 3399, 3469, -1,
 3413, 3469, 3495, -1, 3469, 3578, 3495, -1, 3495, 3578, 3788, -1,
 3495, 3788, 3716, -1, 3716, 3788, 3842, -1, 3716, 3842, 3723, -1,
 4336, 4703, 4438, -1, 3842, 3881, 3723, -1, 3723, 3881, 4139, -1,
 3723, 4139, 3962, -1, 3962, 4139, 4156, -1, 3962, 4156, 4016, -1,
 4016, 4156, 4246, -1, 4016, 4246, 4191, -1, 4191, 4246, 4495, -1,
 4191, 4495, 4336, -1, 4336, 4495, 4541, -1, 4336, 4541, 4586, -1,
 4703, 4845, 4438, -1, 4438, 4845, 5051, -1, 4438, 5051, 4627, -1,
 4627, 5051, 5247, -1, 4627, 5247, 4656, -1, 5247, 5283, 4656, -1,
 4656, 5283, 5375, -1, 4656, 5375, 4879, -1, 4879, 5375, 5413, -1,
 4879, 5413, 4898, -1, 5593, 5036, 5572, -1, 5572, 5036, 4898, -1,
 5572, 4898, 5451, -1, 5451, 4898, 5413, -1, 5655, 5163, 5593, -1,
 5593, 5163, 5108, -1, 5593, 5108, 5036, -1, 5655, 5778, 5163, -1,
 5163, 5778, 5762, -1, 5163, 5762, 5210, -1, 5210, 5762, 5718, -1,
 5210, 5718, 5144, -1, 5718, 5706, 5144, -1, 5144, 5706, 5680, -1,
 5144, 5680, 5007, -1, 5007, 5680, 5545, -1, 5007, 5545, 4990, -1,
 5545, 5508, 4990, -1, 4990, 5508, 5478, -1, 4990, 5478, 4826, -1,
 4826, 5478, 5388, -1, 4826, 5388, 4782, -1, 4782, 5388, 5315, -1,
 4782, 5315, 4603, -1, 5315, 5271, 4603, -1, 4603, 5271, 5220, -1,
 4603, 5220, 4475, -1, 4475, 5220, 4862, -1, 4475, 4862, 4373, -1,
 4862, 4753, 4373, -1, 4373, 4753, 4680, -1, 4373, 4680, 4165, -1,
 4165, 4680, 4428, -1, 4165, 4428, 4108, -1, 4428, 4393, 4108, -1,
 4108, 4393, 4218, -1, 4108, 4218, 3923, -1, 3923, 4218, 4075, -1,
 3923, 4075, 3888, -1, 3888, 4075, 4050, -1, 3888, 4050, 3634, -1,
 4050, 3816, 3634, -1, 3634, 3816, 3756, -1, 3634, 3756, 3555, -1,
 3555, 3756, 3677, -1, 3555, 3677, 3409, -1, 3677, 3496, 3409, -1,
 3409, 3496, 3372, -1, 3409, 3372, 3198, -1, 3198, 3372, 3304, -1,
 3198, 3304, 3144, -1, 3304, 3157, 3144, -1, 3144, 3157, 2968, -1,
 3144, 2968, 2875, -1, 2875, 2968, 2850, -1, 2875, 2850, 2863, -1,
 2863, 2850, 2828, -1, 2863, 2828, 2646, -1, 2828, 2581, 2646, -1,
 2646, 2581, 2543, -1, 2646, 2543, 2515, -1, 2515, 2543, 2467, -1,
 2515, 2467, 2340, -1, 2467, 2265, 2340, -1, 2340, 2265, 2137, -1,
 2340, 2137, 2209, -1, 2209, 2137, 2085, -1, 2209, 2085, 2063, -1,
 2085, 1938, 2063, -1, 2063, 1938, 1775, -1, 2063, 1775, 1906, -1,
 1906, 1775, 1664, -1, 1906, 1664, 1851, -1, 1851, 1664, 1593, -1,
 1851, 1593, 1590, -1, 1590, 1593, 1363, -1, 1590, 1363, 1319, -1,
 1245, 1190, 1576, -1, 1576, 1190, 832, -1, 1576, 832, 1376, -1,
 1376, 832, 813, -1, 1376, 813, 1266, -1, 1266, 813, 623, -1,
 1266, 623, 1132, -1, 623, 515, 1132, -1, 1132, 515, 492, -1,
 1132, 492, 980, -1, 980, 492, 406, -1, 980, 406, 930, -1,
 406, 334, 930, -1, 930, 334, 289, -1, 930, 289, 767, -1,
 767, 289, 237, -1, 767, 237, 758, -1, 118, 685, 88, -1,
 88, 685, 758, -1, 88, 758, 214, -1, 214, 758, 237, -1,
 156, 796, 118, -1, 118, 796, 657, -1, 118, 657, 685, -1,
 156, 186, 796, -1, 796, 186, 243, -1, 796, 243, 873, -1,
 873, 243, 348, -1, 873, 348, 954, -1, 348, 376, 954, -1,
 954, 376, 389, -1, 954, 389, 1109, -1, 1109, 389, 531, -1,
 1109, 531, 1153, -1, 531, 549, 1153, -1, 1153, 549, 598, -1,
 1153, 598, 1398, -1, 1398, 598, 925, -1, 1398, 925, 1416, -1,
 1416, 925, 1027, -1, 1416, 1027, 1619, -1, 1027, 1214, 1619, -1,
 1619, 1214, 1305, -1, 1619, 1305, 1746, -1, 1746, 1305, 1474, -1,
 1746, 1474, 1922, -1, 1474, 1628, 1922, -1, 1922, 1628, 1689, -1,
 1922, 1689, 2038, -1, 2038, 1689, 1877, -1, 2038, 1877, 2159, -1,
 1877, 1970, 2159, -1, 2159, 1970, 2110, -1, 2159, 2110, 2376, -1,
 2376, 2110, 2251, -1, 2376, 2251, 2383, -1, 2251, 2289, 2383, -1,
 2383, 2289, 2567, -1, 2383, 2567, 2675, -1, 2675, 2567, 2617, -1,
 2675, 2617, 2731, -1, 2731, 2617, 2631, -1, 2731, 2631, 2909, -1,
 2631, 2903, 2909, -1, 2909, 2903, 2966, -1, 2909, 2966, 3061, -1,
 3061, 2966, 3087, -1, 3061, 3087, 3166, -1, 3087, 3200, 3166, -1,
 3166, 3200, 3397, -1, 3166, 3397, 3420, -1, 3420, 3397, 3467, -1,
 3420, 3467, 3479, -1, 3467, 3528, 3479, -1, 3479, 3528, 3786, -1,
 3479, 3786, 3659, -1, 3786, 3840, 3659, -1, 3659, 3840, 3859, -1,
 3659, 3859, 3720, -1, 3720, 3859, 3944, -1, 4332, 4701, 4402, -1,
 3859, 4105, 3944, -1, 3944, 4105, 4137, -1, 3944, 4137, 4021, -1,
 4021, 4137, 4244, -1, 4021, 4244, 4155, -1, 4155, 4244, 4448, -1,
 4155, 4448, 4332, -1, 4332, 4448, 4539, -1, 4332, 4539, 4584, -1,
 4701, 4818, 4402, -1, 4402, 4818, 5049, -1, 4402, 5049, 4623, -1,
 4623, 5049, 5230, -1, 4623, 5230, 4646, -1, 5230, 5245, 4646, -1,
 4646, 5245, 5373, -1, 4646, 5373, 4844, -1, 4844, 5373, 5407, -1,
 4844, 5407, 4894, -1, 5407, 5449, 4894, -1, 4894, 5449, 5570, -1,
 4894, 5570, 5014, -1, 5014, 5570, 5587, -1, 5014, 5587, 5104, -1,
 5104, 5587, 5653, -1, 5104, 5653, 5156, -1, 5653, 5744, 5156, -1,
 5156, 5744, 5776, -1, 5156, 5776, 5214, -1, 5214, 5776, 5724, -1,
 5214, 5724, 5166, -1, 5724, 5704, 5166, -1, 5166, 5704, 5678, -1,
 5166, 5678, 5025, -1, 5025, 5678, 5554, -1, 5025, 5554, 5012, -1,
 5012, 5554, 5506, -1, 5012, 5506, 4836, -1, 5506, 5476, 4836, -1,
 4836, 5476, 5398, -1, 4836, 5398, 4789, -1, 4789, 5398, 5313, -1,
 4789, 5313, 4620, -1, 5313, 5269, 4620, -1, 4620, 5269, 5228, -1,
 4620, 5228, 4481, -1, 4481, 5228, 4860, -1, 4481, 4860, 4396, -1,
 4860, 4813, 4396, -1, 4396, 4813, 4678, -1, 4396, 4678, 4168, -1,
 4168, 4678, 4439, -1, 4168, 4439, 4150, -1, 4150, 4439, 4426, -1,
 4150, 4426, 3940, -1, 4426, 4216, 3940, -1, 3940, 4216, 4101, -1,
 3940, 4101, 3897, -1, 3897, 4101, 4048, -1, 3897, 4048, 3655, -1,
 4048, 3853, 3655, -1, 3655, 3853, 3814, -1, 3655, 3814, 3558, -1,
 3558, 3814, 3675, -1, 3558, 3675, 3446, -1, 3675, 3522, 3446, -1,
 3446, 3522, 3370, -1, 3446, 3370, 3201, -1, 3201, 3370, 3302, -1,
 3201, 3302, 3160, -1, 3302, 3181, 3160, -1, 3160, 3181, 2964, -1,
 3160, 2964, 2900, -1, 2900, 2964, 2896, -1, 2900, 2896, 2879, -1,
 2879, 2896, 2848, -1, 2879, 2848, 2670, -1, 2848, 2608, 2670, -1,
 2670, 2608, 2541, -1, 2670, 2541, 2520, -1, 2520, 2541, 2465, -1,
 2520, 2465, 2380, -1, 2465, 2284, 2380, -1, 2380, 2284, 2135, -1,
 2380, 2135, 2213, -1, 2213, 2135, 2083, -1, 2213, 2083, 2151, -1,
 2083, 1961, 2151, -1, 2151, 1961, 1773, -1, 2151, 1773, 1910, -1,
 1910, 1773, 1662, -1, 1910, 1662, 1893, -1, 1893, 1662, 1618, -1,
 1893, 1618, 1611, -1, 1611, 1618, 1361, -1, 1361, 1317, 1611, -1,
 1611, 1317, 1290, -1, 1611, 1290, 1574, -1, 1574, 1290, 1188, -1,
 1574, 1188, 1393, -1, 1188, 911, 1393, -1, 1393, 911, 830, -1,
 1393, 830, 1263, -1, 1263, 830, 621, -1, 1263, 621, 1148, -1,
 621, 530, 1148, -1, 1148, 530, 490, -1, 1148, 490, 978, -1,
 978, 490, 404, -1, 978, 404, 946, -1, 404, 391, 946, -1,
 946, 391, 287, -1, 946, 287, 784, -1, 784, 287, 244, -1,
 784, 244, 765, -1, 113, 692, 86, -1, 86, 692, 765, -1,
 86, 765, 212, -1, 212, 765, 244, -1, 154, 789, 113, -1,
 113, 789, 661, -1, 113, 661, 692, -1, 154, 184, 789, -1,
 789, 184, 233, -1, 789, 233, 875, -1, 875, 233, 333, -1,
 875, 333, 934, -1, 333, 346, 934, -1, 934, 346, 374, -1,
 934, 374, 1111, -1, 1111, 374, 521, -1, 1111, 521, 1131, -1,
 1131, 521, 547, -1, 1131, 547, 1383, -1, 547, 596, 1383, -1,
 1383, 596, 884, -1, 1383, 884, 1419, -1, 1419, 884, 1025, -1,
 1419, 1025, 1601, -1, 1025, 1212, 1601, -1, 1601, 1212, 1278, -1,
 1601, 1278, 1735, -1, 1735, 1278, 1472, -1, 1735, 1472, 1875, -1,
 1472, 1603, 1875, -1, 1875, 1603, 1687, -1, 1875, 1687, 2028, -1,
 2028, 1687, 1874, -1, 2028, 1874, 2068, -1, 2068, 1874, 1943, -1,
 2068, 1943, 2347, -1, 2347, 1943, 2108, -1, 2108, 2249, 2347, -1,
 2347, 2249, 2270, -1, 2347, 2270, 2362, -1, 2362, 2270, 2565, -1,
 2362, 2565, 2652, -1, 2652, 2565, 2592, -1, 2652, 2592, 2720, -1,
 2720, 2592, 2629, -1, 2720, 2629, 2894, -1, 2629, 2862, 2894, -1,
 2894, 2862, 2962, -1, 2894, 2962, 3049, -1, 3049, 2962, 3085, -1,
 3049, 3085, 3148, -1, 3085, 3164, 3148, -1, 3148, 3164, 3395, -1,
 3148, 3395, 3357, -1, 3357, 3395, 3465, -1, 3357, 3465, 3429, -1,
 3429, 3465, 3500, -1, 3429, 3500, 3644, -1, 3500, 3768, 3644, -1,
 3644, 3768, 3784, -1, 3644, 3784, 3709, -1, 3709, 3784, 3838, -1,
 3709, 3838, 3926, -1, 4352, 4699, 4384, -1, 3838, 4079, 3926, -1,
 3926, 4079, 4135, -1, 3926, 4135, 4009, -1, 4009, 4135, 4242, -1,
 4009, 4242, 4114, -1, 4114, 4242, 4401, -1, 4114, 4401, 4352, -1,
 4352, 4401, 4537, -1, 4352, 4537, 4582, -1, 4699, 4766, 4384, -1,
 4384, 4766, 5047, -1, 4384, 5047, 4612, -1, 4612, 5047, 5222, -1,
 4612, 5222, 4642, -1, 5222, 5243, 4642, -1, 4642, 5243, 5371, -1,
 4642, 5371, 4830, -1, 4830, 5371, 5394, -1, 4830, 5394, 4915, -1,
 4915, 5394, 5447, -1, 4915, 5447, 4984, -1, 5447, 5556, 4984, -1,
 4984, 5556, 5568, -1, 4984, 5568, 5126, -1, 5126, 5568, 5651, -1,
 5126, 5651, 5145, -1, 5729, 5198, 5774, -1, 5774, 5198, 5145, -1,
 5774, 5145, 5719, -1, 5719, 5145, 5651, -1, 5702, 5034, 5729, -1,
 5729, 5034, 5193, -1, 5729, 5193, 5198, -1, 5702, 5676, 5034, -1,
 5034, 5676, 5585, -1, 5034, 5585, 4994, -1, 4994, 5585, 5504, -1,
 4994, 5504, 4848, -1, 5504, 5474, 4848, -1, 4848, 5474, 5412, -1,
 4848, 5412, 4769, -1, 4769, 5412, 5311, -1, 4769, 5311, 4652, -1,
 5311, 5281, 4652, -1, 4652, 5281, 5267, -1, 4652, 5267, 4463, -1,
 4463, 5267, 4858, -1, 4463, 4858, 4413, -1, 4858, 4840, 4413, -1,
 4413, 4840, 4676, -1, 4413, 4676, 4188, -1, 4188, 4676, 4466, -1,
 4188, 4466, 4181, -1, 4181, 4466, 4424, -1, 4181, 4424, 3953, -1,
 4424, 4214, 3953, -1, 3953, 4214, 4121, -1, 3953, 4121, 3912, -1,
 3912, 4121, 4046, -1, 3912, 4046, 3691, -1, 4046, 3877, 3691, -1,
 3691, 3877, 3812, -1, 3691, 3812, 3568, -1, 3568, 3812, 3673, -1,
 3568, 3673, 3489, -1, 3673, 3552, 3489, -1, 3489, 3552, 3368, -1,
 3489, 3368, 3215, -1, 3215, 3368, 3300, -1, 3215, 3300, 3177, -1,
 3300, 3227, 3177, -1, 3177, 3227, 2958, -1, 3177, 2958, 2916, -1,
 2916, 2958, 2913, -1, 2916, 2913, 2892, -1, 2892, 2913, 2846, -1,
 2892, 2846, 2688, -1, 2846, 2653, 2688, -1, 2688, 2653, 2539, -1,
 2688, 2539, 2583, -1, 2583, 2539, 2463, -1, 2583, 2463, 2400, -1,
 2463, 2309, 2400, -1, 2400, 2309, 2133, -1, 2400, 2133, 2225, -1,
 2225, 2133, 2081, -1, 2225, 2081, 2171, -1, 2081, 1982, 2171, -1,
 2171, 1982, 1771, -1, 2171, 1771, 1931, -1, 1931, 1771, 1675, -1,
 1931, 1675, 1920, -1, 1920, 1675, 1640, -1, 1640, 1675, 1660, -1,
 1640, 1660, 1359, -1, 1359, 1340, 1640, -1, 1640, 1340, 1315, -1,
 1640, 1315, 1561, -1, 1561, 1315, 1186, -1, 1561, 1186, 1426, -1,
 1186, 948, 1426, -1, 1426, 948, 828, -1, 1426, 828, 1254, -1,
 1254, 828, 619, -1, 1254, 619, 1167, -1, 619, 562, 1167, -1,
 1167, 562, 488, -1, 1167, 488, 971, -1, 971, 488, 423, -1,
 971, 423, 958, -1, 423, 402, 958, -1, 958, 402, 285, -1,
 958, 285, 799, -1, 799, 285, 251, -1, 799, 251, 756, -1,
 84, 110, 701, -1, 756, 251, 701, -1, 701, 251, 210, -1,
 701, 210, 84, -1, 152, 781, 110, -1, 110, 781, 666, -1,
 110, 666, 701, -1, 152, 182, 781, -1, 781, 182, 198, -1,
 781, 198, 882, -1, 882, 198, 323, -1, 882, 323, 920, -1,
 323, 344, 920, -1, 920, 344, 372, -1, 920, 372, 1092, -1,
 1092, 372, 511, -1, 1092, 511, 1116, -1, 1116, 511, 545, -1,
 1116, 545, 1343, -1, 545, 594, 1343, -1, 1343, 594, 798, -1,
 1343, 798, 1424, -1, 1424, 798, 1023, -1, 1424, 1023, 1587, -1,
 1023, 1210, 1587, -1, 1587, 1210, 1233, -1, 1587, 1233, 1730, -1,
 1730, 1233, 1470, -1, 1730, 1470, 1839, -1, 1470, 1566, 1839, -1,
 1839, 1566, 1685, -1, 1839, 1685, 2020, -1, 2020, 1685, 1872, -1,
 2020, 1872, 2052, -1, 1872, 1923, 2052, -1, 2052, 1923, 2106, -1,
 2052, 2106, 2321, -1, 2321, 2106, 2211, -1, 2321, 2211, 2357, -1,
 2357, 2211, 2247, -1, 2357, 2247, 2613, -1, 2247, 2496, 2613, -1,
 2613, 2496, 2563, -1, 2613, 2563, 2715, -1, 2715, 2563, 2627, -1,
 2715, 2627, 2825, -1, 2627, 2806, 2825, -1, 2825, 2806, 2956, -1,
 2825, 2956, 3041, -1, 3041, 2956, 3083, -1, 3041, 3083, 3133, -1,
 3133, 3083, 3146, -1, 3133, 3146, 3334, -1, 3334, 3146, 3393, -1,
 3393, 3463, 3334, -1, 3334, 3463, 3483, -1, 3334, 3483, 3347, -1,
 3347, 3483, 3618, -1, 3483, 3742, 3618, -1, 3618, 3742, 3782, -1,
 3618, 3782, 3697, -1, 3697, 3782, 3836, -1, 3697, 3836, 3895, -1,
 4348, 4697, 4363, -1, 3836, 4035, 3895, -1, 3895, 4035, 4133, -1,
 3895, 4133, 4000, -1, 4000, 4133, 4240, -1, 4000, 4240, 4094, -1,
 4094, 4240, 4370, -1, 4094, 4370, 4348, -1, 4348, 4370, 4535, -1,
 4348, 4535, 4580, -1, 4697, 4728, 4363, -1, 4363, 4728, 5045, -1,
 4363, 5045, 4596, -1, 4596, 5045, 5152, -1, 4596, 5152, 4639, -1,
 5152, 5241, 4639, -1, 4639, 5241, 5369, -1, 4639, 5369, 4814, -1,
 4814, 5369, 5385, -1, 4814, 5385, 4911, -1, 4911, 5385, 5445, -1,
 4911, 5445, 4967, -1, 5445, 5541, 4967, -1, 4967, 5541, 5566, -1,
 4967, 5566, 5123, -1, 5123, 5566, 5639, -1, 5123, 5639, 5138, -1,
 5735, 5197, 5772, -1, 5772, 5197, 5138, -1, 5772, 5138, 5649, -1,
 5649, 5138, 5639, -1, 5700, 5065, 5735, -1, 5735, 5065, 5202, -1,
 5735, 5202, 5197, -1, 5700, 5674, 5065, -1, 5065, 5674, 5596, -1,
 5065, 5596, 4998, -1, 4998, 5596, 5502, -1, 4998, 5502, 4882, -1,
 5502, 5472, 4882, -1, 4882, 5472, 5420, -1, 4882, 5420, 4773, -1,
 4773, 5420, 5309, -1, 4773, 5309, 4665, -1, 5309, 5293, 4665, -1,
 4665, 5293, 5265, -1, 4665, 5265, 4467, -1, 4467, 5265, 4885, -1,
 4467, 4885, 4455, -1, 4455, 4885, 4856, -1, 4455, 4856, 4204, -1,
 4856, 4674, 4204, -1, 4204, 4674, 4510, -1, 4204, 4510, 4157, -1,
 4157, 4510, 4422, -1, 4157, 4422, 3972, -1, 4422, 4212, 3972, -1,
 3972, 4212, 4187, -1, 3972, 4187, 3879, -1, 3879, 4187, 4044, -1,
 3879, 4044, 3737, -1, 4044, 3919, 3737, -1, 3737, 3919, 3810, -1,
 3737, 3810, 3546, -1, 3546, 3810, 3671, -1, 3546, 3671, 3508, -1,
 3508, 3671, 3592, -1, 3508, 3592, 3221, -1, 3221, 3592, 3366, -1,
 3366, 3298, 3221, -1, 3221, 3298, 3251, -1, 3221, 3251, 3190, -1,
 3190, 3251, 2997, -1, 3251, 2999, 2997, -1, 2997, 2999, 2954, -1,
 2997, 2954, 2864, -1, 2864, 2954, 2844, -1, 2864, 2844, 2710, -1,
 2844, 2681, 2710, -1, 2710, 2681, 2537, -1, 2710, 2537, 2507, -1,
 2507, 2537, 2461, -1, 2507, 2461, 2420, -1, 2461, 2341, 2420, -1,
 2420, 2341, 2131, -1, 2420, 2131, 2201, -1, 2201, 2131, 2079, -1,
 2201, 2079, 2191, -1, 1583, 1184, 1453, -1, 2079, 2007, 2191, -1,
 2191, 2007, 1769, -1, 2191, 1769, 1950, -1, 1950, 1769, 1723, -1,
 1950, 1723, 1896, -1, 1896, 1723, 1658, -1, 1896, 1658, 1705, -1,
 1705, 1658, 1391, -1, 1705, 1391, 1583, -1, 1583, 1391, 1357, -1,
 1583, 1357, 1313, -1, 1184, 1004, 1453, -1, 1453, 1004, 826, -1,
 1453, 826, 1272, -1, 1272, 826, 617, -1, 1272, 617, 1230, -1,
 617, 576, 1230, -1, 1230, 576, 486, -1, 1230, 486, 992, -1,
 992, 486, 429, -1, 992, 429, 987, -1, 258, 814, 283, -1,
 283, 814, 987, -1, 283, 987, 400, -1, 400, 987, 429, -1,
 208, 707, 258, -1, 258, 707, 773, -1, 258, 773, 814, -1,
 208, 82, 707, -1, 707, 82, 102, -1, 707, 102, 655, -1,
 655, 102, 150, -1, 655, 150, 746, -1, 150, 169, 746, -1,
 746, 169, 180, -1, 746, 180, 869, -1, 869, 180, 317, -1,
 869, 317, 900, -1, 317, 342, 900, -1, 900, 342, 370, -1,
 900, 370, 1071, -1, 1071, 370, 504, -1, 1071, 504, 1104, -1,
 1104, 504, 543, -1, 1104, 543, 1302, -1, 543, 592, 1302, -1,
 1302, 592, 706, -1, 1302, 706, 1412, -1, 1412, 706, 1021, -1,
 1412, 1021, 1547, -1, 1021, 1156, 1547, -1, 1547, 1156, 1208, -1,
 1547, 1208, 1744, -1, 1744, 1208, 1468, -1, 1744, 1468, 1815, -1,
 1468, 1530, 1815, -1, 1815, 1530, 1683, -1, 1815, 1683, 2006, -1,
 2006, 1683, 1856, -1, 2006, 1856, 2036, -1, 2036, 1856, 1870, -1,
 2036, 1870, 2302, -1, 1870, 2104, 2302, -1, 2302, 2104, 2174, -1,
 2302, 2174, 2373, -1, 2373, 2174, 2245, -1, 2373, 2245, 2591, -1,
 2245, 2441, 2591, -1, 2591, 2441, 2561, -1, 2591, 2561, 2729, -1,
 2729, 2561, 2625, -1, 2729, 2625, 2799, -1, 2625, 2782, 2799, -1,
 2799, 2782, 2952, -1, 2799, 2952, 3058, -1, 3058, 2952, 3081, -1,
 3058, 3081, 3102, -1, 3081, 3122, 3102, -1, 3102, 3122, 3391, -1,
 3102, 3391, 3319, -1, 3319, 3391, 3431, -1, 3319, 3431, 3415, -1,
 3415, 3431, 3461, -1, 3415, 3461, 3594, -1, 3461, 3692, 3594, -1,
 3594, 3692, 3780, -1, 3594, 3780, 3718, -1, 3718, 3780, 3834, -1,
 3718, 3834, 3868, -1, 3834, 3987, 3868, -1, 3868, 3987, 4131, -1,
 3868, 4131, 4019, -1, 4019, 4131, 4238, -1, 4019, 4238, 4076, -1,
 4076, 4238, 4325, -1, 4076, 4325, 4328, -1, 4328, 4325, 4533, -1,
 4328, 4533, 4578, -1, 4655, 4695, 4334, -1, 4334, 4695, 5043, -1,
 4334, 5043, 4555, -1, 4555, 5043, 5079, -1, 4555, 5079, 4625, -1,
 4625, 5079, 5239, -1, 4625, 5239, 4771, -1, 5239, 5351, 4771, -1,
 4771, 5351, 5367, -1, 4771, 5367, 4896, -1, 4896, 5367, 5443, -1,
 4896, 5443, 4957, -1, 5443, 5526, 4957, -1, 4957, 5526, 5564, -1,
 4957, 5564, 5106, -1, 5106, 5564, 5627, -1, 5106, 5627, 5129, -1,
 5743, 5187, 5770, -1, 5770, 5187, 5129, -1, 5770, 5129, 5647, -1,
 5647, 5129, 5627, -1, 5698, 5075, 5743, -1, 5743, 5075, 5212, -1,
 5743, 5212, 5187, -1, 5698, 5672, 5075, -1, 5075, 5672, 5608, -1,
 5075, 5608, 5009, -1, 5009, 5608, 5500, -1, 5009, 5500, 4919, -1,
 5500, 5470, 4919, -1, 4919, 5470, 5433, -1, 4919, 5433, 4785, -1,
 4785, 5433, 5330, -1, 4785, 5330, 4732, -1, 5330, 5307, 4732, -1,
 4732, 5307, 5263, -1, 4732, 5263, 4493, -1, 4493, 5263, 4945, -1,
 4493, 4945, 4478, -1, 4478, 4945, 4854, -1, 4478, 4854, 4279, -1,
 4854, 4672, 4279, -1, 4279, 4672, 4560, -1, 4279, 4560, 4178, -1,
 4178, 4560, 4420, -1, 4178, 4420, 3989, -1, 4420, 4259, 3989, -1,
 3989, 4259, 4210, -1, 3989, 4210, 3905, -1, 3905, 4210, 4042, -1,
 3905, 4042, 3755, -1, 4042, 3942, 3755, -1, 3755, 3942, 3808, -1,
 3755, 3808, 3566, -1, 3566, 3808, 3669, -1, 3566, 3669, 3533, -1,
 3533, 3669, 3622, -1, 3533, 3622, 3240, -1, 3240, 3622, 3364, -1,
 3364, 3296, 3240, -1, 3240, 3296, 3282, -1, 3240, 3282, 3209, -1,
 3209, 3282, 3013, -1, 3282, 3018, 3013, -1, 3013, 3018, 2950, -1,
 3013, 2950, 2888, -1, 2888, 2950, 2842, -1, 2888, 2842, 2754, -1,
 2842, 2704, 2754, -1, 2754, 2704, 2535, -1, 2754, 2535, 2578, -1,
 2578, 2535, 2459, -1, 2578, 2459, 2443, -1, 2459, 2384, 2443, -1,
 2443, 2384, 2129, -1, 2443, 2129, 2236, -1, 2129, 2077, 2236, -1,
 2236, 2077, 2054, -1, 2236, 2054, 2222, -1, 2222, 2054, 1969, -1,
 1559, 1182, 1492, -1, 2054, 1793, 1969, -1, 1969, 1793, 1767, -1,
 1969, 1767, 1918, -1, 1918, 1767, 1656, -1, 1918, 1656, 1732, -1,
 1732, 1656, 1438, -1, 1732, 1438, 1559, -1, 1559, 1438, 1355, -1,
 1559, 1355, 1311, -1, 1182, 1059, 1492, -1, 1492, 1059, 824, -1,
 1492, 824, 1252, -1, 1252, 824, 615, -1, 1252, 615, 1243, -1,
 615, 609, 1243, -1, 1243, 609, 484, -1, 1243, 484, 1012, -1,
 1012, 484, 443, -1, 1012, 443, 968, -1, 443, 398, 968, -1,
 968, 398, 281, -1, 968, 281, 859, -1, 859, 281, 266, -1,
 859, 266, 753, -1, 753, 266, 206, -1, 753, 206, 719, -1,
 206, 111, 719, -1, 719, 111, 80, -1, 719, 80, 668, -1,
 668, 80, 139, -1, 668, 139, 713, -1, 139, 148, 713, -1,
 713, 148, 178, -1, 713, 178, 862, -1, 862, 178, 306, -1,
 862, 306, 886, -1, 306, 340, 886, -1, 886, 340, 368, -1,
 886, 368, 1054, -1, 1054, 368, 467, -1, 1054, 467, 1121, -1,
 1121, 467, 541, -1, 1121, 541, 1281, -1, 541, 590, 1281, -1,
 1281, 590, 643, -1, 1281, 643, 1428, -1, 1428, 643, 1019, -1,
 1428, 1019, 1516, -1, 1019, 1102, 1516, -1, 1516, 1102, 1206, -1,
 1516, 1206, 1727, -1, 1727, 1206, 1466, -1, 1727, 1466, 1791, -1,
 1466, 1490, 1791, -1, 1791, 1490, 1681, -1, 1791, 1681, 1989, -1,
 1989, 1681, 1829, -1, 1989, 1829, 2018, -1, 2018, 1829, 1868, -1,
 2018, 1868, 2276, -1, 1868, 2102, 2276, -1, 2276, 2102, 2149, -1,
 2276, 2149, 2355, -1, 2355, 2149, 2243, -1, 2355, 2243, 2499, -1,
 2243, 2415, 2499, -1, 2499, 2415, 2559, -1, 2499, 2559, 2713, -1,
 2713, 2559, 2623, -1, 2713, 2623, 2780, -1, 2623, 2759, 2780, -1,
 2780, 2759, 2948, -1, 2780, 2948, 3034, -1, 3034, 2948, 3057, -1,
 3034, 3057, 3043, -1, 3043, 3057, 3079, -1, 3043, 3079, 3272, -1,
 3079, 3332, 3272, -1, 3272, 3332, 3389, -1, 3272, 3389, 3349, -1,
 3349, 3389, 3459, -1, 3349, 3459, 3574, -1, 3459, 3650, 3574, -1,
 3574, 3650, 3778, -1, 3574, 3778, 3699, -1, 3699, 3778, 3832, -1,
 3699, 3832, 3828, -1, 3832, 3965, 3828, -1, 3828, 3965, 4129, -1,
 3828, 4129, 4002, -1, 4002, 4129, 4235, -1, 4002, 4235, 4036, -1,
 4036, 4235, 4303, -1, 4036, 4303, 4308, -1, 4308, 4303, 4531, -1,
 4531, 4576, 4308, -1, 4308, 4576, 4616, -1, 4308, 4616, 4346, -1,
 4346, 4616, 4693, -1, 4346, 4693, 4509, -1, 4693, 4993, 4509, -1,
 4509, 4993, 5041, -1, 4509, 5041, 4637, -1, 4637, 5041, 5237, -1,
 4637, 5237, 4752, -1, 5237, 5342, 4752, -1, 4752, 5342, 5365, -1,
 4752, 5365, 4909, -1, 4909, 5365, 5441, -1, 4909, 5441, 4943, -1,
 5441, 5489, 4943, -1, 4943, 5489, 5562, -1, 4943, 5562, 5102, -1,
 5102, 5562, 5616, -1, 5102, 5616, 5120, -1, 5747, 5179, 5768, -1,
 5768, 5179, 5120, -1, 5768, 5120, 5645, -1, 5645, 5120, 5616, -1,
 5696, 5087, 5747, -1, 5747, 5087, 5204, -1, 5747, 5204, 5179, -1,
 5696, 5670, 5087, -1, 5087, 5670, 5623, -1, 5087, 5623, 5000, -1,
 5000, 5623, 5498, -1, 5000, 5498, 4941, -1, 5498, 5494, 4941, -1,
 4941, 5494, 5468, -1, 4941, 5468, 4776, -1, 4776, 5468, 5339, -1,
 4776, 5339, 4756, -1, 5339, 5305, 4756, -1, 4756, 5305, 5261, -1,
 4756, 5261, 4508, -1, 4508, 5261, 4980, -1, 4508, 4980, 4469, -1,
 4469, 4980, 4852, -1, 4469, 4852, 4304, -1, 4852, 4670, 4304, -1,
 4304, 4670, 4610, -1, 4304, 4610, 4159, -1, 4159, 4610, 4418, -1,
 4159, 4418, 4027, -1, 4418, 4298, 4027, -1, 4027, 4298, 4208, -1,
 4027, 4208, 3882, -1, 3882, 4208, 4040, -1, 3882, 4040, 3802, -1,
 3802, 4040, 3963, -1, 3802, 3963, 3571, -1, 3571, 3963, 3806, -1,
 3806, 3667, 3571, -1, 3571, 3667, 3646, -1, 3571, 3646, 3548, -1,
 3548, 3646, 3362, -1, 3548, 3362, 3266, -1, 3266, 3362, 3329, -1,
 3266, 3329, 3192, -1, 3192, 3329, 3294, -1, 3192, 3294, 3030, -1,
 3294, 3040, 3030, -1, 3030, 3040, 2946, -1, 3030, 2946, 2866, -1,
 2866, 2946, 2840, -1, 2866, 2840, 2776, -1, 2840, 2752, 2776, -1,
 2776, 2752, 2533, -1, 2776, 2533, 2509, -1, 2509, 2533, 2457, -1,
 2509, 2457, 2492, -1, 2457, 2410, 2492, -1, 2492, 2410, 2127, -1,
 2492, 2127, 2274, -1, 2274, 2127, 2122, -1, 2274, 2122, 2203, -1,
 2203, 2122, 2075, -1, 2203, 2075, 1985, -1, 1553, 1180, 1513, -1,
 2075, 1821, 1985, -1, 1985, 1821, 1765, -1, 1985, 1765, 1899, -1,
 1899, 1765, 1654, -1, 1899, 1654, 1792, -1, 1792, 1654, 1489, -1,
 1792, 1489, 1553, -1, 1553, 1489, 1353, -1, 1553, 1353, 1309, -1,
 1180, 1097, 1513, -1, 1513, 1097, 822, -1, 1513, 822, 1277, -1,
 1277, 822, 641, -1, 1277, 641, 1247, -1, 641, 613, 1247, -1,
 1247, 613, 482, -1, 1247, 482, 1052, -1, 1052, 482, 459, -1,
 1052, 459, 961, -1, 459, 396, 961, -1, 961, 396, 279, -1,
 961, 279, 896, -1, 896, 279, 274, -1, 896, 274, 748, -1,
 748, 274, 204, -1, 748, 204, 727, -1, 204, 132, 727, -1,
 727, 132, 78, -1, 727, 78, 673, -1, 673, 78, 133, -1,
 673, 133, 687, -1, 133, 146, 687, -1, 687, 146, 176, -1,
 687, 176, 850, -1, 850, 176, 275, -1, 850, 275, 892, -1,
 892, 275, 338, -1, 892, 338, 1041, -1, 1041, 338, 366, -1,
 1041, 366, 447, -1, 447, 539, 1128, -1, 1128, 539, 588, -1,
 1128, 588, 1249, -1, 1249, 588, 634, -1, 1249, 634, 1435, -1,
 1435, 634, 1017, -1, 1435, 1017, 1494, -1, 1017, 1056, 1494, -1,
 1494, 1056, 1204, -1, 1494, 1204, 1729, -1, 1729, 1204, 1440, -1,
 1729, 1440, 1758, -1, 1758, 1440, 1464, -1, 1758, 1464, 1971, -1,
 1464, 1679, 1971, -1, 1971, 1679, 1804, -1, 1971, 1804, 2048, -1,
 2048, 1804, 1866, -1, 2048, 1866, 2263, -1, 1866, 2060, 2263, -1,
 2263, 2060, 2100, -1, 2263, 2100, 2385, -1, 2385, 2100, 2241, -1,
 2385, 2241, 2446, -1, 2241, 2390, 2446, -1, 2446, 2390, 2557, -1,
 2446, 2557, 2745, -1, 2745, 2557, 2621, -1, 2745, 2621, 2757, -1,
 2621, 2709, 2757, -1, 2757, 2709, 2944, -1, 2757, 2944, 3015, -1,
 3015, 2944, 3022, -1, 3015, 3022, 3099, -1, 3099, 3022, 3077, -1,
 3099, 3077, 3244, -1, 3077, 3284, 3244, -1, 3244, 3284, 3387, -1,
 3244, 3387, 3432, -1, 3432, 3387, 3457, -1, 3432, 3457, 3537, -1,
 3457, 3624, 3537, -1, 3537, 3624, 3776, -1, 3537, 3776, 3728, -1,
 3728, 3776, 3830, -1, 3728, 3830, 3758, -1, 3830, 3945, 3758, -1,
 3758, 3945, 4127, -1, 3758, 4127, 3995, -1, 4127, 4233, 3995, -1,
 3995, 4233, 4264, -1, 3995, 4264, 4029, -1, 4029, 4264, 4529, -1,
 4029, 4529, 4285, -1, 4529, 4572, 4285, -1, 4285, 4572, 4574, -1,
 4285, 4574, 4364, -1, 4364, 4574, 4691, -1, 4364, 4691, 4490, -1,
 4691, 4949, 4490, -1, 4490, 4949, 5039, -1, 4490, 5039, 4649, -1,
 4649, 5039, 5235, -1, 4649, 5235, 4733, -1, 5235, 5328, 4733, -1,
 4733, 5328, 5363, -1, 4733, 5363, 4923, -1, 4923, 5363, 5431, -1,
 4923, 5431, 4932, -1, 5431, 5439, 4932, -1, 4932, 5439, 5560, -1,
 4932, 5560, 5081, -1, 5081, 5560, 5607, -1, 5081, 5607, 5140, -1,
 5607, 5643, 5140, -1, 5140, 5643, 5766, -1, 5140, 5766, 5173, -1,
 5173, 5766, 5753, -1, 5173, 5753, 5195, -1, 5753, 5694, 5195, -1,
 5195, 5694, 5668, -1, 5195, 5668, 5097, -1, 5097, 5668, 5637, -1,
 5097, 5637, 4987, -1, 4987, 5637, 5527, -1, 4987, 5527, 4961, -1,
 5527, 5496, 4961, -1, 4961, 5496, 5466, -1, 4961, 5466, 4787, -1,
 4787, 5466, 5349, -1, 4787, 5349, 4761, -1, 4761, 5349, 5303, -1,
 4761, 5303, 4551, -1, 4551, 5303, 5259, -1, 4551, 5259, 5064, -1,
 5064, 4850, 4453, -1, 4453, 4850, 4668, -1, 4453, 4668, 4322, -1,
 4322, 4668, 4653, -1, 4322, 4653, 4123, -1, 4123, 4653, 4416, -1,
 4123, 4416, 4073, -1, 4416, 4323, 4073, -1, 4073, 4323, 4206, -1,
 4073, 4206, 3870, -1, 3870, 4206, 4038, -1, 3870, 4038, 3867, -1,
 4038, 3985, 3867, -1, 3867, 3985, 3804, -1, 3867, 3804, 3593, -1,
 3593, 3804, 3690, -1, 3593, 3690, 3535, -1, 3535, 3690, 3665, -1,
 3535, 3665, 3285, -1, 3665, 3424, 3285, -1, 3285, 3424, 3360, -1,
 3285, 3360, 3174, -1, 3174, 3360, 3292, -1, 3174, 3292, 3101, -1,
 3292, 3119, 3101, -1, 3101, 3119, 2942, -1, 3101, 2942, 2826, -1,
 2826, 2942, 2838, -1, 2826, 2838, 2794, -1, 2794, 2838, 2781, -1,
 2794, 2781, 2587, -1, 2587, 2781, 2531, -1, 2531, 2455, 2587, -1,
 2587, 2455, 2431, -1, 2587, 2431, 2493, -1, 2493, 2431, 2300, -1,
 2431, 2170, 2300, -1, 2300, 2170, 2125, -1, 2300, 2125, 2185, -1,
 2185, 2125, 2073, -1, 2185, 2073, 2004, -1, 1539, 1178, 1535, -1,
 2073, 1853, 2004, -1, 2004, 1853, 1763, -1, 2004, 1763, 1889, -1,
 1889, 1763, 1652, -1, 1889, 1652, 1813, -1, 1813, 1652, 1527, -1,
 1813, 1527, 1539, -1, 1539, 1527, 1351, -1, 1539, 1351, 1307, -1,
 1178, 1152, 1535, -1, 1535, 1152, 820, -1, 1535, 820, 1296, -1,
 1296, 820, 683, -1, 1296, 683, 1238, -1, 683, 611, 1238, -1,
 1238, 611, 480, -1, 1238, 480, 1073, -1, 1073, 480, 475, -1,
 1073, 475, 951, -1, 951, 475, 394, -1, 951, 394, 910, -1,
 394, 312, 910, -1, 910, 312, 277, -1, 910, 277, 733, -1,
 733, 277, 202, -1, 733, 202, 726, -1, 124, 684, 76, -1,
 76, 684, 726, -1, 76, 726, 199, -1, 199, 726, 202, -1,
 144, 843, 124, -1, 124, 843, 677, -1, 124, 677, 684, -1,
 144, 174, 843, -1, 843, 174, 261, -1, 843, 261, 901, -1,
 901, 261, 336, -1, 901, 336, 1003, -1, 336, 364, 1003, -1,
 1003, 364, 431, -1, 1003, 431, 1137, -1, 1137, 431, 537, -1,
 1137, 537, 1232, -1, 1232, 537, 575, -1, 1232, 575, 1448, -1,
 1448, 575, 586, -1, 1448, 586, 1450, -1, 586, 1001, 1450, -1,
 1450, 1001, 1015, -1, 1450, 1015, 1710, -1, 1710, 1015, 1202, -1,
 1710, 1202, 1397, -1, 1397, 1462, 1794, -1, 1794, 1462, 1677, -1,
 1794, 1677, 1954, -1, 1954, 1677, 1749, -1, 1954, 1749, 2058, -1,
 2058, 1749, 1864, -1, 2058, 1864, 2197, -1, 1864, 2015, 2197, -1,
 2197, 2015, 2098, -1, 2197, 2098, 2396, -1, 2396, 2098, 2239, -1,
 2396, 2239, 2423, -1, 2423, 2239, 2344, -1, 2423, 2344, 2717, -1,
 2717, 2344, 2555, -1, 2555, 2619, 2717, -1, 2717, 2619, 2685, -1,
 2717, 2685, 2760, -1, 2760, 2685, 2940, -1, 2760, 2940, 3003, -1,
 3003, 2940, 3004, -1, 3003, 3004, 3120, -1, 3120, 3004, 3222, -1,
 3004, 3252, 3222, -1, 3222, 3252, 3253, -1, 3222, 3253, 3449, -1,
 3449, 3253, 3423, -1, 3449, 3423, 3511, -1, 3423, 3595, 3511, -1,
 3511, 3595, 3640, -1, 3511, 3640, 3741, -1, 3640, 3856, 3741, -1,
 3741, 3856, 3925, -1, 3741, 3925, 3743, -1, 3743, 3925, 3986, -1,
 3743, 3986, 3973, -1, 3973, 3986, 4189, -1, 3973, 4189, 4063, -1,
 4378, 4820, 4452, -1, 4452, 4820, 4888, -1, 4452, 4888, 4657, -1,
 4189, 4280, 4063, -1, 4063, 4280, 4385, -1, 4063, 4385, 4231, -1,
 4231, 4385, 4513, -1, 4231, 4513, 4378, -1, 4378, 4513, 4745, -1,
 4378, 4745, 4820, -1, 4888, 5288, 4657, -1, 4657, 5288, 5291, -1,
 4657, 5291, 4715, -1, 4715, 5291, 5297, -1, 4715, 5297, 4891, -1,
 4891, 5297, 5424, -1, 4891, 5424, 4939, -1, 4939, 5424, 5437, -1,
 5437, 5534, 4939, -1, 4939, 5534, 5537, -1, 4939, 5537, 5066, -1,
 5066, 5537, 5597, -1, 5066, 5597, 5148, -1, 5597, 5732, 5148, -1,
 5148, 5732, 5734, -1, 5148, 5734, 5168, -1, 5168, 5734, 5739, -1,
 5168, 5739, 5184, -1, 5184, 5739, 5752, -1, 5184, 5752, 5135, -1,
 5135, 5752, 5641, -1, 5641, 5624, 5135, -1, 5135, 5624, 5550, -1,
 5135, 5550, 4979, -1, 4979, 5550, 5542, -1, 4979, 5542, 4976, -1,
 4976, 5542, 5416, -1, 4976, 5416, 4811, -1, 4811, 5416, 5360, -1,
 4811, 5360, 4746, -1, 3991, 3860, 4026, -1, 4026, 3860, 3891, -1,
 4026, 3891, 4119, -1, 4119, 3891, 4093, -1, 4119, 4093, 4369, -1,
 4369, 4093, 4112, -1, 4369, 4112, 4521, -1, 5360, 5353, 4746, -1,
 4746, 5353, 5155, -1, 4746, 5155, 4564, -1, 4564, 5155, 5132, -1,
 4564, 5132, 4442, -1, 4442, 5132, 4975, -1, 4442, 4975, 4357, -1,
 4357, 4975, 4724, -1, 4357, 4724, 4112, -1, 4112, 4724, 4566, -1,
 4112, 4566, 4521, -1, 335, 328, 919, -1, 5495, 5525, 4959, -1,
 337, 331, 929, -1, 5304, 5340, 4757, -1, 5497, 5520, 4946, -1,
 542, 532, 1157, -1, 5308, 5329, 4731, -1, 201, 227, 716, -1,
 2809, 2751, 2701, -1, 4757, 5340, 4762, -1, 5695, 5728, 5188, -1,
 5697, 5726, 5170, -1, 149, 137, 708, -1, 5699, 5721, 5158, -1,
 343, 313, 894, -1, 151, 141, 731, -1, 5503, 5544, 4986, -1,
 5701, 5717, 5142, -1, 345, 318, 905, -1, 757, 747, 232, -1,
 5505, 5539, 4972, -1, 5127, 5136, 5632, -1, 347, 322, 917, -1,
 766, 741, 228, -1, 5105, 5137, 5640, -1, 349, 329, 926, -1,
 768, 739, 225, -1, 5318, 5338, 4754, -1, 554, 527, 1145, -1,
 5320, 5334, 4743, -1, 556, 533, 1158, -1, 5322, 5327, 4730, -1,
 5664, 5626, 5130, -1, 1951, 1937, 2056, -1, 2734, 2774, 2777, -1,
 2890, 2904, 2901, -1, 2901, 2904, 2939, -1, 3943, 4120, 3873, -1,
 3943, 3873, 3866, -1, 3866, 3873, 3858, -1, 3866, 3858, 3706, -1,
 3858, 3767, 3706, -1, 3706, 3767, 3661, -1, 3706, 3661, 3656, -1,
 3656, 3661, 3540, -1, 3656, 3540, 3527, -1, 3527, 3540, 3523, -1,
 3523, 3540, 3447, -1, 3523, 3447, 3330, -1, 3447, 3426, 3330, -1,
 3330, 3426, 3344, -1, 3330, 3344, 3267, -1, 3267, 3344, 3213, -1,
 2939, 2904, 3065, -1, 3065, 2904, 3060, -1, 3065, 3060, 3067, -1,
 3067, 3060, 3118, -1, 3067, 3118, 3213, -1, 3213, 3118, 3189, -1,
 3213, 3189, 3267, -1, 2890, 2901, 2765, -1, 2765, 2901, 2756, -1,
 2765, 2756, 2689, -1, 2689, 2756, 2618, -1, 2689, 2618, 2651, -1,
 2297, 2326, 2278, -1, 2278, 2326, 2432, -1, 2278, 2432, 2408, -1,
 2408, 2432, 2442, -1, 2408, 2442, 2554, -1, 2554, 2442, 2651, -1,
 2554, 2651, 2609, -1, 2609, 2651, 2618, -1, 2278, 2238, 2297, -1,
 2297, 2238, 2097, -1, 2297, 2097, 2196, -1, 2196, 2097, 2069, -1,
 2196, 2069, 2065, -1, 2065, 2069, 1952, -1, 2065, 1952, 2045, -1,
 2045, 1952, 1863, -1, 2045, 1863, 1947, -1, 1947, 1863, 1808, -1,
 1947, 1808, 1934, -1, 1934, 1808, 1676, -1, 1934, 1676, 1828, -1,
 1828, 1676, 1605, -1, 1828, 1605, 1755, -1, 1755, 1605, 1461, -1,
 1755, 1461, 1701, -1, 1701, 1461, 1441, -1, 1701, 1441, 1565, -1,
 1565, 1441, 1274, -1, 1565, 1274, 1563, -1, 1563, 1274, 1201, -1,
 1563, 1201, 1456, -1, 1201, 1053, 1456, -1, 1456, 1053, 1014, -1,
 1456, 1014, 1405, -1, 1405, 1014, 854, -1, 1405, 854, 1349, -1,
 3170, 3171, 3208, -1, 3208, 3171, 3273, -1, 3035, 3036, 3075, -1,
 3035, 3075, 3170, -1, 3170, 3075, 3152, -1, 3170, 3152, 3171, -1,
 3036, 3035, 2991, -1, 2991, 3035, 2906, -1, 2991, 2906, 2910, -1,
 2777, 2774, 2886, -1, 2886, 2774, 2861, -1, 2886, 2861, 2906, -1,
 2906, 2861, 2905, -1, 2906, 2905, 2910, -1, 2734, 2777, 2664, -1,
 2664, 2777, 2671, -1, 2664, 2671, 2501, -1, 2501, 2671, 2529, -1,
 2501, 2529, 2478, -1, 2478, 2529, 2485, -1, 2478, 2485, 2444, -1,
 2444, 2485, 2364, -1, 2444, 2364, 2342, -1, 2342, 2364, 2317, -1,
 2317, 2364, 2267, -1, 2317, 2267, 2232, -1, 2232, 2267, 2123, -1,
 2123, 2267, 2221, -1, 2123, 2221, 2064, -1, 2064, 2221, 1946, -1,
 1946, 2221, 1974, -1, 1946, 1974, 1941, -1, 1941, 1974, 1917, -1,
 1941, 1917, 1816, -1, 1816, 1917, 1861, -1, 1816, 1861, 1724, -1,
 1724, 1861, 1750, -1, 1724, 1750, 1714, -1, 1287, 1295, 1491, -1,
 1491, 1295, 1347, -1, 1491, 1347, 1557, -1, 1557, 1347, 1503, -1,
 1557, 1503, 1594, -1, 1594, 1503, 1517, -1, 1594, 1517, 1750, -1,
 1750, 1517, 1626, -1, 1750, 1626, 1714, -1, 1287, 1491, 1166, -1,
 1166, 1491, 1377, -1, 1166, 1377, 1064, -1, 1064, 1377, 1251, -1,
 1064, 1251, 1011, -1, 816, 849, 1127, -1, 1127, 849, 1011, -1,
 1127, 1011, 1240, -1, 1240, 1011, 1251, -1, 845, 519, 927, -1,
 927, 519, 564, -1, 927, 564, 967, -1, 967, 564, 581, -1,
 967, 581, 1005, -1, 1005, 581, 639, -1, 1005, 639, 1127, -1,
 1127, 639, 809, -1, 1127, 809, 816, -1, 468, 512, 845, -1,
 845, 512, 516, -1, 845, 516, 519, -1, 845, 752, 468, -1,
 468, 752, 743, -1, 468, 743, 463, -1, 463, 743, 709, -1,
 680, 437, 709, -1, 709, 437, 444, -1, 709, 444, 463, -1,
 808, 438, 745, -1, 745, 438, 434, -1, 745, 434, 671, -1,
 671, 434, 435, -1, 671, 435, 680, -1, 680, 435, 436, -1,
 680, 436, 437, -1, 505, 464, 808, -1, 464, 461, 808, -1,
 808, 461, 451, -1, 808, 451, 438, -1, 808, 889, 505, -1,
 505, 889, 906, -1, 505, 906, 518, -1, 518, 906, 995, -1,
 518, 995, 525, -1, 525, 995, 1078, -1, 1124, 580, 1078, -1,
 1078, 580, 579, -1, 1078, 579, 525, -1, 1337, 817, 1228, -1,
 1228, 817, 737, -1, 1228, 737, 1124, -1, 1124, 737, 582, -1,
 1124, 582, 580, -1, 1106, 1088, 1432, -1, 1432, 1088, 1066, -1,
 1432, 1066, 1337, -1, 1337, 1066, 943, -1, 1337, 943, 817, -1,
 1432, 1445, 1106, -1, 1106, 1445, 1586, -1, 1106, 1586, 1285, -1,
 1285, 1586, 1298, -1, 1298, 1586, 1708, -1, 1298, 1708, 1454, -1,
 1454, 1708, 1529, -1, 1529, 1708, 1726, -1, 1529, 1726, 1548, -1,
 1548, 1726, 1841, -1, 1548, 1841, 1602, -1, 1602, 1841, 1754, -1,
 1754, 1841, 1960, -1, 1754, 1960, 1799, -1, 1799, 1960, 1937, -1,
 1937, 1960, 2017, -1, 1937, 2017, 2056, -1, 2334, 2161, 2230, -1,
 2230, 2161, 2053, -1, 2230, 2053, 2056, -1, 2056, 2053, 1972, -1,
 2056, 1972, 1951, -1, 2650, 2395, 2440, -1, 2440, 2395, 2382, -1,
 2440, 2382, 2354, -1, 2354, 2382, 2343, -1, 2354, 2343, 2334, -1,
 2334, 2343, 2262, -1, 2334, 2262, 2161, -1, 2887, 2768, 2753, -1,
 2753, 2768, 2703, -1, 2753, 2703, 2712, -1, 2712, 2703, 2600, -1,
 2712, 2600, 2650, -1, 2650, 2600, 2582, -1, 2650, 2582, 2395, -1,
 4152, 4445, 4033, -1, 4033, 4445, 4302, -1, 5384, 4764, 4875, -1,
 5032, 5591, 5581, -1, 5664, 5130, 5787, -1, 5787, 5130, 5164, -1,
 5787, 5164, 5763, -1, 5069, 5019, 5543, -1, 5543, 5019, 4985, -1,
 5543, 4985, 5517, -1, 4567, 5125, 5280, -1, 4890, 4456, 4871, -1,
 4871, 4456, 4351, -1, 1786, 1485, 1892, -1, 1892, 1485, 1617, -1,
 501, 1135, 1039, -1, 855, 264, 298, -1, 235, 755, 223, -1,
 223, 755, 714, -1, 801, 866, 314, -1, 314, 866, 895, -1,
 314, 895, 357, -1, 1304, 718, 607, -1, 964, 1434, 1036, -1,
 1036, 1434, 1551, -1, 5382, 4750, 4843, -1, 5021, 5589, 5579, -1,
 5622, 5122, 5662, -1, 5662, 5122, 5161, -1, 879, 269, 296, -1,
 239, 770, 221, -1, 221, 770, 722, -1, 4591, 4284, 4341, -1,
 1324, 1633, 1572, -1, 1057, 465, 497, -1, 417, 950, 411, -1,
 411, 950, 897, -1, 462, 381, 1050, -1, 1050, 381, 947, -1,
 4589, 4263, 4343, -1, 5519, 4942, 5511, -1, 5511, 4942, 5481, -1,
 1322, 1647, 1581, -1, 332, 933, 351, -1, 351, 933, 379, -1,
 524, 1134, 552, -1, 552, 1134, 1265, -1, 552, 1265, 601, -1,
 1692, 1909, 1988, -1, 4587, 4201, 4337, -1, 4816, 5387, 5376, -1,
 5425, 4922, 5452, -1, 5452, 4922, 4973, -1, 5523, 4952, 5509, -1,
 5509, 4952, 5479, -1, 5344, 4768, 5316, -1, 5316, 4768, 4644, -1,
 5316, 4644, 5272, -1, 4219, 4025, 3936, -1, 3163, 3289, 3246, -1,
 1175, 1191, 1709, -1, 1709, 1191, 1320, -1, 1086, 478, 493, -1,
 426, 970, 407, -1, 407, 970, 914, -1, 768, 225, 802, -1,
 4585, 4192, 4331, -1, 5105, 5640, 5068, -1, 5592, 5679, 5063, -1,
 5063, 5679, 5101, -1, 5536, 4965, 5507, -1, 5507, 4965, 5477, -1,
 5350, 4790, 5314, -1, 5314, 4790, 4654, -1, 1591, 1663, 1964, -1,
 1318, 1719, 1588, -1, 766, 228, 811, -1, 259, 185, 812, -1,
 812, 185, 776, -1, 4315, 4243, 3951, -1, 4583, 4180, 4321, -1,
 5127, 5632, 5061, -1, 5067, 5598, 5677, -1, 1604, 1661, 1975, -1,
 1316, 1752, 1597, -1, 757, 232, 846, -1, 806, 254, 183, -1,
 2437, 2379, 2358, -1, 2358, 2379, 2248, -1, 2358, 2248, 2332, -1,
 4299, 4241, 3939, -1, 4581, 4151, 4309, -1, 5030, 5124, 5625, -1,
 5625, 5124, 5131, -1, 5625, 5131, 5650, -1, 5701, 5142, 5675, -1,
 5675, 5142, 5070, -1, 5675, 5070, 5604, -1, 4675, 4354, 4202, -1,
 1966, 2080, 2277, -1, 1621, 1659, 1987, -1, 1314, 1788, 1608, -1,
 119, 83, 682, -1, 682, 83, 717, -1, 151, 731, 181, -1,
 181, 731, 800, -1, 181, 800, 247, -1, 1209, 1550, 1648, -1,
 3947, 3835, 3642, -1, 4407, 4116, 4534, -1, 4534, 4116, 4296, -1,
 4534, 4296, 4579, -1, 5745, 5771, 5182, -1, 5182, 5771, 5160, -1,
 5699, 5158, 5673, -1, 5673, 5158, 5078, -1, 5673, 5078, 5613, -1,
 1979, 2078, 2288, -1, 1312, 1356, 1620, -1, 689, 115, 81, -1,
 149, 708, 179, -1, 179, 708, 794, -1, 179, 794, 241, -1,
 307, 887, 341, -1, 341, 887, 369, -1, 3934, 3833, 3627, -1,
 5178, 5748, 5769, -1, 5697, 5170, 5671, -1, 5671, 5170, 5085, -1,
 5671, 5085, 5620, -1, 5552, 5001, 5499, -1, 5499, 5001, 4930, -1,
 4832, 4777, 5335, -1, 5335, 4777, 4744, -1, 5335, 4744, 5306, -1,
 1994, 2076, 2305, -1, 280, 898, 788, -1, 695, 114, 79, -1,
 790, 177, 691, -1, 691, 177, 147, -1, 691, 147, 135, -1,
 1049, 1129, 526, -1, 526, 1129, 1141, -1, 526, 1141, 540, -1,
 2695, 2657, 2622, -1, 2695, 2622, 2589, -1, 2922, 2920, 2802, -1,
 2802, 2920, 2786, -1, 3922, 3831, 3613, -1, 5561, 4982, 5086, -1,
 5174, 5749, 5767, -1, 5695, 5188, 5669, -1, 5669, 5188, 5092, -1,
 5669, 5092, 5629, -1, 3235, 3278, 3293, -1, 3235, 3293, 3410, -1,
 3007, 3009, 3139, -1, 3139, 3009, 3154, -1, 2005, 2074, 2316, -1,
 700, 112, 77, -1, 2683, 2645, 2620, -1, 2683, 2620, 2505, -1,
 2915, 2912, 2790, -1, 2790, 2912, 2770, -1, 3904, 3829, 3598, -1,
 5172, 5755, 5765, -1, 3544, 3637, 3664, -1, 3509, 3435, 3359, -1,
 3359, 3435, 3248, -1, 2809, 2701, 2877, -1, 2043, 2072, 2333, -1,
 807, 253, 276, -1, 201, 716, 75, -1, 75, 716, 703, -1,
 75, 703, 108, -1, 3019, 2989, 2887, -1, 2887, 2989, 2836, -1,
 2887, 2836, 2768, -1, 3250, 3318, 3151, -1, 3151, 3318, 3169, -1,
 3151, 3169, 3046, -1, 3046, 3169, 3098, -1, 3046, 3098, 3019, -1,
 3019, 3098, 3025, -1, 3019, 3025, 2989, -1, 3851, 3797, 3545, -1,
 3545, 3797, 3639, -1, 3545, 3639, 3437, -1, 3437, 3639, 3512, -1,
 3437, 3512, 3352, -1, 3352, 3512, 3478, -1, 3352, 3478, 3250, -1,
 3250, 3478, 3408, -1, 3250, 3408, 3318, -1, 3851, 3545, 3852, -1,
 3852, 3545, 3654, -1, 3852, 3654, 3961, -1, 4255, 3941, 4302, -1,
 4302, 3941, 4005, -1, 4302, 4005, 4033, -1, 3654, 3703, 3961, -1,
 3961, 3703, 3773, -1, 3961, 3773, 4103, -1, 4103, 3773, 3941, -1,
 4103, 3941, 4148, -1, 4148, 3941, 4255, -1, 4310, 4595, 4152, -1,
 4152, 4595, 4550, -1, 4152, 4550, 4445, -1, 5384, 5347, 4764, -1,
 4764, 5347, 5256, -1, 4764, 5256, 4651, -1, 4651, 5256, 5233, -1,
 4651, 5233, 4636, -1, 4636, 5233, 5060, -1, 4636, 5060, 4518, -1,
 4518, 5060, 5029, -1, 4518, 5029, 4405, -1, 4405, 5029, 4822, -1,
 4405, 4822, 4345, -1, 4345, 4822, 4712, -1, 4345, 4712, 4310, -1,
 4310, 4712, 4621, -1, 4310, 4621, 4595, -1, 5032, 5581, 4953, -1,
 4953, 5581, 5522, -1, 4953, 5522, 4908, -1, 4908, 5522, 5460, -1,
 4908, 5460, 4875, -1, 4875, 5460, 5411, -1, 4875, 5411, 5384, -1,
 5591, 5032, 5626, -1, 5626, 5032, 5119, -1, 5626, 5119, 5130, -1,
 5763, 5164, 5741, -1, 5741, 5164, 5190, -1, 5741, 5190, 5716, -1,
 5716, 5190, 5219, -1, 5716, 5219, 5139, -1, 5543, 5601, 5069, -1,
 5069, 5601, 5689, -1, 5069, 5689, 5139, -1, 5139, 5689, 5715, -1,
 5139, 5715, 5716, -1, 4567, 5280, 4713, -1, 4713, 5280, 5298, -1,
 4713, 5298, 4795, -1, 4795, 5298, 5324, -1, 4795, 5324, 4817, -1,
 4817, 5324, 5359, -1, 4817, 5359, 4886, -1, 4886, 5359, 5426, -1,
 4886, 5426, 4985, -1, 4985, 5426, 5487, -1, 4985, 5487, 5517, -1,
 5125, 4567, 4890, -1, 4890, 4567, 4488, -1, 4890, 4488, 4456, -1,
 4200, 4689, 4351, -1, 4351, 4689, 4719, -1, 4351, 4719, 4871, -1,
 3964, 4227, 4083, -1, 4083, 4227, 4356, -1, 4083, 4356, 4174, -1,
 4174, 4356, 4437, -1, 4174, 4437, 4200, -1, 4200, 4437, 4505, -1,
 4200, 4505, 4689, -1, 3597, 3825, 3722, -1, 3722, 3825, 3890, -1,
 3722, 3890, 3876, -1, 3876, 3890, 3997, -1, 3876, 3997, 3902, -1,
 3902, 3997, 4059, -1, 3902, 4059, 3964, -1, 3964, 4059, 4167, -1,
 3964, 4167, 4227, -1, 3286, 3425, 3490, -1, 3490, 3425, 3570, -1,
 3490, 3570, 3564, -1, 3564, 3570, 3686, -1, 3564, 3686, 3597, -1,
 3597, 3686, 3696, -1, 3597, 3696, 3825, -1, 2884, 2987, 3070, -1,
 3070, 2987, 3104, -1, 3070, 3104, 3179, -1, 3179, 3104, 3228, -1,
 3179, 3228, 3206, -1, 3206, 3228, 3313, -1, 3206, 3313, 3286, -1,
 3286, 3313, 3381, -1, 3286, 3381, 3425, -1, 2680, 2643, 2789, -1,
 2789, 2643, 2767, -1, 2789, 2767, 2884, -1, 2884, 2767, 2859, -1,
 2884, 2859, 2987, -1, 1963, 2094, 2275, -1, 2094, 2146, 2275, -1,
 2275, 2146, 2148, -1, 2275, 2148, 2388, -1, 2388, 2148, 2296, -1,
 2388, 2296, 2503, -1, 2503, 2296, 2418, -1, 2503, 2418, 2527, -1,
 2527, 2418, 2476, -1, 2527, 2476, 2680, -1, 2680, 2476, 2552, -1,
 2680, 2552, 2643, -1, 1673, 1984, 1617, -1, 1617, 1984, 1915, -1,
 1617, 1915, 1892, -1, 2275, 2219, 1963, -1, 1963, 2219, 2154, -1,
 1963, 2154, 1819, -1, 1819, 2154, 1984, -1, 1819, 1984, 1784, -1,
 1784, 1984, 1673, -1, 1606, 1328, 1786, -1, 1786, 1328, 1372, -1,
 1786, 1372, 1485, -1, 501, 520, 1135, -1, 1135, 520, 632, -1,
 1135, 632, 1246, -1, 1246, 632, 636, -1, 1246, 636, 1260, -1,
 1260, 636, 841, -1, 1260, 841, 1388, -1, 1388, 841, 885, -1,
 1388, 885, 1505, -1, 1505, 885, 1079, -1, 1505, 1079, 1570, -1,
 1570, 1079, 1199, -1, 1570, 1199, 1606, -1, 1606, 1199, 1282, -1,
 1606, 1282, 1328, -1, 855, 298, 931, -1, 931, 298, 359, -1,
 931, 359, 975, -1, 975, 359, 415, -1, 975, 415, 1039, -1,
 1039, 415, 445, -1, 1039, 445, 501, -1, 264, 855, 235, -1,
 235, 855, 762, -1, 235, 762, 755, -1, 732, 142, 652, -1,
 652, 142, 97, -1, 652, 97, 714, -1, 714, 97, 103, -1,
 714, 103, 223, -1, 314, 248, 801, -1, 801, 248, 195, -1,
 801, 195, 732, -1, 732, 195, 165, -1, 732, 165, 142, -1,
 1304, 607, 1171, -1, 1171, 607, 561, -1, 1171, 561, 1099, -1,
 1099, 561, 558, -1, 1099, 558, 1069, -1, 1069, 558, 477, -1,
 1069, 477, 986, -1, 986, 477, 420, -1, 986, 420, 895, -1,
 895, 420, 385, -1, 895, 385, 357, -1, 718, 1304, 964, -1,
 964, 1304, 1408, -1, 964, 1408, 1434, -1, 1649, 1223, 1551, -1,
 1551, 1223, 1165, -1, 1551, 1165, 1036, -1, 1949, 1698, 1826, -1,
 1826, 1698, 1543, -1, 1826, 1543, 1740, -1, 1740, 1543, 1483, -1,
 1740, 1483, 1649, -1, 1649, 1483, 1385, -1, 1649, 1385, 1223, -1,
 2318, 2119, 2194, -1, 2194, 2119, 2010, -1, 2194, 2010, 2042, -1,
 2042, 2010, 1898, -1, 2042, 1898, 2033, -1, 2033, 1898, 1886, -1,
 2033, 1886, 1949, -1, 1949, 1886, 1721, -1, 1949, 1721, 1698, -1,
 2616, 2500, 2427, -1, 2427, 2500, 2351, -1, 2427, 2351, 2369, -1,
 2369, 2351, 2260, -1, 2369, 2260, 2318, -1, 2318, 2260, 2200, -1,
 2318, 2200, 2119, -1, 3054, 2985, 2833, -1, 2833, 2985, 2818, -1,
 2833, 2818, 2739, -1, 2739, 2818, 2692, -1, 2739, 2692, 2726, -1,
 2726, 2692, 2640, -1, 2726, 2640, 2616, -1, 2616, 2640, 2576, -1,
 2616, 2576, 2500, -1, 3238, 3279, 3140, -1, 3140, 3279, 3156, -1,
 3140, 3156, 3054, -1, 3054, 3156, 3096, -1, 3054, 3096, 2985, -1,
 3950, 3849, 3643, -1, 3849, 3795, 3643, -1, 3643, 3795, 3766, -1,
 3643, 3766, 3532, -1, 3532, 3766, 3623, -1, 3532, 3623, 3422, -1,
 3422, 3623, 3499, -1, 3422, 3499, 3412, -1, 3412, 3499, 3476, -1,
 3412, 3476, 3238, -1, 3238, 3476, 3406, -1, 3238, 3406, 3279, -1,
 4281, 4253, 3931, -1, 3643, 3715, 3950, -1, 3950, 3715, 3762, -1,
 3950, 3762, 4088, -1, 4088, 3762, 3931, -1, 4088, 3931, 4146, -1,
 4146, 3931, 4253, -1, 3931, 4015, 4281, -1, 4281, 4015, 4018, -1,
 4281, 4018, 4408, -1, 4408, 4018, 4117, -1, 4408, 4117, 4548, -1,
 4548, 4117, 4300, -1, 4548, 4300, 4593, -1, 5382, 5341, 4750, -1,
 4750, 5341, 5254, -1, 4750, 5254, 4641, -1, 4641, 5254, 5229, -1,
 4641, 5229, 4630, -1, 4630, 5229, 5058, -1, 4630, 5058, 4501, -1,
 4501, 5058, 4981, -1, 4501, 4981, 4392, -1, 4392, 4981, 4798, -1,
 4392, 4798, 4339, -1, 4339, 4798, 4710, -1, 4339, 4710, 4300, -1,
 4300, 4710, 4607, -1, 4300, 4607, 4593, -1, 5021, 5579, 4947, -1,
 4947, 5579, 5491, -1, 4947, 5491, 4901, -1, 4901, 5491, 5458, -1,
 4901, 5458, 4843, -1, 4843, 5458, 5406, -1, 4843, 5406, 5382, -1,
 5589, 5021, 5622, -1, 5622, 5021, 5112, -1, 5622, 5112, 5122, -1,
 5157, 5720, 5209, -1, 5209, 5720, 5785, -1, 5209, 5785, 5161, -1,
 5161, 5785, 5754, -1, 5161, 5754, 5662, -1, 5548, 5612, 5077, -1,
 5077, 5612, 5687, -1, 5077, 5687, 5157, -1, 5157, 5687, 5713, -1,
 5157, 5713, 5720, -1, 5077, 5006, 5548, -1, 5548, 5006, 5002, -1,
 5548, 5002, 5515, -1, 5515, 5002, 5485, -1, 5485, 5002, 5435, -1,
 5435, 5002, 4920, -1, 5435, 4920, 5389, -1, 5389, 4920, 4827, -1,
 5389, 4827, 5327, -1, 5327, 4827, 4781, -1, 5327, 4781, 4730, -1,
 4260, 4687, 4366, -1, 4366, 4687, 4736, -1, 4366, 4736, 4474, -1,
 4474, 4736, 4869, -1, 4474, 4869, 4480, -1, 4480, 4869, 4927, -1,
 4480, 4927, 4601, -1, 4601, 4927, 5183, -1, 4601, 5183, 4730, -1,
 4730, 5183, 5278, -1, 4730, 5278, 5322, -1, 3974, 4225, 4096, -1,
 4096, 4225, 4375, -1, 4096, 4375, 4164, -1, 4164, 4375, 4435, -1,
 4164, 4435, 4260, -1, 4260, 4435, 4520, -1, 4260, 4520, 4687, -1,
 3612, 3823, 3736, -1, 3736, 3823, 3920, -1, 3736, 3920, 3887, -1,
 3887, 3920, 4032, -1, 3887, 4032, 3896, -1, 3896, 4032, 4057, -1,
 3896, 4057, 3974, -1, 3974, 4057, 4190, -1, 3974, 4190, 4225, -1,
 3321, 3439, 3502, -1, 3502, 3439, 3583, -1, 3502, 3583, 3554, -1,
 3554, 3583, 3684, -1, 3554, 3684, 3612, -1, 3612, 3684, 3732, -1,
 3612, 3732, 3823, -1, 3106, 3127, 3197, -1, 3197, 3127, 3239, -1,
 3197, 3239, 3211, -1, 3211, 3239, 3311, -1, 3211, 3311, 3321, -1,
 3321, 3311, 3379, -1, 3321, 3379, 3439, -1, 2693, 2656, 2801, -1,
 2801, 2656, 2784, -1, 2801, 2784, 2871, -1, 2871, 2784, 2857, -1,
 2871, 2857, 3106, -1, 3106, 2857, 2983, -1, 3106, 2983, 3127, -1,
 1977, 2092, 2286, -1, 2092, 2144, 2286, -1, 2286, 2144, 2160, -1,
 2286, 2160, 2399, -1, 2399, 2160, 2308, -1, 2399, 2308, 2514, -1,
 2514, 2308, 2430, -1, 2514, 2430, 2585, -1, 2585, 2430, 2474, -1,
 2585, 2474, 2693, -1, 2693, 2474, 2550, -1, 2693, 2550, 2656, -1,
 2286, 2208, 1977, -1, 1977, 2208, 2164, -1, 1977, 2164, 1843, -1,
 1843, 2164, 1998, -1, 1843, 1998, 1782, -1, 1782, 1998, 1924, -1,
 1782, 1924, 1671, -1, 1671, 1924, 1642, -1, 1642, 1924, 1905, -1,
 1642, 1905, 1501, -1, 1501, 1905, 1801, -1, 1501, 1801, 1370, -1,
 1370, 1801, 1616, -1, 1370, 1616, 1326, -1, 1275, 839, 1400, -1,
 1400, 839, 916, -1, 1400, 916, 1515, -1, 1515, 916, 1118, -1,
 1515, 1118, 1579, -1, 1579, 1118, 1197, -1, 1579, 1197, 1616, -1,
 1616, 1197, 1299, -1, 1616, 1299, 1326, -1, 1046, 499, 1146, -1,
 1146, 499, 528, -1, 1146, 528, 1269, -1, 1269, 528, 630, -1,
 1269, 630, 1275, -1, 1275, 630, 640, -1, 1275, 640, 839, -1,
 879, 296, 942, -1, 942, 296, 387, -1, 942, 387, 983, -1,
 983, 387, 413, -1, 983, 413, 1046, -1, 1046, 413, 456, -1,
 1046, 456, 499, -1, 269, 879, 239, -1, 239, 879, 777, -1,
 239, 777, 770, -1, 712, 138, 660, -1, 660, 138, 95, -1,
 660, 95, 722, -1, 722, 95, 116, -1, 722, 116, 221, -1,
 309, 242, 795, -1, 795, 242, 193, -1, 795, 193, 712, -1,
 712, 193, 163, -1, 712, 163, 138, -1, 795, 861, 309, -1,
 309, 861, 872, -1, 309, 872, 355, -1, 355, 872, 383, -1,
 383, 872, 392, -1, 392, 872, 956, -1, 392, 956, 471, -1,
 471, 956, 1062, -1, 471, 1062, 533, -1, 533, 1062, 1108, -1,
 533, 1108, 1158, -1, 1641, 1221, 1537, -1, 1537, 1221, 1142, -1,
 1537, 1142, 1415, -1, 1415, 1142, 1034, -1, 1415, 1034, 1404, -1,
 1404, 1034, 941, -1, 1404, 941, 1294, -1, 1294, 941, 648, -1,
 1294, 648, 1158, -1, 1158, 648, 605, -1, 1158, 605, 556, -1,
 1936, 1696, 1812, -1, 1812, 1696, 1523, -1, 1812, 1523, 1738, -1,
 1738, 1523, 1481, -1, 1738, 1481, 1641, -1, 1641, 1481, 1348, -1,
 1641, 1348, 1221, -1, 2307, 2117, 2182, -1, 2182, 2117, 1996, -1,
 2182, 1996, 2031, -1, 2031, 1996, 1884, -1, 2031, 1884, 2011, -1,
 2011, 1884, 1859, -1, 2011, 1859, 1936, -1, 1936, 1859, 1706, -1,
 1936, 1706, 1696, -1, 2605, 2482, 2414, -1, 2414, 2482, 2330, -1,
 2414, 2330, 2366, -1, 2366, 2330, 2258, -1, 2366, 2258, 2307, -1,
 2307, 2258, 2184, -1, 2307, 2184, 2117, -1, 2817, 2800, 2723, -1,
 2723, 2800, 2679, -1, 2723, 2679, 2708, -1, 2708, 2679, 2638, -1,
 2708, 2638, 2605, -1, 2605, 2638, 2574, -1, 2605, 2574, 2482, -1,
 3342, 3404, 3226, -1, 3226, 3404, 3257, -1, 3226, 3257, 3130, -1,
 3130, 3257, 3145, -1, 3130, 3145, 3052, -1, 3052, 3145, 3094, -1,
 3052, 3094, 2817, -1, 2817, 3094, 2981, -1, 2817, 2981, 2800, -1,
 3935, 3847, 3628, -1, 3847, 3793, 3628, -1, 3628, 3793, 3752, -1,
 3628, 3752, 3519, -1, 3519, 3752, 3610, -1, 3519, 3610, 3384, -1,
 3384, 3610, 3488, -1, 3384, 3488, 3342, -1, 3342, 3488, 3474, -1,
 3342, 3474, 3404, -1, 3628, 3713, 3935, -1, 3935, 3713, 3753, -1,
 3935, 3753, 4072, -1, 4072, 3753, 3916, -1, 4072, 3916, 4144, -1,
 4144, 3916, 3990, -1, 4591, 4569, 4284, -1, 4284, 4569, 4546, -1,
 4284, 4546, 4107, -1, 4107, 4546, 4391, -1, 4107, 4391, 4012, -1,
 4012, 4391, 4257, -1, 4012, 4257, 3990, -1, 3990, 4257, 4251, -1,
 3990, 4251, 4144, -1, 4617, 5056, 4494, -1, 4494, 5056, 4958, -1,
 4494, 4958, 4383, -1, 4383, 4958, 4763, -1, 4383, 4763, 4341, -1,
 4341, 4763, 4708, -1, 4341, 4708, 4591, -1, 4834, 5380, 4737, -1,
 4737, 5380, 5333, -1, 4737, 5333, 4632, -1, 4632, 5333, 5252, -1,
 4632, 5252, 4617, -1, 4617, 5252, 5226, -1, 4617, 5226, 5056, -1,
 4991, 5577, 4938, -1, 4938, 5577, 5462, -1, 4938, 5462, 4903, -1,
 4903, 5462, 5456, -1, 4903, 5456, 4834, -1, 4834, 5456, 5397, -1,
 4834, 5397, 5380, -1, 5167, 5725, 5217, -1, 5217, 5725, 5783, -1,
 5217, 5783, 5153, -1, 5153, 5783, 5738, -1, 5153, 5738, 5114, -1,
 5114, 5738, 5660, -1, 5114, 5660, 5100, -1, 5100, 5660, 5615, -1,
 5100, 5615, 4991, -1, 4991, 5615, 5583, -1, 4991, 5583, 5577, -1,
 5551, 5619, 5083, -1, 5083, 5619, 5685, -1, 5083, 5685, 5167, -1,
 5167, 5685, 5711, -1, 5167, 5711, 5725, -1, 5083, 5023, 5551, -1,
 5551, 5023, 5016, -1, 5551, 5016, 5513, -1, 5513, 5016, 5483, -1,
 5483, 5016, 5463, -1, 5463, 5016, 4926, -1, 5463, 4926, 5393, -1,
 5393, 4926, 4831, -1, 5393, 4831, 5334, -1, 5334, 4831, 4792, -1,
 5334, 4792, 4743, -1, 4278, 4685, 4380, -1, 4380, 4685, 4759, -1,
 4380, 4759, 4485, -1, 4485, 4759, 4867, -1, 4485, 4867, 4498, -1,
 4498, 4867, 4950, -1, 4498, 4950, 4609, -1, 4609, 4950, 5223, -1,
 4609, 5223, 4743, -1, 4743, 5223, 5276, -1, 4743, 5276, 5320, -1,
 3917, 4223, 3982, -1, 3982, 4223, 4229, -1, 3982, 4229, 4106, -1,
 4106, 4229, 4390, -1, 4106, 4390, 4172, -1, 4172, 4390, 4433, -1,
 4172, 4433, 4278, -1, 4278, 4433, 4559, -1, 4278, 4559, 4685, -1,
 3625, 3821, 3747, -1, 3747, 3821, 3932, -1, 3747, 3932, 3900, -1,
 3900, 3932, 4055, -1, 3900, 4055, 3917, -1, 3917, 4055, 4070, -1,
 3917, 4070, 4223, -1, 3333, 3482, 3514, -1, 3514, 3482, 3607, -1,
 3514, 3607, 3562, -1, 3562, 3607, 3682, -1, 3562, 3682, 3625, -1,
 3625, 3682, 3746, -1, 3625, 3746, 3821, -1, 2882, 2979, 3124, -1,
 3124, 2979, 3141, -1, 3124, 3141, 3204, -1, 3204, 3141, 3254, -1,
 3204, 3254, 3223, -1, 3223, 3254, 3309, -1, 3223, 3309, 3333, -1,
 3333, 3309, 3377, -1, 3333, 3377, 3482, -1, 2601, 2548, 2702, -1,
 2702, 2548, 2674, -1, 2702, 2674, 2811, -1, 2811, 2674, 2795, -1,
 2811, 2795, 2882, -1, 2882, 2795, 2855, -1, 2882, 2855, 2979, -1,
 1990, 2090, 2303, -1, 2090, 2142, 2303, -1, 2303, 2142, 2178, -1,
 2303, 2178, 2411, -1, 2411, 2178, 2327, -1, 2411, 2327, 2523, -1,
 2523, 2327, 2448, -1, 2523, 2448, 2601, -1, 2601, 2448, 2472, -1,
 2601, 2472, 2548, -1, 2303, 2217, 1990, -1, 1990, 2217, 2175, -1,
 1990, 2175, 1858, -1, 1858, 2175, 2012, -1, 1858, 2012, 1780, -1,
 1780, 2012, 1932, -1, 1324, 1338, 1633, -1, 1633, 1338, 1368, -1,
 1633, 1368, 1811, -1, 1811, 1368, 1522, -1, 1811, 1522, 1913, -1,
 1913, 1522, 1669, -1, 1913, 1669, 1932, -1, 1932, 1669, 1702, -1,
 1932, 1702, 1780, -1, 1284, 837, 1406, -1, 1406, 837, 935, -1,
 1406, 935, 1531, -1, 1531, 935, 1140, -1, 1531, 1140, 1572, -1,
 1572, 1140, 1195, -1, 1572, 1195, 1324, -1, 1057, 497, 1159, -1,
 1159, 497, 534, -1, 1159, 534, 1262, -1, 1262, 534, 628, -1,
 1262, 628, 1284, -1, 1284, 628, 645, -1, 1284, 645, 837, -1,
 465, 1057, 417, -1, 417, 1057, 977, -1, 417, 977, 950, -1,
 786, 294, 897, -1, 897, 294, 300, -1, 897, 300, 411, -1,
 698, 136, 664, -1, 664, 136, 93, -1, 664, 93, 729, -1,
 729, 93, 128, -1, 729, 128, 764, -1, 764, 128, 219, -1,
 764, 219, 786, -1, 786, 219, 245, -1, 786, 245, 294, -1,
 304, 236, 791, -1, 791, 236, 191, -1, 791, 191, 698, -1,
 698, 191, 161, -1, 698, 161, 136, -1, 791, 856, 304, -1,
 304, 856, 878, -1, 304, 878, 353, -1, 353, 878, 947, -1,
 353, 947, 362, -1, 362, 947, 381, -1, 462, 1050, 527, -1,
 527, 1050, 1114, -1, 527, 1114, 1145, -1, 1624, 1219, 1521, -1,
 1521, 1219, 1119, -1, 1521, 1119, 1422, -1, 1422, 1119, 1032, -1,
 1422, 1032, 1396, -1, 1396, 1032, 924, -1, 1396, 924, 1280, -1,
 1280, 924, 642, -1, 1280, 642, 1145, -1, 1145, 642, 603, -1,
 1145, 603, 554, -1, 1999, 1694, 1929, -1, 1929, 1694, 1645, -1,
 1929, 1645, 1800, -1, 1800, 1645, 1500, -1, 1800, 1500, 1734, -1,
 1734, 1500, 1479, -1, 1734, 1479, 1624, -1, 1624, 1479, 1332, -1,
 1624, 1332, 1219, -1, 2295, 2115, 2169, -1, 2169, 2115, 1980, -1,
 2169, 1980, 2027, -1, 2027, 1980, 1882, -1, 2027, 1882, 1999, -1,
 1999, 1882, 1846, -1, 1999, 1846, 1694, -1, 2590, 2438, 2402, -1,
 2402, 2438, 2312, -1, 2402, 2312, 2361, -1, 2361, 2312, 2256, -1,
 2361, 2256, 2295, -1, 2295, 2256, 2168, -1, 2295, 2168, 2115, -1,
 3048, 2977, 2804, -1, 2804, 2977, 2787, -1, 2804, 2787, 2719, -1,
 2719, 2787, 2663, -1, 2719, 2663, 2696, -1, 2696, 2663, 2636, -1,
 2696, 2636, 2590, -1, 2590, 2636, 2572, -1, 2590, 2572, 2438, -1,
 3325, 3402, 3218, -1, 3218, 3402, 3243, -1, 3218, 3243, 3113, -1,
 3113, 3243, 3134, -1, 3113, 3134, 3048, -1, 3048, 3134, 3092, -1,
 3048, 3092, 2977, -1, 3924, 3845, 3615, -1, 3845, 3791, 3615, -1,
 3615, 3791, 3735, -1, 3615, 3735, 3505, -1, 3505, 3735, 3587, -1,
 3505, 3587, 3356, -1, 3356, 3587, 3472, -1, 3356, 3472, 3325, -1,
 3325, 3472, 3451, -1, 3325, 3451, 3402, -1, 3615, 3708, 3924, -1,
 3924, 3708, 3740, -1, 3924, 3740, 4034, -1, 4034, 3740, 3892, -1,
 4034, 3892, 4142, -1, 4142, 3892, 3977, -1, 4589, 4554, 4263, -1,
 4263, 4554, 4544, -1, 4263, 4544, 4099, -1, 4099, 4544, 4376, -1,
 4099, 4376, 4008, -1, 4008, 4376, 4249, -1, 4008, 4249, 3977, -1,
 3977, 4249, 4196, -1, 3977, 4196, 4142, -1, 4608, 5054, 4465, -1,
 4465, 5054, 4934, -1, 4465, 4934, 4371, -1, 4371, 4934, 4742, -1,
 4371, 4742, 4343, -1, 4343, 4742, 4706, -1, 4343, 4706, 4589, -1,
 5430, 5392, 4828, -1, 4828, 5392, 5378, -1, 4828, 5378, 4727, -1,
 4727, 5378, 5301, -1, 4727, 5301, 4634, -1, 4634, 5301, 5250, -1,
 4634, 5250, 4608, -1, 4608, 5250, 5221, -1, 4608, 5221, 5054, -1,
 4828, 4905, 5430, -1, 5430, 4905, 4925, -1, 5430, 4925, 5454, -1,
 5454, 4925, 4983, -1, 5454, 4983, 5555, -1, 5555, 4983, 5575, -1,
 5575, 4983, 5089, -1, 5575, 5089, 5610, -1, 5610, 5089, 5658, -1,
 5658, 5089, 5116, -1, 5658, 5116, 5723, -1, 5723, 5116, 5146, -1,
 5723, 5146, 5781, -1, 5781, 5146, 5207, -1, 5781, 5207, 5727, -1,
 5727, 5207, 5177, -1, 5727, 5177, 5709, -1, 5709, 5177, 5683, -1,
 5683, 5177, 5091, -1, 5683, 5091, 5628, -1, 5628, 5091, 5557, -1,
 5557, 5091, 5028, -1, 5557, 5028, 5519, -1, 5519, 5028, 5004, -1,
 5519, 5004, 4942, -1, 5481, 4942, 5399, -1, 5399, 4942, 4837, -1,
 5399, 4837, 5338, -1, 5338, 4837, 4779, -1, 5338, 4779, 4754, -1,
 4289, 4683, 4386, -1, 4386, 4683, 4799, -1, 4386, 4799, 4472, -1,
 4472, 4799, 4865, -1, 4472, 4865, 4504, -1, 4504, 4865, 4968, -1,
 4504, 4968, 4619, -1, 4619, 4968, 5227, -1, 4619, 5227, 4754, -1,
 4754, 5227, 5274, -1, 4754, 5274, 5318, -1, 3928, 4221, 3996, -1,
 3996, 4221, 4274, -1, 3996, 4274, 4118, -1, 4118, 4274, 4409, -1,
 4118, 4409, 4162, -1, 4162, 4409, 4431, -1, 4162, 4431, 4289, -1,
 4289, 4431, 4599, -1, 4289, 4599, 4683, -1, 3638, 3819, 3757, -1,
 3757, 3819, 3946, -1, 3757, 3946, 3885, -1, 3885, 3946, 4053, -1,
 3885, 4053, 3928, -1, 3928, 4053, 4080, -1, 3928, 4080, 4221, -1,
 3353, 3493, 3531, -1, 3531, 3493, 3619, -1, 3531, 3619, 3551, -1,
 3551, 3619, 3680, -1, 3551, 3680, 3638, -1, 3638, 3680, 3761, -1,
 3638, 3761, 3819, -1, 3153, 3275, 3234, -1, 3234, 3275, 3307, -1,
 3234, 3307, 3353, -1, 3353, 3307, 3375, -1, 3353, 3375, 3493, -1,
 3234, 3195, 3153, -1, 3153, 3195, 3137, -1, 3153, 3137, 2975, -1,
 2975, 3137, 2869, -1, 2611, 2546, 2735, -1, 2735, 2546, 2687, -1,
 2735, 2687, 2829, -1, 2829, 2687, 2810, -1, 2829, 2810, 2869, -1,
 2869, 2810, 2853, -1, 2869, 2853, 2975, -1, 2003, 2088, 2314, -1,
 2088, 2140, 2314, -1, 2314, 2140, 2195, -1, 2314, 2195, 2424, -1,
 2424, 2195, 2345, -1, 2424, 2345, 2512, -1, 2512, 2345, 2470, -1,
 2512, 2470, 2611, -1, 2611, 2470, 2495, -1, 2611, 2495, 2546, -1,
 2314, 2206, 2003, -1, 2003, 2206, 2189, -1, 2003, 2189, 1895, -1,
 1895, 2189, 2044, -1, 1895, 2044, 1778, -1, 1778, 2044, 1942, -1,
 1322, 1366, 1647, -1, 1647, 1366, 1379, -1, 1647, 1379, 1820, -1,
 1820, 1379, 1542, -1, 1820, 1542, 1902, -1, 1902, 1542, 1667, -1,
 1902, 1667, 1942, -1, 1942, 1667, 1715, -1, 1942, 1715, 1778, -1,
 1297, 835, 1437, -1, 1437, 835, 963, -1, 1437, 963, 1546, -1,
 1546, 963, 1161, -1, 1546, 1161, 1581, -1, 1581, 1161, 1193, -1,
 1581, 1193, 1322, -1, 421, 473, 1070, -1, 1070, 473, 495, -1,
 1070, 495, 1170, -1, 1170, 495, 565, -1, 1170, 565, 1271, -1,
 1271, 565, 626, -1, 1271, 626, 1297, -1, 1297, 626, 693, -1,
 1297, 693, 835, -1, 1070, 985, 421, -1, 421, 985, 957, -1,
 421, 957, 409, -1, 409, 957, 908, -1, 409, 908, 305, -1,
 305, 908, 292, -1, 292, 908, 792, -1, 292, 792, 249, -1,
 249, 792, 217, -1, 217, 792, 772, -1, 217, 772, 167, -1,
 167, 772, 735, -1, 167, 735, 91, -1, 91, 735, 654, -1,
 91, 654, 131, -1, 131, 654, 686, -1, 131, 686, 159, -1,
 159, 686, 189, -1, 189, 686, 787, -1, 189, 787, 231, -1,
 231, 787, 273, -1, 273, 787, 848, -1, 273, 848, 332, -1,
 332, 848, 868, -1, 332, 868, 933, -1, 379, 933, 449, -1,
 449, 933, 1043, -1, 449, 1043, 524, -1, 524, 1043, 1101, -1,
 524, 1101, 1134, -1, 1460, 1292, 1610, -1, 1610, 1292, 1217, -1,
 1610, 1217, 1507, -1, 1507, 1217, 1077, -1, 1507, 1077, 1410, -1,
 1410, 1077, 1030, -1, 1410, 1030, 1387, -1, 1387, 1030, 903, -1,
 1387, 903, 1265, -1, 1265, 903, 637, -1, 1265, 637, 601, -1,
 1610, 1742, 1460, -1, 1460, 1742, 1761, -1, 1460, 1761, 1477, -1,
 1477, 1761, 1909, -1, 1477, 1909, 1625, -1, 1625, 1909, 1692, -1,
 2282, 2113, 2158, -1, 2158, 2113, 1968, -1, 2158, 1968, 2035, -1,
 2035, 1968, 1880, -1, 2035, 1880, 1988, -1, 1988, 1880, 1827, -1,
 1988, 1827, 1692, -1, 2506, 2422, 2389, -1, 2389, 2422, 2301, -1,
 2389, 2301, 2372, -1, 2372, 2301, 2254, -1, 2372, 2254, 2282, -1,
 2282, 2254, 2153, -1, 2282, 2153, 2113, -1, 2773, 2649, 2684, -1,
 2684, 2649, 2634, -1, 2684, 2634, 2506, -1, 2506, 2634, 2570, -1,
 2506, 2570, 2422, -1, 2684, 2728, 2773, -1, 2773, 2728, 2792, -1,
 2773, 2792, 2973, -1, 2973, 2792, 3056, -1, 3317, 3400, 3183, -1,
 3183, 3400, 3232, -1, 3183, 3232, 3074, -1, 3074, 3232, 3112, -1,
 3074, 3112, 3056, -1, 3056, 3112, 3090, -1, 3056, 3090, 2973, -1,
 3911, 3843, 3600, -1, 3843, 3789, 3600, -1, 3600, 3789, 3705, -1,
 3600, 3705, 3494, -1, 3494, 3705, 3576, -1, 3494, 3576, 3414, -1,
 3414, 3576, 3470, -1, 3414, 3470, 3317, -1, 3317, 3470, 3430, -1,
 3317, 3430, 3400, -1, 3600, 3717, 3911, -1, 3911, 3717, 3726, -1,
 3911, 3726, 3999, -1, 3999, 3726, 3874, -1, 3999, 3874, 4140, -1,
 4140, 3874, 3969, -1, 4587, 4542, 4201, -1, 4201, 4542, 4512, -1,
 4201, 4512, 4090, -1, 4090, 4512, 4359, -1, 4090, 4359, 4017, -1,
 4017, 4359, 4247, -1, 4017, 4247, 3969, -1, 3969, 4247, 4185, -1,
 3969, 4185, 4140, -1, 4597, 5052, 4451, -1, 4451, 5052, 4887, -1,
 4451, 4887, 4361, -1, 4361, 4887, 4723, -1, 4361, 4723, 4337, -1,
 4337, 4723, 4704, -1, 4337, 4704, 4587, -1, 4816, 5376, 4718, -1,
 4718, 5376, 5296, -1, 4718, 5296, 4628, -1, 4628, 5296, 5248, -1,
 4628, 5248, 4597, -1, 4597, 5248, 5154, -1, 4597, 5154, 5052, -1,
 5387, 4816, 5425, -1, 5425, 4816, 4899, -1, 5425, 4899, 4922, -1,
 5080, 5573, 4973, -1, 4973, 5573, 5547, -1, 4973, 5547, 5452, -1,
 5635, 5681, 5095, -1, 5095, 5681, 5707, -1, 5095, 5707, 5194, -1,
 5194, 5707, 5730, -1, 5194, 5730, 5211, -1, 5211, 5730, 5779, -1,
 5211, 5779, 5143, -1, 5143, 5779, 5666, -1, 5143, 5666, 5109, -1,
 5109, 5666, 5656, -1, 5109, 5656, 5080, -1, 5080, 5656, 5603, -1,
 5080, 5603, 5573, -1, 5635, 5095, 5584, -1, 5584, 5095, 5035, -1,
 5584, 5035, 5523, -1, 5523, 5035, 5008, -1, 5523, 5008, 4952, -1,
 5479, 4952, 5408, -1, 5408, 4952, 4846, -1, 5408, 4846, 5344, -1,
 5344, 4846, 4783, -1, 5344, 4783, 4768, -1, 4444, 4613, 4305, -1,
 4305, 4613, 4681, -1, 4305, 4681, 4403, -1, 4403, 4681, 4823, -1,
 4403, 4823, 4476, -1, 4476, 4823, 4863, -1, 4476, 4863, 4517, -1,
 4517, 4863, 4992, -1, 4517, 4992, 4644, -1, 4644, 4992, 5232, -1,
 4644, 5232, 5272, -1, 4305, 4166, 4444, -1, 4444, 4166, 4154, -1,
 4444, 4154, 4429, -1, 4429, 4154, 4025, -1, 4429, 4025, 4295, -1,
 4295, 4025, 4219, -1, 3648, 3817, 3770, -1, 3770, 3817, 3956, -1,
 3770, 3956, 3889, -1, 3889, 3956, 4051, -1, 3889, 4051, 3936, -1,
 3936, 4051, 4095, -1, 3936, 4095, 4219, -1, 3289, 3305, 3246, -1,
 3246, 3305, 3373, -1, 3246, 3373, 3434, -1, 3434, 3373, 3507, -1,
 3434, 3507, 3543, -1, 3543, 3507, 3635, -1, 3543, 3635, 3556, -1,
 3556, 3635, 3678, -1, 3556, 3678, 3648, -1, 3648, 3678, 3798, -1,
 3648, 3798, 3817, -1, 3246, 3199, 3163, -1, 3163, 3199, 3147, -1,
 3163, 3147, 3020, -1, 3020, 3147, 3014, -1, 2749, 2699, 2874, -1,
 2874, 2699, 2832, -1, 2874, 2832, 2876, -1, 2876, 2832, 2851, -1,
 2876, 2851, 3014, -1, 3014, 2851, 2971, -1, 3014, 2971, 3020, -1,
 2041, 2086, 2331, -1, 2086, 2138, 2331, -1, 2331, 2138, 2233, -1,
 2331, 2233, 2434, -1, 2434, 2233, 2375, -1, 2434, 2375, 2516, -1,
 2516, 2375, 2468, -1, 2516, 2468, 2642, -1, 2642, 2468, 2519, -1,
 2642, 2519, 2749, -1, 2749, 2519, 2544, -1, 2749, 2544, 2699, -1,
 2331, 2215, 2041, -1, 2041, 2215, 2210, -1, 2041, 2210, 1930, -1,
 1930, 2210, 2055, -1, 1930, 2055, 1776, -1, 1776, 2055, 1956, -1,
 1320, 1364, 1709, -1, 1709, 1364, 1392, -1, 1709, 1392, 1838, -1,
 1838, 1392, 1567, -1, 1838, 1567, 1907, -1, 1907, 1567, 1665, -1,
 1907, 1665, 1956, -1, 1956, 1665, 1751, -1, 1956, 1751, 1776, -1,
 1709, 1577, 1175, -1, 1175, 1577, 1558, -1, 1175, 1558, 999, -1,
 999, 1558, 1452, -1, 999, 1452, 833, -1, 833, 1452, 1333, -1,
 1086, 493, 1176, -1, 1176, 493, 568, -1, 1176, 568, 1267, -1,
 1267, 568, 624, -1, 1267, 624, 1333, -1, 1333, 624, 760, -1,
 1333, 760, 833, -1, 478, 1086, 426, -1, 426, 1086, 981, -1,
 426, 981, 970, -1, 225, 252, 802, -1, 802, 252, 290, -1,
 802, 290, 914, -1, 914, 290, 315, -1, 914, 315, 407, -1,
 126, 109, 702, -1, 702, 109, 89, -1, 702, 89, 739, -1,
 739, 89, 215, -1, 739, 215, 225, -1, 702, 658, 126, -1,
 126, 658, 665, -1, 126, 665, 157, -1, 157, 665, 782, -1,
 157, 782, 187, -1, 187, 782, 226, -1, 226, 782, 268, -1,
 268, 782, 844, -1, 268, 844, 329, -1, 329, 844, 874, -1,
 329, 874, 926, -1, 1381, 599, 1244, -1, 1244, 599, 583, -1,
 1244, 583, 1110, -1, 1110, 583, 550, -1, 1110, 550, 1103, -1,
 1103, 550, 517, -1, 1103, 517, 1013, -1, 1013, 517, 441, -1,
 1013, 441, 926, -1, 926, 441, 377, -1, 926, 377, 349, -1,
 1600, 1215, 1493, -1, 1493, 1215, 1055, -1, 1493, 1055, 1417, -1,
 1417, 1055, 1028, -1, 1417, 1028, 1381, -1, 1381, 1028, 857, -1,
 1381, 857, 599, -1, 1976, 1690, 1891, -1, 1891, 1690, 1607, -1,
 1891, 1607, 1747, -1, 1747, 1607, 1475, -1, 1747, 1475, 1743, -1,
 1743, 1475, 1443, -1, 1743, 1443, 1600, -1, 1600, 1443, 1276, -1,
 1600, 1276, 1215, -1, 2272, 2070, 2121, -1, 2121, 2070, 1955, -1,
 2121, 1955, 2039, -1, 2039, 1955, 1878, -1, 2039, 1878, 1976, -1,
 1976, 1878, 1809, -1, 1976, 1809, 1690, -1, 2673, 2568, 2491, -1,
 2491, 2568, 2409, -1, 2491, 2409, 2377, -1, 2377, 2409, 2281, -1,
 2377, 2281, 2367, -1, 2367, 2281, 2252, -1, 2367, 2252, 2272, -1,
 2272, 2252, 2111, -1, 2272, 2111, 2070, -1, 3038, 2969, 2908, -1,
 2908, 2969, 2902, -1, 2908, 2902, 2779, -1, 2779, 2902, 2758, -1,
 2779, 2758, 2732, -1, 2732, 2758, 2632, -1, 2732, 2632, 2673, -1,
 2673, 2632, 2612, -1, 2673, 2612, 2568, -1, 3281, 3345, 3173, -1,
 3173, 3345, 3219, -1, 3173, 3219, 3062, -1, 3062, 3219, 3088, -1,
 3062, 3088, 3038, -1, 3038, 3088, 3068, -1, 3038, 3068, 2969, -1,
 3875, 3841, 3581, -1, 3841, 3787, 3581, -1, 3581, 3787, 3663, -1,
 3581, 3663, 3487, -1, 3487, 3663, 3541, -1, 3487, 3541, 3421, -1,
 3421, 3541, 3468, -1, 3421, 3468, 3281, -1, 3281, 3468, 3398, -1,
 3281, 3398, 3345, -1, 3581, 3693, 3875, -1, 3875, 3693, 3721, -1,
 3875, 3721, 3980, -1, 3980, 3721, 3865, -1, 3980, 3865, 4138, -1,
 4138, 3865, 3957, -1, 4585, 4540, 4192, -1, 4192, 4540, 4497, -1,
 4192, 4497, 4077, -1, 4077, 4497, 4326, -1, 4077, 4326, 4022, -1,
 4022, 4326, 4245, -1, 4022, 4245, 3957, -1, 3957, 4245, 4149, -1,
 3957, 4149, 4138, -1, 4561, 5050, 4440, -1, 4440, 5050, 4874, -1,
 4440, 4874, 4333, -1, 4333, 4874, 4702, -1, 4333, 4702, 4331, -1,
 4331, 4702, 4661, -1, 4331, 4661, 4585, -1, 4893, 5374, 4802, -1,
 4802, 5374, 5358, -1, 4802, 5358, 4624, -1, 4624, 5358, 5246, -1,
 4624, 5246, 4561, -1, 4561, 5246, 5094, -1, 4561, 5094, 5050, -1,
 5640, 5599, 5068, -1, 5068, 5599, 5571, -1, 5068, 5571, 4966, -1,
 4966, 5571, 5540, -1, 4966, 5540, 4895, -1, 4895, 5540, 5450, -1,
 4895, 5450, 4893, -1, 4893, 5450, 5418, -1, 4893, 5418, 5374, -1,
 5733, 5757, 5171, -1, 5171, 5757, 5777, -1, 5171, 5777, 5137, -1,
 5137, 5777, 5654, -1, 5137, 5654, 5640, -1, 5171, 5200, 5733, -1,
 5733, 5200, 5215, -1, 5733, 5215, 5705, -1, 5705, 5215, 5101, -1,
 5705, 5101, 5690, -1, 5690, 5101, 5679, -1, 5592, 5063, 5536, -1,
 5536, 5063, 5013, -1, 5536, 5013, 4965, -1, 5477, 4965, 5414, -1,
 5414, 4965, 4876, -1, 5414, 4876, 5350, -1, 5350, 4876, 4797, -1,
 5350, 4797, 4790, -1, 4527, 5270, 4654, -1, 4654, 5270, 5282, -1,
 4654, 5282, 5314, -1, 4318, 4679, 4412, -1, 4412, 4679, 4839, -1,
 4412, 4839, 4482, -1, 4482, 4839, 4861, -1, 4482, 4861, 4527, -1,
 4527, 4861, 5037, -1, 4527, 5037, 5270, -1, 3949, 4217, 4062, -1,
 4062, 4217, 4311, -1, 4062, 4311, 4169, -1, 4169, 4311, 4427, -1,
 4169, 4427, 4186, -1, 4186, 4427, 4460, -1, 4186, 4460, 4318, -1,
 4318, 4460, 4645, -1, 4318, 4645, 4679, -1, 3658, 3857, 3898, -1,
 3898, 3857, 4049, -1, 3898, 4049, 3949, -1, 3949, 4049, 4111, -1,
 3949, 4111, 4217, -1, 3264, 3371, 3452, -1, 3452, 3371, 3524, -1,
 3452, 3524, 3559, -1, 3559, 3524, 3651, -1, 3559, 3651, 3577, -1,
 3577, 3651, 3676, -1, 3577, 3676, 3658, -1, 3658, 3676, 3815, -1,
 3658, 3815, 3857, -1, 2897, 2967, 3027, -1, 3027, 2967, 3031, -1,
 3027, 3031, 3158, -1, 3158, 3031, 3176, -1, 3158, 3176, 3202, -1,
 3202, 3176, 3303, -1, 3202, 3303, 3264, -1, 3264, 3303, 3326, -1,
 3264, 3326, 3371, -1, 2654, 2598, 2764, -1, 2764, 2598, 2737, -1,
 2764, 2737, 2880, -1, 2880, 2737, 2849, -1, 2880, 2849, 2897, -1,
 2897, 2849, 2891, -1, 2897, 2891, 2967, -1, 2057, 2084, 2349, -1,
 2084, 2136, 2349, -1, 2349, 2136, 2268, -1, 2349, 2268, 2447, -1,
 2447, 2268, 2392, -1, 2447, 2392, 2521, -1, 2521, 2392, 2466, -1,
 2521, 2466, 2654, -1, 2654, 2466, 2542, -1, 2654, 2542, 2598, -1,
 2349, 2237, 2057, -1, 2057, 2237, 2214, -1, 2057, 2214, 1940, -1,
 1940, 2214, 2066, -1, 1940, 2066, 1790, -1, 1790, 2066, 1964, -1,
 1790, 1964, 1774, -1, 1774, 1964, 1663, -1, 1964, 1911, 1591, -1,
 1591, 1911, 1848, -1, 1591, 1848, 1418, -1, 1418, 1848, 1719, -1,
 1418, 1719, 1362, -1, 1362, 1719, 1318, -1, 1344, 831, 1459, -1,
 1459, 831, 1042, -1, 1459, 1042, 1575, -1, 1575, 1042, 1189, -1,
 1575, 1189, 1588, -1, 1588, 1189, 1237, -1, 1588, 1237, 1318, -1,
 993, 491, 1096, -1, 1096, 491, 509, -1, 1096, 509, 1264, -1,
 1264, 509, 622, -1, 1264, 622, 1344, -1, 1344, 622, 793, -1,
 1344, 793, 831, -1, 228, 257, 811, -1, 811, 257, 288, -1,
 811, 288, 922, -1, 922, 288, 321, -1, 922, 321, 979, -1,
 979, 321, 405, -1, 979, 405, 993, -1, 993, 405, 432, -1,
 993, 432, 491, -1, 122, 107, 704, -1, 704, 107, 87, -1,
 704, 87, 741, -1, 741, 87, 213, -1, 741, 213, 228, -1,
 704, 675, 122, -1, 122, 675, 662, -1, 122, 662, 155, -1,
 155, 662, 776, -1, 155, 776, 172, -1, 172, 776, 185, -1,
 259, 812, 322, -1, 322, 812, 876, -1, 322, 876, 917, -1,
 1346, 597, 1235, -1, 1235, 597, 577, -1, 1235, 577, 1112, -1,
 1112, 577, 548, -1, 1112, 548, 1090, -1, 1090, 548, 510, -1,
 1090, 510, 1002, -1, 1002, 510, 430, -1, 1002, 430, 917, -1,
 917, 430, 375, -1, 917, 375, 347, -1, 1589, 1213, 1457, -1,
 1457, 1213, 1038, -1, 1457, 1038, 1420, -1, 1420, 1038, 1026, -1,
 1420, 1026, 1346, -1, 1346, 1026, 803, -1, 1346, 803, 597, -1,
 1967, 1688, 1852, -1, 1852, 1688, 1592, -1, 1852, 1592, 1736, -1,
 1736, 1592, 1473, -1, 1736, 1473, 1716, -1, 1716, 1473, 1423, -1,
 1716, 1423, 1589, -1, 1589, 1423, 1242, -1, 1589, 1242, 1213, -1,
 2264, 2061, 2029, -1, 2029, 2061, 1876, -1, 2029, 1876, 1967, -1,
 1967, 1876, 1796, -1, 1967, 1796, 1688, -1, 2655, 2566, 2451, -1,
 2451, 2566, 2393, -1, 2451, 2393, 2363, -1, 2363, 2393, 2269, -1,
 2363, 2269, 2346, -1, 2346, 2269, 2250, -1, 2346, 2250, 2264, -1,
 2264, 2250, 2109, -1, 2264, 2109, 2061, -1, 3028, 2965, 2898, -1,
 2898, 2965, 2895, -1, 2898, 2895, 2766, -1, 2766, 2895, 2740, -1,
 2766, 2740, 2721, -1, 2721, 2740, 2630, -1, 2721, 2630, 2655, -1,
 2655, 2630, 2599, -1, 2655, 2599, 2566, -1, 3265, 3328, 3159, -1,
 3159, 3328, 3178, -1, 3159, 3178, 3050, -1, 3050, 3178, 3086, -1,
 3050, 3086, 3028, -1, 3028, 3086, 3032, -1, 3028, 3032, 2965, -1,
 3862, 3839, 3575, -1, 3839, 3785, 3575, -1, 3575, 3785, 3652, -1,
 3575, 3652, 3454, -1, 3454, 3652, 3525, -1, 3454, 3525, 3358, -1,
 3358, 3525, 3466, -1, 3358, 3466, 3265, -1, 3265, 3466, 3396, -1,
 3265, 3396, 3328, -1, 3575, 3660, 3862, -1, 3862, 3660, 3710, -1,
 3862, 3710, 3971, -1, 3971, 3710, 3855, -1, 3971, 3855, 4115, -1,
 4115, 3855, 3951, -1, 4115, 3951, 4136, -1, 4136, 3951, 4243, -1,
 3951, 4010, 4315, -1, 4315, 4010, 4065, -1, 4315, 4065, 4461, -1,
 4461, 4065, 4180, -1, 4461, 4180, 4538, -1, 4538, 4180, 4583, -1,
 4552, 5048, 4411, -1, 4411, 5048, 4835, -1, 4411, 4835, 4353, -1,
 4353, 4835, 4700, -1, 4353, 4700, 4321, -1, 4321, 4700, 4648, -1,
 4321, 4648, 4583, -1, 4880, 5372, 4772, -1, 4772, 5372, 5352, -1,
 4772, 5352, 4643, -1, 4643, 5352, 5244, -1, 4643, 5244, 4552, -1,
 4552, 5244, 5072, -1, 4552, 5072, 5048, -1, 5632, 5595, 5061, -1,
 5061, 5595, 5569, -1, 5061, 5569, 4963, -1, 4963, 5569, 5529, -1,
 4963, 5529, 4916, -1, 4916, 5529, 5448, -1, 4916, 5448, 4880, -1,
 4880, 5448, 5415, -1, 4880, 5415, 5372, -1, 5165, 5775, 5136, -1,
 5136, 5775, 5652, -1, 5136, 5652, 5632, -1, 5067, 5677, 5128, -1,
 5128, 5677, 5692, -1, 5128, 5692, 5199, -1, 5199, 5692, 5703, -1,
 5199, 5703, 5191, -1, 5191, 5703, 5737, -1, 5191, 5737, 5165, -1,
 5165, 5737, 5759, -1, 5165, 5759, 5775, -1, 5598, 5067, 5539, -1,
 5539, 5067, 4995, -1, 5539, 4995, 4972, -1, 4877, 5084, 4558, -1,
 4558, 5084, 5268, -1, 4558, 5268, 4662, -1, 4662, 5268, 5289, -1,
 4662, 5289, 4770, -1, 4770, 5289, 5312, -1, 4770, 5312, 4805, -1,
 4805, 5312, 5355, -1, 4805, 5355, 4881, -1, 4881, 5355, 5419, -1,
 4881, 5419, 4972, -1, 4972, 5419, 5475, -1, 4972, 5475, 5505, -1,
 4558, 4464, 4877, -1, 4877, 4464, 4447, -1, 4877, 4447, 4859, -1,
 4859, 4447, 4327, -1, 4859, 4327, 4677, -1, 3955, 4215, 4074, -1,
 4074, 4215, 4324, -1, 4074, 4324, 4182, -1, 4182, 4324, 4425, -1,
 4182, 4425, 4194, -1, 4194, 4425, 4491, -1, 4194, 4491, 4327, -1,
 4327, 4491, 4659, -1, 4327, 4659, 4677, -1, 3689, 3872, 3913, -1,
 3913, 3872, 4047, -1, 3913, 4047, 3955, -1, 3955, 4047, 4125, -1,
 3955, 4125, 4215, -1, 3280, 3369, 3485, -1, 3485, 3369, 3539, -1,
 3485, 3539, 3569, -1, 3569, 3539, 3662, -1, 3569, 3662, 3580, -1,
 3580, 3662, 3674, -1, 3580, 3674, 3689, -1, 3689, 3674, 3813, -1,
 3689, 3813, 3872, -1, 2907, 2963, 3037, -1, 3037, 2963, 3066, -1,
 3037, 3066, 3172, -1, 3172, 3066, 3214, -1, 3172, 3214, 3216, -1,
 3216, 3214, 3301, -1, 3216, 3301, 3280, -1, 3280, 3301, 3343, -1,
 3280, 3343, 3369, -1, 2672, 2610, 2778, -1, 2778, 2610, 2755, -1,
 2778, 2755, 2893, -1, 2893, 2755, 2847, -1, 2893, 2847, 2907, -1,
 2907, 2847, 2899, -1, 2907, 2899, 2963, -1, 2271, 2134, 2370, -1,
 2370, 2134, 2280, -1, 2370, 2280, 2490, -1, 2490, 2280, 2407, -1,
 2490, 2407, 2584, -1, 2584, 2407, 2464, -1, 2584, 2464, 2672, -1,
 2672, 2464, 2540, -1, 2672, 2540, 2610, -1, 1661, 1772, 1975, -1,
 1975, 1772, 1806, -1, 1975, 1806, 2096, -1, 2096, 1806, 1953, -1,
 2096, 1953, 2226, -1, 2226, 1953, 2067, -1, 2226, 2067, 2271, -1,
 2271, 2067, 2082, -1, 2271, 2082, 2134, -1, 1975, 1921, 1604, -1,
 1604, 1921, 1888, -1, 1604, 1888, 1444, -1, 1444, 1888, 1752, -1,
 1444, 1752, 1360, -1, 1360, 1752, 1316, -1, 1380, 829, 1495, -1,
 1495, 829, 1063, -1, 1495, 1063, 1562, -1, 1562, 1063, 1187, -1,
 1562, 1187, 1597, -1, 1597, 1187, 1257, -1, 1597, 1257, 1316, -1,
 1006, 489, 1130, -1, 1130, 489, 513, -1, 1130, 513, 1255, -1,
 1255, 513, 620, -1, 1255, 620, 1380, -1, 1380, 620, 815, -1,
 1380, 815, 829, -1, 232, 260, 846, -1, 846, 260, 286, -1,
 846, 286, 928, -1, 928, 286, 330, -1, 928, 330, 972, -1,
 972, 330, 403, -1, 972, 403, 1006, -1, 1006, 403, 439, -1,
 1006, 439, 489, -1, 710, 85, 747, -1, 747, 85, 211, -1,
 747, 211, 232, -1, 806, 183, 742, -1, 742, 183, 168, -1,
 742, 168, 667, -1, 667, 168, 153, -1, 667, 153, 679, -1,
 679, 153, 120, -1, 679, 120, 710, -1, 710, 120, 99, -1,
 710, 99, 85, -1, 254, 806, 318, -1, 318, 806, 883, -1,
 318, 883, 905, -1, 996, 783, 1336, -1, 1336, 783, 595, -1,
 1336, 595, 1227, -1, 1227, 595, 567, -1, 1227, 567, 1117, -1,
 1117, 567, 546, -1, 1117, 546, 1076, -1, 1076, 546, 508, -1,
 1076, 508, 994, -1, 994, 508, 425, -1, 994, 425, 905, -1,
 905, 425, 373, -1, 905, 373, 345, -1, 1336, 1425, 996, -1,
 996, 1425, 1442, -1, 996, 1442, 1024, -1, 1959, 1686, 1840, -1,
 1840, 1686, 1568, -1, 1840, 1568, 1731, -1, 1731, 1568, 1471, -1,
 1731, 1471, 1707, -1, 1707, 1471, 1399, -1, 1707, 1399, 1585, -1,
 1585, 1399, 1229, -1, 1585, 1229, 1442, -1, 1442, 1229, 1211, -1,
 1442, 1211, 1024, -1, 2248, 2234, 2332, -1, 2332, 2234, 2107, -1,
 2332, 2107, 2227, -1, 2227, 2107, 2046, -1, 2227, 2046, 2021, -1,
 2021, 2046, 1873, -1, 2021, 1873, 1959, -1, 1959, 1873, 1757, -1,
 1959, 1757, 1686, -1, 3017, 2961, 2878, -1, 2878, 2961, 2835, -1,
 2878, 2835, 2750, -1, 2750, 2835, 2700, -1, 2750, 2700, 2716, -1,
 2716, 2700, 2628, -1, 2716, 2628, 2647, -1, 2647, 2628, 2580, -1,
 2647, 2580, 2437, -1, 2437, 2580, 2564, -1, 2437, 2564, 2379, -1,
 3249, 3315, 3149, -1, 3149, 3315, 3168, -1, 3149, 3168, 3042, -1,
 3042, 3168, 3084, -1, 3042, 3084, 3017, -1, 3017, 3084, 3024, -1,
 3017, 3024, 2961, -1, 3653, 3783, 3542, -1, 3542, 3783, 3636, -1,
 3542, 3636, 3436, -1, 3436, 3636, 3510, -1, 3436, 3510, 3348, -1,
 3348, 3510, 3464, -1, 3348, 3464, 3249, -1, 3249, 3464, 3394, -1,
 3249, 3394, 3315, -1, 4241, 4134, 3939, -1, 3939, 4134, 4102, -1,
 3939, 4102, 3771, -1, 3771, 4102, 3958, -1, 3771, 3958, 3698, -1,
 3698, 3958, 3837, -1, 3698, 3837, 3653, -1, 3653, 3837, 3827, -1,
 3653, 3827, 3783, -1, 3939, 4001, 4299, -1, 4299, 4001, 4031, -1,
 4299, 4031, 4441, -1, 4441, 4031, 4151, -1, 4441, 4151, 4536, -1,
 4536, 4151, 4581, -1, 4640, 5046, 4516, -1, 4516, 5046, 5027, -1,
 4516, 5027, 4404, -1, 4404, 5027, 4821, -1, 4404, 4821, 4349, -1,
 4349, 4821, 4698, -1, 4349, 4698, 4309, -1, 4309, 4698, 4618, -1,
 4309, 4618, 4581, -1, 4873, 5370, 4760, -1, 4760, 5370, 5346, -1,
 4760, 5346, 4640, -1, 4640, 5346, 5242, -1, 4640, 5242, 5046, -1,
 5625, 5590, 5030, -1, 5030, 5590, 5567, -1, 5030, 5567, 4951, -1,
 4951, 5567, 5521, -1, 4951, 5521, 4912, -1, 4912, 5521, 5446, -1,
 4912, 5446, 4873, -1, 4873, 5446, 5410, -1, 4873, 5410, 5370, -1,
 5650, 5131, 5773, -1, 5773, 5131, 5162, -1, 5773, 5162, 5764, -1,
 5764, 5162, 5742, -1, 5742, 5162, 5186, -1, 5742, 5186, 5717, -1,
 5717, 5186, 5203, -1, 5717, 5203, 5142, -1, 5604, 5070, 5544, -1,
 5544, 5070, 4999, -1, 5544, 4999, 4986, -1, 4892, 5133, 4568, -1,
 4568, 5133, 5266, -1, 4568, 5266, 4716, -1, 4716, 5266, 5299, -1,
 4716, 5299, 4774, -1, 4774, 5299, 5310, -1, 4774, 5310, 4819, -1,
 4819, 5310, 5361, -1, 4819, 5361, 4889, -1, 4889, 5361, 5427, -1,
 4889, 5427, 4986, -1, 4986, 5427, 5473, -1, 4986, 5473, 5503, -1,
 4568, 4468, 4892, -1, 4892, 4468, 4458, -1, 4892, 4458, 4857, -1,
 4857, 4458, 4354, -1, 4857, 4354, 4721, -1, 4721, 4354, 4675, -1,
 3966, 4213, 4089, -1, 4089, 4213, 4360, -1, 4089, 4360, 4158, -1,
 4158, 4360, 4423, -1, 4158, 4423, 4202, -1, 4202, 4423, 4507, -1,
 4202, 4507, 4675, -1, 3599, 3811, 3724, -1, 3724, 3811, 3893, -1,
 3724, 3893, 3880, -1, 3880, 3893, 4045, -1, 3880, 4045, 3966, -1,
 3966, 4045, 4170, -1, 3966, 4170, 4213, -1, 3287, 3427, 3491, -1,
 3491, 3427, 3572, -1, 3491, 3572, 3547, -1, 3547, 3572, 3672, -1,
 3547, 3672, 3599, -1, 3599, 3672, 3704, -1, 3599, 3704, 3811, -1,
 2914, 2957, 3072, -1, 3072, 2957, 3107, -1, 3072, 3107, 3182, -1,
 3182, 3107, 3231, -1, 3182, 3231, 3191, -1, 3191, 3231, 3299, -1,
 3191, 3299, 3287, -1, 3287, 3299, 3367, -1, 3287, 3367, 3427, -1,
 2682, 2648, 2791, -1, 2791, 2648, 2769, -1, 2791, 2769, 2865, -1,
 2865, 2769, 2845, -1, 2865, 2845, 2914, -1, 2914, 2845, 2911, -1,
 2914, 2911, 2957, -1, 2080, 2132, 2277, -1, 2277, 2132, 2150, -1,
 2277, 2150, 2391, -1, 2391, 2150, 2299, -1, 2391, 2299, 2504, -1,
 2504, 2299, 2419, -1, 2504, 2419, 2508, -1, 2508, 2419, 2462, -1,
 2508, 2462, 2682, -1, 2682, 2462, 2538, -1, 2682, 2538, 2648, -1,
 2277, 2202, 1966, -1, 1966, 2202, 2157, -1, 1966, 2157, 1824, -1,
 1824, 2157, 1987, -1, 1824, 1987, 1770, -1, 1770, 1987, 1659, -1,
 1987, 1897, 1621, -1, 1621, 1897, 1894, -1, 1621, 1894, 1487, -1,
 1487, 1894, 1788, -1, 1487, 1788, 1358, -1, 1358, 1788, 1314, -1,
 1273, 827, 1390, -1, 1390, 827, 891, -1, 1390, 891, 1506, -1,
 1506, 891, 1080, -1, 1506, 1080, 1584, -1, 1584, 1080, 1185, -1,
 1584, 1185, 1608, -1, 1608, 1185, 1283, -1, 1608, 1283, 1314, -1,
 1040, 487, 1136, -1, 1136, 487, 522, -1, 1136, 522, 1273, -1,
 1273, 522, 618, -1, 1273, 618, 827, -1, 238, 267, 858, -1,
 858, 267, 284, -1, 858, 284, 932, -1, 932, 284, 360, -1,
 932, 360, 988, -1, 988, 360, 401, -1, 988, 401, 1040, -1,
 1040, 401, 446, -1, 1040, 446, 487, -1, 858, 774, 238, -1,
 238, 774, 759, -1, 238, 759, 209, -1, 209, 759, 717, -1,
 209, 717, 106, -1, 106, 717, 83, -1, 119, 682, 141, -1,
 141, 682, 656, -1, 141, 656, 731, -1, 247, 800, 313, -1,
 313, 800, 870, -1, 313, 870, 894, -1, 960, 711, 1303, -1,
 1303, 711, 593, -1, 1303, 593, 1169, -1, 1169, 593, 560, -1,
 1169, 560, 1105, -1, 1105, 560, 544, -1, 1105, 544, 1068, -1,
 1068, 544, 476, -1, 1068, 476, 973, -1, 973, 476, 419, -1,
 973, 419, 894, -1, 894, 419, 371, -1, 894, 371, 343, -1,
 1303, 1413, 960, -1, 960, 1413, 1433, -1, 960, 1433, 1022, -1,
 1022, 1433, 1550, -1, 1022, 1550, 1163, -1, 1163, 1550, 1209, -1,
 1948, 1684, 1823, -1, 1823, 1684, 1541, -1, 1823, 1541, 1745, -1,
 1745, 1541, 1469, -1, 1745, 1469, 1648, -1, 1648, 1469, 1384, -1,
 1648, 1384, 1209, -1, 2315, 2105, 2193, -1, 2193, 2105, 2008, -1,
 2193, 2008, 2037, -1, 2037, 2008, 1871, -1, 2037, 1871, 1948, -1,
 1948, 1871, 1720, -1, 1948, 1720, 1684, -1, 2615, 2498, 2425, -1,
 2425, 2498, 2348, -1, 2425, 2348, 2374, -1, 2374, 2348, 2246, -1,
 2374, 2246, 2315, -1, 2315, 2246, 2198, -1, 2315, 2198, 2105, -1,
 3008, 2955, 2831, -1, 2831, 2955, 2815, -1, 2831, 2815, 2736, -1,
 2736, 2815, 2690, -1, 2736, 2690, 2730, -1, 2730, 2690, 2626, -1,
 2730, 2626, 2615, -1, 2615, 2626, 2562, -1, 2615, 2562, 2498, -1,
 3237, 3276, 3138, -1, 3138, 3276, 3155, -1, 3138, 3155, 3059, -1,
 3059, 3155, 3082, -1, 3059, 3082, 3008, -1, 3008, 3082, 3010, -1,
 3008, 3010, 2955, -1, 3835, 3781, 3642, -1, 3642, 3781, 3765, -1,
 3642, 3765, 3529, -1, 3529, 3765, 3620, -1, 3529, 3620, 3419, -1,
 3419, 3620, 3498, -1, 3419, 3498, 3416, -1, 3416, 3498, 3462, -1,
 3416, 3462, 3237, -1, 3237, 3462, 3392, -1, 3237, 3392, 3276, -1,
 3642, 3719, 3947, -1, 3947, 3719, 3759, -1, 3947, 3759, 4082, -1,
 4082, 3759, 3927, -1, 4082, 3927, 4132, -1, 4132, 3927, 4239, -1,
 4239, 3927, 4277, -1, 4277, 3927, 4013, -1, 4277, 4013, 4407, -1,
 4407, 4013, 4020, -1, 4407, 4020, 4116, -1, 4626, 5044, 4500, -1,
 4500, 5044, 4978, -1, 4500, 4978, 4388, -1, 4388, 4978, 4796, -1,
 4388, 4796, 4335, -1, 4335, 4796, 4696, -1, 4335, 4696, 4296, -1,
 4296, 4696, 4606, -1, 4296, 4606, 4579, -1, 4841, 5368, 4748, -1,
 4748, 5368, 5337, -1, 4748, 5337, 4626, -1, 4626, 5337, 5240, -1,
 4626, 5240, 5044, -1, 5621, 5588, 5020, -1, 5020, 5588, 5565, -1,
 5020, 5565, 4944, -1, 4944, 5565, 5490, -1, 4944, 5490, 4897, -1,
 4897, 5490, 5444, -1, 4897, 5444, 4841, -1, 4841, 5444, 5405, -1,
 4841, 5405, 5368, -1, 5020, 5107, 5621, -1, 5621, 5107, 5117, -1,
 5621, 5117, 5648, -1, 5648, 5117, 5160, -1, 5648, 5160, 5751, -1,
 5751, 5160, 5771, -1, 5745, 5182, 5721, -1, 5721, 5182, 5213, -1,
 5721, 5213, 5158, -1, 5613, 5078, 5549, -1, 5549, 5078, 5011, -1,
 5549, 5011, 5501, -1, 5501, 5011, 5010, -1, 5501, 5010, 5471, -1,
 5471, 5010, 5436, -1, 5436, 5010, 4921, -1, 5436, 4921, 5390, -1,
 5390, 4921, 4829, -1, 5390, 4829, 5329, -1, 5329, 4829, 4786, -1,
 5329, 4786, 4731, -1, 4262, 4673, 4368, -1, 4368, 4673, 4741, -1,
 4368, 4741, 4479, -1, 4479, 4741, 4855, -1, 4479, 4855, 4483, -1,
 4483, 4855, 4933, -1, 4483, 4933, 4602, -1, 4602, 4933, 5189, -1,
 4602, 5189, 4731, -1, 4731, 5189, 5264, -1, 4731, 5264, 5308, -1,
 3975, 4211, 4098, -1, 4098, 4211, 4377, -1, 4098, 4377, 4179, -1,
 4179, 4377, 4421, -1, 4179, 4421, 4262, -1, 4262, 4421, 4522, -1,
 4262, 4522, 4673, -1, 3614, 3809, 3738, -1, 3738, 3809, 3921, -1,
 3738, 3921, 3906, -1, 3906, 3921, 4043, -1, 3906, 4043, 3975, -1,
 3975, 4043, 4193, -1, 3975, 4193, 4211, -1, 3323, 3445, 3504, -1,
 3504, 3445, 3585, -1, 3504, 3585, 3567, -1, 3567, 3585, 3670, -1,
 3567, 3670, 3614, -1, 3614, 3670, 3733, -1, 3614, 3733, 3809, -1,
 2921, 2953, 3109, -1, 3109, 2953, 3131, -1, 3109, 3131, 3210, -1,
 3210, 3131, 3242, -1, 3210, 3242, 3217, -1, 3217, 3242, 3297, -1,
 3217, 3297, 3323, -1, 3323, 3297, 3365, -1, 3323, 3365, 3445, -1,
 2694, 2658, 2803, -1, 2803, 2658, 2785, -1, 2803, 2785, 2889, -1,
 2889, 2785, 2843, -1, 2889, 2843, 2921, -1, 2921, 2843, 2918, -1,
 2921, 2918, 2953, -1, 2078, 2130, 2288, -1, 2288, 2130, 2163, -1,
 2288, 2163, 2401, -1, 2401, 2163, 2311, -1, 2401, 2311, 2579, -1,
 2579, 2311, 2433, -1, 2579, 2433, 2588, -1, 2588, 2433, 2460, -1,
 2588, 2460, 2694, -1, 2694, 2460, 2536, -1, 2694, 2536, 2658, -1,
 2288, 2223, 1979, -1, 1979, 2223, 2166, -1, 1979, 2166, 1845, -1,
 1845, 2166, 2000, -1, 1845, 2000, 1768, -1, 1768, 2000, 1925, -1,
 1620, 1356, 1802, -1, 1802, 1356, 1502, -1, 1802, 1502, 1919, -1,
 1919, 1502, 1643, -1, 1919, 1643, 1925, -1, 1925, 1643, 1657, -1,
 1925, 1657, 1768, -1, 1253, 825, 1401, -1, 1401, 825, 918, -1,
 1401, 918, 1518, -1, 1518, 918, 1125, -1, 1518, 1125, 1560, -1,
 1560, 1125, 1183, -1, 1560, 1183, 1620, -1, 1620, 1183, 1301, -1,
 1620, 1301, 1312, -1, 1048, 485, 1147, -1, 1147, 485, 529, -1,
 1147, 529, 1253, -1, 1253, 529, 616, -1, 1253, 616, 825, -1,
 881, 282, 940, -1, 940, 282, 388, -1, 940, 388, 969, -1,
 969, 388, 399, -1, 969, 399, 1048, -1, 1048, 399, 457, -1,
 1048, 457, 485, -1, 689, 81, 721, -1, 721, 81, 117, -1,
 721, 117, 754, -1, 754, 117, 207, -1, 754, 207, 780, -1,
 780, 207, 240, -1, 780, 240, 881, -1, 881, 240, 270, -1,
 881, 270, 282, -1, 115, 689, 137, -1, 137, 689, 669, -1,
 137, 669, 708, -1, 241, 794, 307, -1, 307, 794, 863, -1,
 307, 863, 887, -1, 369, 887, 390, -1, 390, 887, 955, -1,
 390, 955, 470, -1, 470, 955, 1060, -1, 470, 1060, 532, -1,
 532, 1060, 1122, -1, 532, 1122, 1157, -1, 1638, 1207, 1536, -1,
 1536, 1207, 1139, -1, 1536, 1139, 1429, -1, 1429, 1139, 1020, -1,
 1429, 1020, 1403, -1, 1403, 1020, 938, -1, 1403, 938, 1293, -1,
 1293, 938, 647, -1, 1293, 647, 1157, -1, 1157, 647, 591, -1,
 1157, 591, 542, -1, 1935, 1682, 1810, -1, 1810, 1682, 1520, -1,
 1810, 1520, 1728, -1, 1728, 1520, 1467, -1, 1728, 1467, 1638, -1,
 1638, 1467, 1345, -1, 1638, 1345, 1207, -1, 2306, 2103, 2179, -1,
 2179, 2103, 1995, -1, 2179, 1995, 2019, -1, 2019, 1995, 1869, -1,
 2019, 1869, 2009, -1, 2009, 1869, 1857, -1, 2009, 1857, 1935, -1,
 1935, 1857, 1704, -1, 1935, 1704, 1682, -1, 2603, 2481, 2412, -1,
 2412, 2481, 2328, -1, 2412, 2328, 2356, -1, 2356, 2328, 2244, -1,
 2356, 2244, 2306, -1, 2306, 2244, 2183, -1, 2306, 2183, 2103, -1,
 3000, 2951, 2816, -1, 2816, 2951, 2798, -1, 2816, 2798, 2714, -1,
 2714, 2798, 2677, -1, 2714, 2677, 2705, -1, 2705, 2677, 2624, -1,
 2705, 2624, 2603, -1, 2603, 2624, 2560, -1, 2603, 2560, 2481, -1,
 3337, 3390, 3224, -1, 3224, 3390, 3255, -1, 3224, 3255, 3129, -1,
 3129, 3255, 3143, -1, 3129, 3143, 3044, -1, 3044, 3143, 3080, -1,
 3044, 3080, 3000, -1, 3000, 3080, 3002, -1, 3000, 3002, 2951, -1,
 3833, 3779, 3627, -1, 3627, 3779, 3750, -1, 3627, 3750, 3515, -1,
 3515, 3750, 3608, -1, 3515, 3608, 3350, -1, 3350, 3608, 3486, -1,
 3350, 3486, 3337, -1, 3337, 3486, 3460, -1, 3337, 3460, 3390, -1,
 3627, 3700, 3934, -1, 3934, 3700, 3751, -1, 3934, 3751, 4069, -1,
 4069, 3751, 3915, -1, 4069, 3915, 4130, -1, 4130, 3915, 3988, -1,
 4283, 4532, 4104, -1, 4104, 4532, 4387, -1, 4104, 4387, 4003, -1,
 4003, 4387, 4256, -1, 4003, 4256, 3988, -1, 3988, 4256, 4237, -1,
 3988, 4237, 4130, -1, 4347, 4577, 4283, -1, 4283, 4577, 4565, -1,
 4283, 4565, 4532, -1, 4615, 5042, 4492, -1, 4492, 5042, 4956, -1,
 4492, 4956, 4382, -1, 4382, 4956, 4758, -1, 4382, 4758, 4347, -1,
 4347, 4758, 4694, -1, 4347, 4694, 4577, -1, 4833, 5366, 4735, -1,
 4735, 5366, 5332, -1, 4735, 5332, 4638, -1, 4638, 5332, 5238, -1,
 4638, 5238, 4615, -1, 4615, 5238, 5225, -1, 4615, 5225, 5042, -1,
 4989, 5563, 4936, -1, 4936, 5563, 5461, -1, 4936, 5461, 4910, -1,
 4910, 5461, 5442, -1, 4910, 5442, 4833, -1, 4833, 5442, 5396, -1,
 4833, 5396, 5366, -1, 5178, 5769, 5150, -1, 5150, 5769, 5736, -1,
 5150, 5736, 5121, -1, 5121, 5736, 5646, -1, 5121, 5646, 5098, -1,
 5098, 5646, 5614, -1, 5098, 5614, 4989, -1, 4989, 5614, 5582, -1,
 4989, 5582, 5563, -1, 5748, 5178, 5726, -1, 5726, 5178, 5205, -1,
 5726, 5205, 5170, -1, 5620, 5085, 5552, -1, 5552, 5085, 5022, -1,
 5552, 5022, 5001, -1, 5335, 5395, 4832, -1, 4832, 5395, 5469, -1,
 4832, 5469, 4930, -1, 4930, 5469, 5488, -1, 4930, 5488, 5499, -1,
 4282, 4671, 4381, -1, 4381, 4671, 4765, -1, 4381, 4765, 4470, -1,
 4470, 4765, 4853, -1, 4470, 4853, 4499, -1, 4499, 4853, 4955, -1,
 4499, 4955, 4611, -1, 4611, 4955, 5224, -1, 4611, 5224, 4744, -1,
 4744, 5224, 5262, -1, 4744, 5262, 5306, -1, 3918, 4209, 3984, -1,
 3984, 4209, 4236, -1, 3984, 4236, 4110, -1, 4110, 4236, 4395, -1,
 4110, 4395, 4160, -1, 4160, 4395, 4419, -1, 4160, 4419, 4282, -1,
 4282, 4419, 4562, -1, 4282, 4562, 4671, -1, 3626, 3807, 3749, -1,
 3749, 3807, 3933, -1, 3749, 3933, 3883, -1, 3883, 3933, 4041, -1,
 3883, 4041, 3918, -1, 3918, 4041, 4071, -1, 3918, 4071, 4209, -1,
 3335, 3484, 3518, -1, 3518, 3484, 3609, -1, 3518, 3609, 3549, -1,
 3549, 3609, 3668, -1, 3549, 3668, 3626, -1, 3626, 3668, 3748, -1,
 3626, 3748, 3807, -1, 2998, 3001, 3128, -1, 3128, 3001, 3142, -1,
 3128, 3142, 3193, -1, 3193, 3142, 3256, -1, 3193, 3256, 3225, -1,
 3225, 3256, 3295, -1, 3225, 3295, 3335, -1, 3335, 3295, 3363, -1,
 3335, 3363, 3484, -1, 2602, 2534, 2707, -1, 2707, 2534, 2678, -1,
 2707, 2678, 2814, -1, 2814, 2678, 2797, -1, 2814, 2797, 2867, -1,
 2867, 2797, 2841, -1, 2867, 2841, 2998, -1, 2998, 2841, 2949, -1,
 2998, 2949, 3001, -1, 2076, 2128, 2305, -1, 2305, 2128, 2181, -1,
 2305, 2181, 2413, -1, 2413, 2181, 2329, -1, 2413, 2329, 2510, -1,
 2510, 2329, 2453, -1, 2510, 2453, 2602, -1, 2602, 2453, 2458, -1,
 2602, 2458, 2534, -1, 2305, 2204, 1994, -1, 1994, 2204, 2176, -1,
 1994, 2176, 1860, -1, 1860, 2176, 2013, -1, 1860, 2013, 1766, -1,
 1766, 2013, 1933, -1, 1639, 1354, 1814, -1, 1814, 1354, 1524, -1,
 1814, 1524, 1900, -1, 1900, 1524, 1655, -1, 1900, 1655, 1933, -1,
 1933, 1655, 1703, -1, 1933, 1703, 1766, -1, 1554, 1310, 1639, -1,
 1639, 1310, 1339, -1, 1639, 1339, 1354, -1, 1286, 823, 1411, -1,
 1411, 823, 936, -1, 1411, 936, 1532, -1, 1532, 936, 1143, -1,
 1532, 1143, 1554, -1, 1554, 1143, 1181, -1, 1554, 1181, 1310, -1,
 418, 466, 1061, -1, 1061, 466, 483, -1, 1061, 483, 1160, -1,
 1160, 483, 535, -1, 1160, 535, 1248, -1, 1248, 535, 614, -1,
 1248, 614, 1286, -1, 1286, 614, 646, -1, 1286, 646, 823, -1,
 1061, 962, 418, -1, 418, 962, 949, -1, 418, 949, 397, -1,
 397, 949, 898, -1, 397, 898, 301, -1, 301, 898, 280, -1,
 695, 79, 725, -1, 725, 79, 129, -1, 725, 129, 749, -1,
 749, 129, 205, -1, 749, 205, 788, -1, 788, 205, 246, -1,
 788, 246, 280, -1, 114, 695, 135, -1, 135, 695, 674, -1,
 135, 674, 691, -1, 526, 460, 1049, -1, 1049, 460, 367, -1,
 1049, 367, 945, -1, 945, 367, 361, -1, 945, 361, 893, -1,
 893, 361, 339, -1, 893, 339, 860, -1, 860, 339, 303, -1,
 860, 303, 790, -1, 790, 303, 234, -1, 790, 234, 177, -1,
 1623, 1205, 1519, -1, 1519, 1205, 1115, -1, 1519, 1115, 1436, -1,
 1436, 1115, 1018, -1, 1436, 1018, 1395, -1, 1395, 1018, 923, -1,
 1395, 923, 1141, -1, 1141, 923, 589, -1, 1141, 589, 540, -1,
 1997, 1680, 1928, -1, 1928, 1680, 1644, -1, 1928, 1644, 1798, -1,
 1798, 1644, 1498, -1, 1798, 1498, 1759, -1, 1759, 1498, 1465, -1,
 1759, 1465, 1623, -1, 1623, 1465, 1331, -1, 1623, 1331, 1205, -1,
 2290, 2101, 2167, -1, 2167, 2101, 1978, -1, 2167, 1978, 2049, -1,
 2049, 1978, 1867, -1, 2049, 1867, 1997, -1, 1997, 1867, 1844, -1,
 1997, 1844, 1680, -1, 2622, 2558, 2589, -1, 2589, 2558, 2436, -1,
 2589, 2436, 2398, -1, 2398, 2436, 2310, -1, 2398, 2310, 2386, -1,
 2386, 2310, 2242, -1, 2386, 2242, 2290, -1, 2290, 2242, 2165, -1,
 2290, 2165, 2101, -1, 2657, 2695, 2786, -1, 2786, 2695, 2746, -1,
 2786, 2746, 2802, -1, 3324, 3388, 3212, -1, 3212, 3388, 3241, -1,
 3212, 3241, 3110, -1, 3110, 3241, 3132, -1, 3110, 3132, 3100, -1,
 3100, 3132, 3078, -1, 3100, 3078, 2922, -1, 2922, 3078, 2947, -1,
 2922, 2947, 2920, -1, 3831, 3777, 3613, -1, 3613, 3777, 3734, -1,
 3613, 3734, 3503, -1, 3503, 3734, 3584, -1, 3503, 3584, 3433, -1,
 3433, 3584, 3458, -1, 3433, 3458, 3324, -1, 3324, 3458, 3448, -1,
 3324, 3448, 3388, -1, 3613, 3729, 3922, -1, 3922, 3729, 3739, -1,
 3922, 3739, 4128, -1, 4128, 3739, 3976, -1, 4261, 4530, 4097, -1,
 4097, 4530, 4374, -1, 4097, 4374, 4030, -1, 4030, 4374, 4234, -1,
 4030, 4234, 3976, -1, 3976, 4234, 4195, -1, 3976, 4195, 4128, -1,
 4365, 4575, 4261, -1, 4261, 4575, 4553, -1, 4261, 4553, 4530, -1,
 4604, 5040, 4462, -1, 4462, 5040, 4928, -1, 4462, 4928, 4372, -1,
 4372, 4928, 4738, -1, 4372, 4738, 4365, -1, 4365, 4738, 4692, -1,
 4365, 4692, 4575, -1, 5428, 5391, 4824, -1, 4824, 5391, 5364, -1,
 4824, 5364, 4729, -1, 4729, 5364, 5300, -1, 4729, 5300, 4650, -1,
 4650, 5300, 5236, -1, 4650, 5236, 4604, -1, 4604, 5236, 5201, -1,
 4604, 5201, 5040, -1, 4824, 4924, 5428, -1, 5428, 4924, 4929, -1,
 5428, 4929, 5440, -1, 5440, 4929, 4982, -1, 5440, 4982, 5553, -1,
 5553, 4982, 5561, -1, 5174, 5767, 5151, -1, 5151, 5767, 5722, -1,
 5151, 5722, 5141, -1, 5141, 5722, 5644, -1, 5141, 5644, 5086, -1,
 5086, 5644, 5609, -1, 5086, 5609, 5561, -1, 5749, 5174, 5728, -1,
 5728, 5174, 5196, -1, 5728, 5196, 5188, -1, 5629, 5092, 5558, -1,
 5558, 5092, 5026, -1, 5558, 5026, 5520, -1, 5520, 5026, 4988, -1,
 5520, 4988, 4946, -1, 4762, 5340, 4838, -1, 4838, 5340, 5404, -1,
 4838, 5404, 4946, -1, 4946, 5404, 5467, -1, 4946, 5467, 5497, -1,
 4294, 4669, 4389, -1, 4389, 4669, 4803, -1, 4389, 4803, 4454, -1,
 4454, 4803, 4851, -1, 4454, 4851, 4503, -1, 4503, 4851, 4971, -1,
 4503, 4971, 4757, -1, 4757, 4971, 5260, -1, 4757, 5260, 5304, -1,
 3930, 4207, 3998, -1, 3998, 4207, 4276, -1, 3998, 4276, 4122, -1,
 4122, 4276, 4410, -1, 4122, 4410, 4124, -1, 4124, 4410, 4417, -1,
 4124, 4417, 4294, -1, 4294, 4417, 4600, -1, 4294, 4600, 4669, -1,
 3641, 3805, 3760, -1, 3760, 3805, 3948, -1, 3760, 3948, 3871, -1,
 3871, 3948, 4039, -1, 3871, 4039, 3930, -1, 3930, 4039, 4081, -1,
 3930, 4081, 4207, -1, 3293, 3361, 3410, -1, 3410, 3361, 3497, -1,
 3410, 3497, 3534, -1, 3534, 3497, 3621, -1, 3534, 3621, 3536, -1,
 3536, 3621, 3666, -1, 3536, 3666, 3641, -1, 3641, 3666, 3763, -1,
 3641, 3763, 3805, -1, 3278, 3235, 3154, -1, 3154, 3235, 3175, -1,
 3154, 3175, 3139, -1, 2614, 2532, 2738, -1, 2738, 2532, 2691, -1,
 2738, 2691, 2827, -1, 2827, 2691, 2812, -1, 2827, 2812, 2830, -1,
 2830, 2812, 2839, -1, 2830, 2839, 3007, -1, 3007, 2839, 2945, -1,
 3007, 2945, 3009, -1, 2074, 2126, 2316, -1, 2316, 2126, 2199, -1,
 2316, 2199, 2426, -1, 2426, 2199, 2350, -1, 2426, 2350, 2494, -1,
 2494, 2350, 2456, -1, 2494, 2456, 2614, -1, 2614, 2456, 2497, -1,
 2614, 2497, 2532, -1, 2316, 2190, 2005, -1, 2005, 2190, 2186, -1,
 2005, 2186, 1764, -1, 1764, 2186, 1945, -1, 1650, 1382, 1822, -1,
 1822, 1382, 1544, -1, 1822, 1544, 1890, -1, 1890, 1544, 1653, -1,
 1890, 1653, 1945, -1, 1945, 1653, 1717, -1, 1945, 1717, 1764, -1,
 1545, 1308, 1650, -1, 1650, 1308, 1352, -1, 1650, 1352, 1382, -1,
 1300, 821, 1439, -1, 1439, 821, 965, -1, 1439, 965, 1540, -1,
 1540, 965, 1164, -1, 1540, 1164, 1545, -1, 1545, 1164, 1179, -1,
 1545, 1179, 1308, -1, 1072, 481, 1168, -1, 1168, 481, 566, -1,
 1168, 566, 1239, -1, 1239, 566, 612, -1, 1239, 612, 1300, -1,
 1300, 612, 697, -1, 1300, 697, 821, -1, 797, 278, 907, -1,
 907, 278, 308, -1, 907, 308, 952, -1, 952, 308, 395, -1,
 952, 395, 953, -1, 953, 395, 422, -1, 953, 422, 1072, -1,
 1072, 422, 474, -1, 1072, 474, 481, -1, 700, 77, 723, -1,
 723, 77, 170, -1, 723, 170, 734, -1, 734, 170, 203, -1,
 734, 203, 797, -1, 797, 203, 250, -1, 797, 250, 278, -1,
 112, 700, 130, -1, 130, 700, 681, -1, 130, 681, 145, -1,
 145, 681, 678, -1, 145, 678, 175, -1, 175, 678, 785, -1,
 175, 785, 230, -1, 230, 785, 272, -1, 272, 785, 853, -1,
 272, 853, 331, -1, 331, 853, 902, -1, 331, 902, 929, -1,
 1389, 587, 1138, -1, 1138, 587, 538, -1, 1138, 538, 1133, -1,
 1133, 538, 523, -1, 1133, 523, 1044, -1, 1044, 523, 448, -1,
 1044, 448, 929, -1, 929, 448, 365, -1, 929, 365, 337, -1,
 1609, 1203, 1504, -1, 1504, 1203, 1075, -1, 1504, 1075, 1449, -1,
 1449, 1075, 1016, -1, 1449, 1016, 1389, -1, 1389, 1016, 899, -1,
 1389, 899, 587, -1, 1986, 1678, 1903, -1, 1903, 1678, 1622, -1,
 1903, 1622, 1795, -1, 1795, 1622, 1463, -1, 1795, 1463, 1760, -1,
 1760, 1463, 1458, -1, 1760, 1458, 1609, -1, 1609, 1458, 1289, -1,
 1609, 1289, 1203, -1, 2279, 2099, 2155, -1, 2155, 2099, 1965, -1,
 2155, 1965, 2059, -1, 2059, 1965, 1865, -1, 2059, 1865, 1986, -1,
 1986, 1865, 1825, -1, 1986, 1825, 1678, -1, 2620, 2556, 2505, -1,
 2505, 2556, 2421, -1, 2505, 2421, 2397, -1, 2397, 2421, 2298, -1,
 2397, 2298, 2387, -1, 2387, 2298, 2240, -1, 2387, 2240, 2279, -1,
 2279, 2240, 2152, -1, 2279, 2152, 2099, -1, 2645, 2683, 2770, -1,
 2770, 2683, 2761, -1, 2770, 2761, 2790, -1, 3290, 3386, 3180, -1,
 3180, 3386, 3229, -1, 3180, 3229, 3121, -1, 3121, 3229, 3108, -1,
 3121, 3108, 3073, -1, 3073, 3108, 3076, -1, 3073, 3076, 2915, -1,
 2915, 3076, 2943, -1, 2915, 2943, 2912, -1, 3829, 3775, 3598, -1,
 3598, 3775, 3701, -1, 3598, 3701, 3492, -1, 3492, 3701, 3573, -1,
 3492, 3573, 3450, -1, 3450, 3573, 3456, -1, 3450, 3456, 3290, -1,
 3290, 3456, 3428, -1, 3290, 3428, 3386, -1, 3598, 3725, 3904, -1,
 3904, 3725, 3744, -1, 3904, 3744, 4126, -1, 4126, 3744, 3967, -1,
 4198, 4511, 4091, -1, 4091, 4511, 4355, -1, 4091, 4355, 4064, -1,
 4064, 4355, 4232, -1, 4064, 4232, 3967, -1, 3967, 4232, 4183, -1,
 3967, 4183, 4126, -1, 4358, 4573, 4198, -1, 4198, 4573, 4528, -1,
 4198, 4528, 4511, -1, 4570, 5038, 4450, -1, 4450, 5038, 4884, -1,
 4450, 4884, 4379, -1, 4379, 4884, 4722, -1, 4379, 4722, 4358, -1,
 4358, 4722, 4690, -1, 4358, 4690, 4573, -1, 4815, 5362, 4720, -1,
 4720, 5362, 5294, -1, 4720, 5294, 4658, -1, 4658, 5294, 5234, -1,
 4658, 5234, 4570, -1, 4570, 5234, 5147, -1, 4570, 5147, 5038, -1,
 5074, 5559, 4974, -1, 4974, 5559, 5546, -1, 4974, 5546, 4940, -1,
 4940, 5546, 5438, -1, 4940, 5438, 4918, -1, 4918, 5438, 5423, -1,
 4918, 5423, 4815, -1, 4815, 5423, 5386, -1, 4815, 5386, 5362, -1,
 5172, 5765, 5159, -1, 5159, 5765, 5665, -1, 5159, 5665, 5149, -1,
 5149, 5665, 5642, -1, 5149, 5642, 5074, -1, 5074, 5642, 5602, -1,
 5074, 5602, 5559, -1, 5755, 5172, 5731, -1, 5731, 5172, 5181, -1,
 5731, 5181, 5693, -1, 5693, 5181, 5185, -1, 5693, 5185, 5667, -1,
 5667, 5185, 5099, -1, 5667, 5099, 5638, -1, 5638, 5099, 5586, -1,
 5586, 5099, 5031, -1, 5586, 5031, 5525, -1, 5525, 5031, 4977, -1,
 5525, 4977, 4959, -1, 4515, 5258, 4747, -1, 4747, 5258, 5302, -1,
 4747, 5302, 4767, -1, 4767, 5302, 5345, -1, 4767, 5345, 4847, -1,
 4847, 5345, 5409, -1, 4847, 5409, 4959, -1, 4959, 5409, 5465, -1,
 4959, 5465, 5495, -1, 4306, 4667, 4406, -1, 4406, 4667, 4825, -1,
 4406, 4825, 4443, -1, 4443, 4825, 4849, -1, 4443, 4849, 4515, -1,
 4515, 4849, 4997, -1, 4515, 4997, 5258, -1, 3938, 4205, 4028, -1,
 4028, 4205, 4297, -1, 4028, 4297, 4113, -1, 4113, 4297, 4415, -1,
 4113, 4415, 4153, -1, 4153, 4415, 4446, -1, 4153, 4446, 4306, -1,
 4306, 4446, 4614, -1, 4306, 4614, 4667, -1, 3544, 3664, 3649, -1,
 3649, 3664, 3800, -1, 3649, 3800, 3774, -1, 3800, 3803, 3774, -1,
 3774, 3803, 3959, -1, 3774, 3959, 3861, -1, 3861, 3959, 4037, -1,
 3861, 4037, 3938, -1, 3938, 4037, 4100, -1, 3938, 4100, 4205, -1,
 3637, 3544, 3509, -1, 3509, 3544, 3521, -1, 3509, 3521, 3435, -1,
 3016, 3023, 3150, -1, 3150, 3023, 3167, -1, 3150, 3167, 3162, -1,
 3162, 3167, 3291, -1, 3162, 3291, 3248, -1, 3248, 3291, 3316, -1,
 3248, 3316, 3359, -1, 2701, 2834, 2877, -1, 2877, 2834, 2837, -1,
 2877, 2837, 3016, -1, 3016, 2837, 2941, -1, 3016, 2941, 3023, -1,
 2072, 2124, 2333, -1, 2333, 2124, 2235, -1, 2333, 2235, 2435, -1,
 2435, 2235, 2378, -1, 2435, 2378, 2480, -1, 2480, 2378, 2454, -1,
 2480, 2454, 2644, -1, 2644, 2454, 2525, -1, 2644, 2525, 2751, -1,
 2751, 2525, 2530, -1, 2751, 2530, 2701, -1, 2333, 2224, 2043, -1,
 2043, 2224, 2173, -1, 2043, 2173, 1762, -1, 1762, 2173, 1957, -1,
 1712, 1394, 1837, -1, 1837, 1394, 1582, -1, 1837, 1582, 1850, -1,
 1850, 1582, 1651, -1, 1850, 1651, 1957, -1, 1957, 1651, 1753, -1,
 1957, 1753, 1762, -1, 1564, 1306, 1712, -1, 1712, 1306, 1350, -1,
 1712, 1350, 1394, -1, 1335, 819, 1451, -1, 1451, 819, 1000, -1,
 1451, 1000, 1526, -1, 1526, 1000, 1177, -1, 1526, 1177, 1564, -1,
 1564, 1177, 1225, -1, 1564, 1225, 1306, -1, 989, 479, 1087, -1,
 1087, 479, 503, -1, 1087, 503, 1173, -1, 1173, 503, 569, -1,
 1173, 569, 1231, -1, 1231, 569, 610, -1, 1231, 610, 1335, -1,
 1335, 610, 775, -1, 1335, 775, 819, -1, 807, 276, 912, -1,
 912, 276, 316, -1, 912, 316, 937, -1, 937, 316, 393, -1,
 937, 393, 989, -1, 989, 393, 427, -1, 989, 427, 479, -1,
 253, 807, 227, -1, 227, 807, 720, -1, 227, 720, 716, -1,
 108, 703, 125, -1, 125, 703, 690, -1, 125, 690, 143, -1,
 143, 690, 688, -1, 143, 688, 173, -1, 173, 688, 778, -1,
 173, 778, 200, -1, 200, 778, 265, -1, 265, 778, 847, -1,
 265, 847, 328, -1, 328, 847, 913, -1, 328, 913, 919, -1,
 1349, 854, 1342, -1, 1342, 854, 585, -1, 1342, 585, 1149, -1,
 1149, 585, 536, -1, 1149, 536, 1120, -1, 1120, 536, 514, -1,
 1120, 514, 1010, -1, 1010, 514, 440, -1, 1010, 440, 919, -1,
 919, 440, 363, -1, 919, 363, 335, -1, 4357, 4112, 4153, -1,
 2446, 2745, 2695, -1, 5170, 5205, 5204, -1, 1012, 968, 969, -1,
 2791, 2865, 2864, -1, 2779, 2732, 2731, -1, 2427, 2369, 2368, -1,
 3876, 3902, 3901, -1, 4489, 4487, 4488, -1, 2777, 2886, 2885, -1,
 915, 998, 1010, -1, 1010, 998, 1120, -1, 1120, 998, 1150, -1,
 1120, 1150, 1149, -1, 1149, 1150, 1151, -1, 1149, 1151, 1342, -1,
 1010, 919, 915, -1, 915, 919, 913, -1, 915, 913, 880, -1,
 880, 913, 847, -1, 880, 847, 740, -1, 740, 847, 778, -1,
 740, 778, 699, -1, 699, 778, 688, -1, 699, 688, 649, -1,
 649, 688, 690, -1, 649, 690, 694, -1, 694, 690, 703, -1,
 694, 703, 730, -1, 703, 716, 730, -1, 730, 716, 720, -1,
 730, 720, 804, -1, 720, 807, 804, -1, 804, 807, 912, -1,
 804, 912, 939, -1, 939, 912, 937, -1, 939, 937, 944, -1,
 944, 937, 989, -1, 944, 989, 1089, -1, 5076, 5017, 5062, -1,
 5062, 5017, 4996, -1, 4996, 5017, 4964, -1, 4964, 5017, 4878, -1,
 4964, 4878, 4842, -1, 4842, 4878, 4793, -1, 4842, 4793, 4804, -1,
 4486, 4519, 4663, -1, 4663, 4519, 4725, -1, 4663, 4725, 4793, -1,
 4793, 4725, 4775, -1, 4793, 4775, 4804, -1, 4176, 4177, 4199, -1,
 4199, 4177, 4367, -1, 4199, 4367, 4449, -1, 4449, 4367, 4459, -1,
 4449, 4459, 4486, -1, 4486, 4459, 4477, -1, 4486, 4477, 4519, -1,
 3968, 3903, 3894, -1, 3894, 3981, 3968, -1, 3968, 3981, 4109, -1,
 3968, 4109, 4176, -1, 4176, 4109, 4175, -1, 4176, 4175, 4177, -1,
 3730, 3769, 3903, -1, 3903, 3769, 3864, -1, 3903, 3864, 3894, -1,
 3207, 3208, 3220, -1, 3220, 3208, 3273, -1, 3220, 3273, 3501, -1,
 3273, 3455, 3501, -1, 3501, 3455, 3506, -1, 3501, 3506, 3565, -1,
 3565, 3506, 3557, -1, 3565, 3557, 3730, -1, 3730, 3557, 3647, -1,
 3730, 3647, 3769, -1, 2885, 2886, 2924, -1, 2886, 2906, 2924, -1,
 2924, 2906, 3035, -1, 2924, 3035, 3207, -1, 3207, 3035, 3170, -1,
 3207, 3170, 3208, -1, 2777, 2885, 2671, -1, 2671, 2885, 2706, -1,
 2671, 2706, 2529, -1, 2529, 2706, 2528, -1, 2529, 2528, 2485, -1,
 2485, 2528, 2364, -1, 2364, 2528, 2416, -1, 2364, 2416, 2267, -1,
 2267, 2416, 2220, -1, 2267, 2220, 2221, -1, 2221, 2220, 2187, -1,
 2221, 2187, 1974, -1, 1974, 2187, 1944, -1, 1974, 1944, 1917, -1,
 1917, 1944, 1916, -1, 1917, 1916, 1861, -1, 1861, 1916, 1700, -1,
 1861, 1700, 1750, -1, 1447, 1491, 1556, -1, 1556, 1491, 1557, -1,
 1556, 1557, 1700, -1, 1700, 1557, 1594, -1, 1700, 1594, 1750, -1,
 990, 1127, 1226, -1, 1226, 1127, 1240, -1, 1226, 1240, 1250, -1,
 1250, 1240, 1251, -1, 1250, 1251, 1447, -1, 1447, 1251, 1377, -1,
 1447, 1377, 1491, -1, 810, 751, 752, -1, 752, 845, 810, -1,
 810, 845, 927, -1, 810, 927, 966, -1, 966, 927, 967, -1,
 966, 967, 990, -1, 990, 967, 1005, -1, 990, 1005, 1127, -1,
 670, 680, 705, -1, 705, 680, 709, -1, 705, 709, 751, -1,
 751, 709, 743, -1, 751, 743, 752, -1, 888, 808, 750, -1,
 750, 808, 745, -1, 750, 745, 670, -1, 670, 745, 671, -1,
 670, 671, 680, -1, 1074, 995, 904, -1, 904, 995, 906, -1,
 904, 906, 888, -1, 888, 906, 889, -1, 888, 889, 808, -1,
 1330, 1431, 1432, -1, 1432, 1337, 1330, -1, 1330, 1337, 1228, -1,
 1330, 1228, 1123, -1, 1123, 1228, 1124, -1, 1123, 1124, 1074, -1,
 1074, 1124, 1078, -1, 1074, 1078, 995, -1, 1725, 1708, 1549, -1,
 1549, 1708, 1586, -1, 1549, 1586, 1431, -1, 1431, 1586, 1445, -1,
 1431, 1445, 1432, -1, 2016, 2017, 2014, -1, 2014, 2017, 1960, -1,
 2014, 1960, 1818, -1, 1818, 1960, 1841, -1, 1818, 1841, 1725, -1,
 1725, 1841, 1726, -1, 1725, 1726, 1708, -1, 2304, 2353, 2354, -1,
 2354, 2334, 2304, -1, 2304, 2334, 2230, -1, 2304, 2230, 2016, -1,
 2016, 2230, 2056, -1, 2016, 2056, 2017, -1, 2711, 2712, 2597, -1,
 2597, 2712, 2650, -1, 2597, 2650, 2353, -1, 2353, 2650, 2440, -1,
 2353, 2440, 2354, -1, 3045, 3019, 2805, -1, 2805, 3019, 2887, -1,
 2805, 2887, 2711, -1, 2711, 2887, 2753, -1, 2711, 2753, 2712, -1,
 3351, 3352, 3320, -1, 3320, 3352, 3250, -1, 3320, 3250, 3105, -1,
 3105, 3250, 3151, -1, 3105, 3151, 3045, -1, 3045, 3151, 3046, -1,
 3045, 3046, 3019, -1, 3605, 3702, 3703, -1, 3703, 3654, 3605, -1,
 3605, 3654, 3545, -1, 3605, 3545, 3351, -1, 3351, 3545, 3437, -1,
 3351, 3437, 3352, -1, 4004, 4005, 3869, -1, 3869, 4005, 3941, -1,
 3869, 3941, 3702, -1, 3702, 3941, 3773, -1, 3702, 3773, 3703, -1,
 4557, 4635, 4636, -1, 4636, 4518, 4557, -1, 4557, 4518, 4405, -1,
 4557, 4405, 4344, -1, 4344, 4405, 4345, -1, 4344, 4345, 4330, -1,
 4330, 4345, 4310, -1, 4330, 4310, 4078, -1, 4078, 4310, 4152, -1,
 4078, 4152, 4004, -1, 4004, 4152, 4033, -1, 4004, 4033, 4005, -1,
 4907, 4875, 4788, -1, 4788, 4875, 4764, -1, 4788, 4764, 4635, -1,
 4635, 4764, 4651, -1, 4635, 4651, 4636, -1, 4960, 4953, 4907, -1,
 4907, 4953, 4908, -1, 4907, 4908, 4875, -1, 5218, 5219, 5192, -1,
 5192, 5219, 5190, -1, 5192, 5190, 5134, -1, 5190, 5164, 5134, -1,
 5134, 5164, 5130, -1, 5134, 5130, 5118, -1, 5118, 5130, 5119, -1,
 5118, 5119, 4960, -1, 4960, 5119, 5032, -1, 4960, 5032, 4953, -1,
 4906, 4794, 4817, -1, 4817, 4886, 4906, -1, 4906, 4886, 4985, -1,
 4906, 4985, 5018, -1, 5018, 4985, 5019, -1, 5018, 5019, 5073, -1,
 5073, 5019, 5069, -1, 5073, 5069, 5218, -1, 5218, 5069, 5139, -1,
 5218, 5139, 5219, -1, 4489, 4488, 4726, -1, 4488, 4567, 4726, -1,
 4726, 4567, 4713, -1, 4726, 4713, 4794, -1, 4794, 4713, 4795, -1,
 4794, 4795, 4817, -1, 4265, 4351, 4487, -1, 4487, 4351, 4456, -1,
 4487, 4456, 4488, -1, 3901, 3902, 3983, -1, 3902, 3964, 3983, -1,
 3983, 3964, 4083, -1, 3983, 4083, 4173, -1, 4173, 4083, 4174, -1,
 4173, 4174, 4265, -1, 4265, 4174, 4200, -1, 4265, 4200, 4351, -1,
 3876, 3901, 3722, -1, 3722, 3901, 3754, -1, 3722, 3754, 3597, -1,
 3597, 3754, 3563, -1, 3597, 3563, 3564, -1, 3564, 3563, 3490, -1,
 3490, 3563, 3526, -1, 3490, 3526, 3286, -1, 3286, 3526, 3236, -1,
 3286, 3236, 3206, -1, 3206, 3236, 3205, -1, 3206, 3205, 3179, -1,
 3179, 3205, 3070, -1, 3070, 3205, 3011, -1, 3070, 3011, 2884, -1,
 2884, 3011, 2883, -1, 2884, 2883, 2789, -1, 2789, 2883, 2680, -1,
 2680, 2883, 2748, -1, 2680, 2748, 2527, -1, 2527, 2748, 2526, -1,
 2527, 2526, 2503, -1, 2503, 2526, 2439, -1, 2503, 2439, 2388, -1,
 2388, 2439, 2275, -1, 2275, 2439, 2231, -1, 2275, 2231, 2219, -1,
 2219, 2231, 2218, -1, 2219, 2218, 2154, -1, 2154, 2218, 1962, -1,
 2154, 1962, 1984, -1, 1984, 1962, 1915, -1, 1915, 1962, 1914, -1,
 1915, 1914, 1892, -1, 1892, 1914, 1722, -1, 1892, 1722, 1786, -1,
 1488, 1505, 1569, -1, 1569, 1505, 1570, -1, 1569, 1570, 1722, -1,
 1722, 1570, 1606, -1, 1722, 1606, 1786, -1, 1008, 974, 975, -1,
 975, 1039, 1008, -1, 1008, 1039, 1135, -1, 1008, 1135, 1241, -1,
 1241, 1135, 1246, -1, 1241, 1246, 1259, -1, 1259, 1246, 1260, -1,
 1259, 1260, 1488, -1, 1488, 1260, 1388, -1, 1488, 1388, 1505, -1,
 761, 762, 852, -1, 852, 762, 855, -1, 852, 855, 974, -1,
 974, 855, 931, -1, 974, 931, 975, -1, 865, 866, 864, -1,
 864, 866, 801, -1, 864, 801, 724, -1, 724, 801, 732, -1,
 724, 732, 651, -1, 651, 732, 652, -1, 651, 652, 715, -1,
 715, 652, 714, -1, 715, 714, 761, -1, 761, 714, 755, -1,
 761, 755, 762, -1, 1058, 986, 865, -1, 865, 986, 895, -1,
 865, 895, 866, -1, 1288, 1407, 1408, -1, 1408, 1304, 1288, -1,
 1288, 1304, 1171, -1, 1288, 1171, 1098, -1, 1098, 1171, 1099, -1,
 1098, 1099, 1058, -1, 1058, 1099, 1069, -1, 1058, 1069, 986, -1,
 1739, 1649, 1528, -1, 1528, 1649, 1551, -1, 1528, 1551, 1407, -1,
 1407, 1551, 1434, -1, 1407, 1434, 1408, -1, 2032, 2033, 1992, -1,
 1992, 2033, 1949, -1, 1992, 1949, 1797, -1, 1797, 1949, 1826, -1,
 1797, 1826, 1739, -1, 1739, 1826, 1740, -1, 1739, 1740, 1649, -1,
 2368, 2369, 2283, -1, 2369, 2318, 2283, -1, 2283, 2318, 2194, -1,
 2283, 2194, 2032, -1, 2032, 2194, 2042, -1, 2032, 2042, 2033, -1,
 2427, 2368, 2616, -1, 2616, 2368, 2502, -1, 2616, 2502, 2726, -1,
 2726, 2502, 2725, -1, 2726, 2725, 2739, -1, 2739, 2725, 2833, -1,
 2833, 2725, 2783, -1, 2833, 2783, 3054, -1, 3054, 2783, 3039, -1,
 3054, 3039, 3053, -1, 3411, 3412, 3274, -1, 3274, 3412, 3238, -1,
 3274, 3238, 3053, -1, 3053, 3238, 3140, -1, 3053, 3140, 3054, -1,
 3579, 3532, 3411, -1, 3411, 3532, 3422, -1, 3411, 3422, 3412, -1,
 4014, 3931, 3854, -1, 3854, 3931, 3762, -1, 3854, 3762, 3714, -1,
 3714, 3762, 3715, -1, 3714, 3715, 3579, -1, 3579, 3715, 3643, -1,
 3579, 3643, 3532, -1, 4312, 4117, 4061, -1, 4061, 4117, 4018, -1,
 4061, 4018, 4014, -1, 4014, 4018, 4015, -1, 4014, 4015, 3931, -1,
 4514, 4629, 4630, -1, 4630, 4501, 4514, -1, 4514, 4501, 4392, -1,
 4514, 4392, 4338, -1, 4338, 4392, 4339, -1, 4338, 4339, 4312, -1,
 4312, 4339, 4300, -1, 4312, 4300, 4117, -1, 4900, 4843, 4755, -1,
 4755, 4843, 4750, -1, 4755, 4750, 4629, -1, 4629, 4750, 4641, -1,
 4629, 4641, 4630, -1, 5209, 5161, 5110, -1, 5161, 5122, 5110, -1,
 5110, 5122, 5112, -1, 5110, 5112, 5111, -1, 5111, 5112, 5021, -1,
 5111, 5021, 4948, -1, 4948, 5021, 4947, -1, 4948, 4947, 4900, -1,
 4900, 4947, 4901, -1, 4900, 4901, 4843, -1, 5110, 5180, 5209, -1,
 5209, 5180, 5208, -1, 5209, 5208, 5157, -1, 5157, 5208, 5082, -1,
 4935, 5002, 5005, -1, 5005, 5002, 5006, -1, 5005, 5006, 5082, -1,
 5082, 5006, 5077, -1, 5082, 5077, 5157, -1, 4780, 4827, 4935, -1,
 4935, 4827, 4920, -1, 4935, 4920, 5002, -1, 4506, 4601, 4751, -1,
 4751, 4601, 4730, -1, 4751, 4730, 4780, -1, 4780, 4730, 4781, -1,
 4780, 4781, 4827, -1, 4301, 4163, 4164, -1, 4164, 4260, 4301, -1,
 4301, 4260, 4366, -1, 4301, 4366, 4473, -1, 4473, 4366, 4474, -1,
 4473, 4474, 4506, -1, 4506, 4474, 4480, -1, 4506, 4480, 4601, -1,
 3886, 3896, 4023, -1, 4023, 3896, 3974, -1, 4023, 3974, 4163, -1,
 4163, 3974, 4096, -1, 4163, 4096, 4164, -1, 3258, 3196, 3211, -1,
 3211, 3196, 3197, -1, 3211, 3321, 3258, -1, 3258, 3321, 3502, -1,
 3258, 3502, 3553, -1, 3553, 3502, 3554, -1, 3553, 3554, 3560, -1,
 3560, 3554, 3612, -1, 3560, 3612, 3772, -1, 3772, 3612, 3736, -1,
 3772, 3736, 3886, -1, 3886, 3736, 3887, -1, 3886, 3887, 3896, -1,
 3197, 3196, 3106, -1, 3106, 3196, 3029, -1, 3106, 3029, 2871, -1,
 2871, 3029, 2870, -1, 2871, 2870, 2801, -1, 2801, 2870, 2693, -1,
 2693, 2870, 2772, -1, 2693, 2772, 2585, -1, 2585, 2772, 2513, -1,
 2585, 2513, 2514, -1, 2514, 2513, 2399, -1, 2399, 2513, 2484, -1,
 2399, 2484, 2286, -1, 2286, 2484, 2273, -1, 2286, 2273, 2208, -1,
 2208, 2273, 2207, -1, 2208, 2207, 2164, -1, 2164, 2207, 1998, -1,
 1998, 2207, 1981, -1, 1998, 1981, 1924, -1, 1924, 1981, 1904, -1,
 1924, 1904, 1905, -1, 1905, 1904, 1801, -1, 1801, 1904, 1787, -1,
 1801, 1787, 1616, -1, 1616, 1787, 1578, -1, 1616, 1578, 1579, -1,
 1579, 1578, 1515, -1, 1515, 1578, 1512, -1, 1515, 1512, 1400, -1,
 1400, 1512, 1268, -1, 1400, 1268, 1275, -1, 982, 983, 1047, -1,
 1047, 983, 1046, -1, 1047, 1046, 1258, -1, 1258, 1046, 1146, -1,
 1258, 1146, 1268, -1, 1268, 1146, 1269, -1, 1268, 1269, 1275, -1,
 769, 777, 890, -1, 890, 777, 879, -1, 890, 879, 982, -1,
 982, 879, 942, -1, 982, 942, 983, -1, 851, 871, 872, -1,
 872, 861, 851, -1, 851, 861, 795, -1, 851, 795, 696, -1,
 696, 795, 712, -1, 696, 712, 659, -1, 659, 712, 660, -1,
 659, 660, 728, -1, 728, 660, 722, -1, 728, 722, 769, -1,
 769, 722, 770, -1, 769, 770, 777, -1, 1256, 1414, 1404, -1,
 1404, 1294, 1256, -1, 1256, 1294, 1158, -1, 1256, 1158, 1107, -1,
 1107, 1158, 1108, -1, 1107, 1108, 1045, -1, 1045, 1108, 1062, -1,
 1045, 1062, 871, -1, 871, 1062, 956, -1, 871, 956, 872, -1,
 1748, 1738, 1737, -1, 1737, 1738, 1641, -1, 1737, 1641, 1497, -1,
 1497, 1641, 1537, -1, 1497, 1537, 1414, -1, 1414, 1537, 1415, -1,
 1414, 1415, 1404, -1, 2030, 2011, 1973, -1, 1973, 2011, 1936, -1,
 1973, 1936, 1748, -1, 1748, 1936, 1812, -1, 1748, 1812, 1738, -1,
 2266, 2365, 2366, -1, 2366, 2307, 2266, -1, 2266, 2307, 2182, -1,
 2266, 2182, 2030, -1, 2030, 2182, 2031, -1, 2030, 2031, 2011, -1,
 2722, 2723, 2708, -1, 2722, 2708, 2452, -1, 2452, 2708, 2605, -1,
 2452, 2605, 2365, -1, 2365, 2605, 2414, -1, 2365, 2414, 2366, -1,
 2723, 2722, 2817, -1, 2817, 2722, 2762, -1, 2817, 2762, 3052, -1,
 3247, 3383, 3342, -1, 2762, 3021, 3052, -1, 3052, 3021, 3051, -1,
 3052, 3051, 3130, -1, 3130, 3051, 3247, -1, 3130, 3247, 3226, -1,
 3226, 3247, 3342, -1, 3538, 3712, 3713, -1, 3713, 3628, 3538, -1,
 3538, 3628, 3519, -1, 3538, 3519, 3383, -1, 3383, 3519, 3384, -1,
 3383, 3384, 3342, -1, 4011, 4012, 4006, -1, 4006, 4012, 3990, -1,
 4006, 3990, 3764, -1, 3764, 3990, 3916, -1, 3764, 3916, 3712, -1,
 3712, 3916, 3753, -1, 3712, 3753, 3713, -1, 4340, 4341, 4287, -1,
 4287, 4341, 4284, -1, 4287, 4284, 4011, -1, 4011, 4284, 4107, -1,
 4011, 4107, 4012, -1, 4631, 4617, 4496, -1, 4496, 4617, 4494, -1,
 4496, 4494, 4340, -1, 4340, 4494, 4383, -1, 4340, 4383, 4341, -1,
 4902, 4834, 4734, -1, 4734, 4834, 4737, -1, 4734, 4737, 4631, -1,
 4631, 4737, 4632, -1, 4631, 4632, 4617, -1, 5090, 4991, 4931, -1,
 4931, 4991, 4938, -1, 4931, 4938, 4902, -1, 4902, 4938, 4903, -1,
 4902, 4903, 4834, -1, 5216, 5217, 5175, -1, 5175, 5217, 5153, -1,
 5175, 5153, 5113, -1, 5113, 5153, 5114, -1, 5113, 5114, 5090, -1,
 5090, 5114, 5100, -1, 5090, 5100, 4991, -1, 5015, 5023, 5093, -1,
 5093, 5023, 5083, -1, 5093, 5083, 5216, -1, 5216, 5083, 5167, -1,
 5216, 5167, 5217, -1, 4791, 4831, 4954, -1, 4954, 4831, 4926, -1,
 4954, 4926, 5015, -1, 5015, 4926, 5016, -1, 5015, 5016, 5023, -1,
 4523, 4609, 4784, -1, 4784, 4609, 4743, -1, 4784, 4743, 4791, -1,
 4791, 4743, 4792, -1, 4791, 4792, 4831, -1, 4319, 4380, 4484, -1,
 4484, 4380, 4485, -1, 4484, 4485, 4523, -1, 4523, 4485, 4498, -1,
 4523, 4498, 4609, -1, 4068, 3899, 3917, -1, 3917, 3899, 3900, -1,
 3917, 3982, 4068, -1, 4068, 3982, 4106, -1, 4068, 4106, 4171, -1,
 4171, 4106, 4172, -1, 4171, 4172, 4319, -1, 4319, 4172, 4278, -1,
 4319, 4278, 4380, -1, 3900, 3899, 3747, -1, 3747, 3899, 3863, -1,
 3747, 3863, 3625, -1, 3625, 3863, 3586, -1, 3625, 3586, 3562, -1,
 3562, 3586, 3561, -1, 3562, 3561, 3514, -1, 3514, 3561, 3283, -1,
 3514, 3283, 3333, -1, 2881, 2882, 3069, -1, 3069, 2882, 3124, -1,
 3069, 3124, 3203, -1, 3203, 3124, 3204, -1, 3203, 3204, 3283, -1,
 3283, 3204, 3223, -1, 3283, 3223, 3333, -1, 2287, 2216, 2217, -1,
 2217, 2303, 2287, -1, 2287, 2303, 2411, -1, 2287, 2411, 2522, -1,
 2522, 2411, 2523, -1, 2522, 2523, 2524, -1, 2524, 2523, 2601, -1,
 2524, 2601, 2793, -1, 2793, 2601, 2702, -1, 2793, 2702, 2881, -1,
 2881, 2702, 2811, -1, 2881, 2811, 2882, -1, 1912, 1932, 2002, -1,
 2002, 1932, 2012, -1, 2002, 2012, 2216, -1, 2216, 2012, 2175, -1,
 2216, 2175, 2217, -1, 1807, 1811, 1912, -1, 1912, 1811, 1913, -1,
 1912, 1913, 1932, -1, 1261, 1262, 1291, -1, 1291, 1262, 1284, -1,
 1291, 1284, 1533, -1, 1284, 1406, 1533, -1, 1533, 1406, 1531, -1,
 1533, 1531, 1571, -1, 1571, 1531, 1572, -1, 1571, 1572, 1807, -1,
 1807, 1572, 1633, -1, 1807, 1633, 1811, -1, 976, 977, 1067, -1,
 1067, 977, 1057, -1, 1067, 1057, 1261, -1, 1261, 1057, 1159, -1,
 1261, 1159, 1262, -1, 763, 786, 909, -1, 909, 786, 897, -1,
 909, 897, 976, -1, 976, 897, 950, -1, 976, 950, 977, -1,
 877, 856, 818, -1, 818, 856, 791, -1, 818, 791, 672, -1,
 672, 791, 698, -1, 672, 698, 663, -1, 663, 698, 664, -1,
 663, 664, 738, -1, 738, 664, 729, -1, 738, 729, 763, -1,
 763, 729, 764, -1, 763, 764, 786, -1, 1007, 947, 877, -1,
 877, 947, 878, -1, 877, 878, 856, -1, 1421, 1422, 1396, -1,
 1421, 1396, 1236, -1, 1396, 1280, 1236, -1, 1236, 1280, 1145, -1,
 1236, 1145, 1113, -1, 1113, 1145, 1114, -1, 1113, 1114, 1007, -1,
 1007, 1114, 1050, -1, 1007, 1050, 947, -1, 1422, 1421, 1521, -1,
 1521, 1421, 1455, -1, 1521, 1455, 1624, -1, 1624, 1455, 1713, -1,
 1624, 1713, 1734, -1, 1734, 1713, 1733, -1, 1734, 1733, 1800, -1,
 1800, 1733, 1958, -1, 1800, 1958, 1929, -1, 2212, 2360, 2361, -1,
 2361, 2295, 2212, -1, 2212, 2295, 2169, -1, 2212, 2169, 2026, -1,
 2026, 2169, 2027, -1, 2026, 2027, 1958, -1, 1958, 2027, 1999, -1,
 1958, 1999, 1929, -1, 3047, 3048, 3005, -1, 3005, 3048, 2804, -1,
 3005, 2804, 2733, -1, 2733, 2804, 2719, -1, 2733, 2719, 2718, -1,
 2718, 2719, 2696, -1, 2718, 2696, 2428, -1, 2428, 2696, 2590, -1,
 2428, 2590, 2360, -1, 2360, 2590, 2402, -1, 2360, 2402, 2361, -1,
 3355, 3325, 3230, -1, 3230, 3325, 3218, -1, 3230, 3218, 3047, -1,
 3047, 3218, 3113, -1, 3047, 3113, 3048, -1, 3707, 3615, 3513, -1,
 3513, 3615, 3505, -1, 3513, 3505, 3355, -1, 3355, 3505, 3356, -1,
 3355, 3356, 3325, -1, 3978, 4007, 4008, -1, 4008, 3977, 3978, -1,
 3978, 3977, 3892, -1, 3978, 3892, 3745, -1, 3745, 3892, 3740, -1,
 3745, 3740, 3707, -1, 3707, 3740, 3708, -1, 3707, 3708, 3615, -1,
 4457, 4371, 4342, -1, 4342, 4371, 4343, -1, 4342, 4343, 4258, -1,
 4258, 4343, 4263, -1, 4258, 4263, 4007, -1, 4007, 4263, 4099, -1,
 4007, 4099, 4008, -1, 4633, 4608, 4457, -1, 4457, 4608, 4465, -1,
 4457, 4465, 4371, -1, 4904, 4828, 4717, -1, 4717, 4828, 4727, -1,
 4717, 4727, 4633, -1, 4633, 4727, 4634, -1, 4633, 4634, 4608, -1,
 5115, 5089, 5071, -1, 5071, 5089, 4983, -1, 5071, 4983, 4917, -1,
 4917, 4983, 4925, -1, 4917, 4925, 4904, -1, 4904, 4925, 4905, -1,
 4904, 4905, 4828, -1, 5206, 5207, 5169, -1, 5169, 5207, 5146, -1,
 5169, 5146, 5115, -1, 5115, 5146, 5116, -1, 5115, 5116, 5089, -1,
 5003, 5028, 5103, -1, 5103, 5028, 5091, -1, 5103, 5091, 5206, -1,
 5206, 5091, 5177, -1, 5206, 5177, 5207, -1, 4778, 4779, 4812, -1,
 4812, 4779, 4837, -1, 4812, 4837, 4969, -1, 4969, 4837, 4942, -1,
 4969, 4942, 5003, -1, 5003, 4942, 5004, -1, 5003, 5004, 5028, -1,
 4563, 4471, 4472, -1, 4472, 4504, 4563, -1, 4563, 4504, 4619, -1,
 4563, 4619, 4778, -1, 4778, 4619, 4754, -1, 4778, 4754, 4779, -1,
 4161, 4162, 4350, -1, 4350, 4162, 4289, -1, 4350, 4289, 4471, -1,
 4471, 4289, 4386, -1, 4471, 4386, 4472, -1, 3878, 3885, 3884, -1,
 3884, 3885, 3928, -1, 3884, 3928, 4092, -1, 4092, 3928, 3996, -1,
 4092, 3996, 4161, -1, 4161, 3996, 4118, -1, 4161, 4118, 4162, -1,
 3550, 3551, 3611, -1, 3611, 3551, 3638, -1, 3611, 3638, 3878, -1,
 3878, 3638, 3757, -1, 3878, 3757, 3885, -1, 3194, 3234, 3327, -1,
 3327, 3234, 3353, -1, 3327, 3353, 3550, -1, 3550, 3353, 3531, -1,
 3550, 3531, 3551, -1, 2606, 2511, 2512, -1, 2512, 2611, 2606, -1,
 2606, 2611, 2735, -1, 2606, 2735, 2813, -1, 2813, 2735, 2829, -1,
 2813, 2829, 2868, -1, 2868, 2829, 2869, -1, 2868, 2869, 3123, -1,
 3123, 2869, 3137, -1, 3123, 3137, 3194, -1, 3194, 3137, 3195, -1,
 3194, 3195, 3234, -1, 2205, 2206, 2313, -1, 2313, 2206, 2314, -1,
 2313, 2314, 2511, -1, 2511, 2314, 2424, -1, 2511, 2424, 2512, -1,
 1901, 1942, 2047, -1, 2047, 1942, 2044, -1, 2047, 2044, 2205, -1,
 2205, 2044, 2189, -1, 2205, 2189, 2206, -1, 1580, 1647, 1830, -1,
 1830, 1647, 1820, -1, 1830, 1820, 1901, -1, 1901, 1820, 1902, -1,
 1901, 1902, 1942, -1, 1334, 1270, 1271, -1, 1271, 1297, 1334, -1,
 1334, 1297, 1437, -1, 1334, 1437, 1555, -1, 1555, 1437, 1546, -1,
 1555, 1546, 1580, -1, 1580, 1546, 1581, -1, 1580, 1581, 1647, -1,
 984, 985, 1093, -1, 1093, 985, 1070, -1, 1093, 1070, 1270, -1,
 1270, 1070, 1170, -1, 1270, 1170, 1271, -1, 735, 772, 771, -1,
 771, 772, 792, -1, 771, 792, 921, -1, 921, 792, 908, -1,
 921, 908, 984, -1, 984, 908, 957, -1, 984, 957, 985, -1,
 848, 805, 867, -1, 771, 744, 735, -1, 735, 744, 676, -1,
 735, 676, 654, -1, 654, 676, 653, -1, 654, 653, 686, -1,
 686, 653, 805, -1, 686, 805, 787, -1, 787, 805, 848, -1,
 991, 1100, 1101, -1, 1101, 1043, 991, -1, 991, 1043, 933, -1,
 991, 933, 867, -1, 867, 933, 868, -1, 867, 868, 848, -1,
 1409, 1387, 1172, -1, 1172, 1387, 1265, -1, 1172, 1265, 1100, -1,
 1100, 1265, 1134, -1, 1100, 1134, 1101, -1, 1741, 1742, 1646, -1,
 1646, 1742, 1610, -1, 1646, 1610, 1430, -1, 1430, 1610, 1507, -1,
 1430, 1507, 1409, -1, 1409, 1507, 1410, -1, 1409, 1410, 1387, -1,
 1939, 1909, 1741, -1, 1741, 1909, 1761, -1, 1741, 1761, 1742, -1,
 2177, 2158, 2034, -1, 2034, 2158, 2035, -1, 2034, 2035, 1939, -1,
 1939, 2035, 1988, -1, 1939, 1988, 1909, -1, 2697, 2506, 2406, -1,
 2406, 2506, 2389, -1, 2406, 2389, 2371, -1, 2371, 2389, 2372, -1,
 2371, 2372, 2177, -1, 2177, 2372, 2282, -1, 2177, 2282, 2158, -1,
 3055, 3056, 2919, -1, 2919, 3056, 2792, -1, 2919, 2792, 2727, -1,
 2727, 2792, 2728, -1, 2727, 2728, 2697, -1, 2697, 2728, 2684, -1,
 2697, 2684, 2506, -1, 3413, 3317, 3188, -1, 3188, 3317, 3183, -1,
 3188, 3183, 3055, -1, 3055, 3183, 3074, -1, 3055, 3074, 3056, -1,
 3716, 3600, 3495, -1, 3495, 3600, 3494, -1, 3495, 3494, 3413, -1,
 3413, 3494, 3414, -1, 3413, 3414, 3317, -1, 3962, 3874, 3723, -1,
 3723, 3874, 3726, -1, 3723, 3726, 3716, -1, 3716, 3726, 3717, -1,
 3716, 3717, 3600, -1, 4191, 4336, 4337, -1, 4337, 4201, 4191, -1,
 4191, 4201, 4090, -1, 4191, 4090, 4016, -1, 4016, 4090, 4017, -1,
 4016, 4017, 3962, -1, 3962, 4017, 3969, -1, 3962, 3969, 3874, -1,
 4627, 4597, 4438, -1, 4438, 4597, 4451, -1, 4438, 4451, 4336, -1,
 4336, 4451, 4361, -1, 4336, 4361, 4337, -1, 4898, 4899, 4879, -1,
 4879, 4899, 4816, -1, 4879, 4816, 4656, -1, 4656, 4816, 4718, -1,
 4656, 4718, 4627, -1, 4627, 4718, 4628, -1, 4627, 4628, 4597, -1,
 5036, 4973, 4898, -1, 4898, 4973, 4922, -1, 4898, 4922, 4899, -1,
 5210, 5211, 5163, -1, 5163, 5211, 5143, -1, 5163, 5143, 5108, -1,
 5108, 5143, 5109, -1, 5108, 5109, 5036, -1, 5036, 5109, 5080, -1,
 5036, 5080, 4973, -1, 4990, 5008, 5007, -1, 5007, 5008, 5035, -1,
 5007, 5035, 5144, -1, 5144, 5035, 5095, -1, 5144, 5095, 5210, -1,
 5210, 5095, 5194, -1, 5210, 5194, 5211, -1, 4782, 4783, 4826, -1,
 4826, 4783, 4846, -1, 4826, 4846, 4990, -1, 4990, 4846, 4952, -1,
 4990, 4952, 5008, -1, 4603, 4475, 4476, -1, 4476, 4517, 4603, -1,
 4603, 4517, 4644, -1, 4603, 4644, 4782, -1, 4782, 4644, 4768, -1,
 4782, 4768, 4783, -1, 4165, 4166, 4373, -1, 4373, 4166, 4305, -1,
 4373, 4305, 4475, -1, 4475, 4305, 4403, -1, 4475, 4403, 4476, -1,
 3888, 3889, 3923, -1, 3923, 3889, 3936, -1, 3923, 3936, 4108, -1,
 4108, 3936, 4025, -1, 4108, 4025, 4165, -1, 4165, 4025, 4154, -1,
 4165, 4154, 4166, -1, 3409, 3543, 3555, -1, 3555, 3543, 3556, -1,
 3555, 3556, 3634, -1, 3634, 3556, 3648, -1, 3634, 3648, 3888, -1,
 3888, 3648, 3770, -1, 3888, 3770, 3889, -1, 3198, 3246, 3409, -1,
 3409, 3246, 3434, -1, 3409, 3434, 3543, -1, 3144, 3147, 3198, -1,
 3198, 3147, 3199, -1, 3198, 3199, 3246, -1, 2646, 2515, 2516, -1,
 2516, 2642, 2646, -1, 2646, 2642, 2749, -1, 2646, 2749, 2863, -1,
 2863, 2749, 2874, -1, 2863, 2874, 2875, -1, 2875, 2874, 2876, -1,
 2875, 2876, 3144, -1, 3144, 2876, 3014, -1, 3144, 3014, 3147, -1,
 2209, 2215, 2340, -1, 2340, 2215, 2331, -1, 2340, 2331, 2515, -1,
 2515, 2331, 2434, -1, 2515, 2434, 2516, -1, 1906, 1956, 2063, -1,
 2063, 1956, 2055, -1, 2063, 2055, 2209, -1, 2209, 2055, 2210, -1,
 2209, 2210, 2215, -1, 1576, 1577, 1590, -1, 1590, 1577, 1709, -1,
 1590, 1709, 1851, -1, 1851, 1709, 1838, -1, 1851, 1838, 1906, -1,
 1906, 1838, 1907, -1, 1906, 1907, 1956, -1, 1376, 1266, 1267, -1,
 1267, 1333, 1376, -1, 1376, 1333, 1452, -1, 1376, 1452, 1576, -1,
 1576, 1452, 1558, -1, 1576, 1558, 1577, -1, 980, 981, 1132, -1,
 1132, 981, 1086, -1, 1132, 1086, 1266, -1, 1266, 1086, 1176, -1,
 1266, 1176, 1267, -1, 767, 802, 930, -1, 930, 802, 914, -1,
 930, 914, 980, -1, 980, 914, 970, -1, 980, 970, 981, -1,
 657, 658, 685, -1, 685, 658, 702, -1, 685, 702, 758, -1,
 758, 702, 739, -1, 758, 739, 767, -1, 767, 739, 768, -1,
 767, 768, 802, -1, 796, 873, 874, -1, 874, 844, 796, -1,
 796, 844, 782, -1, 796, 782, 657, -1, 657, 782, 665, -1,
 657, 665, 658, -1, 1109, 1103, 954, -1, 954, 1103, 1013, -1,
 954, 1013, 873, -1, 873, 1013, 926, -1, 873, 926, 874, -1,
 1416, 1417, 1398, -1, 1398, 1417, 1381, -1, 1398, 1381, 1153, -1,
 1153, 1381, 1244, -1, 1153, 1244, 1109, -1, 1109, 1244, 1110, -1,
 1109, 1110, 1103, -1, 1746, 1743, 1619, -1, 1619, 1743, 1600, -1,
 1619, 1600, 1416, -1, 1416, 1600, 1493, -1, 1416, 1493, 1417, -1,
 1922, 1891, 1746, -1, 1746, 1891, 1747, -1, 1746, 1747, 1743, -1,
 2376, 2272, 2159, -1, 2159, 2272, 2121, -1, 2159, 2121, 2038, -1,
 2038, 2121, 2039, -1, 2038, 2039, 1922, -1, 1922, 2039, 1976, -1,
 1922, 1976, 1891, -1, 2731, 2732, 2675, -1, 2732, 2673, 2675, -1,
 2675, 2673, 2491, -1, 2675, 2491, 2383, -1, 2383, 2491, 2377, -1,
 2383, 2377, 2376, -1, 2376, 2377, 2367, -1, 2376, 2367, 2272, -1,
 2779, 2731, 2908, -1, 2908, 2731, 2909, -1, 2908, 2909, 3038, -1,
 3038, 2909, 3061, -1, 3038, 3061, 3062, -1, 3062, 3061, 3173, -1,
 3173, 3061, 3166, -1, 3173, 3166, 3281, -1, 3281, 3166, 3420, -1,
 3281, 3420, 3421, -1, 3421, 3420, 3487, -1, 3487, 3420, 3479, -1,
 3487, 3479, 3581, -1, 3581, 3479, 3659, -1, 3581, 3659, 3693, -1,
 3693, 3659, 3721, -1, 3721, 3659, 3720, -1, 3721, 3720, 3865, -1,
 3865, 3720, 3944, -1, 3865, 3944, 3957, -1, 3957, 3944, 4022, -1,
 4022, 3944, 4021, -1, 4022, 4021, 4077, -1, 4894, 4893, 4844, -1,
 4844, 4893, 4802, -1, 4844, 4802, 4646, -1, 4646, 4802, 4624, -1,
 4646, 4624, 4623, -1, 4623, 4624, 4561, -1, 4623, 4561, 4402, -1,
 4402, 4561, 4440, -1, 4402, 4440, 4332, -1, 4332, 4440, 4333, -1,
 4332, 4333, 4155, -1, 4155, 4333, 4331, -1, 4155, 4331, 4021, -1,
 4021, 4331, 4192, -1, 4021, 4192, 4077, -1, 5014, 4966, 4894, -1,
 4894, 4966, 4895, -1, 4894, 4895, 4893, -1, 5156, 5214, 5200, -1,
 5200, 5214, 5215, -1, 5200, 5171, 5156, -1, 5156, 5171, 5137, -1,
 5156, 5137, 5104, -1, 5104, 5137, 5105, -1, 5104, 5105, 5014, -1,
 5014, 5105, 5068, -1, 5014, 5068, 4966, -1, 5215, 5214, 5101, -1,
 5101, 5214, 5166, -1, 5101, 5166, 5063, -1, 5063, 5166, 5025, -1,
 5063, 5025, 5013, -1, 5013, 5025, 5012, -1, 5013, 5012, 4965, -1,
 4965, 5012, 4876, -1, 4876, 5012, 4836, -1, 4876, 4836, 4797, -1,
 4797, 4836, 4789, -1, 4797, 4789, 4790, -1, 4790, 4789, 4654, -1,
 4654, 4789, 4620, -1, 4654, 4620, 4527, -1, 4527, 4620, 4481, -1,
 4527, 4481, 4482, -1, 3940, 4062, 4150, -1, 4150, 4062, 4169, -1,
 4150, 4169, 4168, -1, 4168, 4169, 4186, -1, 4168, 4186, 4396, -1,
 4396, 4186, 4318, -1, 4396, 4318, 4481, -1, 4481, 4318, 4412, -1,
 4481, 4412, 4482, -1, 3558, 3577, 3655, -1, 3655, 3577, 3658, -1,
 3655, 3658, 3897, -1, 3897, 3658, 3898, -1, 3897, 3898, 3940, -1,
 3940, 3898, 3949, -1, 3940, 3949, 4062, -1, 3446, 3452, 3558, -1,
 3558, 3452, 3559, -1, 3558, 3559, 3577, -1, 2900, 3027, 3160, -1,
 3160, 3027, 3158, -1, 3160, 3158, 3201, -1, 3201, 3158, 3202, -1,
 3201, 3202, 3446, -1, 3446, 3202, 3264, -1, 3446, 3264, 3452, -1,
 2670, 2520, 2521, -1, 2521, 2654, 2670, -1, 2670, 2654, 2764, -1,
 2670, 2764, 2879, -1, 2879, 2764, 2880, -1, 2879, 2880, 2900, -1,
 2900, 2880, 2897, -1, 2900, 2897, 3027, -1, 2213, 2237, 2380, -1,
 2380, 2237, 2349, -1, 2380, 2349, 2520, -1, 2520, 2349, 2447, -1,
 2520, 2447, 2521, -1, 1910, 1964, 2151, -1, 2151, 1964, 2066, -1,
 2151, 2066, 2213, -1, 2213, 2066, 2214, -1, 2213, 2214, 2237, -1,
 1611, 1588, 1719, -1, 1611, 1719, 1893, -1, 1893, 1719, 1848, -1,
 1893, 1848, 1910, -1, 1910, 1848, 1911, -1, 1910, 1911, 1964, -1,
 1588, 1611, 1575, -1, 1575, 1611, 1574, -1, 1575, 1574, 1459, -1,
 1459, 1574, 1393, -1, 1459, 1393, 1344, -1, 1344, 1393, 1264, -1,
 1264, 1393, 1263, -1, 1264, 1263, 1096, -1, 1096, 1263, 1148, -1,
 1096, 1148, 993, -1, 993, 1148, 978, -1, 993, 978, 979, -1,
 979, 978, 922, -1, 922, 978, 946, -1, 922, 946, 811, -1,
 811, 946, 784, -1, 811, 784, 766, -1, 766, 784, 765, -1,
 766, 765, 741, -1, 741, 765, 704, -1, 704, 765, 692, -1,
 704, 692, 675, -1, 675, 692, 661, -1, 675, 661, 662, -1,
 662, 661, 776, -1, 776, 661, 789, -1, 776, 789, 812, -1,
 812, 789, 875, -1, 812, 875, 876, -1, 1111, 1090, 934, -1,
 934, 1090, 1002, -1, 934, 1002, 875, -1, 875, 1002, 917, -1,
 875, 917, 876, -1, 1419, 1420, 1383, -1, 1383, 1420, 1346, -1,
 1383, 1346, 1131, -1, 1131, 1346, 1235, -1, 1131, 1235, 1111, -1,
 1111, 1235, 1112, -1, 1111, 1112, 1090, -1, 1735, 1716, 1601, -1,
 1601, 1716, 1589, -1, 1601, 1589, 1419, -1, 1419, 1589, 1457, -1,
 1419, 1457, 1420, -1, 1875, 1852, 1735, -1, 1735, 1852, 1736, -1,
 1735, 1736, 1716, -1, 2652, 2451, 2362, -1, 2362, 2451, 2363, -1,
 2362, 2363, 2347, -1, 2347, 2363, 2346, -1, 2347, 2346, 2068, -1,
 2068, 2346, 2264, -1, 2068, 2264, 2028, -1, 2028, 2264, 2029, -1,
 2028, 2029, 1875, -1, 1875, 2029, 1967, -1, 1875, 1967, 1852, -1,
 2894, 3049, 3028, -1, 3028, 2898, 2894, -1, 2894, 2898, 2766, -1,
 2894, 2766, 2720, -1, 2720, 2766, 2721, -1, 2720, 2721, 2652, -1,
 2652, 2721, 2655, -1, 2652, 2655, 2451, -1, 3357, 3265, 3148, -1,
 3148, 3265, 3159, -1, 3148, 3159, 3049, -1, 3049, 3159, 3050, -1,
 3049, 3050, 3028, -1, 3644, 3575, 3429, -1, 3429, 3575, 3454, -1,
 3429, 3454, 3357, -1, 3357, 3454, 3358, -1, 3357, 3358, 3265, -1,
 3926, 4009, 4010, -1, 4010, 3951, 3926, -1, 3926, 3951, 3855, -1,
 3926, 3855, 3709, -1, 3709, 3855, 3710, -1, 3709, 3710, 3644, -1,
 3644, 3710, 3660, -1, 3644, 3660, 3575, -1, 4352, 4321, 4114, -1,
 4114, 4321, 4180, -1, 4114, 4180, 4009, -1, 4009, 4180, 4065, -1,
 4009, 4065, 4010, -1, 4830, 4772, 4642, -1, 4642, 4772, 4643, -1,
 4642, 4643, 4612, -1, 4612, 4643, 4552, -1, 4612, 4552, 4384, -1,
 4384, 4552, 4411, -1, 4384, 4411, 4352, -1, 4352, 4411, 4353, -1,
 4352, 4353, 4321, -1, 4984, 5126, 5127, -1, 5127, 5061, 4984, -1,
 4984, 5061, 4963, -1, 4984, 4963, 4915, -1, 4915, 4963, 4916, -1,
 4915, 4916, 4830, -1, 4830, 4916, 4880, -1, 4830, 4880, 4772, -1,
 5034, 4994, 4995, -1, 4995, 5067, 5034, -1, 5034, 5067, 5128, -1,
 5034, 5128, 5193, -1, 5193, 5128, 5199, -1, 5193, 5199, 5198, -1,
 5198, 5199, 5191, -1, 5198, 5191, 5145, -1, 5145, 5191, 5165, -1,
 5145, 5165, 5126, -1, 5126, 5165, 5136, -1, 5126, 5136, 5127, -1,
 4769, 4805, 4848, -1, 4848, 4805, 4881, -1, 4848, 4881, 4994, -1,
 4994, 4881, 4972, -1, 4994, 4972, 4995, -1, 4463, 4558, 4652, -1,
 4652, 4558, 4662, -1, 4652, 4662, 4769, -1, 4769, 4662, 4770, -1,
 4769, 4770, 4805, -1, 4413, 4447, 4463, -1, 4463, 4447, 4464, -1,
 4463, 4464, 4558, -1, 3953, 4074, 4181, -1, 4181, 4074, 4182, -1,
 4181, 4182, 4188, -1, 4188, 4182, 4194, -1, 4188, 4194, 4413, -1,
 4413, 4194, 4327, -1, 4413, 4327, 4447, -1, 3568, 3580, 3691, -1,
 3691, 3580, 3689, -1, 3691, 3689, 3912, -1, 3912, 3689, 3913, -1,
 3912, 3913, 3953, -1, 3953, 3913, 3955, -1, 3953, 3955, 4074, -1,
 3215, 3280, 3489, -1, 3489, 3280, 3485, -1, 3489, 3485, 3568, -1,
 3568, 3485, 3569, -1, 3568, 3569, 3580, -1, 2916, 3037, 3177, -1,
 3177, 3037, 3172, -1, 3177, 3172, 3215, -1, 3215, 3172, 3216, -1,
 3215, 3216, 3280, -1, 2688, 2583, 2584, -1, 2584, 2672, 2688, -1,
 2688, 2672, 2778, -1, 2688, 2778, 2892, -1, 2892, 2778, 2893, -1,
 2892, 2893, 2916, -1, 2916, 2893, 2907, -1, 2916, 2907, 3037, -1,
 2225, 2271, 2400, -1, 2400, 2271, 2370, -1, 2400, 2370, 2583, -1,
 2583, 2370, 2490, -1, 2583, 2490, 2584, -1, 1920, 1921, 1931, -1,
 1931, 1921, 1975, -1, 1931, 1975, 2171, -1, 2171, 1975, 2096, -1,
 2171, 2096, 2225, -1, 2225, 2096, 2226, -1, 2225, 2226, 2271, -1,
 1640, 1752, 1920, -1, 1920, 1752, 1888, -1, 1920, 1888, 1921, -1,
 1426, 1495, 1561, -1, 1561, 1495, 1562, -1, 1561, 1562, 1640, -1,
 1640, 1562, 1597, -1, 1640, 1597, 1752, -1, 971, 1006, 1167, -1,
 1167, 1006, 1130, -1, 1167, 1130, 1254, -1, 1254, 1130, 1255, -1,
 1254, 1255, 1426, -1, 1426, 1255, 1380, -1, 1426, 1380, 1495, -1,
 756, 757, 799, -1, 799, 757, 846, -1, 799, 846, 958, -1,
 958, 846, 928, -1, 958, 928, 971, -1, 971, 928, 972, -1,
 971, 972, 1006, -1, 701, 710, 756, -1, 756, 710, 747, -1,
 756, 747, 757, -1, 882, 806, 781, -1, 781, 806, 742, -1,
 781, 742, 666, -1, 666, 742, 667, -1, 666, 667, 701, -1,
 701, 667, 679, -1, 701, 679, 710, -1, 1092, 1116, 1117, -1,
 1117, 1076, 1092, -1, 1092, 1076, 994, -1, 1092, 994, 920, -1,
 920, 994, 905, -1, 920, 905, 882, -1, 882, 905, 883, -1,
 882, 883, 806, -1, 1587, 1730, 1707, -1, 1707, 1585, 1587, -1,
 1587, 1585, 1442, -1, 1587, 1442, 1424, -1, 1424, 1442, 1425, -1,
 1424, 1425, 1343, -1, 1343, 1425, 1336, -1, 1343, 1336, 1116, -1,
 1116, 1336, 1227, -1, 1116, 1227, 1117, -1, 2021, 1959, 1839, -1,
 1839, 1959, 1840, -1, 1839, 1840, 1730, -1, 1730, 1840, 1731, -1,
 1730, 1731, 1707, -1, 1839, 2020, 2021, -1, 2021, 2020, 2052, -1,
 2021, 2052, 2227, -1, 2227, 2052, 2321, -1, 2613, 2715, 2716, -1,
 2716, 2647, 2613, -1, 2613, 2647, 2437, -1, 2613, 2437, 2357, -1,
 2357, 2437, 2358, -1, 2357, 2358, 2321, -1, 2321, 2358, 2332, -1,
 2321, 2332, 2227, -1, 3041, 3017, 2825, -1, 2825, 3017, 2878, -1,
 2825, 2878, 2715, -1, 2715, 2878, 2750, -1, 2715, 2750, 2716, -1,
 3347, 3348, 3334, -1, 3334, 3348, 3249, -1, 3334, 3249, 3133, -1,
 3133, 3249, 3149, -1, 3133, 3149, 3041, -1, 3041, 3149, 3042, -1,
 3041, 3042, 3017, -1, 3618, 3542, 3347, -1, 3347, 3542, 3436, -1,
 3347, 3436, 3348, -1, 3895, 4000, 4001, -1, 4001, 3939, 3895, -1,
 3895, 3939, 3771, -1, 3895, 3771, 3697, -1, 3697, 3771, 3698, -1,
 3697, 3698, 3618, -1, 3618, 3698, 3653, -1, 3618, 3653, 3542, -1,
 4348, 4309, 4094, -1, 4094, 4309, 4151, -1, 4094, 4151, 4000, -1,
 4000, 4151, 4031, -1, 4000, 4031, 4001, -1, 4911, 4873, 4814, -1,
 4814, 4873, 4760, -1, 4814, 4760, 4639, -1, 4639, 4760, 4640, -1,
 4639, 4640, 4596, -1, 4596, 4640, 4516, -1, 4596, 4516, 4363, -1,
 4363, 4516, 4404, -1, 4363, 4404, 4348, -1, 4348, 4404, 4349, -1,
 4348, 4349, 4309, -1, 4967, 4951, 4911, -1, 4911, 4951, 4912, -1,
 4911, 4912, 4873, -1, 5197, 5202, 5203, -1, 5203, 5186, 5197, -1,
 5197, 5186, 5162, -1, 5197, 5162, 5138, -1, 5138, 5162, 5131, -1,
 5138, 5131, 5123, -1, 5123, 5131, 5124, -1, 5123, 5124, 4967, -1,
 4967, 5124, 5030, -1, 4967, 5030, 4951, -1, 4998, 4999, 5065, -1,
 5065, 4999, 5070, -1, 5065, 5070, 5202, -1, 5202, 5070, 5142, -1,
 5202, 5142, 5203, -1, 4773, 4819, 4882, -1, 4882, 4819, 4889, -1,
 4882, 4889, 4998, -1, 4998, 4889, 4986, -1, 4998, 4986, 4999, -1,
 4467, 4568, 4665, -1, 4665, 4568, 4716, -1, 4665, 4716, 4773, -1,
 4773, 4716, 4774, -1, 4773, 4774, 4819, -1, 4204, 4157, 4158, -1,
 4158, 4202, 4204, -1, 4204, 4202, 4354, -1, 4204, 4354, 4455, -1,
 4455, 4354, 4458, -1, 4455, 4458, 4467, -1, 4467, 4458, 4468, -1,
 4467, 4468, 4568, -1, 3546, 3599, 3737, -1, 3737, 3599, 3724, -1,
 3737, 3724, 3879, -1, 3879, 3724, 3880, -1, 3879, 3880, 3972, -1,
 3972, 3880, 3966, -1, 3972, 3966, 4157, -1, 4157, 3966, 4089, -1,
 4157, 4089, 4158, -1, 3190, 3191, 3221, -1, 3221, 3191, 3287, -1,
 3221, 3287, 3508, -1, 3508, 3287, 3491, -1, 3508, 3491, 3546, -1,
 3546, 3491, 3547, -1, 3546, 3547, 3599, -1, 2864, 2865, 2997, -1,
 2865, 2914, 2997, -1, 2997, 2914, 3072, -1, 2997, 3072, 3190, -1,
 3190, 3072, 3182, -1, 3190, 3182, 3191, -1, 2791, 2864, 2682, -1,
 2682, 2864, 2710, -1, 2682, 2710, 2508, -1, 2508, 2710, 2507, -1,
 2508, 2507, 2504, -1, 2504, 2507, 2391, -1, 2391, 2507, 2420, -1,
 2391, 2420, 2277, -1, 2277, 2420, 2201, -1, 2277, 2201, 2202, -1,
 2202, 2201, 2157, -1, 2157, 2201, 2191, -1, 2157, 2191, 1987, -1,
 1987, 2191, 1950, -1, 1987, 1950, 1897, -1, 1897, 1950, 1896, -1,
 1897, 1896, 1894, -1, 1894, 1896, 1705, -1, 1894, 1705, 1788, -1,
 1453, 1506, 1583, -1, 1583, 1506, 1584, -1, 1583, 1584, 1705, -1,
 1705, 1584, 1608, -1, 1705, 1608, 1788, -1, 987, 988, 992, -1,
 992, 988, 1040, -1, 992, 1040, 1230, -1, 1230, 1040, 1136, -1,
 1230, 1136, 1272, -1, 1272, 1136, 1273, -1, 1272, 1273, 1453, -1,
 1453, 1273, 1390, -1, 1453, 1390, 1506, -1, 773, 774, 814, -1,
 814, 774, 858, -1, 814, 858, 987, -1, 987, 858, 932, -1,
 987, 932, 988, -1, 707, 717, 773, -1, 773, 717, 759, -1,
 773, 759, 774, -1, 746, 731, 655, -1, 655, 731, 656, -1,
 655, 656, 707, -1, 707, 656, 682, -1, 707, 682, 717, -1,
 1071, 1104, 1105, -1, 1105, 1068, 1071, -1, 1071, 1068, 973, -1,
 1071, 973, 900, -1, 900, 973, 894, -1, 900, 894, 869, -1,
 869, 894, 870, -1, 869, 870, 746, -1, 746, 870, 800, -1,
 746, 800, 731, -1, 1412, 1413, 1302, -1, 1302, 1413, 1303, -1,
 1302, 1303, 1104, -1, 1104, 1303, 1169, -1, 1104, 1169, 1105, -1,
 1744, 1648, 1547, -1, 1547, 1648, 1550, -1, 1547, 1550, 1412, -1,
 1412, 1550, 1433, -1, 1412, 1433, 1413, -1, 2302, 2193, 2036, -1,
 2036, 2193, 2037, -1, 2036, 2037, 2006, -1, 2006, 2037, 1948, -1,
 2006, 1948, 1815, -1, 1815, 1948, 1823, -1, 1815, 1823, 1744, -1,
 1744, 1823, 1745, -1, 1744, 1745, 1648, -1, 2591, 2425, 2373, -1,
 2373, 2425, 2374, -1, 2373, 2374, 2302, -1, 2302, 2374, 2315, -1,
 2302, 2315, 2193, -1, 2799, 3058, 3008, -1, 3008, 2831, 2799, -1,
 2799, 2831, 2736, -1, 2799, 2736, 2729, -1, 2729, 2736, 2730, -1,
 2729, 2730, 2591, -1, 2591, 2730, 2615, -1, 2591, 2615, 2425, -1,
 3415, 3416, 3319, -1, 3319, 3416, 3237, -1, 3319, 3237, 3102, -1,
 3102, 3237, 3138, -1, 3102, 3138, 3058, -1, 3058, 3138, 3059, -1,
 3058, 3059, 3008, -1, 3594, 3718, 3719, -1, 3719, 3642, 3594, -1,
 3594, 3642, 3529, -1, 3594, 3529, 3415, -1, 3415, 3529, 3419, -1,
 3415, 3419, 3416, -1, 4019, 4013, 3868, -1, 3868, 4013, 3927, -1,
 3868, 3927, 3718, -1, 3718, 3927, 3759, -1, 3718, 3759, 3719, -1,
 4334, 4335, 4328, -1, 4328, 4335, 4296, -1, 4328, 4296, 4076, -1,
 4076, 4296, 4116, -1, 4076, 4116, 4019, -1, 4019, 4116, 4020, -1,
 4019, 4020, 4013, -1, 4896, 4841, 4771, -1, 4771, 4841, 4748, -1,
 4771, 4748, 4625, -1, 4625, 4748, 4626, -1, 4625, 4626, 4555, -1,
 4555, 4626, 4500, -1, 4555, 4500, 4334, -1, 4334, 4500, 4388, -1,
 4334, 4388, 4335, -1, 4957, 5106, 5107, -1, 5107, 5020, 4957, -1,
 4957, 5020, 4944, -1, 4957, 4944, 4896, -1, 4896, 4944, 4897, -1,
 4896, 4897, 4841, -1, 5212, 5213, 5187, -1, 5187, 5213, 5182, -1,
 5187, 5182, 5129, -1, 5129, 5182, 5160, -1, 5129, 5160, 5106, -1,
 5106, 5160, 5117, -1, 5106, 5117, 5107, -1, 5075, 5078, 5212, -1,
 5212, 5078, 5158, -1, 5212, 5158, 5213, -1, 4785, 4829, 4919, -1,
 4919, 4829, 4921, -1, 4919, 4921, 5009, -1, 5009, 4921, 5010, -1,
 5009, 5010, 5075, -1, 5075, 5010, 5011, -1, 5075, 5011, 5078, -1,
 4493, 4478, 4479, -1, 4479, 4483, 4493, -1, 4493, 4483, 4602, -1,
 4493, 4602, 4732, -1, 4732, 4602, 4731, -1, 4732, 4731, 4785, -1,
 4785, 4731, 4786, -1, 4785, 4786, 4829, -1, 3989, 4098, 4178, -1,
 4178, 4098, 4179, -1, 4178, 4179, 4279, -1, 4279, 4179, 4262, -1,
 4279, 4262, 4478, -1, 4478, 4262, 4368, -1, 4478, 4368, 4479, -1,
 3566, 3614, 3755, -1, 3755, 3614, 3738, -1, 3755, 3738, 3905, -1,
 3905, 3738, 3906, -1, 3905, 3906, 3989, -1, 3989, 3906, 3975, -1,
 3989, 3975, 4098, -1, 3209, 3217, 3240, -1, 3240, 3217, 3323, -1,
 3240, 3323, 3533, -1, 3533, 3323, 3504, -1, 3533, 3504, 3566, -1,
 3566, 3504, 3567, -1, 3566, 3567, 3614, -1, 3013, 2888, 2889, -1,
 2889, 2921, 3013, -1, 3013, 2921, 3109, -1, 3013, 3109, 3209, -1,
 3209, 3109, 3210, -1, 3209, 3210, 3217, -1, 2578, 2588, 2754, -1,
 2754, 2588, 2694, -1, 2754, 2694, 2888, -1, 2888, 2694, 2803, -1,
 2888, 2803, 2889, -1, 2222, 2223, 2236, -1, 2236, 2223, 2288, -1,
 2236, 2288, 2443, -1, 2443, 2288, 2401, -1, 2443, 2401, 2578, -1,
 2578, 2401, 2579, -1, 2578, 2579, 2588, -1, 1918, 1925, 1969, -1,
 1969, 1925, 2000, -1, 1969, 2000, 2222, -1, 2222, 2000, 2166, -1,
 2222, 2166, 2223, -1, 1732, 1802, 1918, -1, 1918, 1802, 1919, -1,
 1918, 1919, 1925, -1, 969, 1048, 1012, -1, 1012, 1048, 1147, -1,
 1012, 1147, 1243, -1, 1243, 1147, 1253, -1, 1243, 1253, 1252, -1,
 1252, 1253, 1401, -1, 1252, 1401, 1492, -1, 1492, 1401, 1518, -1,
 1492, 1518, 1559, -1, 1559, 1518, 1560, -1, 1559, 1560, 1732, -1,
 1732, 1560, 1620, -1, 1732, 1620, 1802, -1, 753, 780, 859, -1,
 859, 780, 881, -1, 859, 881, 968, -1, 968, 881, 940, -1,
 968, 940, 969, -1, 668, 689, 719, -1, 719, 689, 721, -1,
 719, 721, 753, -1, 753, 721, 754, -1, 753, 754, 780, -1,
 713, 708, 668, -1, 668, 708, 669, -1, 668, 669, 689, -1,
 1054, 1121, 1122, -1, 1122, 1060, 1054, -1, 1054, 1060, 955, -1,
 1054, 955, 886, -1, 886, 955, 887, -1, 886, 887, 862, -1,
 862, 887, 863, -1, 862, 863, 713, -1, 713, 863, 794, -1,
 713, 794, 708, -1, 1428, 1403, 1281, -1, 1281, 1403, 1293, -1,
 1281, 1293, 1121, -1, 1121, 1293, 1157, -1, 1121, 1157, 1122, -1,
 1727, 1638, 1516, -1, 1516, 1638, 1536, -1, 1516, 1536, 1428, -1,
 1428, 1536, 1429, -1, 1428, 1429, 1403, -1, 2018, 2009, 1989, -1,
 1989, 2009, 1935, -1, 1989, 1935, 1791, -1, 1791, 1935, 1810, -1,
 1791, 1810, 1727, -1, 1727, 1810, 1728, -1, 1727, 1728, 1638, -1,
 2276, 2179, 2018, -1, 2018, 2179, 2019, -1, 2018, 2019, 2009, -1,
 2499, 2713, 2705, -1, 2705, 2603, 2499, -1, 2499, 2603, 2412, -1,
 2499, 2412, 2355, -1, 2355, 2412, 2356, -1, 2355, 2356, 2276, -1,
 2276, 2356, 2306, -1, 2276, 2306, 2179, -1, 3043, 3044, 3034, -1,
 3034, 3044, 3000, -1, 3034, 3000, 2780, -1, 2780, 3000, 2816, -1,
 2780, 2816, 2713, -1, 2713, 2816, 2714, -1, 2713, 2714, 2705, -1,
 3349, 3337, 3272, -1, 3272, 3337, 3224, -1, 3272, 3224, 3043, -1,
 3043, 3224, 3129, -1, 3043, 3129, 3044, -1, 3574, 3699, 3700, -1,
 3700, 3627, 3574, -1, 3574, 3627, 3515, -1, 3574, 3515, 3349, -1,
 3349, 3515, 3350, -1, 3349, 3350, 3337, -1, 4002, 3988, 3828, -1,
 3828, 3988, 3915, -1, 3828, 3915, 3699, -1, 3699, 3915, 3751, -1,
 3699, 3751, 3700, -1, 4509, 4637, 4615, -1, 4615, 4492, 4509, -1,
 4509, 4492, 4382, -1, 4509, 4382, 4346, -1, 4346, 4382, 4347, -1,
 4346, 4347, 4308, -1, 4308, 4347, 4283, -1, 4308, 4283, 4036, -1,
 4036, 4283, 4104, -1, 4036, 4104, 4002, -1, 4002, 4104, 4003, -1,
 4002, 4003, 3988, -1, 4909, 4833, 4752, -1, 4752, 4833, 4735, -1,
 4752, 4735, 4637, -1, 4637, 4735, 4638, -1, 4637, 4638, 4615, -1,
 5102, 4989, 4943, -1, 4943, 4989, 4936, -1, 4943, 4936, 4909, -1,
 4909, 4936, 4910, -1, 4909, 4910, 4833, -1, 5204, 5205, 5179, -1,
 5205, 5178, 5179, -1, 5179, 5178, 5150, -1, 5179, 5150, 5120, -1,
 5120, 5150, 5121, -1, 5120, 5121, 5102, -1, 5102, 5121, 5098, -1,
 5102, 5098, 4989, -1, 5170, 5204, 5085, -1, 5085, 5204, 5087, -1,
 5085, 5087, 5022, -1, 5022, 5087, 5000, -1, 5022, 5000, 5001, -1,
 5001, 5000, 4930, -1, 4930, 5000, 4941, -1, 4930, 4941, 4832, -1,
 4832, 4941, 4776, -1, 4832, 4776, 4777, -1, 4777, 4776, 4744, -1,
 4744, 4776, 4756, -1, 4744, 4756, 4611, -1, 4611, 4756, 4499, -1,
 4499, 4756, 4508, -1, 4499, 4508, 4470, -1, 4470, 4508, 4469, -1,
 4470, 4469, 4381, -1, 4381, 4469, 4304, -1, 4381, 4304, 4282, -1,
 4282, 4304, 4160, -1, 4160, 4304, 4159, -1, 4160, 4159, 4110, -1,
 4110, 4159, 4027, -1, 4110, 4027, 3984, -1, 3984, 4027, 3918, -1,
 3918, 4027, 3882, -1, 3918, 3882, 3883, -1, 3883, 3882, 3749, -1,
 3749, 3882, 3802, -1, 3749, 3802, 3626, -1, 3626, 3802, 3571, -1,
 3626, 3571, 3549, -1, 3549, 3571, 3548, -1, 3549, 3548, 3518, -1,
 3518, 3548, 3266, -1, 3518, 3266, 3335, -1, 3030, 2866, 2867, -1,
 2867, 2998, 3030, -1, 3030, 2998, 3128, -1, 3030, 3128, 3192, -1,
 3192, 3128, 3193, -1, 3192, 3193, 3266, -1, 3266, 3193, 3225, -1,
 3266, 3225, 3335, -1, 2492, 2510, 2509, -1, 2509, 2510, 2602, -1,
 2509, 2602, 2776, -1, 2776, 2602, 2707, -1, 2776, 2707, 2866, -1,
 2866, 2707, 2814, -1, 2866, 2814, 2867, -1, 1985, 1899, 1933, -1,
 1933, 2013, 1985, -1, 1985, 2013, 2176, -1, 1985, 2176, 2203, -1,
 2203, 2176, 2204, -1, 2203, 2204, 2274, -1, 2274, 2204, 2305, -1,
 2274, 2305, 2492, -1, 2492, 2305, 2413, -1, 2492, 2413, 2510, -1,
 1553, 1639, 1792, -1, 1792, 1639, 1814, -1, 1792, 1814, 1899, -1,
 1899, 1814, 1900, -1, 1899, 1900, 1933, -1, 1513, 1532, 1553, -1,
 1553, 1532, 1554, -1, 1553, 1554, 1639, -1, 1052, 1160, 1247, -1,
 1247, 1160, 1248, -1, 1247, 1248, 1277, -1, 1277, 1248, 1286, -1,
 1277, 1286, 1513, -1, 1513, 1286, 1411, -1, 1513, 1411, 1532, -1,
 896, 748, 788, -1, 788, 748, 749, -1, 788, 898, 896, -1,
 896, 898, 949, -1, 896, 949, 961, -1, 961, 949, 962, -1,
 961, 962, 1052, -1, 1052, 962, 1061, -1, 1052, 1061, 1160, -1,
 749, 748, 725, -1, 725, 748, 727, -1, 725, 727, 695, -1,
 695, 727, 673, -1, 695, 673, 674, -1, 674, 673, 691, -1,
 691, 673, 687, -1, 691, 687, 790, -1, 790, 687, 850, -1,
 790, 850, 860, -1, 860, 850, 893, -1, 893, 850, 892, -1,
 893, 892, 945, -1, 945, 892, 1041, -1, 945, 1041, 1049, -1,
 1049, 1041, 1129, -1, 1129, 1041, 1128, -1, 1129, 1128, 1141, -1,
 1141, 1128, 1249, -1, 1141, 1249, 1395, -1, 1395, 1249, 1435, -1,
 1395, 1435, 1436, -1, 1436, 1435, 1519, -1, 1519, 1435, 1494, -1,
 1519, 1494, 1623, -1, 1623, 1494, 1729, -1, 1623, 1729, 1759, -1,
 1759, 1729, 1758, -1, 1759, 1758, 1798, -1, 1798, 1758, 1971, -1,
 1798, 1971, 1928, -1, 2263, 2167, 2048, -1, 2048, 2167, 2049, -1,
 2048, 2049, 1971, -1, 1971, 2049, 1997, -1, 1971, 1997, 1928, -1,
 2695, 2589, 2446, -1, 2446, 2589, 2398, -1, 2446, 2398, 2385, -1,
 2385, 2398, 2386, -1, 2385, 2386, 2263, -1, 2263, 2386, 2290, -1,
 2263, 2290, 2167, -1, 3099, 3100, 3015, -1, 3015, 3100, 2922, -1,
 3015, 2922, 2757, -1, 2757, 2922, 2802, -1, 2757, 2802, 2745, -1,
 2745, 2802, 2746, -1, 2745, 2746, 2695, -1, 3244, 3432, 3433, -1,
 3433, 3324, 3244, -1, 3244, 3324, 3212, -1, 3244, 3212, 3099, -1,
 3099, 3212, 3110, -1, 3099, 3110, 3100, -1, 4285, 4097, 4029, -1,
 4029, 4097, 4030, -1, 4029, 4030, 3995, -1, 3995, 4030, 3976, -1,
 3995, 3976, 3758, -1, 3758, 3976, 3739, -1, 3758, 3739, 3728, -1,
 3728, 3739, 3729, -1, 3728, 3729, 3537, -1, 3537, 3729, 3613, -1,
 3537, 3613, 3432, -1, 3432, 3613, 3503, -1, 3432, 3503, 3433, -1,
 4490, 4649, 4604, -1, 4604, 4462, 4490, -1, 4490, 4462, 4372, -1,
 4490, 4372, 4364, -1, 4364, 4372, 4365, -1, 4364, 4365, 4285, -1,
 4285, 4365, 4261, -1, 4285, 4261, 4097, -1, 4733, 4729, 4649, -1,
 4649, 4729, 4650, -1, 4649, 4650, 4604, -1, 5081, 4982, 4932, -1,
 4932, 4982, 4929, -1, 4932, 4929, 4923, -1, 4923, 4929, 4924, -1,
 4923, 4924, 4733, -1, 4733, 4924, 4824, -1, 4733, 4824, 4729, -1,
 5173, 5195, 5196, -1, 5196, 5174, 5173, -1, 5173, 5174, 5151, -1,
 5173, 5151, 5140, -1, 5140, 5151, 5141, -1, 5140, 5141, 5081, -1,
 5081, 5141, 5086, -1, 5081, 5086, 4982, -1, 4987, 5026, 5097, -1,
 5097, 5026, 5092, -1, 5097, 5092, 5195, -1, 5195, 5092, 5188, -1,
 5195, 5188, 5196, -1, 4551, 4757, 4761, -1, 4761, 4757, 4762, -1,
 4761, 4762, 4787, -1, 4787, 4762, 4838, -1, 4787, 4838, 4961, -1,
 4961, 4838, 4946, -1, 4961, 4946, 4987, -1, 4987, 4946, 4988, -1,
 4987, 4988, 5026, -1, 4322, 4389, 4453, -1, 4453, 4389, 4454, -1,
 4453, 4454, 4551, -1, 4551, 4454, 4503, -1, 4551, 4503, 4757, -1,
 4073, 4122, 4123, -1, 4123, 4122, 4124, -1, 4123, 4124, 4322, -1,
 4322, 4124, 4294, -1, 4322, 4294, 4389, -1, 3870, 3930, 4073, -1,
 4073, 3930, 3998, -1, 4073, 3998, 4122, -1, 3174, 3175, 3285, -1,
 3285, 3175, 3235, -1, 3235, 3410, 3285, -1, 3285, 3410, 3534, -1,
 3285, 3534, 3535, -1, 3535, 3534, 3536, -1, 3535, 3536, 3593, -1,
 3593, 3536, 3641, -1, 3593, 3641, 3867, -1, 3867, 3641, 3760, -1,
 3867, 3760, 3870, -1, 3870, 3760, 3871, -1, 3870, 3871, 3930, -1,
 2826, 2830, 3101, -1, 3101, 2830, 3007, -1, 3101, 3007, 3174, -1,
 3174, 3007, 3139, -1, 3174, 3139, 3175, -1, 2493, 2494, 2587, -1,
 2587, 2494, 2614, -1, 2587, 2614, 2794, -1, 2794, 2614, 2738, -1,
 2794, 2738, 2826, -1, 2826, 2738, 2827, -1, 2826, 2827, 2830, -1,
 2185, 2190, 2300, -1, 2300, 2190, 2316, -1, 2300, 2316, 2493, -1,
 2493, 2316, 2426, -1, 2493, 2426, 2494, -1, 1539, 1650, 1813, -1,
 1813, 1650, 1822, -1, 1813, 1822, 1889, -1, 1889, 1822, 1890, -1,
 1889, 1890, 2004, -1, 2004, 1890, 1945, -1, 2004, 1945, 2185, -1,
 2185, 1945, 2186, -1, 2185, 2186, 2190, -1, 1535, 1540, 1539, -1,
 1539, 1540, 1545, -1, 1539, 1545, 1650, -1, 1073, 951, 953, -1,
 953, 1072, 1073, -1, 1073, 1072, 1168, -1, 1073, 1168, 1238, -1,
 1238, 1168, 1239, -1, 1238, 1239, 1296, -1, 1296, 1239, 1300, -1,
 1296, 1300, 1535, -1, 1535, 1300, 1439, -1, 1535, 1439, 1540, -1,
 733, 797, 910, -1, 910, 797, 907, -1, 910, 907, 951, -1,
 951, 907, 952, -1, 951, 952, 953, -1, 684, 677, 678, -1,
 678, 681, 684, -1, 684, 681, 700, -1, 684, 700, 726, -1,
 726, 700, 723, -1, 726, 723, 733, -1, 733, 723, 734, -1,
 733, 734, 797, -1, 901, 902, 843, -1, 843, 902, 853, -1,
 843, 853, 677, -1, 677, 853, 785, -1, 677, 785, 678, -1,
 1448, 1389, 1232, -1, 1232, 1389, 1138, -1, 1232, 1138, 1137, -1,
 1137, 1138, 1133, -1, 1137, 1133, 1003, -1, 1003, 1133, 1044, -1,
 1003, 1044, 901, -1, 901, 1044, 929, -1, 901, 929, 902, -1,
 1710, 1609, 1450, -1, 1450, 1609, 1504, -1, 1450, 1504, 1448, -1,
 1448, 1504, 1449, -1, 1448, 1449, 1389, -1, 1954, 2058, 2059, -1,
 2059, 1986, 1954, -1, 1954, 1986, 1903, -1, 1954, 1903, 1794, -1,
 1794, 1903, 1795, -1, 1794, 1795, 1710, -1, 1710, 1795, 1760, -1,
 1710, 1760, 1609, -1, 2396, 2397, 2387, -1, 2396, 2387, 2197, -1,
 2197, 2387, 2279, -1, 2197, 2279, 2058, -1, 2058, 2279, 2155, -1,
 2058, 2155, 2059, -1, 2397, 2396, 2505, -1, 2505, 2396, 2423, -1,
 2505, 2423, 2683, -1, 2683, 2423, 2717, -1, 2683, 2717, 2761, -1,
 2761, 2717, 2760, -1, 2761, 2760, 2790, -1, 2790, 2760, 2915, -1,
 2915, 2760, 3003, -1, 2915, 3003, 3073, -1, 3073, 3003, 3120, -1,
 3073, 3120, 3121, -1, 3121, 3120, 3180, -1, 3180, 3120, 3222, -1,
 3180, 3222, 3290, -1, 3290, 3222, 3449, -1, 3290, 3449, 3450, -1,
 4063, 4064, 3973, -1, 3973, 4064, 3967, -1, 3973, 3967, 3743, -1,
 3743, 3967, 3744, -1, 3743, 3744, 3741, -1, 3741, 3744, 3725, -1,
 3741, 3725, 3511, -1, 3511, 3725, 3598, -1, 3511, 3598, 3449, -1,
 3449, 3598, 3492, -1, 3449, 3492, 3450, -1, 4378, 4379, 4358, -1,
 4378, 4358, 4231, -1, 4231, 4358, 4198, -1, 4231, 4198, 4063, -1,
 4063, 4198, 4091, -1, 4063, 4091, 4064, -1, 4379, 4378, 4450, -1,
 4450, 4378, 4452, -1, 4450, 4452, 4570, -1, 4570, 4452, 4657, -1,
 4570, 4657, 4658, -1, 5066, 5148, 5149, -1, 5149, 5074, 5066, -1,
 5066, 5074, 4974, -1, 5066, 4974, 4939, -1, 4939, 4974, 4940, -1,
 4939, 4940, 4891, -1, 4891, 4940, 4918, -1, 4891, 4918, 4715, -1,
 4715, 4918, 4815, -1, 4715, 4815, 4657, -1, 4657, 4815, 4720, -1,
 4657, 4720, 4658, -1, 5184, 5181, 5168, -1, 5168, 5181, 5172, -1,
 5168, 5172, 5148, -1, 5148, 5172, 5159, -1, 5148, 5159, 5149, -1,
 4976, 4977, 4979, -1, 4979, 4977, 5031, -1, 4979, 5031, 5135, -1,
 5135, 5031, 5099, -1, 5135, 5099, 5184, -1, 5184, 5099, 5185, -1,
 5184, 5185, 5181, -1, 4746, 4767, 4811, -1, 4811, 4767, 4847, -1,
 4811, 4847, 4976, -1, 4976, 4847, 4959, -1, 4976, 4959, 4977, -1,
 4153, 4306, 4357, -1, 4357, 4306, 4406, -1, 4357, 4406, 4442, -1,
 4442, 4406, 4443, -1, 4442, 4443, 4564, -1, 4564, 4443, 4515, -1,
 4564, 4515, 4746, -1, 4746, 4515, 4747, -1, 4746, 4747, 4767, -1,
 3860, 3861, 3891, -1, 3891, 3861, 3938, -1, 3891, 3938, 4093, -1,
 4093, 3938, 4028, -1, 4093, 4028, 4112, -1, 4112, 4028, 4113, -1,
 4112, 4113, 4153, -1, 3617, 3649, 3860, -1, 3860, 3649, 3774, -1,
 3860, 3774, 3861, -1, 3331, 3161, 3162, -1, 3162, 3248, 3331, -1,
 3331, 3248, 3435, -1, 3331, 3435, 3520, -1, 3520, 3435, 3521, -1,
 3520, 3521, 3617, -1, 3617, 3521, 3544, -1, 3617, 3544, 3649, -1,
 2808, 2809, 2819, -1, 2819, 2809, 2877, -1, 2819, 2877, 3126, -1,
 3126, 2877, 3016, -1, 3126, 3016, 3161, -1, 3161, 3016, 3150, -1,
 3161, 3150, 3162, -1, 2479, 2480, 2607, -1, 2607, 2480, 2644, -1,
 2607, 2644, 2808, -1, 2808, 2644, 2751, -1, 2808, 2751, 2809, -1,
 2172, 2224, 2319, -1, 2319, 2224, 2333, -1, 2319, 2333, 2479, -1,
 2479, 2333, 2435, -1, 2479, 2435, 2480, -1, 989, 1087, 1089, -1,
 1089, 1087, 1173, -1, 1089, 1173, 1234, -1, 1234, 1173, 1231, -1,
 1234, 1231, 1279, -1, 1279, 1231, 1335, -1, 1279, 1335, 1341, -1,
 1341, 1335, 1451, -1, 1341, 1451, 1525, -1, 1525, 1451, 1526, -1,
 1525, 1526, 1573, -1, 1573, 1526, 1564, -1, 1573, 1564, 1835, -1,
 1564, 1712, 1835, -1, 1835, 1712, 1837, -1, 1835, 1837, 1849, -1,
 1849, 1837, 1850, -1, 1849, 1850, 2050, -1, 2050, 1850, 1957, -1,
 2050, 1957, 2172, -1, 2172, 1957, 2173, -1, 2172, 2173, 2224, -1,
 2930, 2936, 2294, -1, 2930, 2294, 2292, -1, 2292, 2294, 1511, -1,
 2292, 1511, 1509, -1, 1509, 1511, 327, -1, 1509, 327, 325, -1,
 325, 327, 68, -1, 325, 68, 66, -1, 66, 68, 58, -1,
 66, 58, 56, -1, 56, 58, 36, -1, 56, 36, 34, -1,
 34, 36, 17, -1, 34, 17, 15, -1, 15, 17, 13, -1,
 15, 13, 11, -1, 11, 13, 9, -1, 11, 9, 7, -1,
 7, 9, 5, -1, 7, 5, 3, -1, 3, 5, 1, -1,
 3, 1, 0, -1, 0, 1, 4, -1, 0, 4, 2, -1,
 2, 4, 8, -1, 2, 8, 6, -1, 6, 8, 12, -1,
 6, 12, 10, -1, 10, 12, 16, -1, 10, 16, 14, -1,
 14, 16, 35, -1, 14, 35, 33, -1, 33, 35, 57, -1,
 33, 57, 55, -1, 55, 57, 67, -1, 55, 67, 65, -1,
 65, 67, 326, -1, 65, 326, 324, -1, 324, 326, 1510, -1,
 324, 1510, 1508, -1, 1508, 1510, 2293, -1, 1508, 2293, 2291, -1,
 2291, 2293, 2935, -1, 2291, 2935, 2927, -1, 5756, 5535, 5832, -1,
 730, 804, 29, -1, 29, 804, 939, -1, 29, 939, 31, -1,
 31, 939, 944, -1, 31, 944, 41, -1, 944, 1089, 41, -1,
 41, 1089, 1234, -1, 41, 1234, 47, -1, 47, 1234, 1279, -1,
 47, 1279, 1341, -1, 1341, 1499, 47, -1, 47, 1499, 1538, -1,
 47, 1538, 59, -1, 1538, 1627, 59, -1, 59, 1627, 1803, -1,
 59, 1803, 69, -1, 69, 1803, 1842, -1, 69, 1842, 100, -1,
 5421, 5821, 5176, -1, 5176, 5821, 5815, -1, 5176, 5815, 4571, -1,
 5832, 5535, 5822, -1, 5822, 5535, 5292, -1, 5822, 5292, 5816, -1,
 5816, 5292, 5804, -1, 5804, 5292, 4749, -1, 5804, 4749, 5794, -1,
 5794, 4749, 4286, -1, 5794, 4286, 5761, -1, 5761, 4286, 4120, -1,
 5761, 4120, 4801, -1, 1150, 998, 42, -1, 42, 998, 915, -1,
 42, 915, 32, -1, 32, 915, 880, -1, 32, 880, 30, -1,
 3118, 2938, 3189, -1, 3189, 2938, 3517, -1, 1456, 1405, 48, -1,
 880, 740, 30, -1, 30, 740, 699, -1, 30, 699, 24, -1,
 24, 699, 649, -1, 24, 649, 29, -1, 29, 649, 694, -1,
 29, 694, 730, -1, 2285, 2359, 1094, -1, 1094, 2359, 2586, -1,
 1094, 2586, 1854, -1, 1854, 2586, 2604, -1, 1854, 2604, 2404, -1,
 5832, 5834, 5756, -1, 5756, 5834, 5839, -1, 5756, 5839, 5636, -1,
 5636, 5839, 5833, -1, 5636, 5833, 5421, -1, 5421, 5833, 5831, -1,
 5421, 5831, 5821, -1, 4120, 3943, 4801, -1, 4801, 3943, 3866, -1,
 4801, 3866, 4067, -1, 4067, 3866, 3706, -1, 4067, 3706, 3656, -1,
 4067, 3330, 3517, -1, 3517, 3330, 3267, -1, 3517, 3267, 3189, -1,
 1828, 1755, 70, -1, 70, 1755, 1701, -1, 70, 1701, 60, -1,
 60, 1701, 1565, -1, 60, 1565, 48, -1, 48, 1565, 1563, -1,
 48, 1563, 1456, -1, 3656, 3527, 4067, -1, 4067, 3527, 3523, -1,
 4067, 3523, 3330, -1, 2065, 2045, 101, -1, 101, 2045, 1947, -1,
 101, 1947, 70, -1, 70, 1947, 1934, -1, 70, 1934, 1828, -1,
 1405, 1349, 48, -1, 48, 1349, 1342, -1, 48, 1342, 42, -1,
 42, 1342, 1151, -1, 42, 1151, 1150, -1, 1842, 1983, 100, -1,
 100, 1983, 1993, -1, 100, 1993, 1094, -1, 1094, 1993, 2188, -1,
 1094, 2188, 2285, -1, 3118, 3060, 2938, -1, 2938, 3060, 2904, -1,
 2938, 2904, 2405, -1, 2405, 2904, 2890, -1, 2405, 2890, 2765, -1,
 2996, 2937, 2807, -1, 2807, 2937, 2404, -1, 2807, 2404, 2771, -1,
 2771, 2404, 2604, -1, 3799, 4800, 3727, -1, 3727, 4800, 4066, -1,
 5815, 5803, 4571, -1, 4571, 5803, 5793, -1, 4571, 5793, 4119, -1,
 4119, 5793, 5760, -1, 4119, 5760, 4026, -1, 4026, 5760, 4800, -1,
 4026, 4800, 3991, -1, 3991, 4800, 3799, -1, 2765, 2689, 2405, -1,
 2405, 2689, 2651, -1, 2405, 2651, 1855, -1, 2065, 101, 2196, -1,
 2196, 101, 1095, -1, 2196, 1095, 2297, -1, 2996, 3136, 2937, -1,
 2937, 3136, 3165, -1, 2937, 3165, 3516, -1, 3165, 3346, 3516, -1,
 3516, 3346, 3444, -1, 3516, 3444, 4066, -1, 4066, 3444, 3596, -1,
 4066, 3596, 3727, -1, 2651, 2442, 1855, -1, 1855, 2442, 2432, -1,
 1855, 2432, 1095, -1, 1095, 2432, 2326, -1, 1095, 2326, 2297, -1,
 63, 55, 73, -1, 73, 55, 65, -1, 73, 65, 573, -1,
 573, 65, 324, -1, 573, 324, 1636, -1, 1636, 324, 1508, -1,
 1636, 1508, 2338, -1, 2338, 1508, 2291, -1, 2338, 2291, 2928, -1,
 2928, 2291, 2927, -1, 2928, 2927, 3590, -1, 3590, 2927, 3630, -1,
 3590, 3630, 4268, -1, 4268, 3630, 4397, -1, 4268, 4397, 5286, -1,
 5286, 4397, 5530, -1, 5286, 5530, 5791, -1, 5791, 5530, 5795, -1,
 5791, 5795, 5801, -1, 64, 34, 46, -1, 46, 34, 15, -1,
 46, 15, 40, -1, 40, 15, 11, -1, 40, 11, 28, -1,
 28, 11, 7, -1, 28, 7, 23, -1, 23, 7, 3, -1,
 23, 3, 19, -1, 19, 3, 0, -1, 19, 0, 22, -1,
 22, 0, 2, -1, 22, 2, 27, -1, 27, 2, 6, -1,
 27, 6, 39, -1, 39, 6, 10, -1, 39, 10, 45, -1,
 45, 10, 14, -1, 45, 14, 63, -1, 63, 14, 33, -1,
 63, 33, 55, -1, 5802, 5806, 5792, -1, 5792, 5806, 5796, -1,
 5792, 5796, 5287, -1, 5287, 5796, 5531, -1, 5287, 5531, 4269, -1,
 4269, 5531, 4398, -1, 4269, 4398, 3591, -1, 3591, 4398, 3631, -1,
 3591, 3631, 2929, -1, 2929, 3631, 2930, -1, 2929, 2930, 2339, -1,
 2339, 2930, 2292, -1, 2339, 2292, 1637, -1, 1637, 2292, 1509, -1,
 1637, 1509, 574, -1, 574, 1509, 325, -1, 574, 325, 74, -1,
 74, 325, 66, -1, 74, 66, 64, -1, 64, 66, 56, -1,
 64, 56, 34, -1, 5795, 5805, 5801, -1, 5801, 5805, 5827, -1,
 5801, 5827, 5819, -1, 5819, 5827, 5846, -1, 5819, 5846, 5825, -1,
 5825, 5846, 5850, -1, 5825, 5850, 5837, -1, 5837, 5850, 5854, -1,
 5837, 5854, 5842, -1, 5842, 5854, 5858, -1, 5842, 5858, 5845, -1,
 5845, 5858, 5862, -1, 5845, 5862, 5843, -1, 5843, 5862, 5859, -1,
 5843, 5859, 5838, -1, 5838, 5859, 5855, -1, 5838, 5855, 5826, -1,
 5826, 5855, 5851, -1, 5826, 5851, 5820, -1, 5820, 5851, 5847, -1,
 5820, 5847, 5802, -1, 5802, 5847, 5828, -1, 5802, 5828, 5806, -1,
 2928, 2925, 2336, -1, 2928, 2336, 2338, -1, 2338, 2336, 1634, -1,
 2338, 1634, 1636, -1, 1636, 1634, 571, -1, 1636, 571, 573, -1,
 573, 571, 71, -1, 573, 71, 73, -1, 73, 71, 61, -1,
 73, 61, 63, -1, 63, 61, 43, -1, 63, 43, 45, -1,
 45, 43, 37, -1, 45, 37, 39, -1, 39, 37, 25, -1,
 39, 25, 27, -1, 27, 25, 20, -1, 27, 20, 22, -1,
 22, 20, 18, -1, 22, 18, 19, -1, 19, 18, 21, -1,
 19, 21, 23, -1, 23, 21, 26, -1, 23, 26, 28, -1,
 28, 26, 38, -1, 28, 38, 40, -1, 40, 38, 44, -1,
 40, 44, 46, -1, 46, 44, 62, -1, 46, 62, 64, -1,
 64, 62, 72, -1, 64, 72, 74, -1, 74, 72, 572, -1,
 74, 572, 574, -1, 574, 572, 1635, -1, 574, 1635, 1637, -1,
 1637, 1635, 2337, -1, 1637, 2337, 2339, -1, 2339, 2337, 2926, -1,
 2339, 2926, 2929, -1, 1614, 2666, 1083, -1, 1083, 2666, 2322, -1,
 1083, 2322, 454, -1, 454, 2322, 2022, -1, 454, 2022, 53, -1,
 5812, 4271, 5814, -1, 5814, 4271, 4316, -1, 5814, 4316, 5811, -1,
 5811, 4316, 4270, -1, 5811, 4270, 5402, -1, 4270, 4084, 5402, -1,
 5402, 4084, 3907, -1, 5402, 3907, 4808, -1, 4808, 3907, 3601, -1,
 4808, 3601, 4292, -1, 4292, 3601, 3259, -1, 4292, 3259, 1614, -1,
 1614, 3259, 2931, -1, 1614, 2931, 2666, -1, 4293, 3260, 4809, -1,
 4809, 3260, 3602, -1, 4809, 3602, 5403, -1, 5403, 3602, 3908, -1,
 5403, 3908, 5812, -1, 5812, 3908, 4085, -1, 5812, 4085, 4271, -1,
 2022, 1831, 53, -1, 53, 1831, 1629, -1, 53, 1629, 50, -1,
 50, 1629, 1595, -1, 50, 1595, 54, -1, 54, 1595, 1630, -1,
 54, 1630, 455, -1, 1630, 1832, 455, -1, 455, 1832, 2023, -1,
 455, 2023, 1084, -1, 1084, 2023, 2323, -1, 1084, 2323, 1615, -1,
 1615, 2323, 2667, -1, 1615, 2667, 4293, -1, 4293, 2667, 2932, -1,
 4293, 2932, 3260, -1, 4292, 4290, 4808, -1, 4808, 4290, 4806, -1,
 4808, 4806, 5402, -1, 5402, 4806, 5400, -1, 5811, 5402, 5809, -1,
 5809, 5402, 5400, -1, 5811, 5809, 5814, -1, 5814, 5809, 5813, -1,
 5814, 5813, 5812, -1, 5812, 5813, 5810, -1, 5403, 5812, 5401, -1,
 5401, 5812, 5810, -1, 5403, 5401, 4809, -1, 4809, 5401, 4807, -1,
 4809, 4807, 4293, -1, 4293, 4807, 4291, -1, 1615, 4293, 1613, -1,
 1613, 4293, 4291, -1, 1615, 1613, 1084, -1, 1084, 1613, 1082, -1,
 1084, 1082, 455, -1, 455, 1082, 453, -1, 54, 455, 52, -1,
 52, 455, 453, -1, 54, 52, 50, -1, 50, 52, 49, -1,
 50, 49, 53, -1, 53, 49, 51, -1, 454, 53, 452, -1,
 452, 53, 51, -1, 454, 452, 1083, -1, 1083, 452, 1081, -1,
 1083, 1081, 1614, -1, 1614, 1081, 1612, -1, 4292, 1614, 4290, -1,
 4290, 1614, 1612, -1, 5800, 5790, 5401, -1, 43, 61, 452, -1,
 452, 61, 71, -1, 452, 71, 1081, -1, 1081, 71, 571, -1,
 1081, 571, 1612, -1, 5841, 5810, 5844, -1, 5844, 5810, 5813, -1,
 5844, 5813, 5840, -1, 5840, 5813, 5809, -1, 5840, 5809, 5835, -1,
 571, 1634, 1612, -1, 1612, 1634, 2336, -1, 1612, 2336, 4290, -1,
 4290, 2336, 2925, -1, 5789, 5400, 5284, -1, 5284, 5400, 4806, -1,
 5284, 4806, 4266, -1, 4266, 4806, 4290, -1, 4266, 4290, 3588, -1,
 3588, 4290, 2925, -1, 72, 453, 572, -1, 572, 453, 1082, -1,
 572, 1082, 1635, -1, 1635, 1082, 1613, -1, 1635, 1613, 2337, -1,
 5401, 5790, 4807, -1, 4807, 5790, 5285, -1, 4807, 5285, 4291, -1,
 5841, 5836, 5810, -1, 5810, 5836, 5824, -1, 5810, 5824, 5401, -1,
 5401, 5824, 5818, -1, 5401, 5818, 5800, -1, 43, 452, 37, -1,
 37, 452, 51, -1, 37, 51, 25, -1, 72, 62, 453, -1,
 453, 62, 44, -1, 453, 44, 52, -1, 52, 44, 38, -1,
 38, 26, 52, -1, 52, 26, 21, -1, 52, 21, 49, -1,
 49, 21, 18, -1, 49, 18, 51, -1, 51, 18, 20, -1,
 51, 20, 25, -1, 5789, 5799, 5400, -1, 5400, 5799, 5817, -1,
 5400, 5817, 5809, -1, 5809, 5817, 5823, -1, 5809, 5823, 5835, -1,
 5285, 4267, 4291, -1, 4291, 4267, 3589, -1, 4291, 3589, 1613, -1,
 1613, 3589, 2926, -1, 1613, 2926, 2337, -1, 2933, 2931, 3261, -1,
 3261, 2931, 3259, -1, 3261, 3259, 3603, -1, 3603, 3259, 3601, -1,
 3603, 3601, 3909, -1, 3909, 3601, 3907, -1, 3909, 3907, 4086, -1,
 4086, 3907, 4084, -1, 4086, 4084, 4272, -1, 4272, 4084, 4270, -1,
 4272, 4270, 4317, -1, 4317, 4270, 4316, -1, 4317, 4316, 4273, -1,
 4273, 4316, 4271, -1, 4273, 4271, 4087, -1, 4087, 4271, 4085, -1,
 4087, 4085, 3910, -1, 3910, 4085, 3908, -1, 3910, 3908, 3604, -1,
 3604, 3908, 3602, -1, 3604, 3602, 3262, -1, 3262, 3602, 3260, -1,
 3262, 3260, 2934, -1, 2934, 3260, 2932, -1, 2024, 2324, 3603, -1,
 3909, 4086, 4087, -1, 2669, 2325, 3603, -1, 3603, 2325, 2025, -1,
 2025, 1834, 3603, -1, 3603, 1834, 1632, -1, 3603, 1632, 1596, -1,
 1596, 1631, 3603, -1, 3603, 1631, 1833, -1, 3603, 1833, 2024, -1,
 2324, 2668, 3603, -1, 3603, 2668, 2933, -1, 3603, 2933, 3261, -1,
 4086, 4272, 4087, -1, 4087, 4272, 4317, -1, 4087, 4317, 4273, -1,
 3909, 4087, 3603, -1, 3603, 4087, 3910, -1, 3603, 3910, 3604, -1,
 3604, 3262, 3603, -1, 3603, 3262, 2934, -1, 3603, 2934, 2669, -1,
 2937, 2935, 2293, -1, 2937, 2293, 2404, -1, 2404, 2293, 1510, -1,
 2404, 1510, 1854, -1, 1854, 1510, 326, -1, 1854, 326, 1094, -1,
 1094, 326, 67, -1, 1094, 67, 100, -1, 100, 67, 57, -1,
 100, 57, 69, -1, 69, 57, 35, -1, 69, 35, 59, -1,
 59, 35, 16, -1, 59, 16, 47, -1, 47, 16, 12, -1,
 47, 12, 41, -1, 41, 12, 8, -1, 41, 8, 31, -1,
 31, 8, 4, -1, 31, 4, 29, -1, 29, 4, 1, -1,
 29, 1, 24, -1, 24, 1, 5, -1, 24, 5, 30, -1,
 30, 5, 9, -1, 30, 9, 32, -1, 32, 9, 13, -1,
 32, 13, 42, -1, 42, 13, 17, -1, 42, 17, 48, -1,
 48, 17, 36, -1, 48, 36, 60, -1, 60, 36, 58, -1,
 60, 58, 70, -1, 70, 58, 68, -1, 70, 68, 101, -1,
 101, 68, 327, -1, 101, 327, 1095, -1, 1095, 327, 1511, -1,
 1095, 1511, 1855, -1, 1855, 1511, 2294, -1, 1855, 2294, 2405, -1,
 2405, 2294, 2936, -1, 2405, 2936, 2938, -1, 2905, 2861, 2872, -1,
 2343, 2382, 2518, -1, 2518, 2382, 2395, -1, 2518, 2395, 2873, -1,
 2873, 2395, 2582, -1, 2873, 2582, 2600, -1, 2229, 2053, 2161, -1,
 2229, 2161, 2518, -1, 2518, 2161, 2262, -1, 2518, 2262, 2343, -1,
 1927, 1602, 1754, -1, 1927, 1754, 2229, -1, 2229, 1754, 1799, -1,
 2229, 1799, 1937, -1, 1937, 1951, 2229, -1, 2229, 1951, 1972, -1,
 2229, 1972, 2053, -1, 1298, 1454, 1927, -1, 1066, 1088, 1599, -1,
 1599, 1088, 1106, -1, 1599, 1106, 1927, -1, 1927, 1106, 1285, -1,
 1927, 1285, 1298, -1, 1454, 1529, 1927, -1, 1927, 1529, 1548, -1,
 1927, 1548, 1602, -1, 1375, 737, 817, -1, 1375, 817, 1599, -1,
 1599, 817, 943, -1, 1599, 943, 1066, -1, 1155, 505, 518, -1,
 1155, 518, 1375, -1, 1375, 518, 525, -1, 1375, 525, 579, -1,
 579, 580, 1375, -1, 1375, 580, 582, -1, 1375, 582, 737, -1,
 438, 451, 1155, -1, 438, 1155, 434, -1, 434, 1155, 1085, -1,
 434, 1085, 435, -1, 451, 461, 1155, -1, 1155, 461, 464, -1,
 1155, 464, 505, -1, 463, 444, 1085, -1, 519, 516, 1154, -1,
 1154, 516, 512, -1, 1154, 512, 1085, -1, 1085, 512, 468, -1,
 1085, 468, 463, -1, 444, 437, 1085, -1, 1085, 437, 436, -1,
 1085, 436, 435, -1, 1374, 639, 581, -1, 1374, 581, 1154, -1,
 1154, 581, 564, -1, 1154, 564, 519, -1, 1011, 849, 1374, -1,
 1011, 1374, 1064, -1, 1064, 1374, 1598, -1, 1064, 1598, 1166, -1,
 849, 816, 1374, -1, 1374, 816, 809, -1, 1374, 809, 639, -1,
 1926, 1626, 1517, -1, 1926, 1517, 1598, -1, 1598, 1517, 1503, -1,
 1598, 1503, 1347, -1, 1347, 1295, 1598, -1, 1598, 1295, 1287, -1,
 1598, 1287, 1166, -1, 1941, 1816, 1926, -1, 1816, 1724, 1926, -1,
 1926, 1724, 1714, -1, 1926, 1714, 1626, -1, 2232, 2228, 2317, -1,
 2317, 2228, 2517, -1, 2317, 2517, 2342, -1, 2232, 2123, 2228, -1,
 2228, 2123, 2064, -1, 2228, 2064, 1926, -1, 1926, 2064, 1946, -1,
 1926, 1946, 1941, -1, 2501, 2478, 2517, -1, 2517, 2478, 2444, -1,
 2517, 2444, 2342, -1, 2861, 2774, 2872, -1, 2872, 2774, 2734, -1,
 2872, 2734, 2517, -1, 2517, 2734, 2664, -1, 2517, 2664, 2501, -1,
 2905, 2872, 2910, -1, 2910, 2872, 2992, -1, 2910, 2992, 2991, -1,
 2600, 2824, 2873, -1, 2873, 2824, 2990, -1, 2873, 2990, 2995, -1,
 2873, 2994, 2823, -1, 2873, 2995, 2994, -1, 2994, 2995, 3064, -1,
 2994, 3064, 3117, -1, 3117, 3064, 3418, -1, 3117, 3418, 3187, -1,
 3187, 3418, 3695, -1, 3187, 3695, 3271, -1, 2596, 1599, 2662, -1,
 2662, 1599, 1927, -1, 2662, 1927, 2744, -1, 2744, 1927, 2229, -1,
 2744, 2229, 2823, -1, 2823, 2229, 2518, -1, 2823, 2518, 2873, -1,
 2661, 1598, 2595, -1, 2595, 1598, 1374, -1, 2595, 1374, 2488, -1,
 2488, 1374, 1154, -1, 2488, 1154, 2450, -1, 2450, 1154, 1085, -1,
 2450, 1085, 2489, -1, 2489, 1085, 1155, -1, 2489, 1155, 2596, -1,
 2596, 1155, 1375, -1, 2596, 1375, 1599, -1, 3063, 2993, 3116, -1,
 3063, 2992, 2993, -1, 2993, 2992, 2872, -1, 2993, 2872, 2822, -1,
 2822, 2872, 2517, -1, 2822, 2517, 2743, -1, 2743, 2517, 2228, -1,
 2743, 2228, 2661, -1, 2661, 2228, 1926, -1, 2661, 1926, 1598, -1,
 3340, 4313, 3270, -1, 3270, 4313, 3992, -1, 3270, 3992, 3186, -1,
 3186, 3992, 3694, -1, 3186, 3694, 3116, -1, 3116, 3694, 3417, -1,
 3116, 3417, 3063, -1, 3695, 3993, 3271, -1, 3271, 3993, 4314, -1,
 3271, 4314, 3341, -1, 3341, 4314, 4526, -1, 3341, 4526, 3443, -1,
 3443, 4526, 4740, -1, 3443, 4740, 3481, -1, 3481, 4740, 4810, -1,
 3481, 4810, 3442, -1, 3442, 4810, 4739, -1, 3442, 4739, 3340, -1,
 3340, 4739, 4525, -1, 3340, 4525, 4313, -1, 2960, 2994, 3115, -1,
 3115, 2994, 3117, -1, 3115, 3117, 3185, -1, 3185, 3117, 3187, -1,
 3185, 3187, 3269, -1, 3269, 3187, 3271, -1, 3269, 3271, 3339, -1,
 3339, 3271, 3341, -1, 3339, 3341, 3441, -1, 3441, 3341, 3443, -1,
 3441, 3443, 3480, -1, 3480, 3443, 3481, -1, 3480, 3481, 3440, -1,
 3440, 3481, 3442, -1, 3440, 3442, 3338, -1, 3338, 3442, 3340, -1,
 3338, 3340, 3268, -1, 3268, 3340, 3270, -1, 3268, 3270, 3184, -1,
 3184, 3270, 3186, -1, 3184, 3186, 3114, -1, 3114, 3186, 3116, -1,
 3114, 3116, 2959, -1, 2959, 3116, 2993, -1, 3339, 2741, 3269, -1,
 3269, 2741, 3185, -1, 2741, 2659, 3185, -1, 3185, 2659, 2593, -1,
 3185, 2593, 2486, -1, 2742, 3185, 2660, -1, 2660, 3185, 2594, -1,
 2821, 2960, 2742, -1, 2742, 2960, 3115, -1, 2742, 3115, 3185, -1,
 3339, 3441, 2741, -1, 2741, 3441, 3480, -1, 2741, 3480, 3440, -1,
 2486, 2449, 3185, -1, 3185, 2449, 2487, -1, 3185, 2487, 2594, -1,
 3114, 2959, 3184, -1, 3184, 2959, 3268, -1, 3440, 3338, 2741, -1,
 2741, 3338, 3268, -1, 2741, 3268, 2820, -1, 2820, 3268, 2959, -1
]
normalIndex [
 3899, 3899, 4717, -1, 4717, 3899, 4717, -1, 4717, 4717, 5536, -1,
 5536, 4717, 5536, -1, 5536, 5536, 6731, -1, 6731, 5536, 6731, -1,
 6731, 6731, 7144, -1, 7144, 6731, 7144, -1, 7144, 7144, 7448, -1,
 7448, 7144, 7448, -1, 7448, 7448, 7741, -1, 7741, 7448, 7741, -1,
 7741, 7741, 7447, -1, 7447, 7741, 7447, -1, 7447, 7447, 7143, -1,
 7143, 7447, 7143, -1, 7143, 7143, 6730, -1, 6730, 7143, 6730, -1,
 6730, 6730, 5535, -1, 5535, 6730, 5535, -1, 5535, 5535, 4716, -1,
 4716, 5535, 4716, -1, 4716, 4716, 3898, -1, 3898, 4716, 3898, -1,
 3901, 3901, 4020, -1, 3900, 3900, 3994, -1, 3994, 3900, 4019, -1,
 4489, 4312, 4019, -1, 4019, 4312, 4165, -1, 4165, 4126, 4019, -1,
 4019, 4126, 4018, -1, 4019, 4018, 3994, -1, 4642, 4489, 4777, -1,
 4777, 4489, 4941, -1, 4642, 4553, 4489, -1, 4489, 4553, 4491, -1,
 4489, 4491, 4312, -1, 5053, 4941, 5220, -1, 5220, 4941, 5378, -1,
 5053, 4996, 4941, -1, 4941, 4996, 4943, -1, 4941, 4943, 4777, -1,
 5442, 5441, 5378, -1, 5378, 5441, 5380, -1, 5378, 5380, 5220, -1,
 5442, 5378, 5651, -1, 5651, 5378, 5785, -1, 5651, 5785, 5787, -1,
 6158, 6083, 6177, -1, 6177, 6083, 5862, -1, 6177, 5862, 5785, -1,
 5785, 5862, 5800, -1, 5785, 5800, 5787, -1, 6516, 6518, 6482, -1,
 6482, 6420, 6516, -1, 6516, 6420, 6260, -1, 6516, 6260, 6177, -1,
 6177, 6260, 6179, -1, 6177, 6179, 6158, -1, 6672, 6559, 6559, -1,
 6518, 6516, 6559, -1, 6559, 6516, 6732, -1, 6559, 6732, 6672, -1,
 3901, 4020, 4020, -1, 4020, 4020, 4344, -1, 4020, 4344, 4490, -1,
 4344, 4490, 4490, -1, 4490, 4490, 4783, -1, 4490, 4783, 4942, -1,
 4783, 4942, 4942, -1, 4942, 4942, 5232, -1, 4942, 5232, 5379, -1,
 5232, 5379, 5379, -1, 5379, 5379, 5636, -1, 5379, 5636, 5786, -1,
 5636, 5786, 5786, -1, 5786, 5786, 6030, -1, 5786, 6030, 6178, -1,
 6030, 6178, 6178, -1, 6178, 6178, 6394, -1, 6178, 6394, 6517, -1,
 6394, 6517, 6517, -1, 6517, 6517, 6673, -1, 6517, 6673, 6732, -1,
 6732, 6673, 6732, -1, 6732, 6732, 6672, -1, 3901, 3901, 4207, -1,
 3901, 4207, 4207, -1, 4207, 4207, 4513, -1, 4207, 4513, 4513, -1,
 4513, 4513, 4814, -1, 4513, 4814, 4814, -1, 4814, 4814, 5113, -1,
 4814, 5113, 5113, -1, 5113, 5113, 5390, -1, 5113, 5390, 5390, -1,
 5390, 5390, 5679, -1, 5390, 5679, 5679, -1, 5679, 5679, 5927, -1,
 5679, 5927, 5927, -1, 5927, 5927, 6189, -1, 5927, 6189, 6189, -1,
 6189, 6189, 6427, -1, 6189, 6427, 6427, -1, 6427, 6427, 6634, -1,
 6427, 6634, 6634, -1, 6634, 6634, 6732, -1, 6634, 6732, 6732, -1,
 6732, 6732, 6633, -1, 6732, 6633, 6633, -1, 6633, 6633, 6426, -1,
 6633, 6426, 6426, -1, 6426, 6426, 6188, -1, 6426, 6188, 6188, -1,
 6188, 6188, 5926, -1, 6188, 5926, 5926, -1, 5926, 5926, 5678, -1,
 5926, 5678, 5678, -1, 5678, 5678, 5389, -1, 5678, 5389, 5389, -1,
 5389, 5389, 5112, -1, 5389, 5112, 5112, -1, 5112, 5112, 4813, -1,
 5112, 4813, 4813, -1, 4813, 4813, 4512, -1, 4813, 4512, 4512, -1,
 4512, 4512, 4206, -1, 4512, 4206, 4206, -1, 4206, 4206, 3900, -1,
 4206, 3900, 3900, -1, 3898, 3898, 4716, -1, 4716, 3898, 4716, -1,
 4716, 4716, 5535, -1, 5535, 4716, 5535, -1, 5535, 5535, 6730, -1,
 6730, 5535, 6730, -1, 6730, 6730, 7143, -1, 7143, 6730, 7143, -1,
 7143, 7143, 7447, -1, 7447, 7143, 7447, -1, 7447, 7447, 7741, -1,
 7741, 7447, 7741, -1, 7741, 7741, 7448, -1, 7448, 7741, 7448, -1,
 7448, 7448, 7144, -1, 7144, 7448, 7144, -1, 7144, 7144, 6731, -1,
 6731, 7144, 6731, -1, 6731, 6731, 5536, -1, 5536, 6731, 5536, -1,
 5536, 5536, 4717, -1, 4717, 5536, 4717, -1, 4717, 4717, 3899, -1,
 3899, 4717, 3899, -1, 3899, 3899, 4369, -1, 3899, 4369, 4369, -1,
 4369, 4369, 4860, -1, 4369, 4860, 4860, -1, 4860, 4860, 5359, -1,
 4860, 5359, 5359, -1, 5359, 5359, 5888, -1, 5359, 5888, 5888, -1,
 5888, 5888, 6731, -1, 5888, 6731, 6731, -1, 6731, 6731, 7027, -1,
 6731, 7027, 7027, -1, 7027, 7027, 7198, -1, 7027, 7198, 7198, -1,
 7198, 7198, 7381, -1, 7198, 7381, 7381, -1, 7381, 7381, 7561, -1,
 7381, 7561, 7561, -1, 7561, 7561, 7741, -1, 7561, 7741, 7741, -1,
 7741, 7741, 7560, -1, 7741, 7560, 7560, -1, 7560, 7560, 7380, -1,
 7560, 7380, 7380, -1, 7380, 7380, 7197, -1, 7380, 7197, 7197, -1,
 7197, 7197, 7026, -1, 7197, 7026, 7026, -1, 7026, 7026, 6730, -1,
 7026, 6730, 6730, -1, 6730, 6730, 5887, -1, 6730, 5887, 5887, -1,
 5887, 5887, 5358, -1, 5887, 5358, 5358, -1, 5358, 5358, 4859, -1,
 5358, 4859, 4859, -1, 4859, 4859, 4368, -1, 4859, 4368, 4368, -1,
 4368, 4368, 3898, -1, 4368, 3898, 3898, -1, 3898, 3898, 4324, -1,
 3898, 4324, 4324, -1, 4324, 4324, 4768, -1, 4324, 4768, 4768, -1,
 4768, 4768, 5229, -1, 4768, 5229, 5229, -1, 5229, 5229, 5694, -1,
 5229, 5694, 5694, -1, 5694, 5694, 6262, -1, 5694, 6262, 6262, -1,
 6262, 6262, 6931, -1, 6262, 6931, 6931, -1, 6931, 6931, 7088, -1,
 6931, 7088, 7088, -1, 7088, 7088, 7257, -1, 7088, 7257, 7257, -1,
 7257, 7257, 7425, -1, 7257, 7425, 7425, -1, 7425, 7425, 7592, -1,
 7425, 7592, 7592, -1, 7592, 7592, 7741, -1, 7592, 7741, 7741, -1,
 7741, 7741, 7593, -1, 7741, 7593, 7593, -1, 7593, 7593, 7426, -1,
 7593, 7426, 7426, -1, 7426, 7426, 7258, -1, 7426, 7258, 7258, -1,
 7258, 7258, 7089, -1, 7258, 7089, 7089, -1, 7089, 7089, 6932, -1,
 7089, 6932, 6932, -1, 6932, 6932, 6263, -1, 6932, 6263, 6263, -1,
 6263, 6263, 5695, -1, 6263, 5695, 5695, -1, 5695, 5695, 5230, -1,
 5695, 5230, 5230, -1, 5230, 5230, 4769, -1, 5230, 4769, 4769, -1,
 4769, 4769, 4325, -1, 4769, 4325, 4325, -1, 4325, 4325, 3899, -1,
 4325, 3899, 3899, -1, 7632, 7631, 7613, -1, 7632, 7613, 7521, -1,
 7521, 7613, 7533, -1, 7521, 7533, 7398, -1, 7398, 7533, 7450, -1,
 7398, 7450, 7385, -1, 7450, 7396, 7385, -1, 7385, 7396, 7384, -1,
 7385, 7384, 7330, -1, 7330, 7384, 7352, -1, 7330, 7352, 7178, -1,
 6987, 6974, 7086, -1, 7086, 6974, 6982, -1, 7086, 6982, 7146, -1,
 7146, 6982, 7147, -1, 7146, 7147, 7166, -1, 7166, 7147, 7158, -1,
 7166, 7158, 7177, -1, 7177, 7158, 7178, -1, 7177, 7178, 7271, -1,
 7271, 7178, 7352, -1, 6987, 6973, 6974, -1, 6974, 6973, 6908, -1,
 6974, 6908, 6903, -1, 6903, 6908, 6902, -1, 6903, 6902, 6512, -1,
 6512, 6902, 6524, -1, 6512, 6524, 6304, -1, 5600, 5544, 5317, -1,
 5317, 5544, 5295, -1, 5317, 5295, 5193, -1, 6524, 6306, 6304, -1,
 6304, 6306, 6116, -1, 6304, 6116, 5886, -1, 5886, 6116, 5885, -1,
 5886, 5885, 5820, -1, 5820, 5885, 5806, -1, 5820, 5806, 5600, -1,
 5600, 5806, 5600, -1, 5600, 5600, 5544, -1, 5295, 5193, 5193, -1,
 5193, 5193, 5052, -1, 5193, 5052, 5017, -1, 5017, 5052, 5017, -1,
 5017, 5017, 4826, -1, 4826, 5017, 4784, -1, 4826, 4784, 4534, -1,
 4784, 4549, 4534, -1, 4534, 4549, 4534, -1, 4534, 4534, 4445, -1,
 4445, 4534, 4445, -1, 4445, 4445, 4357, -1, 4357, 4445, 4300, -1,
 4357, 4300, 3898, -1, 3898, 4300, 4076, -1, 3898, 4076, 3898, -1,
 7741, 7721, 7632, -1, 7632, 7721, 7636, -1, 7632, 7636, 7631, -1,
 7633, 7683, 7741, -1, 7741, 7683, 7690, -1, 7741, 7690, 7721, -1,
 7482, 7503, 7420, -1, 7420, 7503, 7382, -1, 7482, 7513, 7503, -1,
 7503, 7513, 7608, -1, 7503, 7608, 7633, -1, 7633, 7608, 7634, -1,
 7633, 7634, 7683, -1, 7141, 7142, 7145, -1, 7145, 7142, 7231, -1,
 7145, 7231, 7255, -1, 7231, 7267, 7255, -1, 7255, 7267, 7317, -1,
 7255, 7317, 7382, -1, 7382, 7317, 7383, -1, 7382, 7383, 7420, -1,
 7141, 7145, 7064, -1, 7064, 7145, 6997, -1, 7064, 6997, 7062, -1,
 5891, 6008, 6226, -1, 6226, 6008, 6354, -1, 6226, 6354, 6904, -1,
 6904, 6354, 6613, -1, 6904, 6613, 6848, -1, 6848, 6871, 6904, -1,
 6904, 6871, 6901, -1, 6904, 6901, 6997, -1, 6997, 6901, 6966, -1,
 6997, 6966, 7062, -1, 5714, 5762, 5891, -1, 5891, 5762, 5884, -1,
 5891, 5884, 6008, -1, 4947, 5196, 4714, -1, 4714, 5196, 4746, -1,
 4714, 4746, 4607, -1, 4607, 4746, 4540, -1, 4607, 4540, 4537, -1,
 4947, 5177, 5196, -1, 5196, 5177, 5194, -1, 5196, 5194, 5431, -1,
 5431, 5194, 5197, -1, 5431, 5197, 5891, -1, 5891, 5197, 5455, -1,
 5891, 5455, 5714, -1, 3899, 3899, 4085, -1, 4085, 3899, 3979, -1,
 3979, 4061, 4085, -1, 4085, 4061, 4221, -1, 4085, 4221, 4540, -1,
 4540, 4221, 4461, -1, 4540, 4461, 4537, -1, 5193, 5080, 5017, -1,
 5017, 5080, 5017, -1, 5017, 5017, 4895, -1, 3898, 3898, 4109, -1,
 4109, 3898, 3944, -1, 4109, 3944, 4341, -1, 4341, 3944, 4418, -1,
 4341, 4418, 4445, -1, 4445, 4418, 4445, -1, 4445, 4445, 4534, -1,
 4534, 4445, 4534, -1, 4534, 4534, 4584, -1, 4584, 4534, 4895, -1,
 4584, 4895, 4827, -1, 4827, 4895, 5017, -1, 5600, 5581, 5376, -1,
 5376, 5581, 5327, -1, 5376, 5327, 5193, -1, 5193, 5327, 5193, -1,
 5193, 5193, 5080, -1, 5885, 5851, 5600, -1, 5600, 5851, 5600, -1,
 5600, 5600, 5581, -1, 7146, 7100, 7020, -1, 7020, 7100, 7008, -1,
 7020, 7008, 6973, -1, 7008, 6973, 6973, -1, 6973, 6973, 6922, -1,
 6973, 6922, 6902, -1, 6902, 6922, 6902, -1, 6902, 6902, 6697, -1,
 6697, 6902, 6616, -1, 6697, 6616, 6306, -1, 6306, 6616, 6306, -1,
 6306, 6306, 5893, -1, 5893, 6306, 6168, -1, 5893, 6168, 5885, -1,
 5885, 6168, 5885, -1, 5885, 5885, 5851, -1, 7179, 7181, 7177, -1,
 7177, 7181, 7177, -1, 7177, 7177, 7146, -1, 7146, 7177, 7146, -1,
 7146, 7146, 7100, -1, 7384, 7384, 7361, -1, 7361, 7384, 7366, -1,
 7361, 7366, 7179, -1, 7179, 7366, 7281, -1, 7179, 7281, 7181, -1,
 7631, 7631, 7613, -1, 7613, 7631, 7613, -1, 7613, 7613, 7541, -1,
 7541, 7613, 7547, -1, 7541, 7547, 7396, -1, 7396, 7547, 7464, -1,
 7396, 7464, 7384, -1, 7384, 7464, 7396, -1, 7384, 7396, 7384, -1,
 7482, 7501, 7612, -1, 7612, 7501, 7590, -1, 7612, 7590, 7634, -1,
 7634, 7590, 7634, -1, 7634, 7634, 7683, -1, 7683, 7634, 7679, -1,
 7683, 7679, 7719, -1, 7719, 7679, 7683, -1, 7719, 7683, 7631, -1,
 7631, 7683, 7648, -1, 7631, 7648, 7631, -1, 7142, 7142, 7254, -1,
 7254, 7142, 7217, -1, 7254, 7217, 7267, -1, 7217, 7267, 7267, -1,
 7267, 7267, 7307, -1, 7267, 7307, 7383, -1, 7383, 7307, 7383, -1,
 7383, 7383, 7433, -1, 7433, 7383, 7407, -1, 7433, 7407, 7482, -1,
 7482, 7407, 7482, -1, 7482, 7482, 7501, -1, 6901, 6953, 7064, -1,
 7064, 6953, 7047, -1, 7064, 7047, 7075, -1, 7075, 7047, 7064, -1,
 7075, 7064, 7142, -1, 7142, 7064, 7133, -1, 7142, 7133, 7142, -1,
 5884, 5884, 6104, -1, 6104, 5884, 5955, -1, 6104, 5955, 6613, -1,
 6613, 5955, 6294, -1, 6613, 6294, 6848, -1, 6294, 6613, 6848, -1,
 6848, 6613, 6848, -1, 6848, 6848, 6887, -1, 6887, 6848, 6857, -1,
 6887, 6857, 6901, -1, 6901, 6857, 6901, -1, 6901, 6901, 6953, -1,
 5177, 5177, 5194, -1, 5194, 5177, 5194, -1, 5194, 5194, 5542, -1,
 5542, 5194, 5415, -1, 5542, 5415, 5762, -1, 5762, 5415, 5677, -1,
 5762, 5677, 5884, -1, 5884, 5677, 5762, -1, 5884, 5762, 5884, -1,
 4537, 4607, 4607, -1, 4607, 4607, 4677, -1, 4607, 4677, 5062, -1,
 5062, 4677, 4916, -1, 5062, 4916, 5177, -1, 5177, 4916, 5163, -1,
 5177, 5163, 5177, -1, 3899, 3899, 4061, -1, 4061, 3899, 4061, -1,
 4061, 4061, 4105, -1, 4607, 4575, 4537, -1, 4537, 4575, 4537, -1,
 4537, 4537, 4424, -1, 4424, 4537, 4105, -1, 4424, 4105, 4185, -1,
 4185, 4105, 4061, -1, 3898, 3898, 4140, -1, 4140, 3898, 4006, -1,
 4140, 4006, 4376, -1, 4376, 4006, 4445, -1, 4376, 4445, 4445, -1,
 4445, 4445, 4534, -1, 4534, 4445, 4484, -1, 4534, 4484, 4534, -1,
 5193, 5193, 5017, -1, 5017, 5193, 5121, -1, 5017, 5121, 4962, -1,
 5121, 5017, 4962, -1, 4962, 5017, 4865, -1, 4962, 4865, 4534, -1,
 4534, 4865, 4628, -1, 4534, 4628, 4534, -1, 6306, 6228, 5988, -1,
 5988, 6228, 5890, -1, 5988, 5890, 5885, -1, 5885, 5890, 5885, -1,
 5885, 5885, 5600, -1, 5600, 5885, 5625, -1, 5600, 5625, 5450, -1,
 5450, 5625, 5600, -1, 5450, 5600, 5193, -1, 5193, 5600, 5362, -1,
 5193, 5362, 5193, -1, 6973, 7042, 7028, -1, 7028, 7042, 7112, -1,
 7112, 7042, 7146, -1, 7112, 7146, 7146, -1, 7028, 6973, 6973, -1,
 6973, 6973, 6937, -1, 6973, 6937, 6902, -1, 6902, 6937, 6902, -1,
 6902, 6902, 6860, -1, 6860, 6902, 6738, -1, 6860, 6738, 6306, -1,
 6306, 6738, 6306, -1, 6306, 6306, 6228, -1, 7146, 7146, 7177, -1,
 7177, 7146, 7177, -1, 7177, 7177, 7195, -1, 7195, 7177, 7206, -1,
 7195, 7206, 7291, -1, 7631, 7631, 7613, -1, 7613, 7631, 7613, -1,
 7613, 7613, 7557, -1, 7557, 7613, 7559, -1, 7557, 7559, 7396, -1,
 7396, 7559, 7483, -1, 7396, 7483, 7392, -1, 7392, 7483, 7396, -1,
 7392, 7396, 7384, -1, 7384, 7396, 7384, -1, 7384, 7384, 7206, -1,
 7206, 7384, 7378, -1, 7206, 7378, 7291, -1, 7482, 7489, 7577, -1,
 7577, 7489, 7566, -1, 7577, 7566, 7634, -1, 7634, 7566, 7634, -1,
 7634, 7634, 7683, -1, 7683, 7634, 7666, -1, 7683, 7666, 7737, -1,
 7737, 7666, 7683, -1, 7737, 7683, 7631, -1, 7631, 7683, 7658, -1,
 7631, 7658, 7631, -1, 7142, 7142, 7222, -1, 7222, 7142, 7204, -1,
 7222, 7204, 7267, -1, 7204, 7267, 7267, -1, 7267, 7267, 7296, -1,
 7267, 7296, 7383, -1, 7383, 7296, 7383, -1, 7383, 7383, 7409, -1,
 7409, 7383, 7391, -1, 7409, 7391, 7482, -1, 7482, 7391, 7482, -1,
 7482, 7482, 7489, -1, 6901, 6943, 7056, -1, 7056, 6943, 7035, -1,
 7056, 7035, 7064, -1, 7064, 7035, 7064, -1, 7064, 7064, 7142, -1,
 7142, 7064, 7117, -1, 7142, 7117, 7142, -1, 5884, 5884, 6028, -1,
 6028, 5884, 5901, -1, 6028, 5901, 6613, -1, 6613, 5901, 6240, -1,
 6613, 6240, 6848, -1, 6240, 6613, 6848, -1, 6848, 6613, 6809, -1,
 6848, 6809, 6873, -1, 6873, 6809, 6848, -1, 6873, 6848, 6901, -1,
 6901, 6848, 6901, -1, 6901, 6901, 6943, -1, 5177, 5177, 5194, -1,
 5194, 5177, 5194, -1, 5194, 5194, 5484, -1, 5484, 5194, 5372, -1,
 5484, 5372, 5762, -1, 5762, 5372, 5635, -1, 5762, 5635, 5884, -1,
 5884, 5635, 5762, -1, 5884, 5762, 5884, -1, 4607, 4636, 4994, -1,
 4994, 4636, 4877, -1, 4994, 4877, 5177, -1, 5177, 4877, 5129, -1,
 5177, 5129, 5177, -1, 3899, 3899, 4051, -1, 4051, 3899, 4061, -1,
 4051, 4061, 4061, -1, 4061, 4061, 4150, -1, 4061, 4150, 4515, -1,
 4515, 4150, 4389, -1, 4515, 4389, 4537, -1, 4537, 4389, 4537, -1,
 4537, 4537, 4607, -1, 4607, 4537, 4607, -1, 4607, 4607, 4636, -1,
 5858, 5884, 5884, -1, 4445, 4413, 4073, -1, 4073, 4413, 4170, -1,
 4073, 4170, 3898, -1, 3898, 4170, 3898, -1, 5193, 5193, 5019, -1,
 5019, 5193, 5151, -1, 5019, 5151, 5017, -1, 5151, 5017, 5017, -1,
 5017, 5017, 4903, -1, 5017, 4903, 4539, -1, 4539, 4903, 4661, -1,
 4539, 4661, 4534, -1, 4534, 4661, 4534, -1, 4534, 4534, 4445, -1,
 4445, 4534, 4445, -1, 4445, 4445, 4413, -1, 6068, 5939, 5885, -1,
 5885, 5939, 5885, -1, 5885, 5885, 5600, -1, 5600, 5885, 5659, -1,
 5600, 5659, 5513, -1, 5513, 5659, 5600, -1, 5513, 5600, 5193, -1,
 5193, 5600, 5398, -1, 5193, 5398, 5193, -1, 7146, 7129, 7066, -1,
 7066, 7129, 7040, -1, 7066, 7040, 6973, -1, 7040, 6973, 6973, -1,
 6973, 6973, 6946, -1, 6973, 6946, 6902, -1, 6902, 6946, 6902, -1,
 6902, 6902, 6880, -1, 6880, 6902, 6852, -1, 6880, 6852, 6306, -1,
 6306, 6852, 6306, -1, 6306, 6306, 6068, -1, 6068, 6306, 6279, -1,
 6068, 6279, 5939, -1, 7177, 7177, 7146, -1, 7146, 7177, 7146, -1,
 7146, 7146, 7129, -1, 7400, 7396, 7384, -1, 7384, 7396, 7384, -1,
 7384, 7384, 7237, -1, 7237, 7384, 7302, -1, 7237, 7302, 7177, -1,
 7177, 7302, 7208, -1, 7177, 7208, 7177, -1, 7384, 7396, 7400, -1,
 7400, 7396, 7412, -1, 7400, 7412, 7496, -1, 7496, 7412, 7597, -1,
 7730, 7672, 7631, -1, 7631, 7672, 7631, -1, 7631, 7631, 7613, -1,
 7613, 7631, 7613, -1, 7613, 7613, 7597, -1, 7597, 7613, 7583, -1,
 7597, 7583, 7496, -1, 7482, 7482, 7553, -1, 7553, 7482, 7552, -1,
 7553, 7552, 7634, -1, 7634, 7552, 7634, -1, 7634, 7634, 7683, -1,
 7683, 7634, 7655, -1, 7683, 7655, 7730, -1, 7730, 7655, 7683, -1,
 7730, 7683, 7672, -1, 7267, 7286, 7377, -1, 7377, 7286, 7372, -1,
 7377, 7372, 7383, -1, 7383, 7372, 7383, -1, 7383, 7383, 7482, -1,
 7482, 7383, 7475, -1, 7482, 7475, 7482, -1, 7064, 7105, 7142, -1,
 7142, 7105, 7142, -1, 7142, 7142, 7194, -1, 7194, 7142, 7188, -1,
 7194, 7188, 7267, -1, 7267, 7188, 7267, -1, 7267, 7267, 7286, -1,
 6901, 6928, 7037, -1, 7037, 6928, 7019, -1, 7037, 7019, 7064, -1,
 7064, 7019, 7064, -1, 7064, 7064, 7105, -1, 5884, 5884, 5936, -1,
 5936, 5884, 6613, -1, 6613, 5884, 6181, -1, 6613, 6181, 6848, -1,
 6848, 6181, 6613, -1, 6848, 6613, 6849, -1, 6613, 6647, 6849, -1,
 6849, 6647, 6848, -1, 6849, 6848, 6901, -1, 6901, 6848, 6901, -1,
 6901, 6901, 6928, -1, 5177, 5177, 5194, -1, 5194, 5177, 5194, -1,
 5194, 5194, 5420, -1, 5420, 5194, 5335, -1, 5420, 5335, 5762, -1,
 5762, 5335, 5594, -1, 5762, 5594, 5884, -1, 5884, 5594, 5762, -1,
 5884, 5762, 5858, -1, 4607, 4607, 4927, -1, 4927, 4607, 4842, -1,
 4927, 4842, 5177, -1, 5177, 4842, 5090, -1, 5177, 5090, 5177, -1,
 3899, 3899, 3987, -1, 3987, 3899, 4061, -1, 3987, 4061, 4061, -1,
 4061, 4061, 4119, -1, 4061, 4119, 4448, -1, 4448, 4119, 4350, -1,
 4448, 4350, 4537, -1, 4537, 4350, 4537, -1, 4537, 4537, 4607, -1,
 4607, 4537, 4594, -1, 4607, 4594, 4607, -1, 4445, 4444, 4130, -1,
 4130, 4444, 4210, -1, 4130, 4210, 3898, -1, 3898, 4210, 3969, -1,
 3898, 3969, 3898, -1, 5017, 4931, 4601, -1, 4601, 4931, 4705, -1,
 4601, 4705, 4534, -1, 4534, 4705, 4534, -1, 4534, 4534, 4445, -1,
 4445, 4534, 4445, -1, 4445, 4445, 4444, -1, 5564, 5443, 5193, -1,
 5193, 5443, 5193, -1, 5193, 5193, 5079, -1, 5079, 5193, 5182, -1,
 5079, 5182, 5017, -1, 5017, 5182, 5017, -1, 5017, 5017, 4931, -1,
 6131, 5997, 5885, -1, 5885, 5997, 5885, -1, 5885, 5885, 5600, -1,
 5600, 5885, 5700, -1, 5600, 5700, 5564, -1, 5564, 5700, 5600, -1,
 5564, 5600, 5443, -1, 7055, 6973, 7082, -1, 7055, 6973, 6973, -1,
 6973, 6973, 6959, -1, 6973, 6959, 6906, -1, 6906, 6959, 6902, -1,
 6906, 6902, 6902, -1, 6902, 6902, 6865, -1, 6902, 6865, 6306, -1,
 6306, 6865, 6338, -1, 6306, 6338, 6131, -1, 6131, 6338, 6306, -1,
 6131, 6306, 5997, -1, 7177, 7177, 7146, -1, 7146, 7177, 7146, -1,
 7146, 7146, 7082, -1, 7082, 7146, 7139, -1, 7082, 7139, 7055, -1,
 7384, 7384, 7264, -1, 7264, 7384, 7312, -1, 7264, 7312, 7177, -1,
 7177, 7312, 7223, -1, 7177, 7223, 7177, -1, 7634, 7643, 7683, -1,
 7683, 7643, 7683, -1, 7683, 7683, 7714, -1, 7714, 7683, 7684, -1,
 7714, 7684, 7631, -1, 7631, 7684, 7631, -1, 7631, 7631, 7621, -1,
 7621, 7631, 7613, -1, 7621, 7613, 7613, -1, 7613, 7613, 7599, -1,
 7613, 7599, 7436, -1, 7436, 7599, 7506, -1, 7436, 7506, 7396, -1,
 7396, 7506, 7410, -1, 7396, 7410, 7384, -1, 7384, 7410, 7396, -1,
 7384, 7396, 7384, -1, 7482, 7482, 7530, -1, 7530, 7482, 7538, -1,
 7530, 7538, 7634, -1, 7634, 7538, 7634, -1, 7634, 7634, 7643, -1,
 7267, 7276, 7350, -1, 7350, 7276, 7358, -1, 7350, 7358, 7383, -1,
 7383, 7358, 7383, -1, 7383, 7383, 7482, -1, 7482, 7383, 7458, -1,
 7482, 7458, 7482, -1, 7064, 7094, 7142, -1, 7142, 7094, 7142, -1,
 7142, 7142, 7174, -1, 7174, 7142, 7175, -1, 7174, 7175, 7267, -1,
 7267, 7175, 7267, -1, 7267, 7267, 7276, -1, 6901, 6913, 7000, -1,
 7000, 6913, 6996, -1, 7000, 6996, 7064, -1, 7064, 6996, 7064, -1,
 7064, 7064, 7094, -1, 6848, 6848, 6901, -1, 6901, 6848, 6901, -1,
 6901, 6901, 6913, -1, 5863, 5813, 5884, -1, 5884, 5813, 5884, -1,
 5884, 5884, 6607, -1, 6607, 5884, 6128, -1, 6607, 6128, 6613, -1,
 6613, 6128, 6550, -1, 6613, 6550, 6848, -1, 6848, 6550, 6613, -1,
 6848, 6613, 6848, -1, 4863, 4607, 4607, -1, 4607, 4795, 4863, -1,
 4863, 4795, 5060, -1, 4863, 5060, 5177, -1, 5177, 5060, 5177, -1,
 5177, 5177, 5194, -1, 5194, 5177, 5194, -1, 5194, 5194, 5351, -1,
 5351, 5194, 5302, -1, 5351, 5302, 5762, -1, 5762, 5302, 5553, -1,
 5762, 5553, 5863, -1, 5863, 5553, 5762, -1, 5863, 5762, 5813, -1,
 3899, 3899, 3925, -1, 3925, 3899, 4061, -1, 3925, 4061, 4061, -1,
 4061, 4061, 4087, -1, 4061, 4087, 4397, -1, 4397, 4087, 4308, -1,
 4397, 4308, 4537, -1, 4537, 4308, 4537, -1, 4537, 4537, 4607, -1,
 4607, 4537, 4560, -1, 4607, 4560, 4607, -1, 4527, 4537, 4537, -1,
 4196, 4445, 4445, -1, 3898, 3898, 4000, -1, 4000, 3898, 4196, -1,
 4000, 4196, 4236, -1, 4236, 4196, 4445, -1, 5600, 5227, 5193, -1,
 5193, 5227, 5193, -1, 5193, 5193, 5143, -1, 5143, 5193, 5017, -1,
 5143, 5017, 5017, -1, 5017, 5017, 4980, -1, 5017, 4980, 4670, -1,
 4670, 4980, 4735, -1, 4670, 4735, 4534, -1, 4534, 4735, 4534, -1,
 4534, 4534, 4445, -1, 4445, 4534, 4487, -1, 4445, 4487, 4445, -1,
 6231, 6048, 5885, -1, 5885, 6048, 5885, -1, 5885, 5885, 5642, -1,
 5642, 5885, 5735, -1, 5642, 5735, 5600, -1, 5600, 5735, 5600, -1,
 5600, 5600, 5227, -1, 6902, 6876, 6306, -1, 6306, 6876, 6407, -1,
 6306, 6407, 6231, -1, 6231, 6407, 6306, -1, 6231, 6306, 6048, -1,
 7177, 7152, 7146, -1, 7146, 7152, 7146, -1, 7146, 7146, 7108, -1,
 7108, 7146, 7068, -1, 7108, 7068, 6973, -1, 6973, 7068, 6973, -1,
 6973, 6973, 6935, -1, 6935, 6973, 6967, -1, 6935, 6967, 6902, -1,
 6902, 6967, 6902, -1, 6902, 6902, 6876, -1, 7279, 7384, 7384, -1,
 7384, 7323, 7279, -1, 7279, 7323, 7247, -1, 7279, 7247, 7177, -1,
 7177, 7247, 7177, -1, 7177, 7177, 7152, -1, 7693, 7704, 7644, -1,
 7644, 7704, 7631, -1, 7644, 7631, 7631, -1, 7631, 7631, 7614, -1,
 7631, 7614, 7613, -1, 7613, 7614, 7613, -1, 7613, 7613, 7459, -1,
 7459, 7613, 7518, -1, 7459, 7518, 7396, -1, 7396, 7518, 7430, -1,
 7396, 7430, 7384, -1, 7384, 7430, 7396, -1, 7384, 7396, 7384, -1,
 7634, 7634, 7683, -1, 7683, 7634, 7683, -1, 7683, 7683, 7693, -1,
 7693, 7683, 7716, -1, 7693, 7716, 7704, -1, 7515, 7528, 7634, -1,
 7634, 7528, 7630, -1, 7634, 7630, 7634, -1, 7064, 7079, 7142, -1,
 7142, 7079, 7142, -1, 7142, 7142, 7154, -1, 7154, 7142, 7261, -1,
 7154, 7261, 7267, -1, 7267, 7261, 7267, -1, 7267, 7267, 7322, -1,
 7322, 7267, 7333, -1, 7322, 7333, 7383, -1, 7383, 7333, 7383, -1,
 7383, 7383, 7482, -1, 7482, 7383, 7442, -1, 7482, 7442, 7515, -1,
 7515, 7442, 7482, -1, 7515, 7482, 7528, -1, 5884, 6093, 6461, -1,
 6461, 6093, 6463, -1, 6461, 6463, 6613, -1, 6613, 6463, 6613, -1,
 6613, 6613, 6848, -1, 6613, 6848, 6848, -1, 6848, 6848, 6889, -1,
 6848, 6889, 6901, -1, 6901, 6889, 6901, -1, 6901, 6901, 6977, -1,
 6977, 6901, 6981, -1, 6977, 6981, 7064, -1, 7064, 6981, 7064, -1,
 7064, 7064, 7079, -1, 5791, 5770, 5884, -1, 5884, 5770, 5884, -1,
 5884, 5884, 6093, -1, 4537, 4537, 4607, -1, 4607, 4537, 4607, -1,
 4607, 4607, 4798, -1, 4607, 4765, 4798, -1, 4798, 4765, 5015, -1,
 4798, 5015, 5177, -1, 5177, 5015, 5177, -1, 5177, 5177, 5194, -1,
 5194, 5177, 5194, -1, 5194, 5194, 5290, -1, 5290, 5194, 5254, -1,
 5290, 5254, 5762, -1, 5762, 5254, 5521, -1, 5762, 5521, 5791, -1,
 5791, 5521, 5762, -1, 5791, 5762, 5770, -1, 4527, 4537, 4280, -1,
 4280, 4537, 4319, -1, 4280, 4319, 4061, -1, 4061, 4319, 4061, -1,
 4061, 4061, 4048, -1, 4048, 4061, 3899, -1, 4048, 3899, 3899, -1,
 3898, 3898, 4042, -1, 4042, 3898, 4246, -1, 4445, 4445, 4246, -1,
 4246, 4445, 4273, -1, 4246, 4273, 4042, -1, 5017, 5009, 4730, -1,
 4730, 5009, 4760, -1, 4730, 4760, 4534, -1, 4534, 4760, 4534, -1,
 4534, 4534, 4445, -1, 4445, 4534, 4524, -1, 4445, 4524, 4445, -1,
 5885, 5885, 5707, -1, 5707, 5885, 5768, -1, 5707, 5768, 5600, -1,
 5600, 5768, 5600, -1, 5600, 5600, 5202, -1, 5202, 5600, 5251, -1,
 5202, 5251, 5193, -1, 5193, 5251, 5193, -1, 5193, 5193, 5017, -1,
 5017, 5193, 5017, -1, 5017, 5017, 5009, -1, 6902, 6902, 6886, -1,
 6902, 6886, 6328, -1, 6328, 6886, 6454, -1, 6328, 6454, 6306, -1,
 6306, 6454, 6306, -1, 6306, 6306, 5885, -1, 5885, 6306, 6086, -1,
 5885, 6086, 5885, -1, 6902, 6902, 6973, -1, 6973, 6902, 6954, -1,
 6973, 6954, 6978, -1, 6978, 6954, 6973, -1, 6978, 6973, 7078, -1,
 7078, 6973, 7131, -1, 7078, 7131, 7146, -1, 7146, 7131, 7146, -1,
 7146, 7146, 7156, -1, 7156, 7146, 7177, -1, 7156, 7177, 7177, -1,
 7384, 7384, 7300, -1, 7300, 7384, 7332, -1, 7300, 7332, 7177, -1,
 7177, 7332, 7260, -1, 7177, 7260, 7177, -1, 7631, 7625, 7613, -1,
 7613, 7625, 7613, -1, 7613, 7613, 7492, -1, 7492, 7613, 7525, -1,
 7492, 7525, 7396, -1, 7396, 7525, 7439, -1, 7396, 7439, 7384, -1,
 7384, 7439, 7396, -1, 7384, 7396, 7384, -1, 7634, 7634, 7671, -1,
 7671, 7634, 7683, -1, 7671, 7683, 7683, -1, 7683, 7683, 7706, -1,
 7683, 7706, 7656, -1, 7656, 7706, 7713, -1, 7656, 7713, 7631, -1,
 7631, 7713, 7631, -1, 7631, 7631, 7625, -1, 7383, 7435, 7482, -1,
 7482, 7435, 7482, -1, 7482, 7482, 7493, -1, 7493, 7482, 7519, -1,
 7493, 7519, 7634, -1, 7634, 7519, 7617, -1, 7634, 7617, 7634, -1,
 7064, 7069, 7135, -1, 7135, 7069, 7142, -1, 7135, 7142, 7142, -1,
 7142, 7142, 7252, -1, 7142, 7252, 7267, -1, 7267, 7252, 7267, -1,
 7267, 7267, 7309, -1, 7309, 7267, 7325, -1, 7309, 7325, 7383, -1,
 7383, 7325, 7383, -1, 7383, 7383, 7435, -1, 6415, 6613, 6848, -1,
 6848, 6613, 6415, -1, 6415, 6613, 6363, -1, 6415, 6363, 6055, -1,
 6055, 6363, 5884, -1, 6055, 5884, 5884, -1, 6613, 6848, 6848, -1,
 6848, 6848, 6877, -1, 6848, 6877, 6901, -1, 6901, 6877, 6901, -1,
 6901, 6901, 6958, -1, 6958, 6901, 6970, -1, 6958, 6970, 7064, -1,
 7064, 6970, 7064, -1, 7064, 7064, 7069, -1, 5177, 5177, 5194, -1,
 5194, 5177, 5194, -1, 5194, 5194, 5234, -1, 5234, 5194, 5236, -1,
 5234, 5236, 5725, -1, 5725, 5236, 5487, -1, 5725, 5487, 5762, -1,
 5762, 5487, 5740, -1, 5762, 5740, 5884, -1, 5884, 5740, 5762, -1,
 5884, 5762, 5884, -1, 3899, 3899, 4004, -1, 3899, 4004, 4061, -1,
 4061, 4004, 4061, -1, 4061, 4061, 4267, -1, 4061, 4241, 4267, -1,
 4267, 4241, 4494, -1, 4267, 4494, 4537, -1, 4537, 4494, 4537, -1,
 4537, 4537, 4607, -1, 4607, 4537, 4607, -1, 4607, 4607, 4749, -1,
 4749, 4607, 4741, -1, 4749, 4741, 5177, -1, 5177, 4741, 4985, -1,
 5177, 4985, 5177, -1, 4534, 4534, 4445, -1, 4445, 4534, 4445, -1,
 4445, 4445, 4298, -1, 3898, 3898, 4079, -1, 4079, 3898, 4298, -1,
 4079, 4298, 4304, -1, 4304, 4298, 4445, -1, 5193, 5056, 5017, -1,
 5017, 5056, 5017, -1, 5017, 5017, 4776, -1, 4776, 5017, 4788, -1,
 4776, 4788, 4534, -1, 4534, 4788, 4555, -1, 4534, 4555, 4534, -1,
 6306, 6120, 5885, -1, 5885, 6120, 5885, -1, 5885, 5885, 5761, -1,
 5761, 5885, 5809, -1, 5761, 5809, 5600, -1, 5600, 5809, 5600, -1,
 5600, 5600, 5259, -1, 5259, 5600, 5297, -1, 5259, 5297, 5193, -1,
 5193, 5297, 5193, -1, 5193, 5193, 5056, -1, 7146, 7090, 6973, -1,
 6973, 7090, 6989, -1, 6973, 6989, 6971, -1, 6989, 6973, 6971, -1,
 6971, 6973, 6911, -1, 6971, 6911, 6902, -1, 6902, 6911, 6902, -1,
 6902, 6902, 6431, -1, 6431, 6902, 6538, -1, 6431, 6538, 6306, -1,
 6306, 6538, 6306, -1, 6306, 6306, 6120, -1, 7177, 7177, 7149, -1,
 7149, 7177, 7168, -1, 7149, 7168, 7146, -1, 7146, 7168, 7146, -1,
 7146, 7146, 7090, -1, 7631, 7631, 7613, -1, 7613, 7631, 7613, -1,
 7613, 7613, 7508, -1, 7613, 7536, 7508, -1, 7508, 7536, 7453, -1,
 7508, 7453, 7396, -1, 7396, 7453, 7396, -1, 7396, 7396, 7384, -1,
 7384, 7396, 7384, -1, 7384, 7384, 7320, -1, 7320, 7384, 7354, -1,
 7320, 7354, 7177, -1, 7177, 7354, 7273, -1, 7177, 7273, 7177, -1,
 7634, 7634, 7647, -1, 7647, 7634, 7683, -1, 7647, 7683, 7683, -1,
 7683, 7683, 7689, -1, 7683, 7689, 7681, -1, 7681, 7689, 7723, -1,
 7681, 7723, 7631, -1, 7631, 7723, 7638, -1, 7631, 7638, 7631, -1,
 7482, 7511, 7634, -1, 7634, 7511, 7606, -1, 7634, 7606, 7634, -1,
 7288, 7314, 7383, -1, 7383, 7314, 7383, -1, 7383, 7383, 7478, -1,
 7478, 7383, 7417, -1, 7478, 7417, 7482, -1, 7482, 7417, 7482, -1,
 7482, 7482, 7511, -1, 6348, 6613, 6848, -1, 6848, 6613, 6348, -1,
 6348, 6613, 6264, -1, 6348, 6264, 6001, -1, 6001, 6264, 5884, -1,
 6001, 5884, 5884, -1, 6613, 6848, 6848, -1, 6848, 6848, 6869, -1,
 6848, 6869, 6901, -1, 6901, 6869, 6901, -1, 6901, 6901, 6945, -1,
 6945, 6901, 6964, -1, 6945, 6964, 7064, -1, 7064, 6964, 7060, -1,
 7064, 7060, 7109, -1, 7109, 7060, 7064, -1, 7109, 7064, 7142, -1,
 7142, 7064, 7142, -1, 7142, 7142, 7267, -1, 7267, 7142, 7229, -1,
 7267, 7229, 7288, -1, 7288, 7229, 7267, -1, 7288, 7267, 7314, -1,
 5177, 5190, 5194, -1, 5194, 5190, 5194, -1, 5194, 5194, 5657, -1,
 5657, 5194, 5449, -1, 5657, 5449, 5762, -1, 5762, 5449, 5709, -1,
 5762, 5709, 5884, -1, 5884, 5709, 5762, -1, 5884, 5762, 5884, -1,
 3899, 3899, 3976, -1, 3899, 3976, 4061, -1, 4061, 3976, 4061, -1,
 4061, 4061, 4214, -1, 4061, 4218, 4214, -1, 4214, 4218, 4455, -1,
 4214, 4455, 4537, -1, 4537, 4455, 4537, -1, 4537, 4537, 4607, -1,
 4607, 4537, 4607, -1, 4607, 4607, 4692, -1, 4692, 4607, 4709, -1,
 4692, 4709, 5167, -1, 5167, 4709, 4940, -1, 5167, 4940, 5177, -1,
 5177, 4940, 5177, -1, 5177, 5177, 5190, -1, 4534, 4534, 4445, -1,
 4445, 4534, 4445, -1, 4445, 4445, 4365, -1, 4445, 4345, 4365, -1,
 4365, 4345, 4112, -1, 4365, 4112, 3906, -1, 3906, 4112, 3898, -1,
 3906, 3898, 3898, -1, 5193, 5083, 5017, -1, 5017, 5083, 5017, -1,
 5017, 5017, 4844, -1, 4844, 5017, 4835, -1, 4844, 4835, 4534, -1,
 4534, 4835, 4589, -1, 4534, 4589, 4534, -1, 6306, 6173, 5885, -1,
 5885, 6173, 5885, -1, 5885, 5885, 5828, -1, 5828, 5885, 5855, -1,
 5828, 5855, 5600, -1, 5600, 5855, 5600, -1, 5600, 5600, 5326, -1,
 5326, 5600, 5330, -1, 5326, 5330, 5193, -1, 5193, 5330, 5193, -1,
 5193, 5193, 5083, -1, 7146, 7103, 6985, -1, 6985, 7103, 7011, -1,
 6985, 7011, 6973, -1, 7011, 6973, 6973, -1, 6973, 6973, 6925, -1,
 6973, 6925, 6902, -1, 6902, 6925, 6902, -1, 6902, 6902, 6558, -1,
 6558, 6902, 6630, -1, 6558, 6630, 6306, -1, 6306, 6630, 6306, -1,
 6306, 6306, 6173, -1, 7177, 7183, 7162, -1, 7162, 7183, 7177, -1,
 7162, 7177, 7146, -1, 7146, 7177, 7146, -1, 7146, 7146, 7103, -1,
 7384, 7384, 7336, -1, 7336, 7384, 7368, -1, 7336, 7368, 7177, -1,
 7177, 7368, 7283, -1, 7177, 7283, 7183, -1, 7631, 7631, 7613, -1,
 7613, 7631, 7613, -1, 7613, 7613, 7523, -1, 7523, 7613, 7550, -1,
 7523, 7550, 7396, -1, 7396, 7550, 7470, -1, 7396, 7470, 7384, -1,
 7384, 7470, 7396, -1, 7384, 7396, 7384, -1, 7683, 7683, 7709, -1,
 7709, 7683, 7734, -1, 7709, 7734, 7631, -1, 7631, 7734, 7650, -1,
 7631, 7650, 7631, -1, 7482, 7499, 7628, -1, 7628, 7499, 7588, -1,
 7628, 7588, 7634, -1, 7634, 7588, 7634, -1, 7634, 7634, 7683, -1,
 7683, 7634, 7677, -1, 7683, 7677, 7683, -1, 7268, 7305, 7383, -1,
 7383, 7305, 7383, -1, 7383, 7383, 7446, -1, 7446, 7383, 7405, -1,
 7446, 7405, 7482, -1, 7482, 7405, 7482, -1, 7482, 7482, 7499, -1,
 6288, 6613, 6848, -1, 6848, 6613, 6288, -1, 6288, 6613, 6165, -1,
 6288, 6165, 5946, -1, 5946, 6165, 5884, -1, 5946, 5884, 5884, -1,
 6613, 6848, 6848, -1, 6848, 6848, 6855, -1, 6848, 6855, 6901, -1,
 6901, 6855, 6901, -1, 6901, 6901, 6918, -1, 6918, 6901, 6951, -1,
 6918, 6951, 7064, -1, 7064, 6951, 7045, -1, 7064, 7045, 7093, -1,
 7093, 7045, 7064, -1, 7093, 7064, 7142, -1, 7142, 7064, 7142, -1,
 7142, 7142, 7267, -1, 7267, 7142, 7215, -1, 7267, 7215, 7268, -1,
 7268, 7215, 7267, -1, 7268, 7267, 7305, -1, 5177, 5177, 5194, -1,
 5194, 5177, 5194, -1, 5194, 5194, 5596, -1, 5596, 5194, 5406, -1,
 5596, 5406, 5762, -1, 5762, 5406, 5671, -1, 5762, 5671, 5884, -1,
 5884, 5671, 5762, -1, 5884, 5762, 5884, -1, 4537, 4537, 4607, -1,
 4607, 4537, 4607, -1, 4607, 4607, 4625, -1, 4625, 4607, 4674, -1,
 4625, 4674, 5108, -1, 5108, 4674, 4912, -1, 5108, 4912, 5177, -1,
 5177, 4912, 5158, -1, 5177, 5158, 5177, -1, 3899, 3899, 4061, -1,
 4061, 3899, 3936, -1, 4061, 3936, 4156, -1, 3936, 4061, 4156, -1,
 4156, 4061, 4178, -1, 4156, 4178, 4537, -1, 4537, 4178, 4421, -1,
 4537, 4421, 4537, -1, 4385, 4537, 4537, -1, 4534, 4445, 4431, -1,
 4431, 4445, 4382, -1, 4431, 4382, 3963, -1, 3963, 4382, 4143, -1,
 3963, 4143, 3898, -1, 3898, 4143, 3909, -1, 3898, 3909, 3898, -1,
 4431, 4445, 4534, -1, 4534, 4445, 4534, -1, 4534, 4534, 4632, -1,
 4632, 4534, 4911, -1, 4632, 4911, 4868, -1, 5600, 5600, 5387, -1,
 5387, 5600, 5366, -1, 5387, 5366, 5193, -1, 5193, 5366, 5193, -1,
 5193, 5193, 5017, -1, 5017, 5193, 5124, -1, 5017, 5124, 4911, -1,
 4911, 5124, 5017, -1, 4911, 5017, 4868, -1, 6306, 6235, 5911, -1,
 5911, 6235, 5896, -1, 5911, 5896, 5885, -1, 5885, 5896, 5885, -1,
 5885, 5885, 5600, -1, 5600, 5885, 5630, -1, 5600, 5630, 5600, -1,
 7146, 7115, 7022, -1, 7022, 7115, 7030, -1, 7022, 7030, 6973, -1,
 7030, 6973, 6973, -1, 6973, 6973, 6939, -1, 6973, 6939, 6902, -1,
 6902, 6939, 6902, -1, 6902, 6902, 6743, -1, 6743, 6902, 6759, -1,
 6743, 6759, 6306, -1, 6306, 6759, 6306, -1, 6306, 6306, 6235, -1,
 7396, 7384, 7486, -1, 7486, 7384, 7396, -1, 7486, 7396, 7563, -1,
 7563, 7396, 7543, -1, 7563, 7543, 7613, -1, 7613, 7543, 7613, -1,
 7613, 7613, 7631, -1, 7631, 7613, 7631, -1, 7396, 7387, 7384, -1,
 7384, 7387, 7384, -1, 7384, 7384, 7364, -1, 7364, 7384, 7293, -1,
 7364, 7293, 7189, -1, 7189, 7293, 7199, -1, 7189, 7199, 7177, -1,
 7177, 7199, 7177, -1, 7177, 7177, 7146, -1, 7146, 7177, 7146, -1,
 7146, 7146, 7115, -1, 7683, 7683, 7727, -1, 7727, 7683, 7742, -1,
 7727, 7742, 7631, -1, 7631, 7742, 7660, -1, 7631, 7660, 7631, -1,
 7482, 7487, 7610, -1, 7610, 7487, 7564, -1, 7610, 7564, 7634, -1,
 7634, 7564, 7634, -1, 7634, 7634, 7683, -1, 7683, 7634, 7663, -1,
 7683, 7663, 7683, -1, 7142, 7142, 7250, -1, 7250, 7142, 7202, -1,
 7250, 7202, 7267, -1, 7202, 7267, 7267, -1, 7267, 7267, 7294, -1,
 7267, 7294, 7383, -1, 7383, 7294, 7383, -1, 7383, 7383, 7428, -1,
 7428, 7383, 7389, -1, 7428, 7389, 7482, -1, 7482, 7389, 7482, -1,
 7482, 7482, 7487, -1, 6613, 6848, 6238, -1, 6238, 6848, 6613, -1,
 6238, 6613, 5897, -1, 5897, 6613, 6091, -1, 5897, 6091, 5884, -1,
 5884, 6091, 5884, -1, 6613, 6775, 6848, -1, 6848, 6775, 6848, -1,
 6848, 6848, 6883, -1, 6883, 6848, 6901, -1, 6883, 6901, 6901, -1,
 6901, 6901, 6941, -1, 6901, 6941, 7064, -1, 7064, 6941, 7033, -1,
 7064, 7033, 7073, -1, 7073, 7033, 7064, -1, 7073, 7064, 7142, -1,
 7142, 7064, 7114, -1, 7142, 7114, 7142, -1, 5177, 5177, 5194, -1,
 5194, 5177, 5194, -1, 5194, 5194, 5532, -1, 5532, 5194, 5367, -1,
 5532, 5367, 5762, -1, 5762, 5367, 5632, -1, 5762, 5632, 5884, -1,
 5884, 5632, 5762, -1, 5884, 5762, 5884, -1, 4607, 4634, 4607, -1,
 4607, 4634, 5047, -1, 5047, 4634, 4870, -1, 5047, 4870, 5177, -1,
 5177, 4870, 5125, -1, 5177, 5125, 5177, -1, 4607, 4607, 4537, -1,
 4537, 4607, 4563, -1, 4537, 4563, 4537, -1, 4385, 4537, 4146, -1,
 4146, 4537, 4099, -1, 4146, 4099, 4061, -1, 4061, 4099, 4061, -1,
 4061, 4061, 3910, -1, 3910, 4061, 3899, -1, 3910, 3899, 3899, -1,
 4534, 4445, 4445, -1, 4445, 4445, 4419, -1, 4445, 4419, 4015, -1,
 4015, 4419, 4176, -1, 4015, 4176, 3898, -1, 3898, 4176, 3933, -1,
 3898, 3933, 3898, -1, 4445, 4498, 4534, -1, 4534, 4498, 4534, -1,
 4534, 4534, 4671, -1, 4671, 4534, 4974, -1, 4671, 4974, 4910, -1,
 5465, 5404, 5193, -1, 5193, 5404, 5193, -1, 5193, 5193, 5017, -1,
 5017, 5193, 5155, -1, 5017, 5155, 4974, -1, 4974, 5155, 5017, -1,
 4974, 5017, 4910, -1, 6306, 6285, 6004, -1, 6004, 6285, 5945, -1,
 6004, 5945, 5885, -1, 5885, 5945, 5885, -1, 5885, 5885, 5600, -1,
 5600, 5885, 5666, -1, 5600, 5666, 5465, -1, 5465, 5666, 5600, -1,
 5465, 5600, 5404, -1, 6973, 6949, 6902, -1, 6902, 6949, 6902, -1,
 6902, 6902, 6862, -1, 6862, 6902, 6854, -1, 6862, 6854, 6306, -1,
 6306, 6854, 6306, -1, 6306, 6306, 6285, -1, 7177, 7177, 7146, -1,
 7146, 7177, 7146, -1, 7146, 7146, 7050, -1, 7050, 7146, 7044, -1,
 7050, 7044, 6973, -1, 6973, 7044, 6973, -1, 6973, 6973, 6949, -1,
 7384, 7384, 7210, -1, 7210, 7384, 7304, -1, 7210, 7304, 7177, -1,
 7177, 7304, 7212, -1, 7177, 7212, 7177, -1, 7739, 7683, 7683, -1,
 7683, 7733, 7739, -1, 7739, 7733, 7674, -1, 7739, 7674, 7631, -1,
 7631, 7674, 7631, -1, 7631, 7631, 7613, -1, 7613, 7631, 7613, -1,
 7613, 7613, 7569, -1, 7569, 7613, 7586, -1, 7569, 7586, 7396, -1,
 7396, 7586, 7498, -1, 7396, 7498, 7394, -1, 7394, 7498, 7402, -1,
 7394, 7402, 7384, -1, 7384, 7402, 7396, -1, 7384, 7396, 7384, -1,
 7383, 7383, 7399, -1, 7399, 7383, 7473, -1, 7399, 7473, 7482, -1,
 7482, 7473, 7482, -1, 7482, 7482, 7570, -1, 7570, 7482, 7549, -1,
 7570, 7549, 7634, -1, 7634, 7549, 7634, -1, 7634, 7634, 7683, -1,
 7683, 7634, 7653, -1, 7683, 7653, 7683, -1, 7267, 7284, 7383, -1,
 7383, 7284, 7370, -1, 7383, 7370, 7383, -1, 7064, 7102, 7142, -1,
 7142, 7102, 7142, -1, 7142, 7142, 7220, -1, 7220, 7142, 7186, -1,
 7220, 7186, 7267, -1, 7267, 7186, 7267, -1, 7267, 7267, 7284, -1,
 6901, 6924, 7051, -1, 7051, 6924, 7017, -1, 7051, 7017, 7064, -1,
 7064, 7017, 7064, -1, 7064, 7064, 7102, -1, 6015, 5884, 5884, -1,
 6015, 5884, 6613, -1, 6613, 5884, 6175, -1, 6613, 6175, 6848, -1,
 6175, 6613, 6848, -1, 6848, 6613, 6640, -1, 6848, 6640, 6863, -1,
 6863, 6640, 6848, -1, 6863, 6848, 6901, -1, 6901, 6848, 6901, -1,
 6901, 6901, 6924, -1, 5177, 5177, 5194, -1, 5194, 5177, 5194, -1,
 5194, 5194, 5474, -1, 5474, 5194, 5331, -1, 5474, 5331, 5762, -1,
 5762, 5331, 5762, -1, 5762, 5762, 5884, -1, 5884, 5762, 5856, -1,
 5884, 5856, 5884, -1, 4607, 4607, 4982, -1, 4982, 4607, 4836, -1,
 4982, 4836, 5177, -1, 5177, 4836, 5086, -1, 5177, 5086, 5177, -1,
 3899, 3899, 4031, -1, 4031, 3899, 4061, -1, 4031, 4061, 4061, -1,
 4061, 4061, 4114, -1, 4061, 4114, 4505, -1, 4505, 4114, 4347, -1,
 4505, 4347, 4537, -1, 4537, 4347, 4537, -1, 4537, 4537, 4607, -1,
 4607, 4537, 4592, -1, 4607, 4592, 4607, -1, 4094, 4445, 4445, -1,
 3898, 3898, 3974, -1, 3974, 3898, 4094, -1, 3974, 4094, 4217, -1,
 4217, 4094, 4445, -1, 5038, 5017, 5017, -1, 5017, 5017, 4938, -1,
 5017, 4938, 4546, -1, 4546, 4938, 4708, -1, 4546, 4708, 4534, -1,
 4534, 4708, 4534, -1, 4534, 4534, 4445, -1, 4445, 4534, 4451, -1,
 4445, 4451, 4445, -1, 5524, 5448, 5193, -1, 5193, 5448, 5193, -1,
 5193, 5193, 5038, -1, 5038, 5193, 5186, -1, 5038, 5186, 5017, -1,
 6080, 6000, 5885, -1, 5885, 6000, 5885, -1, 5885, 5885, 5600, -1,
 5600, 5885, 5705, -1, 5600, 5705, 5524, -1, 5524, 5705, 5600, -1,
 5524, 5600, 5448, -1, 6973, 6962, 6902, -1, 6902, 6962, 6902, -1,
 6902, 6902, 6882, -1, 6882, 6902, 6867, -1, 6882, 6867, 6306, -1,
 6306, 6867, 6345, -1, 6306, 6345, 6080, -1, 6080, 6345, 6306, -1,
 6080, 6306, 6000, -1, 7177, 7177, 7146, -1, 7146, 7177, 7146, -1,
 7146, 7146, 7072, -1, 7072, 7146, 7059, -1, 7072, 7059, 6973, -1,
 6973, 7059, 6973, -1, 6973, 6973, 6962, -1, 7384, 7384, 7244, -1,
 7244, 7384, 7315, -1, 7244, 7315, 7177, -1, 7177, 7315, 7226, -1,
 7177, 7226, 7177, -1, 7728, 7687, 7631, -1, 7631, 7687, 7631, -1,
 7631, 7631, 7613, -1, 7613, 7631, 7613, -1, 7613, 7613, 7600, -1,
 7600, 7613, 7602, -1, 7600, 7602, 7421, -1, 7421, 7602, 7510, -1,
 7421, 7510, 7396, -1, 7396, 7510, 7414, -1, 7396, 7414, 7384, -1,
 7384, 7414, 7396, -1, 7384, 7396, 7384, -1, 7634, 7641, 7683, -1,
 7683, 7641, 7683, -1, 7683, 7683, 7728, -1, 7728, 7683, 7724, -1,
 7728, 7724, 7687, -1, 7482, 7482, 7544, -1, 7544, 7482, 7535, -1,
 7544, 7535, 7634, -1, 7634, 7535, 7634, -1, 7634, 7634, 7641, -1,
 7267, 7274, 7374, -1, 7374, 7274, 7355, -1, 7374, 7355, 7383, -1,
 7383, 7355, 7383, -1, 7383, 7383, 7482, -1, 7482, 7383, 7456, -1,
 7482, 7456, 7482, -1, 7064, 7091, 7142, -1, 7142, 7091, 7142, -1,
 7142, 7142, 7192, -1, 7192, 7142, 7171, -1, 7192, 7171, 7267, -1,
 7267, 7171, 7267, -1, 7267, 7267, 7274, -1, 6901, 6910, 7025, -1,
 7025, 6910, 6992, -1, 7025, 6992, 7064, -1, 7064, 6992, 7064, -1,
 7064, 7064, 7091, -1, 5884, 5884, 5918, -1, 5918, 5884, 6123, -1,
 5918, 6123, 6613, -1, 6613, 6123, 6542, -1, 6613, 6542, 6846, -1,
 6846, 6542, 6848, -1, 6542, 6613, 6848, -1, 6848, 6613, 6848, -1,
 6848, 6848, 6901, -1, 6901, 6848, 6901, -1, 6901, 6901, 6910, -1,
 4918, 4607, 4607, -1, 4607, 4789, 4918, -1, 4918, 4789, 5058, -1,
 4918, 5058, 5177, -1, 5177, 5058, 5177, -1, 5177, 5177, 5194, -1,
 5194, 5177, 5194, -1, 5194, 5194, 5395, -1, 5395, 5194, 5299, -1,
 5395, 5299, 5762, -1, 5762, 5299, 5762, -1, 5762, 5762, 5884, -1,
 5884, 5762, 5810, -1, 5884, 5810, 5884, -1, 3899, 3899, 3971, -1,
 3971, 3899, 4061, -1, 3971, 4061, 4061, -1, 4061, 4061, 4081, -1,
 4061, 4081, 4436, -1, 4436, 4081, 4305, -1, 4436, 4305, 4537, -1,
 4537, 4305, 4537, -1, 4537, 4537, 4607, -1, 4607, 4537, 4557, -1,
 4607, 4557, 4607, -1, 7452, 7595, 7594, -1, 5253, 5341, 5224, -1,
 5224, 5341, 5225, -1, 5224, 5225, 5166, -1, 5166, 5225, 4937, -1,
 4548, 4591, 4852, -1, 4852, 4591, 4761, -1, 4852, 4761, 4937, -1,
 4937, 4761, 5010, -1, 4937, 5010, 5166, -1, 3899, 3899, 3917, -1,
 3917, 3899, 4039, -1, 3917, 4039, 4372, -1, 4039, 4045, 4372, -1,
 4372, 4045, 4275, -1, 4372, 4275, 4373, -1, 4373, 4275, 4525, -1,
 4373, 4525, 4548, -1, 4548, 4525, 4551, -1, 4548, 4551, 4591, -1,
 6578, 5956, 6930, -1, 6930, 5956, 6929, -1, 6930, 6929, 6956, -1,
 6578, 6193, 5956, -1, 5956, 6193, 5959, -1, 5956, 5959, 5750, -1,
 5750, 5959, 5844, -1, 5750, 5844, 5253, -1, 5253, 5844, 5526, -1,
 5253, 5526, 5341, -1, 7161, 7155, 6929, -1, 6929, 7155, 6993, -1,
 6929, 6993, 6956, -1, 7429, 7423, 7422, -1, 7422, 7423, 7362, -1,
 7362, 7345, 7422, -1, 7422, 7345, 7165, -1, 7422, 7165, 7161, -1,
 7161, 7165, 7160, -1, 7161, 7160, 7155, -1, 7669, 7668, 7635, -1,
 7669, 7635, 7422, -1, 7422, 7635, 7526, -1, 7422, 7526, 7429, -1,
 7595, 7623, 7594, -1, 7594, 7623, 7664, -1, 7594, 7664, 7669, -1,
 7669, 7664, 7710, -1, 7669, 7710, 7668, -1, 7246, 7328, 7097, -1,
 7097, 7328, 7098, -1, 7097, 7098, 7083, -1, 7246, 7266, 7328, -1,
 7328, 7266, 7327, -1, 7328, 7327, 7594, -1, 7594, 7327, 7444, -1,
 7594, 7444, 7452, -1, 6840, 6833, 6915, -1, 6840, 6915, 7098, -1,
 7098, 6915, 7038, -1, 7098, 7038, 7083, -1, 5749, 6153, 6840, -1,
 6840, 6153, 6593, -1, 6840, 6593, 6833, -1, 3899, 3899, 3719, -1,
 3719, 3899, 3666, -1, 3719, 3666, 3490, -1, 3490, 3666, 3360, -1,
 3360, 3666, 3360, -1, 3360, 3360, 3273, -1, 3273, 3360, 3273, -1,
 3273, 3273, 3252, -1, 3252, 3273, 3188, -1, 3252, 3188, 2990, -1,
 2990, 3188, 2786, -1, 2786, 3188, 2786, -1, 2786, 2786, 2739, -1,
 2739, 2786, 2690, -1, 2739, 2690, 2599, -1, 2599, 2690, 2599, -1,
 2599, 2599, 2472, -1, 2472, 2599, 2185, -1, 2472, 2185, 2227, -1,
 822, 1157, 1450, -1, 1450, 1157, 1450, -1, 1450, 1450, 1588, -1,
 1588, 1450, 1611, -1, 1588, 1611, 1864, -1, 1864, 1611, 1864, -1,
 1864, 1864, 2183, -1, 2183, 1864, 1937, -1, 2183, 1937, 2185, -1,
 2185, 1937, 2185, -1, 2185, 2185, 2227, -1, 645, 728, 748, -1,
 748, 728, 748, -1, 748, 748, 809, -1, 809, 748, 815, -1,
 809, 815, 822, -1, 822, 815, 822, -1, 822, 822, 1157, -1,
 550, 558, 585, -1, 585, 558, 585, -1, 585, 585, 645, -1,
 645, 585, 643, -1, 645, 643, 728, -1, 351, 374, 472, -1,
 472, 374, 468, -1, 472, 468, 550, -1, 550, 468, 550, -1,
 550, 550, 558, -1, 112, 112, 123, -1, 123, 112, 133, -1,
 123, 133, 133, -1, 133, 133, 198, -1, 133, 198, 307, -1,
 307, 198, 292, -1, 307, 292, 340, -1, 340, 292, 340, -1,
 340, 340, 351, -1, 351, 340, 351, -1, 351, 351, 374, -1,
 212, 145, 111, -1, 111, 145, 111, -1, 111, 111, 54, -1,
 54, 111, 56, -1, 54, 56, 30, -1, 30, 56, 54, -1,
 30, 54, 112, -1, 112, 54, 106, -1, 112, 106, 112, -1,
 352, 330, 259, -1, 259, 330, 259, -1, 259, 259, 212, -1,
 212, 259, 234, -1, 212, 234, 145, -1, 590, 590, 568, -1,
 568, 590, 515, -1, 568, 515, 476, -1, 476, 515, 476, -1,
 476, 476, 399, -1, 399, 476, 425, -1, 399, 425, 352, -1,
 352, 425, 352, -1, 352, 352, 330, -1, 672, 672, 590, -1,
 590, 672, 595, -1, 590, 595, 590, -1, 1866, 1771, 1182, -1,
 1182, 1771, 1422, -1, 1182, 1422, 1119, -1, 1119, 1422, 1119, -1,
 1119, 1119, 876, -1, 1119, 876, 876, -1, 876, 876, 857, -1,
 876, 857, 824, -1, 824, 857, 824, -1, 824, 824, 730, -1,
 730, 824, 765, -1, 730, 765, 672, -1, 672, 765, 678, -1,
 672, 678, 672, -1, 2613, 2613, 2598, -1, 2598, 2613, 2598, -1,
 2598, 2598, 2452, -1, 2452, 2598, 2342, -1, 2452, 2342, 2005, -1,
 2005, 2342, 2074, -1, 2005, 2074, 1934, -1, 1934, 2074, 2005, -1,
 1934, 2005, 1866, -1, 1866, 2005, 1866, -1, 1866, 1866, 1771, -1,
 2962, 2874, 2613, -1, 2613, 2874, 2617, -1, 2613, 2617, 2613, -1,
 3898, 3898, 3892, -1, 3892, 3898, 3756, -1, 3892, 3756, 3756, -1,
 3756, 3756, 3433, -1, 3756, 3610, 3433, -1, 3433, 3610, 3365, -1,
 3433, 3365, 3271, -1, 3271, 3365, 3271, -1, 3271, 3271, 3216, -1,
 3216, 3271, 3216, -1, 3216, 3216, 2962, -1, 2962, 3216, 3115, -1,
 2962, 3115, 2874, -1, 3899, 3899, 3692, -1, 3692, 3899, 3599, -1,
 2599, 2599, 2631, -1, 2631, 2599, 2702, -1, 2631, 2702, 2786, -1,
 2786, 2702, 2786, -1, 2786, 2786, 3109, -1, 2786, 2955, 3109, -1,
 3109, 2955, 3219, -1, 3109, 3219, 3273, -1, 3273, 3219, 3273, -1,
 3273, 3273, 3360, -1, 3360, 3273, 3360, -1, 3360, 3360, 3599, -1,
 3599, 3360, 3442, -1, 3599, 3442, 3692, -1, 1864, 1889, 2111, -1,
 2111, 1889, 2169, -1, 2111, 2169, 2185, -1, 2185, 2169, 2185, -1,
 2185, 2185, 2599, -1, 2599, 2185, 2439, -1, 2599, 2439, 2599, -1,
 822, 1054, 1450, -1, 1450, 1054, 1450, -1, 1450, 1450, 1485, -1,
 1485, 1450, 1554, -1, 1485, 1554, 1864, -1, 1864, 1554, 1864, -1,
 1864, 1864, 1889, -1, 585, 585, 621, -1, 621, 585, 629, -1,
 621, 629, 748, -1, 748, 629, 706, -1, 748, 706, 788, -1,
 706, 748, 788, -1, 788, 748, 798, -1, 788, 798, 822, -1,
 822, 798, 822, -1, 822, 822, 1054, -1, 351, 366, 450, -1,
 450, 366, 456, -1, 450, 456, 550, -1, 550, 456, 547, -1,
 550, 547, 585, -1, 585, 547, 550, -1, 585, 550, 585, -1,
 133, 188, 271, -1, 271, 188, 269, -1, 271, 269, 340, -1,
 340, 269, 340, -1, 340, 340, 351, -1, 351, 340, 351, -1,
 351, 351, 366, -1, 232, 171, 111, -1, 111, 171, 111, -1,
 111, 111, 58, -1, 58, 111, 71, -1, 58, 71, 54, -1,
 54, 71, 54, -1, 54, 54, 97, -1, 97, 54, 93, -1,
 97, 93, 112, -1, 112, 93, 112, -1, 112, 112, 133, -1,
 133, 112, 133, -1, 133, 133, 188, -1, 352, 341, 259, -1,
 259, 341, 259, -1, 259, 259, 232, -1, 232, 259, 248, -1,
 232, 248, 171, -1, 590, 590, 579, -1, 579, 590, 524, -1,
 579, 524, 476, -1, 476, 524, 476, -1, 476, 476, 419, -1,
 419, 476, 435, -1, 419, 435, 352, -1, 352, 435, 352, -1,
 352, 352, 341, -1, 672, 672, 590, -1, 590, 672, 613, -1,
 590, 613, 590, -1, 1866, 1835, 1316, -1, 1316, 1835, 1486, -1,
 1316, 1486, 1119, -1, 1119, 1486, 1119, -1, 1119, 1119, 876, -1,
 1119, 876, 876, -1, 876, 876, 869, -1, 876, 869, 824, -1,
 824, 869, 824, -1, 824, 824, 751, -1, 751, 824, 779, -1,
 751, 779, 672, -1, 672, 779, 687, -1, 672, 687, 672, -1,
 2613, 2613, 2598, -1, 2598, 2613, 2598, -1, 2598, 2598, 2530, -1,
 2530, 2598, 2385, -1, 2530, 2385, 2009, -1, 2009, 2385, 2120, -1,
 2009, 2120, 2005, -1, 2005, 2120, 2005, -1, 2005, 2005, 1866, -1,
 1866, 2005, 1866, -1, 1866, 1866, 1835, -1, 3271, 3271, 3216, -1,
 3216, 3271, 3216, -1, 3216, 3216, 3026, -1, 3216, 3162, 3026, -1,
 3026, 3162, 2902, -1, 3026, 2902, 2613, -1, 2613, 2902, 2653, -1,
 2613, 2653, 2613, -1, 3898, 3898, 3756, -1, 3756, 3898, 3756, -1,
 3756, 3756, 3504, -1, 3504, 3756, 3652, -1, 3504, 3652, 3271, -1,
 3271, 3652, 3393, -1, 3271, 3393, 3271, -1, 3273, 3273, 3360, -1,
 3360, 3273, 3360, -1, 3360, 3360, 3539, -1, 3899, 3899, 3664, -1,
 3664, 3899, 3539, -1, 3664, 3539, 3401, -1, 3401, 3539, 3360, -1,
 2599, 2667, 2786, -1, 2786, 2667, 2786, -1, 2786, 2786, 3055, -1,
 3055, 2786, 2915, -1, 3055, 2915, 3273, -1, 3273, 2915, 3174, -1,
 3273, 3174, 3273, -1, 1864, 1864, 2040, -1, 2040, 1864, 2132, -1,
 2040, 2132, 2185, -1, 2185, 2132, 2185, -1, 2185, 2185, 2560, -1,
 2560, 2185, 2397, -1, 2560, 2397, 2599, -1, 2599, 2397, 2599, -1,
 2599, 2599, 2667, -1, 822, 874, 1390, -1, 1390, 874, 1450, -1,
 1390, 1450, 1450, -1, 1450, 1450, 1503, -1, 1450, 1503, 1864, -1,
 1864, 1503, 1845, -1, 1864, 1845, 1864, -1, 764, 786, 822, -1,
 822, 786, 822, -1, 822, 822, 874, -1, 550, 550, 585, -1,
 585, 550, 585, -1, 585, 585, 593, -1, 593, 585, 616, -1,
 593, 616, 748, -1, 748, 616, 694, -1, 748, 694, 764, -1,
 764, 694, 748, -1, 764, 748, 786, -1, 133, 176, 245, -1,
 245, 176, 253, -1, 245, 253, 340, -1, 340, 253, 340, -1,
 340, 340, 351, -1, 340, 348, 351, -1, 351, 348, 351, -1,
 351, 351, 432, -1, 432, 351, 442, -1, 432, 442, 550, -1,
 550, 442, 533, -1, 550, 533, 550, -1, 111, 111, 81, -1,
 81, 111, 84, -1, 81, 84, 54, -1, 54, 84, 54, -1,
 54, 54, 74, -1, 74, 54, 80, -1, 74, 80, 112, -1,
 112, 80, 112, -1, 112, 112, 133, -1, 133, 112, 133, -1,
 133, 133, 176, -1, 352, 352, 259, -1, 259, 352, 261, -1,
 259, 261, 256, -1, 256, 261, 259, -1, 256, 259, 111, -1,
 111, 259, 183, -1, 111, 183, 111, -1, 440, 449, 352, -1,
 352, 449, 356, -1, 352, 356, 352, -1, 672, 672, 604, -1,
 604, 672, 624, -1, 604, 624, 590, -1, 590, 624, 590, -1,
 590, 590, 476, -1, 476, 590, 539, -1, 476, 539, 440, -1,
 440, 539, 476, -1, 440, 476, 449, -1, 1866, 1866, 1425, -1,
 1425, 1866, 1531, -1, 1425, 1531, 1119, -1, 1119, 1531, 1119, -1,
 1119, 1119, 876, -1, 1119, 1021, 876, -1, 876, 1021, 876, -1,
 876, 876, 824, -1, 824, 876, 824, -1, 824, 824, 773, -1,
 773, 824, 790, -1, 773, 790, 672, -1, 672, 790, 699, -1,
 672, 699, 672, -1, 2613, 2613, 2598, -1, 2598, 2613, 2598, -1,
 2598, 2598, 2594, -1, 2594, 2598, 2426, -1, 2594, 2426, 2063, -1,
 2063, 2426, 2155, -1, 2063, 2155, 2005, -1, 2005, 2155, 2005, -1,
 2005, 2005, 1866, -1, 1866, 2005, 1879, -1, 1866, 1879, 1866, -1,
 3271, 3271, 3216, -1, 3216, 3271, 3216, -1, 3216, 3216, 3071, -1,
 3216, 3202, 3071, -1, 3071, 3202, 2946, -1, 3071, 2946, 2613, -1,
 2613, 2946, 2689, -1, 2613, 2689, 2613, -1, 3898, 3898, 3756, -1,
 3756, 3898, 3756, -1, 3756, 3756, 3566, -1, 3566, 3756, 3680, -1,
 3566, 3680, 3271, -1, 3271, 3680, 3429, -1, 3271, 3429, 3271, -1,
 3899, 3899, 3622, -1, 3622, 3899, 3476, -1, 2599, 2626, 2786, -1,
 2786, 2626, 2786, -1, 2786, 2786, 3005, -1, 2786, 2882, 3005, -1,
 3005, 2882, 3132, -1, 3005, 3132, 3273, -1, 3273, 3132, 3273, -1,
 3273, 3273, 3360, -1, 3360, 3273, 3360, -1, 3360, 3360, 3476, -1,
 3476, 3360, 3376, -1, 3476, 3376, 3622, -1, 1864, 1864, 1969, -1,
 1969, 1864, 2086, -1, 1969, 2086, 2185, -1, 2185, 2086, 2185, -1,
 2185, 2185, 2486, -1, 2486, 2185, 2355, -1, 2486, 2355, 2599, -1,
 2599, 2355, 2599, -1, 2599, 2599, 2626, -1, 1450, 1450, 1864, -1,
 1864, 1450, 1787, -1, 1864, 1787, 1864, -1, 585, 597, 745, -1,
 745, 597, 683, -1, 745, 683, 748, -1, 683, 748, 748, -1,
 748, 748, 772, -1, 748, 772, 822, -1, 822, 772, 822, -1,
 822, 822, 1275, -1, 1275, 822, 862, -1, 1275, 862, 1450, -1,
 1450, 862, 1449, -1, 1450, 1449, 1450, -1, 351, 351, 408, -1,
 408, 351, 430, -1, 408, 430, 550, -1, 550, 430, 522, -1,
 550, 522, 578, -1, 578, 522, 550, -1, 578, 550, 585, -1,
 585, 550, 585, -1, 585, 585, 597, -1, 133, 133, 154, -1,
 133, 154, 221, -1, 221, 154, 241, -1, 221, 241, 340, -1,
 340, 241, 337, -1, 340, 337, 351, -1, 351, 337, 340, -1,
 351, 340, 351, -1, 133, 133, 112, -1, 112, 133, 112, -1,
 112, 112, 65, -1, 65, 112, 50, -1, 65, 50, 54, -1,
 54, 50, 54, -1, 54, 54, 99, -1, 99, 54, 107, -1,
 99, 107, 111, -1, 111, 107, 111, -1, 111, 111, 193, -1,
 193, 111, 259, -1, 259, 111, 259, -1, 259, 259, 282, -1,
 282, 259, 289, -1, 282, 289, 352, -1, 352, 289, 352, -1,
 352, 352, 368, -1, 368, 352, 459, -1, 368, 459, 461, -1,
 796, 717, 672, -1, 672, 717, 672, -1, 672, 672, 632, -1,
 632, 672, 636, -1, 632, 636, 590, -1, 590, 636, 590, -1,
 590, 590, 476, -1, 476, 590, 551, -1, 476, 551, 459, -1,
 459, 551, 476, -1, 459, 476, 461, -1, 876, 876, 824, -1,
 824, 876, 824, -1, 824, 824, 796, -1, 796, 824, 807, -1,
 796, 807, 717, -1, 2598, 2460, 2137, -1, 2137, 2460, 2217, -1,
 2137, 2217, 2005, -1, 2005, 2217, 2005, -1, 2005, 2005, 1866, -1,
 2005, 1925, 1866, -1, 1866, 1925, 1866, -1, 1866, 1866, 1523, -1,
 1523, 1866, 1598, -1, 1523, 1598, 1119, -1, 1119, 1598, 1141, -1,
 1119, 1141, 876, -1, 876, 1141, 1119, -1, 876, 1119, 876, -1,
 3271, 3239, 3151, -1, 3239, 3216, 3151, -1, 3151, 3216, 2979, -1,
 3151, 2979, 2655, -1, 2655, 2979, 2728, -1, 2655, 2728, 2613, -1,
 2613, 2728, 2613, -1, 2613, 2613, 2598, -1, 2598, 2613, 2598, -1,
 2598, 2598, 2460, -1, 3898, 3898, 3756, -1, 3756, 3898, 3756, -1,
 3756, 3756, 3627, -1, 3151, 3216, 3271, -1, 3271, 3216, 3271, -1,
 3271, 3271, 3474, -1, 3474, 3271, 3627, -1, 3474, 3627, 3711, -1,
 3711, 3627, 3756, -1, 384, 352, 352, -1, 3336, 3404, 3273, -1,
 3273, 3404, 3360, -1, 3273, 3360, 3273, -1, 3899, 3899, 3820, -1,
 3820, 3899, 3874, -1, 3820, 3874, 3586, -1, 3586, 3874, 3404, -1,
 3586, 3404, 3360, -1, 3360, 3404, 3336, -1, 2599, 2599, 2786, -1,
 2786, 2599, 2786, -1, 2786, 2786, 2933, -1, 2933, 2786, 2843, -1,
 2933, 2843, 3273, -1, 3273, 2843, 3082, -1, 3273, 3082, 3273, -1,
 1864, 1864, 1894, -1, 1894, 1864, 2050, -1, 1894, 2050, 2185, -1,
 2185, 2050, 2185, -1, 2185, 2185, 2425, -1, 2425, 2185, 2321, -1,
 2425, 2321, 2599, -1, 2599, 2321, 2589, -1, 2599, 2589, 2599, -1,
 1450, 1450, 1864, -1, 1864, 1450, 1742, -1, 1864, 1742, 1864, -1,
 748, 760, 822, -1, 822, 760, 822, -1, 822, 822, 1120, -1,
 1120, 822, 852, -1, 1120, 852, 1450, -1, 1450, 852, 1383, -1,
 1450, 1383, 1450, -1, 550, 550, 560, -1, 560, 550, 582, -1,
 560, 582, 585, -1, 585, 582, 585, -1, 585, 585, 721, -1,
 721, 585, 673, -1, 721, 673, 748, -1, 748, 673, 748, -1,
 748, 748, 760, -1, 351, 351, 379, -1, 379, 351, 416, -1,
 379, 416, 550, -1, 550, 416, 501, -1, 550, 501, 550, -1,
 133, 143, 208, -1, 208, 143, 229, -1, 208, 229, 340, -1,
 340, 229, 327, -1, 340, 327, 351, -1, 351, 327, 340, -1,
 351, 340, 351, -1, 23, 48, 112, -1, 112, 48, 112, -1,
 112, 112, 133, -1, 133, 112, 133, -1, 133, 133, 143, -1,
 129, 113, 111, -1, 111, 113, 111, -1, 111, 111, 54, -1,
 54, 111, 54, -1, 54, 54, 23, -1, 23, 54, 17, -1,
 23, 17, 48, -1, 352, 352, 310, -1, 310, 352, 300, -1,
 310, 300, 259, -1, 259, 300, 259, -1, 259, 259, 129, -1,
 129, 259, 203, -1, 129, 203, 113, -1, 590, 561, 483, -1,
 483, 561, 476, -1, 483, 476, 476, -1, 476, 476, 352, -1,
 352, 476, 475, -1, 352, 475, 384, -1, 672, 672, 657, -1,
 657, 672, 650, -1, 657, 650, 590, -1, 590, 650, 590, -1,
 590, 590, 561, -1, 824, 821, 672, -1, 672, 821, 732, -1,
 672, 732, 672, -1, 672, 819, 824, -1, 824, 819, 824, -1,
 824, 824, 876, -1, 876, 824, 876, -1, 2598, 2504, 2222, -1,
 2222, 2504, 2252, -1, 2222, 2252, 2005, -1, 2005, 2252, 2005, -1,
 2005, 2005, 1866, -1, 2005, 1963, 1866, -1, 1866, 1963, 1866, -1,
 1866, 1866, 1631, -1, 1631, 1866, 1651, -1, 1631, 1651, 1119, -1,
 1119, 1651, 1236, -1, 1119, 1236, 876, -1, 876, 1236, 1119, -1,
 876, 1119, 876, -1, 2722, 2758, 2613, -1, 2613, 2758, 2613, -1,
 2613, 2613, 2598, -1, 2598, 2613, 2598, -1, 2598, 2598, 2504, -1,
 3271, 3271, 3225, -1, 3225, 3271, 3267, -1, 3225, 3267, 3216, -1,
 3216, 3267, 3216, -1, 3216, 3216, 2722, -1, 2722, 3216, 3018, -1,
 2722, 3018, 2758, -1, 3898, 3898, 3756, -1, 3756, 3898, 3756, -1,
 3756, 3756, 3682, -1, 3682, 3756, 3740, -1, 3682, 3740, 3271, -1,
 3271, 3740, 3511, -1, 3271, 3511, 3271, -1, 3899, 3899, 3789, -1,
 3789, 3899, 3822, -1, 2869, 3054, 3273, -1, 3273, 3054, 3273, -1,
 3273, 3273, 3354, -1, 3354, 3273, 3304, -1, 3354, 3304, 3360, -1,
 3360, 3304, 3360, -1, 3360, 3360, 3822, -1, 3822, 3360, 3550, -1,
 3822, 3550, 3789, -1, 1864, 2016, 2185, -1, 2185, 2016, 2185, -1,
 2185, 2185, 2359, -1, 2359, 2185, 2554, -1, 2359, 2554, 2599, -1,
 2599, 2554, 2599, -1, 2599, 2599, 2786, -1, 2786, 2599, 2786, -1,
 2786, 2786, 2869, -1, 2869, 2786, 2808, -1, 2869, 2808, 3054, -1,
 1450, 1450, 1819, -1, 1819, 1450, 1692, -1, 1819, 1692, 1864, -1,
 1864, 1692, 1864, -1, 1864, 1864, 2016, -1, 822, 822, 867, -1,
 867, 822, 844, -1, 867, 844, 1450, -1, 1450, 844, 1308, -1,
 1450, 1308, 1450, -1, 550, 575, 585, -1, 585, 575, 585, -1,
 585, 585, 696, -1, 696, 585, 662, -1, 696, 662, 748, -1,
 748, 662, 748, -1, 748, 748, 822, -1, 822, 748, 750, -1,
 822, 750, 822, -1, 351, 351, 359, -1, 359, 351, 404, -1,
 359, 404, 537, -1, 537, 404, 489, -1, 537, 489, 550, -1,
 550, 489, 550, -1, 550, 550, 575, -1, 112, 128, 133, -1,
 133, 128, 133, -1, 133, 133, 190, -1, 190, 133, 215, -1,
 190, 215, 340, -1, 340, 215, 315, -1, 340, 315, 351, -1,
 351, 315, 340, -1, 351, 340, 351, -1, 7, 27, 112, -1,
 112, 27, 112, -1, 112, 112, 128, -1, 147, 125, 111, -1,
 111, 125, 111, -1, 111, 111, 54, -1, 54, 111, 54, -1,
 54, 54, 7, -1, 7, 54, 26, -1, 7, 26, 27, -1,
 476, 403, 352, -1, 352, 403, 352, -1, 352, 352, 328, -1,
 328, 352, 312, -1, 328, 312, 259, -1, 259, 312, 259, -1,
 259, 259, 147, -1, 147, 259, 214, -1, 147, 214, 125, -1,
 824, 746, 672, -1, 672, 746, 672, -1, 672, 672, 668, -1,
 668, 672, 661, -1, 668, 661, 590, -1, 590, 661, 590, -1,
 590, 590, 507, -1, 507, 590, 486, -1, 507, 486, 476, -1,
 476, 486, 476, -1, 476, 476, 403, -1, 1866, 1866, 1696, -1,
 1696, 1866, 1687, -1, 1696, 1687, 1119, -1, 1119, 1687, 1300, -1,
 1119, 1300, 876, -1, 876, 1300, 1119, -1, 876, 1119, 847, -1,
 1119, 876, 847, -1, 847, 876, 843, -1, 847, 843, 824, -1,
 824, 843, 824, -1, 824, 824, 746, -1, 2598, 2548, 2274, -1,
 2274, 2548, 2278, -1, 2274, 2278, 2005, -1, 2005, 2278, 2013, -1,
 2005, 2013, 1866, -1, 1866, 2013, 2005, -1, 1866, 2005, 1866, -1,
 3216, 3050, 2788, -1, 2788, 3050, 2803, -1, 2788, 2803, 2613, -1,
 2613, 2803, 2613, -1, 2613, 2613, 2598, -1, 2598, 2613, 2598, -1,
 2598, 2598, 2548, -1, 3898, 3898, 3756, -1, 3756, 3898, 3783, -1,
 3756, 3783, 3730, -1, 3783, 3756, 3730, -1, 3730, 3756, 3545, -1,
 3730, 3545, 3278, -1, 3278, 3545, 3301, -1, 3278, 3301, 3271, -1,
 3271, 3301, 3271, -1, 3271, 3271, 3216, -1, 3216, 3271, 3216, -1,
 3216, 3216, 3050, -1, 3216, 3271, 3271, -1, 3899, 3899, 3747, -1,
 3747, 3899, 3763, -1, 2809, 3023, 3273, -1, 3273, 3023, 3273, -1,
 3273, 3273, 3291, -1, 3291, 3273, 3274, -1, 3291, 3274, 3360, -1,
 3360, 3274, 3360, -1, 3360, 3360, 3763, -1, 3763, 3360, 3515, -1,
 3763, 3515, 3747, -1, 1864, 1971, 2185, -1, 2185, 1971, 2185, -1,
 2185, 2185, 2300, -1, 2300, 2185, 2516, -1, 2300, 2516, 2599, -1,
 2599, 2516, 2599, -1, 2599, 2599, 2786, -1, 2786, 2599, 2766, -1,
 2786, 2766, 2809, -1, 2809, 2766, 2786, -1, 2809, 2786, 3023, -1,
 1450, 1450, 1724, -1, 1724, 1450, 1658, -1, 1724, 1658, 1864, -1,
 1864, 1658, 1864, -1, 1864, 1864, 1971, -1, 748, 748, 822, -1,
 822, 748, 822, -1, 822, 822, 854, -1, 854, 822, 827, -1,
 854, 827, 1450, -1, 1450, 827, 1247, -1, 1450, 1247, 1450, -1,
 550, 566, 585, -1, 585, 566, 585, -1, 585, 585, 675, -1,
 675, 585, 653, -1, 675, 653, 748, -1, 748, 653, 737, -1,
 748, 737, 748, -1, 351, 387, 514, -1, 514, 387, 479, -1,
 514, 479, 550, -1, 550, 479, 550, -1, 550, 550, 566, -1,
 161, 205, 339, -1, 339, 205, 305, -1, 339, 305, 340, -1,
 340, 305, 340, -1, 340, 340, 351, -1, 351, 340, 351, -1,
 351, 351, 387, -1, 54, 40, 6, -1, 6, 40, 20, -1,
 6, 20, 112, -1, 112, 20, 112, -1, 112, 112, 133, -1,
 133, 112, 118, -1, 133, 118, 161, -1, 161, 118, 133, -1,
 161, 133, 205, -1, 181, 138, 111, -1, 111, 138, 111, -1,
 111, 111, 54, -1, 54, 111, 54, -1, 54, 54, 40, -1,
 476, 414, 352, -1, 352, 414, 352, -1, 352, 352, 349, -1,
 349, 352, 320, -1, 349, 320, 259, -1, 259, 320, 259, -1,
 259, 259, 181, -1, 181, 259, 226, -1, 181, 226, 138, -1,
 824, 756, 686, -1, 686, 756, 672, -1, 686, 672, 672, -1,
 672, 672, 670, -1, 672, 670, 590, -1, 590, 670, 590, -1,
 590, 590, 527, -1, 527, 590, 494, -1, 527, 494, 476, -1,
 476, 494, 476, -1, 476, 476, 414, -1, 1866, 1866, 1773, -1,
 1773, 1866, 1737, -1, 1773, 1737, 1119, -1, 1119, 1737, 1360, -1,
 1119, 1360, 876, -1, 876, 1360, 1119, -1, 876, 1119, 865, -1,
 1119, 876, 865, -1, 865, 876, 850, -1, 865, 850, 824, -1,
 824, 850, 824, -1, 824, 824, 756, -1, 2598, 2586, 2334, -1,
 2334, 2586, 2314, -1, 2334, 2314, 2005, -1, 2005, 2314, 2045, -1,
 2005, 2045, 1866, -1, 1866, 2045, 2005, -1, 1866, 2005, 1866, -1,
 3271, 3216, 3216, -1, 3216, 3216, 3078, -1, 3216, 3078, 2852, -1,
 2852, 3078, 2834, -1, 2852, 2834, 2613, -1, 2613, 2834, 2613, -1,
 2613, 2613, 2598, -1, 2598, 2613, 2598, -1, 2598, 2598, 2586, -1,
 3898, 3898, 3800, -1, 3800, 3898, 3816, -1, 3800, 3816, 3756, -1,
 3756, 3816, 3756, -1, 3756, 3756, 3326, -1, 3326, 3756, 3581, -1,
 3326, 3581, 3271, -1, 3271, 3581, 3332, -1, 3271, 3332, 3271, -1,
 54, 111, 111, -1, 3899, 3899, 3716, -1, 3716, 3899, 3701, -1,
 3716, 3701, 3484, -1, 3484, 3701, 3360, -1, 3360, 3701, 3360, -1,
 3360, 3360, 3273, -1, 3273, 3360, 3273, -1, 3273, 3273, 3249, -1,
 3249, 3273, 3242, -1, 3249, 3242, 2984, -1, 2984, 3242, 2786, -1,
 2786, 3242, 2786, -1, 2786, 2786, 2736, -1, 2736, 2786, 2743, -1,
 2736, 2743, 2599, -1, 2599, 2743, 2599, -1, 2599, 2599, 2465, -1,
 2465, 2599, 2244, -1, 2465, 2244, 2185, -1, 2185, 2244, 2185, -1,
 2185, 2185, 1931, -1, 1931, 2185, 1864, -1, 1931, 1864, 1864, -1,
 1864, 1864, 1607, -1, 1607, 1864, 1654, -1, 1607, 1654, 1450, -1,
 1450, 1654, 1450, -1, 1450, 1450, 1151, -1, 1151, 1450, 836, -1,
 1151, 836, 822, -1, 822, 836, 822, -1, 822, 822, 812, -1,
 812, 822, 748, -1, 812, 748, 748, -1, 550, 556, 585, -1,
 585, 556, 585, -1, 585, 585, 658, -1, 658, 585, 641, -1,
 658, 641, 748, -1, 748, 641, 725, -1, 748, 725, 748, -1,
 351, 372, 491, -1, 491, 372, 464, -1, 491, 464, 550, -1,
 550, 464, 550, -1, 550, 550, 556, -1, 15, 104, 112, -1,
 112, 104, 112, -1, 112, 112, 133, -1, 133, 112, 133, -1,
 133, 133, 135, -1, 135, 133, 195, -1, 135, 195, 318, -1,
 318, 195, 288, -1, 318, 288, 340, -1, 340, 288, 340, -1,
 340, 340, 351, -1, 351, 340, 351, -1, 351, 351, 372, -1,
 111, 60, 54, -1, 54, 60, 54, -1, 54, 54, 15, -1,
 15, 54, 10, -1, 15, 10, 104, -1, 352, 332, 259, -1,
 259, 332, 259, -1, 259, 259, 201, -1, 201, 259, 238, -1,
 201, 238, 111, -1, 111, 238, 149, -1, 111, 149, 111, -1,
 672, 672, 590, -1, 590, 672, 590, -1, 590, 590, 548, -1,
 548, 590, 517, -1, 548, 517, 476, -1, 476, 517, 476, -1,
 476, 476, 375, -1, 375, 476, 428, -1, 375, 428, 352, -1,
 352, 428, 352, -1, 352, 352, 332, -1, 1866, 1780, 1119, -1,
 1119, 1780, 1434, -1, 1119, 1434, 1036, -1, 1036, 1434, 1119, -1,
 1036, 1119, 876, -1, 1119, 876, 876, -1, 876, 876, 859, -1,
 876, 859, 824, -1, 824, 859, 824, -1, 824, 824, 707, -1,
 707, 824, 767, -1, 707, 767, 672, -1, 672, 767, 680, -1,
 672, 680, 672, -1, 2613, 2613, 2598, -1, 2598, 2613, 2598, -1,
 2598, 2598, 2407, -1, 2407, 2598, 2348, -1, 2407, 2348, 2005, -1,
 2005, 2348, 2081, -1, 2005, 2081, 1871, -1, 1871, 2081, 2005, -1,
 1871, 2005, 1866, -1, 1866, 2005, 1866, -1, 1866, 1866, 1780, -1,
 3216, 3126, 2906, -1, 2906, 3126, 2877, -1, 2906, 2877, 2613, -1,
 2613, 2877, 2619, -1, 2613, 2619, 2613, -1, 3898, 3898, 3862, -1,
 3862, 3898, 3851, -1, 3862, 3851, 3756, -1, 3851, 3756, 3756, -1,
 3756, 3756, 3617, -1, 3756, 3617, 3385, -1, 3385, 3617, 3371, -1,
 3385, 3371, 3271, -1, 3271, 3371, 3271, -1, 3271, 3271, 3216, -1,
 3216, 3271, 3216, -1, 3216, 3216, 3126, -1, 3396, 3271, 3271, -1,
 3271, 3271, 3216, -1, 3360, 3439, 3651, -1, 3651, 3439, 3687, -1,
 3651, 3687, 3899, -1, 3899, 3687, 3899, -1, 2599, 2599, 2679, -1,
 2679, 2599, 2694, -1, 2679, 2694, 2786, -1, 2694, 2786, 2786, -1,
 2786, 2786, 2952, -1, 2786, 2952, 3178, -1, 3178, 2952, 3214, -1,
 3178, 3214, 3273, -1, 3273, 3214, 3273, -1, 3273, 3273, 3360, -1,
 3360, 3273, 3360, -1, 3360, 3360, 3439, -1, 1864, 1885, 2158, -1,
 2158, 1885, 2166, -1, 2158, 2166, 2185, -1, 2185, 2166, 2185, -1,
 2185, 2185, 2599, -1, 2599, 2185, 2433, -1, 2599, 2433, 2599, -1,
 822, 1037, 1450, -1, 1450, 1037, 1450, -1, 1450, 1450, 1566, -1,
 1566, 1450, 1541, -1, 1566, 1541, 1864, -1, 1864, 1541, 1864, -1,
 1864, 1864, 1885, -1, 637, 704, 748, -1, 748, 704, 748, -1,
 748, 748, 804, -1, 804, 748, 792, -1, 804, 792, 822, -1,
 822, 792, 822, -1, 822, 822, 1037, -1, 550, 550, 585, -1,
 585, 550, 585, -1, 585, 585, 637, -1, 637, 585, 626, -1,
 637, 626, 704, -1, 351, 363, 470, -1, 470, 363, 454, -1,
 470, 454, 550, -1, 550, 454, 545, -1, 550, 545, 550, -1,
 112, 112, 120, -1, 120, 112, 133, -1, 120, 133, 133, -1,
 133, 133, 186, -1, 133, 186, 297, -1, 297, 186, 267, -1,
 297, 267, 340, -1, 340, 267, 340, -1, 340, 340, 351, -1,
 351, 340, 351, -1, 351, 351, 363, -1, 32, 2, 112, -1,
 112, 2, 89, -1, 112, 89, 112, -1, 218, 173, 111, -1,
 111, 173, 111, -1, 111, 111, 54, -1, 54, 111, 75, -1,
 54, 75, 32, -1, 32, 75, 54, -1, 32, 54, 2, -1,
 352, 343, 259, -1, 259, 343, 259, -1, 259, 259, 218, -1,
 218, 259, 250, -1, 218, 250, 173, -1, 672, 672, 590, -1,
 590, 672, 590, -1, 590, 590, 570, -1, 570, 590, 526, -1,
 570, 526, 476, -1, 476, 526, 476, -1, 476, 476, 401, -1,
 401, 476, 438, -1, 401, 438, 352, -1, 352, 438, 352, -1,
 352, 352, 343, -1, 1866, 1841, 1224, -1, 1224, 1841, 1494, -1,
 1224, 1494, 1119, -1, 1119, 1494, 1119, -1, 1119, 1119, 876, -1,
 1119, 876, 876, -1, 876, 876, 871, -1, 876, 871, 824, -1,
 824, 871, 824, -1, 824, 824, 739, -1, 739, 824, 782, -1,
 739, 782, 672, -1, 672, 782, 689, -1, 672, 689, 672, -1,
 2613, 2613, 2598, -1, 2598, 2613, 2598, -1, 2598, 2598, 2469, -1,
 2469, 2598, 2391, -1, 2469, 2391, 2005, -1, 2005, 2391, 2124, -1,
 2005, 2124, 1946, -1, 1946, 2124, 2005, -1, 1946, 2005, 1866, -1,
 1866, 2005, 1866, -1, 1866, 1866, 1841, -1, 3271, 3216, 3216, -1,
 3216, 3216, 3168, -1, 3216, 3168, 2969, -1, 2969, 3168, 2908, -1,
 2969, 2908, 2613, -1, 2613, 2908, 2659, -1, 2613, 2659, 2613, -1,
 3396, 3271, 3658, -1, 3658, 3271, 3449, -1, 3658, 3449, 3756, -1,
 3756, 3449, 3756, -1, 3756, 3756, 3877, -1, 3877, 3756, 3898, -1,
 3877, 3898, 3898, -1, 3899, 3899, 3880, -1, 3880, 3899, 3589, -1,
 3880, 3589, 3660, -1, 2599, 2599, 2612, -1, 2612, 2599, 2661, -1,
 2612, 2661, 2786, -1, 2661, 2786, 2786, -1, 2786, 2786, 2909, -1,
 2786, 2909, 3095, -1, 3095, 2909, 3171, -1, 3095, 3171, 3273, -1,
 3273, 3171, 3273, -1, 3273, 3273, 3360, -1, 3360, 3273, 3360, -1,
 3360, 3360, 3589, -1, 3589, 3360, 3399, -1, 3589, 3399, 3660, -1,
 1864, 1864, 2092, -1, 2092, 1864, 2128, -1, 2092, 2128, 2185, -1,
 2185, 2128, 2185, -1, 2185, 2185, 2599, -1, 2599, 2185, 2392, -1,
 2599, 2392, 2599, -1, 822, 872, 1450, -1, 1450, 872, 1450, -1,
 1450, 1450, 1472, -1, 1472, 1450, 1497, -1, 1472, 1497, 1864, -1,
 1864, 1497, 1843, -1, 1864, 1843, 1864, -1, 691, 748, 778, -1,
 778, 748, 783, -1, 778, 783, 822, -1, 822, 783, 822, -1,
 822, 822, 872, -1, 778, 748, 691, -1, 691, 748, 618, -1,
 691, 618, 585, -1, 585, 618, 585, -1, 585, 585, 550, -1,
 550, 585, 550, -1, 133, 174, 263, -1, 263, 174, 251, -1,
 263, 251, 340, -1, 340, 251, 340, -1, 340, 340, 351, -1,
 340, 346, 351, -1, 351, 346, 351, -1, 351, 351, 446, -1,
 446, 351, 439, -1, 446, 439, 550, -1, 550, 439, 531, -1,
 550, 531, 550, -1, 54, 3, 95, -1, 95, 3, 78, -1,
 95, 78, 112, -1, 112, 78, 112, -1, 112, 112, 133, -1,
 133, 112, 133, -1, 133, 133, 174, -1, 237, 185, 111, -1,
 111, 185, 111, -1, 111, 111, 66, -1, 66, 111, 86, -1,
 66, 86, 54, -1, 54, 86, 54, -1, 54, 54, 3, -1,
 352, 352, 259, -1, 259, 352, 264, -1, 259, 264, 237, -1,
 237, 264, 259, -1, 237, 259, 185, -1, 590, 590, 586, -1,
 586, 590, 542, -1, 586, 542, 476, -1, 476, 542, 476, -1,
 476, 476, 421, -1, 421, 476, 453, -1, 421, 453, 352, -1,
 352, 453, 361, -1, 352, 361, 352, -1, 672, 672, 590, -1,
 590, 672, 627, -1, 590, 627, 590, -1, 876, 876, 824, -1,
 824, 876, 824, -1, 824, 824, 753, -1, 753, 824, 793, -1,
 753, 793, 672, -1, 672, 793, 701, -1, 672, 701, 672, -1,
 2020, 2005, 2005, -1, 2005, 2005, 1866, -1, 2005, 1884, 1866, -1,
 1866, 1884, 1866, -1, 1866, 1866, 1330, -1, 1330, 1866, 1538, -1,
 1330, 1538, 1119, -1, 1119, 1538, 1119, -1, 1119, 1119, 876, -1,
 876, 1119, 1031, -1, 876, 1031, 876, -1, 2613, 2613, 2598, -1,
 2598, 2613, 2598, -1, 2598, 2598, 2542, -1, 2542, 2598, 2431, -1,
 2542, 2431, 2020, -1, 2020, 2431, 2163, -1, 2020, 2163, 2005, -1,
 3036, 2951, 2613, -1, 2613, 2951, 2693, -1, 2613, 2693, 2613, -1,
 3271, 3271, 3216, -1, 3216, 3271, 3216, -1, 3216, 3216, 3036, -1,
 3036, 3216, 3211, -1, 3036, 3211, 2951, -1, 3898, 3898, 3756, -1,
 3756, 3898, 3756, -1, 3756, 3756, 3520, -1, 3520, 3756, 3685, -1,
 3520, 3685, 3271, -1, 3271, 3685, 3436, -1, 3271, 3436, 3271, -1,
 3360, 3374, 3529, -1, 3529, 3374, 3618, -1, 3529, 3618, 3899, -1,
 3899, 3618, 3855, -1, 3899, 3855, 3899, -1, 3044, 3127, 3273, -1,
 3273, 3127, 3273, -1, 3273, 3273, 3360, -1, 3360, 3273, 3360, -1,
 3360, 3360, 3374, -1, 2553, 2599, 2599, -1, 2599, 2599, 2622, -1,
 2599, 2622, 2786, -1, 2786, 2622, 2786, -1, 2786, 2786, 3044, -1,
 3044, 2786, 2878, -1, 3044, 2878, 3127, -1, 1864, 1864, 2027, -1,
 2027, 1864, 2083, -1, 2027, 2083, 2185, -1, 2185, 2083, 2185, -1,
 2185, 2185, 2553, -1, 2553, 2185, 2349, -1, 2553, 2349, 2599, -1,
 822, 860, 1343, -1, 1343, 860, 1441, -1, 1343, 1441, 1450, -1,
 1450, 1441, 1450, -1, 1450, 1450, 1864, -1, 1864, 1450, 1781, -1,
 1864, 1781, 1864, -1, 681, 748, 762, -1, 762, 748, 769, -1,
 762, 769, 822, -1, 822, 769, 822, -1, 822, 822, 860, -1,
 762, 748, 681, -1, 681, 748, 591, -1, 681, 591, 585, -1,
 585, 591, 585, -1, 585, 585, 550, -1, 550, 585, 550, -1,
 351, 351, 422, -1, 422, 351, 427, -1, 422, 427, 550, -1,
 550, 427, 520, -1, 550, 520, 550, -1, 133, 152, 243, -1,
 243, 152, 239, -1, 243, 239, 340, -1, 340, 239, 335, -1,
 340, 335, 351, -1, 351, 335, 340, -1, 351, 340, 351, -1,
 54, 11, 69, -1, 69, 11, 63, -1, 69, 63, 112, -1,
 112, 63, 112, -1, 112, 112, 133, -1, 133, 112, 133, -1,
 133, 133, 152, -1, 111, 111, 90, -1, 90, 111, 101, -1,
 90, 101, 54, -1, 54, 101, 54, -1, 54, 54, 11, -1,
 352, 352, 259, -1, 259, 352, 285, -1, 259, 285, 258, -1,
 258, 285, 259, -1, 258, 259, 111, -1, 111, 259, 196, -1,
 111, 196, 111, -1, 445, 463, 352, -1, 352, 463, 371, -1,
 352, 371, 352, -1, 672, 672, 615, -1, 615, 672, 640, -1,
 615, 640, 590, -1, 590, 640, 590, -1, 590, 590, 476, -1,
 476, 590, 553, -1, 476, 553, 445, -1, 445, 553, 476, -1,
 445, 476, 463, -1, 876, 876, 824, -1, 824, 876, 824, -1,
 824, 824, 775, -1, 775, 824, 813, -1, 775, 813, 672, -1,
 672, 813, 720, -1, 672, 720, 672, -1, 1866, 2005, 2005, -1,
 2005, 2005, 2078, -1, 2005, 2078, 2464, -1, 2464, 2078, 2598, -1,
 2005, 1930, 1866, -1, 1866, 1930, 1866, -1, 1866, 1866, 1461, -1,
 1461, 1866, 1604, -1, 1461, 1604, 1119, -1, 1119, 1604, 1148, -1,
 1119, 1148, 876, -1, 876, 1148, 1119, -1, 876, 1119, 876, -1,
 3086, 2983, 2613, -1, 2613, 2983, 2734, -1, 2613, 2734, 2606, -1,
 2606, 2734, 2613, -1, 2606, 2613, 2598, -1, 2598, 2613, 2598, -1,
 2598, 2598, 2464, -1, 3898, 3898, 3756, -1, 3756, 3898, 3756, -1,
 3756, 3756, 3577, -1, 3756, 3714, 3577, -1, 3577, 3714, 3482, -1,
 3577, 3482, 3271, -1, 3271, 3482, 3271, -1, 3271, 3271, 3216, -1,
 3216, 3271, 3246, -1, 3216, 3246, 3086, -1, 3086, 3246, 3216, -1,
 3086, 3216, 2983, -1, 406, 351, 351, -1, 3360, 3360, 3457, -1,
 3457, 3360, 3583, -1, 3457, 3583, 3899, -1, 3899, 3583, 3817, -1,
 3899, 3817, 3899, -1, 2978, 3079, 3273, -1, 3273, 3079, 3273, -1,
 3273, 3273, 3360, -1, 3360, 3273, 3333, -1, 3360, 3333, 3360, -1,
 2476, 2587, 2599, -1, 2599, 2587, 2599, -1, 2599, 2599, 2786, -1,
 2786, 2599, 2786, -1, 2786, 2786, 2978, -1, 2978, 2786, 2838, -1,
 2978, 2838, 3079, -1, 1864, 1864, 1954, -1, 1954, 1864, 2047, -1,
 1954, 2047, 2185, -1, 2185, 2047, 2185, -1, 2185, 2185, 2476, -1,
 2476, 2185, 2315, -1, 2476, 2315, 2587, -1, 1450, 1450, 1864, -1,
 1864, 1450, 1738, -1, 1864, 1738, 1864, -1, 585, 671, 743, -1,
 743, 671, 748, -1, 671, 748, 748, -1, 748, 748, 757, -1,
 748, 757, 822, -1, 822, 757, 822, -1, 822, 822, 1243, -1,
 1243, 822, 851, -1, 1243, 851, 1450, -1, 1450, 851, 1366, -1,
 1450, 1366, 1450, -1, 743, 585, 585, -1, 585, 585, 573, -1,
 585, 573, 550, -1, 550, 573, 550, -1, 550, 550, 496, -1,
 496, 550, 406, -1, 496, 406, 413, -1, 413, 406, 351, -1,
 133, 133, 141, -1, 133, 141, 219, -1, 219, 141, 227, -1,
 219, 227, 340, -1, 340, 227, 325, -1, 340, 325, 351, -1,
 351, 325, 340, -1, 351, 340, 351, -1, 133, 133, 112, -1,
 112, 133, 112, -1, 112, 112, 41, -1, 41, 112, 33, -1,
 41, 33, 19, -1, 19, 33, 54, -1, 19, 54, 54, -1,
 54, 54, 109, -1, 54, 109, 111, -1, 111, 109, 111, -1,
 111, 111, 115, -1, 590, 590, 563, -1, 590, 563, 476, -1,
 476, 563, 477, -1, 476, 477, 467, -1, 477, 476, 467, -1,
 467, 476, 386, -1, 467, 386, 352, -1, 352, 386, 352, -1,
 352, 352, 294, -1, 294, 352, 302, -1, 294, 302, 259, -1,
 259, 302, 259, -1, 259, 259, 111, -1, 111, 259, 206, -1,
 111, 206, 115, -1, 590, 590, 652, -1, 652, 590, 634, -1,
 652, 634, 672, -1, 672, 634, 672, -1, 672, 672, 734, -1,
 734, 672, 803, -1, 734, 803, 824, -1, 824, 803, 824, -1,
 824, 824, 828, -1, 828, 824, 876, -1, 828, 876, 876, -1,
 2598, 2514, 2149, -1, 2149, 2514, 2005, -1, 2149, 2005, 2005, -1,
 2005, 2005, 1866, -1, 2005, 1968, 1866, -1, 1866, 1968, 1866, -1,
 1866, 1866, 1544, -1, 1544, 1866, 1656, -1, 1544, 1656, 1119, -1,
 1119, 1656, 1238, -1, 1119, 1238, 876, -1, 876, 1238, 1119, -1,
 876, 1119, 876, -1, 3216, 3216, 3166, -1, 3166, 3216, 3022, -1,
 3166, 3022, 2672, -1, 2672, 3022, 2764, -1, 2672, 2764, 2613, -1,
 2613, 2764, 2613, -1, 2613, 2613, 2598, -1, 2598, 2613, 2598, -1,
 2598, 2598, 2514, -1, 3898, 3898, 3756, -1, 3756, 3898, 3756, -1,
 3756, 3756, 3644, -1, 3756, 3744, 3644, -1, 3644, 3744, 3514, -1,
 3644, 3514, 3271, -1, 3271, 3514, 3271, -1, 3271, 3271, 3216, -1,
 3216, 3271, 3270, -1, 3216, 3270, 3216, -1, 3724, 3308, 3525, -1,
 3899, 3899, 3753, -1, 3753, 3899, 3724, -1, 3753, 3724, 3613, -1,
 3613, 3724, 3525, -1, 2623, 2536, 2487, -1, 2037, 1948, 1878, -1,
 5565, 5693, 5721, -1, 1809, 1667, 1640, -1, 2037, 1948, 1898, -1,
 2037, 1948, 1904, -1, 5833, 5825, 5797, -1, 5797, 5825, 5732, -1,
 2037, 1948, 1920, -1, 5732, 5812, 5846, -1, 5732, 5812, 5850, -1,
 5732, 5812, 5832, -1, 1917, 1942, 1986, -1, 1986, 1942, 2037, -1,
 5732, 5812, 5835, -1, 2037, 1948, 1919, -1, 2037, 1948, 1914, -1,
 2037, 1948, 1918, -1, 2037, 1948, 1913, -1, 5842, 5830, 5803, -1,
 5803, 5830, 5732, -1, 1854, 1645, 1857, -1, 1854, 1857, 1911, -1,
 1911, 1857, 1909, -1, 1911, 1909, 2065, -1, 2065, 1909, 2230, -1,
 2065, 2230, 2236, -1, 2236, 2230, 2297, -1, 2297, 2230, 2254, -1,
 2297, 2254, 2532, -1, 2532, 2254, 2535, -1, 2532, 2535, 2546, -1,
 2546, 2535, 2754, -1, 2754, 2535, 2646, -1, 2754, 2646, 2867, -1,
 2867, 2646, 2849, -1, 2867, 2849, 2993, -1, 2993, 2849, 3062, -1,
 2993, 3062, 3206, -1, 3206, 3062, 3184, -1, 3206, 3184, 3234, -1,
 3234, 3184, 3500, -1, 3234, 3500, 3455, -1, 3455, 3500, 3537, -1,
 3537, 3500, 3513, -1, 3537, 3513, 3697, -1, 3697, 3513, 3831, -1,
 3697, 3831, 3866, -1, 3866, 3831, 3912, -1, 3912, 3831, 3908, -1,
 3912, 3908, 4136, -1, 4136, 3908, 4155, -1, 4136, 4155, 4186, -1,
 4186, 4155, 4360, -1, 4360, 4155, 4321, -1, 4360, 4321, 4521, -1,
 4521, 4321, 4485, -1, 4521, 4485, 4597, -1, 4597, 4485, 4755, -1,
 4597, 4755, 4819, -1, 6406, 6424, 6321, -1, 6321, 6424, 6248, -1,
 6321, 6248, 6126, -1, 6248, 6221, 6126, -1, 6126, 6221, 6157, -1,
 6126, 6157, 5979, -1, 5979, 6157, 5915, -1, 5979, 5915, 5852, -1,
 5915, 5875, 5852, -1, 5852, 5875, 5837, -1, 5852, 5837, 5609, -1,
 5609, 5837, 5605, -1, 5609, 5605, 5558, -1, 5558, 5605, 5576, -1,
 5558, 5576, 5257, -1, 5576, 5458, 5257, -1, 5257, 5458, 5301, -1,
 5257, 5301, 5214, -1, 5214, 5301, 5223, -1, 5214, 5223, 4958, -1,
 5223, 5034, 4958, -1, 4958, 5034, 4992, -1, 4958, 4992, 4811, -1,
 4811, 4992, 4853, -1, 4811, 4853, 4644, -1, 4853, 4682, 4644, -1,
 4644, 4682, 4586, -1, 4644, 4586, 4394, -1, 4394, 4586, 4475, -1,
 4394, 4475, 4291, -1, 4291, 4475, 4329, -1, 4291, 4329, 3972, -1,
 3972, 4329, 4134, -1, 4134, 4084, 3972, -1, 3972, 4084, 4007, -1,
 3972, 4007, 3959, -1, 3959, 4007, 3703, -1, 3959, 3703, 3670, -1,
 3670, 3703, 3700, -1, 3670, 3700, 3560, -1, 3560, 3700, 3596, -1,
 3560, 3596, 3321, -1, 3596, 3363, 3321, -1, 3321, 3363, 3255, -1,
 3321, 3255, 3121, -1, 3121, 3255, 3213, -1, 3121, 3213, 3006, -1,
 3213, 3034, 3006, -1, 3006, 3034, 2812, -1, 3006, 2812, 2712, -1,
 2712, 2812, 2800, -1, 2712, 2800, 2677, -1, 2800, 2718, 2677, -1,
 2677, 2718, 2429, -1, 2677, 2429, 2346, -1, 2346, 2429, 2388, -1,
 2346, 2388, 2295, -1, 2295, 2388, 2353, -1, 2295, 2353, 2046, -1,
 2046, 2353, 2076, -1, 2076, 2061, 2046, -1, 2046, 2061, 2037, -1,
 2046, 2037, 1903, -1, 1903, 2037, 1948, -1, 1903, 1948, 1747, -1,
 1948, 1774, 1747, -1, 1747, 1774, 1683, -1, 1747, 1683, 1533, -1,
 1533, 1683, 1559, -1, 1533, 1559, 1479, -1, 1559, 1510, 1479, -1,
 1479, 1510, 1355, -1, 1479, 1355, 1217, -1, 1217, 1355, 1251, -1,
 1217, 1251, 1194, -1, 1009, 977, 1074, -1, 1074, 977, 1194, -1,
 1074, 1194, 1187, -1, 1187, 1194, 1251, -1, 917, 973, 1009, -1,
 1009, 973, 892, -1, 1009, 892, 977, -1, 917, 948, 973, -1,
 973, 948, 971, -1, 973, 971, 1114, -1, 1114, 971, 1167, -1,
 1114, 1167, 1198, -1, 1167, 1175, 1198, -1, 1198, 1175, 1197, -1,
 1198, 1197, 1453, -1, 1453, 1197, 1446, -1, 1453, 1446, 1470, -1,
 1446, 1509, 1470, -1, 1470, 1509, 1520, -1, 1470, 1520, 1740, -1,
 1740, 1520, 1704, -1, 1740, 1704, 1806, -1, 1806, 1704, 1849, -1,
 1806, 1849, 2036, -1, 1849, 1912, 2036, -1, 2036, 1912, 2011, -1,
 2036, 2011, 2198, -1, 2198, 2011, 2215, -1, 2198, 2215, 2338, -1,
 2215, 2310, 2338, -1, 2338, 2310, 2327, -1, 2338, 2327, 2569, -1,
 2569, 2327, 2567, -1, 2569, 2567, 2669, -1, 2567, 2633, 2669, -1,
 2669, 2633, 2769, -1, 2669, 2769, 2981, -1, 2981, 2769, 2948, -1,
 2981, 2948, 2987, -1, 2987, 2948, 2949, -1, 2987, 2949, 3313, -1,
 2949, 3228, 3313, -1, 3313, 3228, 3285, -1, 3313, 3285, 3408, -1,
 3408, 3285, 3335, -1, 3408, 3335, 3662, -1, 3335, 3614, 3662, -1,
 3662, 3614, 3675, -1, 3662, 3675, 3836, -1, 3836, 3675, 3726, -1,
 3836, 3726, 3961, -1, 3726, 3926, 3961, -1, 3961, 3926, 4107, -1,
 3961, 4107, 4248, -1, 4248, 4107, 4222, -1, 4248, 4222, 4284, -1,
 4222, 4249, 4284, -1, 4284, 4249, 4565, -1, 4284, 4565, 4630, -1,
 4630, 4565, 4581, -1, 4630, 4581, 4686, -1, 4686, 4581, 4609, -1,
 4686, 4609, 4945, -1, 4609, 4913, 4945, -1, 4945, 4913, 4991, -1,
 4945, 4991, 5093, -1, 5093, 4991, 5002, -1, 5093, 5002, 5248, -1,
 5002, 5218, 5248, -1, 5248, 5218, 5353, -1, 5248, 5353, 5486, -1,
 5486, 5353, 5426, -1, 5486, 5426, 5555, -1, 5555, 5426, 5525, -1,
 5555, 5525, 5830, -1, 5830, 5525, 5708, -1, 5830, 5708, 5732, -1,
 5803, 5812, 5842, -1, 5842, 5812, 6074, -1, 5842, 6074, 6115, -1,
 6115, 6074, 6096, -1, 6115, 6096, 6206, -1, 6206, 6096, 6194, -1,
 6206, 6194, 6402, -1, 6194, 6358, 6402, -1, 6402, 6358, 6392, -1,
 6402, 6392, 6529, -1, 6529, 6392, 6549, -1, 6529, 6549, 6636, -1,
 6549, 6597, 6636, -1, 6636, 6597, 6658, -1, 6636, 6658, 6824, -1,
 6824, 6658, 6785, -1, 6824, 6785, 6841, -1, 6683, 6665, 6776, -1,
 6776, 6665, 6841, -1, 6776, 6841, 6804, -1, 6804, 6841, 6785, -1,
 6568, 6433, 6683, -1, 6683, 6433, 6639, -1, 6683, 6639, 6665, -1,
 6568, 6535, 6433, -1, 6433, 6535, 6446, -1, 6433, 6446, 6322, -1,
 6322, 6446, 6247, -1, 6322, 6247, 6163, -1, 6247, 6222, 6163, -1,
 6163, 6222, 6192, -1, 6163, 6192, 5981, -1, 5981, 6192, 5917, -1,
 5981, 5917, 5878, -1, 5917, 5913, 5878, -1, 5878, 5913, 5838, -1,
 5878, 5838, 5613, -1, 5613, 5838, 5643, -1, 5613, 5643, 5610, -1,
 5610, 5643, 5572, -1, 5610, 5572, 5307, -1, 4687, 4810, 4853, -1,
 5572, 5459, 5307, -1, 5307, 5459, 5338, -1, 5307, 5338, 5213, -1,
 5213, 5338, 5226, -1, 5213, 5226, 4995, -1, 4995, 5226, 5036, -1,
 4995, 5036, 4810, -1, 4810, 5036, 5033, -1, 4810, 5033, 4853, -1,
 4853, 4724, 4687, -1, 4687, 4724, 4586, -1, 4687, 4586, 4393, -1,
 4393, 4586, 4475, -1, 4393, 4475, 4340, -1, 4340, 4475, 4381, -1,
 4340, 4381, 4011, -1, 4011, 4381, 4134, -1, 4134, 4084, 4011, -1,
 4011, 4084, 4059, -1, 4011, 4059, 3958, -1, 3958, 4059, 3704, -1,
 4059, 3731, 3704, -1, 3704, 3731, 3703, -1, 3704, 3703, 3559, -1,
 3559, 3703, 3596, -1, 3559, 3596, 3373, -1, 3596, 3402, 3373, -1,
 3373, 3402, 3255, -1, 3373, 3255, 3120, -1, 3120, 3255, 3213, -1,
 3120, 3213, 3040, -1, 3213, 3066, 3040, -1, 3040, 3066, 2812, -1,
 3040, 2812, 2719, -1, 2812, 2800, 2719, -1, 2719, 2800, 2752, -1,
 2719, 2752, 2711, -1, 2711, 2752, 2394, -1, 1913, 1948, 1776, -1,
 2752, 2434, 2394, -1, 2394, 2434, 2429, -1, 2394, 2429, 2294, -1,
 2294, 2429, 2353, -1, 2294, 2353, 2080, -1, 2080, 2353, 2119, -1,
 2080, 2119, 1913, -1, 1913, 2119, 2061, -1, 1913, 2061, 2037, -1,
 1948, 1828, 1776, -1, 1776, 1828, 1683, -1, 1776, 1683, 1546, -1,
 1546, 1683, 1559, -1, 1546, 1559, 1511, -1, 1559, 1542, 1511, -1,
 1511, 1542, 1355, -1, 1511, 1355, 1248, -1, 1248, 1355, 1284, -1,
 1248, 1284, 1205, -1, 1284, 1187, 1205, -1, 1205, 1187, 1074, -1,
 1205, 1074, 1002, -1, 1002, 1074, 1032, -1, 1002, 1032, 895, -1,
 895, 1032, 917, -1, 895, 917, 939, -1, 917, 943, 939, -1,
 939, 943, 948, -1, 939, 948, 1097, -1, 1097, 948, 1146, -1,
 1097, 1146, 1165, -1, 1146, 1167, 1165, -1, 1165, 1167, 1197, -1,
 1165, 1197, 1427, -1, 1427, 1197, 1406, -1, 1427, 1406, 1431, -1,
 1406, 1509, 1431, -1, 1431, 1509, 1520, -1, 1431, 1520, 1700, -1,
 1700, 1520, 1676, -1, 1700, 1676, 1783, -1, 1783, 1676, 1849, -1,
 1783, 1849, 2007, -1, 1849, 1912, 2007, -1, 2007, 1912, 1965, -1,
 2007, 1965, 2175, -1, 2175, 1965, 2215, -1, 2175, 2215, 2307, -1,
 2215, 2271, 2307, -1, 2307, 2271, 2327, -1, 2307, 2327, 2579, -1,
 2579, 2327, 2567, -1, 2579, 2567, 2624, -1, 2567, 2590, 2624, -1,
 2624, 2590, 2769, -1, 2624, 2769, 2945, -1, 2945, 2769, 2900, -1,
 2945, 2900, 3000, -1, 3000, 2900, 2949, -1, 3000, 2949, 3282, -1,
 2949, 3228, 3282, -1, 3282, 3228, 3250, -1, 3282, 3250, 3417, -1,
 3417, 3250, 3335, -1, 3417, 3335, 3607, -1, 3335, 3573, 3607, -1,
 3607, 3573, 3675, -1, 3607, 3675, 3844, -1, 3844, 3675, 3726, -1,
 3844, 3726, 3924, -1, 3726, 3887, 3924, -1, 3924, 3887, 4107, -1,
 3924, 4107, 4242, -1, 4242, 4107, 4211, -1, 4242, 4211, 4254, -1,
 4254, 4211, 4222, -1, 4254, 4222, 4580, -1, 4222, 4543, 4580, -1,
 4580, 4543, 4565, -1, 4580, 4565, 4695, -1, 4695, 4565, 4609, -1,
 4695, 4609, 4905, -1, 4609, 4864, 4905, -1, 4905, 4864, 4991, -1,
 4905, 4991, 5100, -1, 5100, 4991, 5002, -1, 5100, 5002, 5215, -1,
 5002, 5176, 5215, -1, 5215, 5176, 5353, -1, 5215, 5353, 5497, -1,
 5497, 5353, 5426, -1, 5497, 5426, 5522, -1, 5522, 5426, 5496, -1,
 5522, 5496, 5802, -1, 5802, 5496, 5708, -1, 5708, 5732, 5802, -1,
 5802, 5732, 5766, -1, 5802, 5766, 5836, -1, 5836, 5766, 5812, -1,
 5836, 5812, 6097, -1, 5812, 6065, 6097, -1, 6097, 6065, 6074, -1,
 6097, 6074, 6201, -1, 6201, 6074, 6194, -1, 6201, 6194, 6359, -1,
 6194, 6325, 6359, -1, 6359, 6325, 6392, -1, 6359, 6392, 6526, -1,
 6526, 6392, 6549, -1, 6526, 6549, 6599, -1, 6549, 6570, 6599, -1,
 6599, 6570, 6658, -1, 6599, 6658, 6820, -1, 6820, 6658, 6758, -1,
 6820, 6758, 6821, -1, 6703, 6693, 6776, -1, 6776, 6693, 6821, -1,
 6776, 6821, 6804, -1, 6804, 6821, 6758, -1, 6568, 6452, 6703, -1,
 6703, 6452, 6628, -1, 6703, 6628, 6693, -1, 6568, 6535, 6452, -1,
 6452, 6535, 6480, -1, 6452, 6480, 6313, -1, 6313, 6480, 6247, -1,
 6313, 6247, 6202, -1, 6247, 6233, 6202, -1, 6202, 6233, 6222, -1,
 6202, 6222, 5972, -1, 5972, 6222, 5965, -1, 5972, 5965, 5923, -1,
 5965, 5913, 5923, -1, 5923, 5913, 5838, -1, 5923, 5838, 5646, -1,
 5646, 5838, 5684, -1, 5646, 5684, 5601, -1, 5601, 5684, 5572, -1,
 5601, 5572, 5342, -1, 5572, 5459, 5342, -1, 5342, 5459, 5374, -1,
 5342, 5374, 5209, -1, 5209, 5374, 5226, -1, 5209, 5226, 5042, -1,
 5226, 5072, 5042, -1, 5042, 5072, 5033, -1, 5042, 5033, 4803, -1,
 4803, 5033, 4853, -1, 4803, 4853, 4726, -1, 4726, 4853, 4753, -1,
 4726, 4753, 4391, -1, 4391, 4753, 4586, -1, 4586, 4475, 4391, -1,
 4391, 4475, 4426, -1, 4391, 4426, 4386, -1, 4386, 4426, 4134, -1,
 4386, 4134, 4066, -1, 4066, 4134, 4100, -1, 4066, 4100, 3951, -1,
 3951, 4100, 4084, -1, 3951, 4084, 3736, -1, 4084, 3784, 3736, -1,
 3736, 3784, 3703, -1, 3736, 3703, 3553, -1, 3553, 3703, 3596, -1,
 3553, 3596, 3407, -1, 3596, 3448, 3407, -1, 3407, 3448, 3255, -1,
 3407, 3255, 3105, -1, 3105, 3255, 3213, -1, 3105, 3213, 3067, -1,
 3213, 3110, 3067, -1, 3067, 3110, 2812, -1, 3067, 2812, 2755, -1,
 2812, 2800, 2755, -1, 2755, 2800, 2796, -1, 2755, 2796, 2706, -1,
 2706, 2796, 2440, -1, 1918, 1948, 1829, -1, 2796, 2473, 2440, -1,
 2440, 2473, 2429, -1, 2440, 2429, 2289, -1, 2289, 2429, 2353, -1,
 2289, 2353, 2122, -1, 2122, 2353, 2152, -1, 2122, 2152, 1918, -1,
 1918, 2152, 2061, -1, 1918, 2061, 2037, -1, 1948, 1863, 1829, -1,
 1829, 1863, 1683, -1, 1829, 1683, 1550, -1, 1550, 1683, 1590, -1,
 1550, 1590, 1540, -1, 1590, 1559, 1540, -1, 1540, 1559, 1355, -1,
 1540, 1355, 1281, -1, 1281, 1355, 1305, -1, 1281, 1305, 1209, -1,
 1305, 1187, 1209, -1, 1209, 1187, 1074, -1, 1209, 1074, 1023, -1,
 1023, 1074, 1069, -1, 1023, 1069, 899, -1, 899, 1069, 917, -1,
 899, 917, 910, -1, 917, 927, 910, -1, 910, 927, 948, -1,
 910, 948, 1106, -1, 1106, 948, 1123, -1, 1106, 1123, 1137, -1,
 1123, 1167, 1137, -1, 1137, 1167, 1197, -1, 1137, 1197, 1401, -1,
 1401, 1197, 1356, -1, 1401, 1356, 1435, -1, 1435, 1356, 1509, -1,
 1435, 1509, 1672, -1, 1509, 1520, 1672, -1, 1672, 1520, 1647, -1,
 1672, 1647, 1789, -1, 1789, 1647, 1849, -1, 1789, 1849, 1960, -1,
 1849, 1912, 1960, -1, 1960, 1912, 1935, -1, 1960, 1935, 2179, -1,
 2179, 1935, 2215, -1, 2179, 2215, 2268, -1, 2215, 2242, 2268, -1,
 2268, 2242, 2327, -1, 2268, 2327, 2575, -1, 2575, 2327, 2549, -1,
 2575, 2549, 2584, -1, 2584, 2549, 2567, -1, 2584, 2567, 2897, -1,
 2567, 2769, 2897, -1, 2897, 2769, 2868, -1, 2897, 2868, 2998, -1,
 2998, 2868, 2949, -1, 2998, 2949, 3240, -1, 2949, 3198, 3240, -1,
 3240, 3198, 3228, -1, 3240, 3228, 3415, -1, 3415, 3228, 3335, -1,
 3415, 3335, 3571, -1, 3335, 3534, 3571, -1, 3571, 3534, 3675, -1,
 3571, 3675, 3843, -1, 3843, 3675, 3726, -1, 3843, 3726, 3886, -1,
 3726, 3860, 3886, -1, 3886, 3860, 4107, -1, 3886, 4107, 4205, -1,
 4205, 4107, 4166, -1, 4205, 4166, 4252, -1, 4252, 4166, 4222, -1,
 4252, 4222, 4536, -1, 4222, 4504, 4536, -1, 4536, 4504, 4565, -1,
 4536, 4565, 4690, -1, 4690, 4565, 4609, -1, 4690, 4609, 4861, -1,
 4609, 4822, 4861, -1, 4861, 4822, 4991, -1, 4861, 4991, 5098, -1,
 5098, 4991, 5002, -1, 5098, 5002, 5175, -1, 5002, 5141, 5175, -1,
 5175, 5141, 5353, -1, 5175, 5353, 5488, -1, 5488, 5353, 5426, -1,
 5488, 5426, 5452, -1, 5708, 5764, 5452, -1, 5452, 5764, 5493, -1,
 5452, 5493, 5488, -1, 5708, 5732, 5764, -1, 5764, 5732, 5736, -1,
 5764, 5736, 5839, -1, 5839, 5736, 5812, -1, 5839, 5812, 6066, -1,
 5812, 6032, 6066, -1, 6066, 6032, 6074, -1, 6066, 6074, 6203, -1,
 6203, 6074, 6194, -1, 6203, 6194, 6324, -1, 6194, 6289, 6324, -1,
 6324, 6289, 6392, -1, 6324, 6392, 6527, -1, 6527, 6392, 6534, -1,
 6527, 6534, 6573, -1, 6534, 6549, 6573, -1, 6573, 6549, 6658, -1,
 6573, 6658, 6793, -1, 6793, 6658, 6736, -1, 6793, 6736, 6822, -1,
 6776, 6718, 6712, -1, 6822, 6736, 6712, -1, 6712, 6736, 6804, -1,
 6712, 6804, 6776, -1, 6568, 6488, 6718, -1, 6718, 6488, 6638, -1,
 6718, 6638, 6712, -1, 6568, 6535, 6488, -1, 6488, 6535, 6503, -1,
 6488, 6503, 6320, -1, 6320, 6503, 6266, -1, 6320, 6266, 6242, -1,
 6266, 6247, 6242, -1, 6242, 6247, 6222, -1, 6242, 6222, 5978, -1,
 5978, 6222, 6006, -1, 5978, 6006, 5975, -1, 5975, 6006, 5913, -1,
 5975, 5913, 5688, -1, 5913, 5838, 5688, -1, 5688, 5838, 5717, -1,
 5688, 5717, 5608, -1, 5608, 5717, 5572, -1, 5608, 5572, 5382, -1,
 5572, 5459, 5382, -1, 5382, 5459, 5423, -1, 5382, 5423, 5212, -1,
 5212, 5423, 5226, -1, 5212, 5226, 5073, -1, 5226, 5114, 5073, -1,
 5073, 5114, 5033, -1, 5073, 5033, 4808, -1, 4808, 5033, 4853, -1,
 4808, 4853, 4758, -1, 3790, 3957, 4084, -1, 4853, 4786, 4758, -1,
 4758, 4786, 4586, -1, 4758, 4586, 4432, -1, 4432, 4586, 4476, -1,
 4432, 4476, 4392, -1, 4392, 4476, 4475, -1, 4392, 4475, 4101, -1,
 4101, 4475, 4137, -1, 4101, 4137, 3957, -1, 3957, 4137, 4134, -1,
 3957, 4134, 4084, -1, 4084, 3823, 3790, -1, 3790, 3823, 3703, -1,
 3790, 3703, 3558, -1, 3558, 3703, 3596, -1, 3558, 3596, 3452, -1,
 3452, 3596, 3501, -1, 3452, 3501, 3117, -1, 3117, 3501, 3255, -1,
 3255, 3213, 3117, -1, 3117, 3213, 3170, -1, 3117, 3170, 3116, -1,
 3116, 3170, 2797, -1, 3170, 2826, 2797, -1, 2797, 2826, 2812, -1,
 2797, 2812, 2710, -1, 2710, 2812, 2800, -1, 2710, 2800, 2474, -1,
 1914, 1948, 1867, -1, 2800, 2525, 2474, -1, 2474, 2525, 2429, -1,
 2474, 2429, 2292, -1, 2292, 2429, 2353, -1, 2292, 2353, 2160, -1,
 2160, 2353, 2216, -1, 2160, 2216, 1914, -1, 1914, 2216, 2061, -1,
 1914, 2061, 2037, -1, 1948, 1900, 1867, -1, 1867, 1900, 1683, -1,
 1867, 1683, 1589, -1, 1589, 1683, 1630, -1, 1589, 1630, 1547, -1,
 1630, 1559, 1547, -1, 1547, 1559, 1355, -1, 1547, 1355, 1304, -1,
 1304, 1355, 1334, -1, 1304, 1334, 1206, -1, 1206, 1334, 1187, -1,
 1206, 1187, 1061, -1, 1187, 1091, 1061, -1, 1061, 1091, 1074, -1,
 1061, 1074, 896, -1, 896, 1074, 917, -1, 896, 917, 885, -1,
 1085, 1109, 948, -1, 948, 1109, 885, -1, 948, 885, 914, -1,
 914, 885, 917, -1, 1167, 1345, 1085, -1, 1085, 1345, 1110, -1,
 1085, 1110, 1109, -1, 1167, 1197, 1345, -1, 1345, 1197, 1327, -1,
 1345, 1327, 1440, -1, 1440, 1327, 1509, -1, 1440, 1509, 1641, -1,
 1509, 1520, 1641, -1, 1641, 1520, 1615, -1, 1641, 1615, 1793, -1,
 1793, 1615, 1849, -1, 1793, 1849, 1924, -1, 1849, 1893, 1924, -1,
 1924, 1893, 1912, -1, 1924, 1912, 2182, -1, 2182, 1912, 2205, -1,
 2182, 2205, 2240, -1, 2240, 2205, 2215, -1, 2240, 2215, 2543, -1,
 2215, 2327, 2543, -1, 2543, 2327, 2497, -1, 2543, 2497, 2573, -1,
 2573, 2497, 2567, -1, 2573, 2567, 2865, -1, 2567, 2769, 2865, -1,
 2865, 2769, 2825, -1, 2865, 2825, 2994, -1, 2994, 2825, 2949, -1,
 2994, 2949, 3193, -1, 2949, 3157, 3193, -1, 3193, 3157, 3228, -1,
 3193, 3228, 3412, -1, 3412, 3228, 3335, -1, 3412, 3335, 3531, -1,
 3335, 3492, 3531, -1, 3531, 3492, 3675, -1, 3531, 3675, 3841, -1,
 3841, 3675, 3726, -1, 3841, 3726, 3856, -1, 3726, 3812, 3856, -1,
 3856, 3812, 4107, -1, 3856, 4107, 4163, -1, 4163, 4107, 4127, -1,
 4163, 4127, 4250, -1, 4250, 4127, 4222, -1, 4250, 4222, 4501, -1,
 4222, 4463, 4501, -1, 4501, 4463, 4565, -1, 4501, 4565, 4688, -1,
 4688, 4565, 4609, -1, 4688, 4609, 4820, -1, 4609, 4779, 4820, -1,
 4820, 4779, 4991, -1, 4820, 4991, 5095, -1, 5095, 4991, 5002, -1,
 5095, 5002, 5140, -1, 5703, 5733, 5426, -1, 5426, 5733, 5491, -1,
 5426, 5491, 5401, -1, 5401, 5491, 5445, -1, 5401, 5445, 5353, -1,
 5353, 5445, 5140, -1, 5353, 5140, 5105, -1, 5105, 5140, 5002, -1,
 5703, 5708, 5733, -1, 5733, 5708, 5732, -1, 5733, 5732, 5840, -1,
 5840, 5732, 5812, -1, 5840, 5812, 6031, -1, 5812, 5994, 6031, -1,
 6031, 5994, 6074, -1, 6031, 6074, 6204, -1, 6204, 6074, 6194, -1,
 6204, 6194, 6287, -1, 6194, 6258, 6287, -1, 6287, 6258, 6392, -1,
 6287, 6392, 6528, -1, 6528, 6392, 6497, -1, 6528, 6497, 6540, -1,
 6713, 6750, 6658, -1, 6658, 6750, 6540, -1, 6658, 6540, 6549, -1,
 6549, 6540, 6497, -1, 6804, 6734, 6713, -1, 6713, 6734, 6823, -1,
 6713, 6823, 6750, -1, 6804, 6776, 6734, -1, 6734, 6776, 6740, -1,
 6734, 6740, 6626, -1, 6626, 6740, 6568, -1, 6626, 6568, 6509, -1,
 6568, 6544, 6509, -1, 6509, 6544, 6535, -1, 6509, 6535, 6311, -1,
 6311, 6535, 6298, -1, 6311, 6298, 6273, -1, 6298, 6247, 6273, -1,
 6273, 6247, 6222, -1, 6273, 6222, 6012, -1, 6012, 6222, 6041, -1,
 6012, 6041, 5971, -1, 5971, 6041, 5913, -1, 5971, 5913, 5719, -1,
 5913, 5838, 5719, -1, 5719, 5838, 5744, -1, 5719, 5744, 5599, -1,
 5599, 5744, 5572, -1, 5599, 5572, 5424, -1, 5572, 5463, 5424, -1,
 5424, 5463, 5459, -1, 5424, 5459, 5208, -1, 5208, 5459, 5226, -1,
 5208, 5226, 5119, -1, 5226, 5150, 5119, -1, 5119, 5150, 5033, -1,
 5119, 5033, 4802, -1, 4802, 5033, 4853, -1, 4802, 4853, 4794, -1,
 4853, 4840, 4794, -1, 4794, 4840, 4586, -1, 4794, 4586, 4477, -1,
 4477, 4586, 4514, -1, 4477, 4514, 4383, -1, 4383, 4514, 4475, -1,
 4383, 4475, 4142, -1, 4475, 4180, 4142, -1, 4142, 4180, 4134, -1,
 4142, 4134, 3950, -1, 3950, 4134, 4084, -1, 3950, 4084, 3827, -1,
 4084, 3868, 3827, -1, 3827, 3868, 3703, -1, 3827, 3703, 3552, -1,
 3552, 3703, 3596, -1, 3552, 3596, 3503, -1, 3596, 3541, 3503, -1,
 3503, 3541, 3255, -1, 3503, 3255, 3176, -1, 3176, 3255, 3220, -1,
 3176, 3220, 3104, -1, 3104, 3220, 3213, -1, 3104, 3213, 2833, -1,
 3213, 2881, 2833, -1, 2833, 2881, 2812, -1, 2833, 2812, 2705, -1,
 2705, 2812, 2800, -1, 2705, 2800, 2527, -1, 1919, 1948, 1901, -1,
 2800, 2557, 2527, -1, 2527, 2557, 2429, -1, 2527, 2429, 2288, -1,
 2288, 2429, 2353, -1, 2288, 2353, 2219, -1, 2219, 2353, 2250, -1,
 2219, 2250, 1919, -1, 1919, 2250, 2061, -1, 1919, 2061, 2037, -1,
 1948, 1941, 1901, -1, 1901, 1941, 1683, -1, 1901, 1683, 1628, -1,
 1628, 1683, 1661, -1, 1628, 1661, 1551, -1, 1551, 1661, 1559, -1,
 1551, 1559, 1331, -1, 1559, 1382, 1331, -1, 1331, 1382, 1355, -1,
 1331, 1355, 1210, -1, 1210, 1355, 1187, -1, 1210, 1187, 1086, -1,
 1187, 1128, 1086, -1, 1086, 1128, 1074, -1, 1086, 1074, 900, -1,
 900, 1074, 929, -1, 900, 929, 878, -1, 1063, 1076, 948, -1,
 948, 1076, 878, -1, 948, 878, 917, -1, 917, 878, 929, -1,
 1167, 1322, 1063, -1, 1063, 1322, 1098, -1, 1063, 1098, 1076, -1,
 1167, 1197, 1322, -1, 1322, 1197, 1299, -1, 1322, 1299, 1432, -1,
 1432, 1299, 1509, -1, 1432, 1509, 1605, -1, 1509, 1520, 1605, -1,
 1605, 1520, 1579, -1, 1605, 1579, 1784, -1, 1784, 1579, 1849, -1,
 1784, 1849, 1888, -1, 1849, 1855, 1888, -1, 1888, 1855, 1912, -1,
 1888, 1912, 2177, -1, 2177, 1912, 2147, -1, 2177, 2147, 2194, -1,
 2194, 2147, 2215, -1, 2194, 2215, 2492, -1, 2215, 2327, 2492, -1,
 2492, 2327, 2456, -1, 2492, 2456, 2580, -1, 2580, 2456, 2567, -1,
 2580, 2567, 2819, -1, 2567, 2769, 2819, -1, 2819, 2769, 2790, -1,
 2819, 2790, 3001, -1, 3001, 2790, 2949, -1, 3001, 2949, 3145, -1,
 2949, 3096, 3145, -1, 3145, 3096, 3228, -1, 3145, 3228, 3419, -1,
 3419, 3228, 3335, -1, 3419, 3335, 3489, -1, 3489, 3335, 3437, -1,
 3489, 3437, 3807, -1, 3807, 3437, 3675, -1, 3675, 3726, 3807, -1,
 3807, 3726, 3771, -1, 3807, 3771, 3846, -1, 3846, 3771, 4124, -1,
 3771, 4093, 4124, -1, 4124, 4093, 4107, -1, 4124, 4107, 4256, -1,
 4256, 4107, 4222, -1, 4256, 4222, 4452, -1, 4222, 4411, 4452, -1,
 4452, 4411, 4565, -1, 4452, 4565, 4696, -1, 4696, 4565, 4609, -1,
 4696, 4609, 4775, -1, 4609, 4750, 4775, -1, 4775, 4750, 4991, -1,
 4775, 4991, 5101, -1, 5101, 4991, 5002, -1, 5101, 5002, 5104, -1,
 5835, 5812, 5993, -1, 5002, 5067, 5104, -1, 5104, 5067, 5353, -1,
 5104, 5353, 5397, -1, 5397, 5353, 5361, -1, 5397, 5361, 5498, -1,
 5498, 5361, 5426, -1, 5498, 5426, 5702, -1, 5702, 5426, 5669, -1,
 5702, 5669, 5835, -1, 5835, 5669, 5708, -1, 5835, 5708, 5732, -1,
 5812, 5953, 5993, -1, 5993, 5953, 6074, -1, 5993, 6074, 6200, -1,
 6200, 6074, 6194, -1, 6200, 6194, 6257, -1, 6194, 6217, 6257, -1,
 6257, 6217, 6392, -1, 6257, 6392, 6499, -1, 6499, 6392, 6467, -1,
 6499, 6467, 6525, -1, 6700, 6724, 6658, -1, 6658, 6724, 6525, -1,
 6658, 6525, 6549, -1, 6549, 6525, 6467, -1, 6804, 6769, 6700, -1,
 6700, 6769, 6819, -1, 6700, 6819, 6724, -1, 6804, 6776, 6769, -1,
 6769, 6776, 6768, -1, 6769, 6768, 6629, -1, 6629, 6768, 6577, -1,
 6629, 6577, 6556, -1, 6577, 6568, 6556, -1, 6556, 6568, 6535, -1,
 6556, 6535, 6314, -1, 6314, 6535, 6335, -1, 6314, 6335, 6303, -1,
 6335, 6247, 6303, -1, 6303, 6247, 6222, -1, 6303, 6222, 6050, -1,
 6050, 6222, 6073, -1, 6050, 6073, 5973, -1, 5973, 6073, 5913, -1,
 5973, 5913, 5747, -1, 5913, 5838, 5747, -1, 5747, 5838, 5775, -1,
 5747, 5775, 5602, -1, 5602, 5775, 5572, -1, 5602, 5572, 5471, -1,
 5572, 5503, 5471, -1, 5471, 5503, 5459, -1, 5471, 5459, 5210, -1,
 5210, 5459, 5226, -1, 5210, 5226, 5154, -1, 5226, 5184, 5154, -1,
 5154, 5184, 5033, -1, 5154, 5033, 4843, -1, 4843, 5033, 4881, -1,
 4843, 4881, 4804, -1, 4804, 4881, 4853, -1, 4804, 4853, 4522, -1,
 4853, 4586, 4522, -1, 4522, 4586, 4554, -1, 4522, 4554, 4387, -1,
 4387, 4554, 4475, -1, 4387, 4475, 4191, -1, 4475, 4224, 4191, -1,
 4191, 4224, 4134, -1, 4191, 4134, 3952, -1, 3952, 4134, 4084, -1,
 3952, 4084, 3869, -1, 4084, 3893, 3869, -1, 3869, 3893, 3703, -1,
 3869, 3703, 3555, -1, 3555, 3703, 3596, -1, 3555, 3596, 3547, -1,
 3547, 3596, 3588, -1, 3547, 3588, 3223, -1, 3588, 3258, 3223, -1,
 3223, 3258, 3255, -1, 3223, 3255, 3106, -1, 3106, 3255, 3213, -1,
 3106, 3213, 2884, -1, 3213, 2924, 2884, -1, 2884, 2924, 2812, -1,
 2884, 2812, 2707, -1, 2707, 2812, 2800, -1, 2707, 2800, 2561, -1,
 2800, 2601, 2561, -1, 2561, 2601, 2429, -1, 2561, 2429, 2290, -1,
 2290, 2429, 2353, -1, 2290, 2353, 2255, -1, 2255, 2353, 2279, -1,
 2255, 2279, 1942, -1, 1942, 2279, 2061, -1, 1942, 2061, 2037, -1,
 1986, 1948, 1917, -1, 1917, 1948, 1683, -1, 1917, 1683, 1660, -1,
 1660, 1683, 1680, -1, 1660, 1680, 1549, -1, 1549, 1680, 1559, -1,
 1549, 1559, 1380, -1, 1559, 1412, 1380, -1, 1380, 1412, 1355, -1,
 1380, 1355, 1208, -1, 1208, 1355, 1187, -1, 1208, 1187, 1127, -1,
 1187, 1155, 1127, -1, 1127, 1155, 1074, -1, 1127, 1074, 898, -1,
 898, 1074, 946, -1, 898, 946, 888, -1, 1026, 1041, 948, -1,
 948, 1041, 888, -1, 948, 888, 917, -1, 917, 888, 946, -1,
 1167, 1293, 1026, -1, 1026, 1293, 1107, -1, 1026, 1107, 1041, -1,
 1167, 1197, 1293, -1, 1293, 1197, 1278, -1, 1293, 1278, 1436, -1,
 1436, 1278, 1509, -1, 1436, 1509, 1570, -1, 1509, 1520, 1570, -1,
 1570, 1520, 1527, -1, 1570, 1527, 1790, -1, 1790, 1527, 1822, -1,
 1790, 1822, 1853, -1, 1822, 1849, 1853, -1, 1853, 1849, 1912, -1,
 1853, 1912, 2142, -1, 2142, 1912, 2114, -1, 2142, 2114, 2180, -1,
 2180, 2114, 2215, -1, 2180, 2215, 2449, -1, 2215, 2327, 2449, -1,
 2449, 2327, 2419, -1, 2449, 2419, 2585, -1, 2585, 2419, 2567, -1,
 2585, 2567, 2785, -1, 2567, 2746, 2785, -1, 2785, 2746, 2769, -1,
 2785, 2769, 3003, -1, 3003, 2769, 2949, -1, 3003, 2949, 3089, -1,
 2949, 3061, 3089, -1, 3089, 3061, 3228, -1, 3089, 3228, 3421, -1,
 3421, 3228, 3335, -1, 3421, 3335, 3428, -1, 3335, 3390, 3428, -1,
 3428, 3390, 3675, -1, 3428, 3675, 3766, -1, 3766, 3675, 3723, -1,
 3766, 3723, 3849, -1, 3849, 3723, 3726, -1, 3849, 3726, 4090, -1,
 3726, 4046, 4090, -1, 4090, 4046, 4107, -1, 4090, 4107, 4258, -1,
 4258, 4107, 4222, -1, 4258, 4222, 4408, -1, 4222, 4367, 4408, -1,
 4408, 4367, 4565, -1, 4408, 4565, 4700, -1, 4700, 4565, 4609, -1,
 4700, 4609, 4745, -1, 4609, 4719, 4745, -1, 4745, 4719, 4991, -1,
 4745, 4991, 5066, -1, 4991, 5002, 5066, -1, 5066, 5002, 5027, -1,
 5066, 5027, 5103, -1, 5103, 5027, 5360, -1, 5832, 5812, 5950, -1,
 5027, 5324, 5360, -1, 5360, 5324, 5353, -1, 5360, 5353, 5500, -1,
 5500, 5353, 5426, -1, 5500, 5426, 5662, -1, 5662, 5426, 5633, -1,
 5662, 5633, 5832, -1, 5832, 5633, 5708, -1, 5832, 5708, 5732, -1,
 5812, 5907, 5950, -1, 5950, 5907, 6074, -1, 5950, 6074, 6198, -1,
 6198, 6074, 6182, -1, 6198, 6182, 6215, -1, 6182, 6194, 6215, -1,
 6215, 6194, 6392, -1, 6215, 6392, 6468, -1, 6468, 6392, 6440, -1,
 6468, 6440, 6521, -1, 6440, 6549, 6521, -1, 6521, 6549, 6658, -1,
 6521, 6658, 6704, -1, 6704, 6658, 6669, -1, 6704, 6669, 6817, -1,
 6817, 6669, 6804, -1, 6817, 6804, 6808, -1, 6804, 6789, 6808, -1,
 6808, 6789, 6776, -1, 6808, 6776, 6637, -1, 6637, 6776, 6600, -1,
 6637, 6600, 6584, -1, 6600, 6568, 6584, -1, 6584, 6568, 6535, -1,
 6584, 6535, 6340, -1, 6340, 6535, 6372, -1, 6340, 6372, 6319, -1,
 6319, 6372, 6247, -1, 6319, 6247, 6077, -1, 6247, 6222, 6077, -1,
 6077, 6222, 6101, -1, 6077, 6101, 5977, -1, 5977, 6101, 5913, -1,
 5977, 5913, 5789, -1, 5913, 5838, 5789, -1, 5789, 5838, 5815, -1,
 5789, 5815, 5607, -1, 5607, 5815, 5572, -1, 5607, 5572, 5505, -1,
 5572, 5533, 5505, -1, 5505, 5533, 5459, -1, 5505, 5459, 5211, -1,
 5211, 5459, 5238, -1, 5211, 5238, 5195, -1, 5195, 5238, 5226, -1,
 5195, 5226, 4888, -1, 5226, 5033, 4888, -1, 4888, 5033, 4920, -1,
 4888, 4920, 4806, -1, 4806, 4920, 4853, -1, 4806, 4853, 4559, -1,
 4853, 4598, 4559, -1, 4559, 4598, 4586, -1, 4559, 4586, 4390, -1,
 4390, 4586, 4475, -1, 4390, 4475, 4228, -1, 4475, 4261, 4228, -1,
 4228, 4261, 4134, -1, 4228, 4134, 3956, -1, 3956, 4134, 4084, -1,
 3956, 4084, 3903, -1, 4084, 3932, 3903, -1, 3903, 3932, 3703, -1,
 3903, 3703, 3591, -1, 3591, 3703, 3635, -1, 3591, 3635, 3557, -1,
 3557, 3635, 3596, -1, 3557, 3596, 3260, -1, 3596, 3289, 3260, -1,
 3260, 3289, 3255, -1, 3260, 3255, 3113, -1, 3113, 3255, 3213, -1,
 3113, 3213, 2928, -1, 3213, 2961, 2928, -1, 2928, 2961, 2812, -1,
 2928, 2812, 2709, -1, 2709, 2812, 2800, -1, 2709, 2800, 2604, -1,
 2800, 2640, 2604, -1, 2604, 2640, 2429, -1, 2604, 2429, 2291, -1,
 2291, 2429, 2353, -1, 2291, 2353, 2281, -1, 2281, 2353, 2318, -1,
 2281, 2318, 1987, -1, 1987, 2318, 2061, -1, 2061, 2037, 1987, -1,
 1987, 2037, 2021, -1, 1987, 2021, 1915, -1, 1915, 2021, 1948, -1,
 1915, 1948, 1679, -1, 1948, 1710, 1679, -1, 1679, 1710, 1683, -1,
 1679, 1683, 1548, -1, 1548, 1683, 1559, -1, 1548, 1559, 1411, -1,
 1559, 1456, 1411, -1, 1411, 1456, 1355, -1, 1411, 1355, 1207, -1,
 1207, 1355, 1187, -1, 1207, 1187, 1149, -1, 1187, 1184, 1149, -1,
 1149, 1184, 1074, -1, 1149, 1074, 911, -1, 911, 1074, 974, -1,
 911, 974, 897, -1, 1004, 1011, 948, -1, 948, 1011, 897, -1,
 948, 897, 917, -1, 917, 897, 974, -1, 1167, 1264, 1004, -1,
 1004, 1264, 1108, -1, 1004, 1108, 1011, -1, 1167, 1197, 1264, -1,
 1264, 1197, 1239, -1, 1264, 1239, 1439, -1, 1439, 1239, 1504, -1,
 1439, 1504, 1522, -1, 1504, 1509, 1522, -1, 1522, 1509, 1520, -1,
 1522, 1520, 1791, -1, 1791, 1520, 1767, -1, 1791, 1767, 1810, -1,
 1810, 1767, 1849, -1, 1810, 1849, 2106, -1, 1849, 1912, 2106, -1,
 2106, 1912, 2066, -1, 2106, 2066, 2181, -1, 2181, 2066, 2215, -1,
 2181, 2215, 2414, -1, 2215, 2327, 2414, -1, 2414, 2327, 2380, -1,
 2414, 2380, 2574, -1, 2574, 2380, 2567, -1, 2574, 2567, 2741, -1,
 2567, 2708, 2741, -1, 2741, 2708, 2769, -1, 2741, 2769, 2995, -1,
 2995, 2769, 2949, -1, 2995, 2949, 3057, -1, 3057, 2949, 3024, -1,
 3057, 3024, 3388, -1, 3388, 3024, 3228, -1, 3228, 3335, 3388, -1,
 3388, 3335, 3358, -1, 3388, 3358, 3413, -1, 3413, 3358, 3675, -1,
 3413, 3675, 3722, -1, 3722, 3675, 3694, -1, 3722, 3694, 3842, -1,
 3842, 3694, 3726, -1, 3842, 3726, 4040, -1, 3726, 3996, 4040, -1,
 4040, 3996, 4107, -1, 4040, 4107, 4251, -1, 4251, 4107, 4222, -1,
 4251, 4222, 4359, -1, 4222, 4315, 4359, -1, 4359, 4315, 4565, -1,
 4359, 4565, 4689, -1, 4689, 4565, 4609, -1, 4689, 4609, 4713, -1,
 4713, 4609, 4667, -1, 4713, 4667, 5020, -1, 4667, 4986, 5020, -1,
 5020, 4986, 4991, -1, 5020, 4991, 5096, -1, 5096, 4991, 5002, -1,
 5096, 5002, 5320, -1, 5850, 5812, 5906, -1, 5002, 5288, 5320, -1,
 5320, 5288, 5353, -1, 5320, 5353, 5492, -1, 5492, 5353, 5426, -1,
 5492, 5426, 5629, -1, 5629, 5426, 5587, -1, 5629, 5587, 5850, -1,
 5850, 5587, 5708, -1, 5850, 5708, 5732, -1, 5812, 5871, 5906, -1,
 5906, 5871, 6074, -1, 5906, 6074, 6183, -1, 6183, 6074, 6148, -1,
 6183, 6148, 6212, -1, 6148, 6194, 6212, -1, 6212, 6194, 6392, -1,
 6212, 6392, 6442, -1, 6442, 6392, 6417, -1, 6442, 6417, 6536, -1,
 6536, 6417, 6549, -1, 6536, 6549, 6685, -1, 6549, 6653, 6685, -1,
 6685, 6653, 6658, -1, 6685, 6658, 6830, -1, 6830, 6658, 6804, -1,
 6830, 6804, 6832, -1, 6641, 6620, 6776, -1, 6776, 6620, 6832, -1,
 6776, 6832, 6802, -1, 6802, 6832, 6804, -1, 6568, 6382, 6641, -1,
 6641, 6382, 6612, -1, 6641, 6612, 6620, -1, 6568, 6535, 6382, -1,
 6382, 6535, 6404, -1, 6382, 6404, 6305, -1, 6305, 6404, 6247, -1,
 6305, 6247, 6106, -1, 6247, 6222, 6106, -1, 6106, 6222, 6129, -1,
 6106, 6129, 5963, -1, 5963, 6129, 5913, -1, 5963, 5913, 5822, -1,
 5913, 5853, 5822, -1, 5822, 5853, 5838, -1, 5822, 5838, 5589, -1,
 5589, 5838, 5572, -1, 5589, 5572, 5540, -1, 5572, 5561, 5540, -1,
 5540, 5561, 5459, -1, 5540, 5459, 5239, -1, 5239, 5459, 5261, -1,
 5239, 5261, 5221, -1, 5221, 5261, 5226, -1, 5221, 5226, 4923, -1,
 5226, 5033, 4923, -1, 4923, 5033, 4965, -1, 4923, 4965, 4817, -1,
 4817, 4965, 4853, -1, 4817, 4853, 4603, -1, 4853, 4646, 4603, -1,
 4603, 4646, 4586, -1, 4603, 4586, 4401, -1, 4401, 4586, 4475, -1,
 4401, 4475, 4263, -1, 4475, 4295, 4263, -1, 4263, 4295, 4134, -1,
 4263, 4134, 3964, -1, 3964, 4134, 4084, -1, 3964, 4084, 3935, -1,
 4084, 3980, 3935, -1, 3935, 3980, 3703, -1, 3935, 3703, 3641, -1,
 3641, 3703, 3671, -1, 3641, 3671, 3564, -1, 3564, 3671, 3596, -1,
 3564, 3596, 3296, -1, 3596, 3329, 3296, -1, 3296, 3329, 3255, -1,
 3296, 3255, 3129, -1, 3129, 3255, 3213, -1, 3129, 3213, 2966, -1,
 3213, 3009, 2966, -1, 2966, 3009, 2812, -1, 2966, 2812, 2717, -1,
 2717, 2812, 2800, -1, 2717, 2800, 2641, -1, 2800, 2681, 2641, -1,
 2641, 2681, 2429, -1, 2641, 2429, 2323, -1, 2323, 2429, 2357, -1,
 2323, 2357, 2303, -1, 2303, 2357, 2023, -1, 2023, 2357, 2353, -1,
 2023, 2353, 2061, -1, 2061, 2053, 2023, -1, 2023, 2053, 2037, -1,
 2023, 2037, 1908, -1, 1908, 2037, 1948, -1, 1908, 1948, 1711, -1,
 1948, 1754, 1711, -1, 1711, 1754, 1683, -1, 1711, 1683, 1537, -1,
 1537, 1683, 1559, -1, 1537, 1559, 1458, -1, 1559, 1481, 1458, -1,
 1458, 1481, 1355, -1, 1458, 1355, 1201, -1, 1201, 1355, 1226, -1,
 1201, 1226, 1179, -1, 1226, 1187, 1179, -1, 1179, 1187, 1074, -1,
 1179, 1074, 952, -1, 952, 1074, 997, -1, 952, 997, 894, -1,
 948, 988, 995, -1, 894, 997, 995, -1, 995, 997, 917, -1,
 995, 917, 948, -1, 1167, 1231, 988, -1, 988, 1231, 1111, -1,
 988, 1111, 995, -1, 1167, 1197, 1231, -1, 1231, 1197, 1204, -1,
 1231, 1204, 1447, -1, 1447, 1204, 1471, -1, 1447, 1471, 1498, -1,
 1471, 1509, 1498, -1, 1498, 1509, 1520, -1, 1498, 1520, 1762, -1,
 1762, 1520, 1736, -1, 1762, 1736, 1800, -1, 1800, 1736, 1849, -1,
 1800, 1849, 2060, -1, 1849, 1912, 2060, -1, 2060, 1912, 2035, -1,
 2060, 2035, 2188, -1, 2188, 2035, 2215, -1, 2188, 2215, 2372, -1,
 2215, 2327, 2372, -1, 2372, 2327, 2336, -1, 2372, 2336, 2571, -1,
 2571, 2336, 2567, -1, 2571, 2567, 2699, -1, 2567, 2665, 2699, -1,
 2699, 2665, 2769, -1, 2699, 2769, 2991, -1, 2991, 2769, 2949, -1,
 2991, 2949, 3017, -1, 2949, 2975, 3017, -1, 3017, 2975, 3228, -1,
 3017, 3228, 3352, -1, 3352, 3228, 3311, -1, 3352, 3311, 3410, -1,
 3410, 3311, 3335, -1, 3410, 3335, 3689, -1, 3335, 3655, 3689, -1,
 3689, 3655, 3675, -1, 3689, 3675, 3839, -1, 3839, 3675, 3726, -1,
 3839, 3726, 3995, -1, 3726, 3954, 3995, -1, 3995, 3954, 4107, -1,
 3995, 4107, 4243, -1, 4243, 4107, 4222, -1, 4243, 4222, 4313, -1,
 4313, 4222, 4282, -1, 4313, 4282, 4659, -1, 4659, 4282, 4565, -1,
 4565, 4609, 4659, -1, 4659, 4609, 4622, -1, 4659, 4622, 4684, -1,
 4684, 4622, 4983, -1, 4622, 4932, 4983, -1, 4983, 4932, 4991, -1,
 4983, 4991, 5088, -1, 5088, 4991, 5002, -1, 5088, 5002, 5285, -1,
 5846, 5812, 5870, -1, 5002, 5244, 5285, -1, 5285, 5244, 5353, -1,
 5285, 5353, 5482, -1, 5482, 5353, 5426, -1, 5482, 5426, 5585, -1,
 5585, 5426, 5550, -1, 5585, 5550, 5846, -1, 5846, 5550, 5708, -1,
 5846, 5708, 5732, -1, 5812, 5826, 5870, -1, 5870, 5826, 6074, -1,
 5870, 6074, 6149, -1, 6149, 6074, 6112, -1, 6149, 6112, 6208, -1,
 6112, 6194, 6208, -1, 6208, 6194, 6392, -1, 6208, 6392, 6418, -1,
 6418, 6392, 6396, -1, 6418, 6396, 6532, -1, 6532, 6396, 6549, -1,
 6532, 6549, 6655, -1, 6549, 6614, 6655, -1, 6655, 6614, 6658, -1,
 6655, 6658, 6827, -1, 6827, 6658, 6799, -1, 6827, 6799, 6844, -1,
 6659, 6651, 6776, -1, 6776, 6651, 6844, -1, 6776, 6844, 6804, -1,
 6804, 6844, 6799, -1, 6568, 6413, 6659, -1, 6659, 6413, 6623, -1,
 6659, 6623, 6651, -1, 6568, 6535, 6413, -1, 6413, 6535, 6429, -1,
 6413, 6429, 6309, -1, 6309, 6429, 6247, -1, 6309, 6247, 6134, -1,
 6247, 6222, 6134, -1, 6134, 6222, 6164, -1, 6134, 6164, 5967, -1,
 5967, 6164, 5913, -1, 5967, 5913, 5859, -1, 5913, 5880, 5859, -1,
 5859, 5880, 5838, -1, 5859, 5838, 5597, -1, 5597, 5838, 5614, -1,
 5597, 5614, 5567, -1, 5567, 5614, 5572, -1, 5567, 5572, 5268, -1,
 5572, 5459, 5268, -1, 5268, 5459, 5309, -1, 5268, 5309, 5205, -1,
 5205, 5309, 5226, -1, 5205, 5226, 4969, -1, 5226, 5033, 4969, -1,
 4969, 5033, 5000, -1, 4969, 5000, 4799, -1, 4799, 5000, 4853, -1,
 4799, 4853, 4648, -1, 4853, 4691, 4648, -1, 4648, 4691, 4586, -1,
 4648, 4586, 4377, -1, 4377, 4586, 4475, -1, 4377, 4475, 4301, -1,
 4301, 4475, 4348, -1, 4301, 4348, 3984, -1, 3984, 4348, 4134, -1,
 4134, 4084, 3984, -1, 3984, 4084, 4014, -1, 3984, 4014, 3945, -1,
 3945, 4014, 3676, -1, 4014, 3708, 3676, -1, 3676, 3708, 3703, -1,
 3676, 3703, 3548, -1, 3548, 3703, 3596, -1, 3548, 3596, 3334, -1,
 3596, 3378, 3334, -1, 3334, 3378, 3255, -1, 3334, 3255, 3101, -1,
 3101, 3255, 3213, -1, 3101, 3213, 3011, -1, 3213, 3043, 3011, -1,
 3011, 3043, 2812, -1, 3011, 2812, 2697, -1, 2697, 2812, 2800, -1,
 2697, 2800, 2683, -1, 1920, 1948, 1755, -1, 2800, 2724, 2683, -1,
 2683, 2724, 2429, -1, 2683, 2429, 2360, -1, 2360, 2429, 2400, -1,
 2360, 2400, 2286, -1, 2286, 2400, 2353, -1, 2286, 2353, 2054, -1,
 2054, 2353, 2087, -1, 2054, 2087, 1920, -1, 1920, 2087, 2061, -1,
 1920, 2061, 2037, -1, 1948, 1792, 1755, -1, 1755, 1792, 1683, -1,
 1755, 1683, 1555, -1, 1555, 1683, 1559, -1, 1555, 1559, 1482, -1,
 1559, 1516, 1482, -1, 1482, 1516, 1355, -1, 1482, 1355, 1222, -1,
 1222, 1355, 1257, -1, 1222, 1257, 1212, -1, 1012, 980, 1074, -1,
 1074, 980, 1212, -1, 1074, 1212, 1187, -1, 1187, 1212, 1257, -1,
 917, 970, 1012, -1, 1012, 970, 901, -1, 1012, 901, 980, -1,
 917, 948, 970, -1, 970, 948, 967, -1, 970, 967, 1100, -1,
 1100, 967, 1167, -1, 1100, 1167, 1193, -1, 1167, 1170, 1193, -1,
 1193, 1170, 1197, -1, 1193, 1197, 1433, -1, 1433, 1197, 1429, -1,
 1433, 1429, 1466, -1, 1429, 1509, 1466, -1, 1466, 1509, 1520, -1,
 1466, 1520, 1729, -1, 1729, 1520, 1698, -1, 1729, 1698, 1786, -1,
 1786, 1698, 1849, -1, 1786, 1849, 2030, -1, 1849, 1912, 2030, -1,
 2030, 1912, 2004, -1, 2030, 2004, 2178, -1, 2178, 2004, 2215, -1,
 2178, 2215, 2331, -1, 2215, 2306, 2331, -1, 2331, 2306, 2327, -1,
 2331, 2327, 2581, -1, 2581, 2327, 2567, -1, 2581, 2567, 2657, -1,
 2567, 2620, 2657, -1, 2657, 2620, 2769, -1, 2657, 2769, 2971, -1,
 2971, 2769, 2940, -1, 2971, 2940, 3002, -1, 3002, 2940, 2949, -1,
 3002, 2949, 3310, -1, 2949, 3228, 3310, -1, 3310, 3228, 3277, -1,
 3310, 3277, 3420, -1, 3420, 3277, 3335, -1, 3420, 3335, 3649, -1,
 3335, 3604, 3649, -1, 3649, 3604, 3675, -1, 3649, 3675, 3847, -1,
 3847, 3675, 3726, -1, 3847, 3726, 3946, -1, 3726, 3920, 3946, -1,
 3946, 3920, 4107, -1, 3946, 4107, 4257, -1, 4257, 4107, 4222, -1,
 4257, 4222, 4278, -1, 4222, 4235, 4278, -1, 4278, 4235, 4565, -1,
 4278, 4565, 4621, -1, 4621, 4565, 4578, -1, 4621, 4578, 4698, -1,
 4698, 4578, 4609, -1, 4698, 4609, 4929, -1, 4609, 4900, 4929, -1,
 4929, 4900, 4991, -1, 4929, 4991, 5102, -1, 5102, 4991, 5002, -1,
 5102, 5002, 5243, -1, 5002, 5207, 5243, -1, 5243, 5207, 5353, -1,
 5243, 5353, 5499, -1, 5499, 5353, 5426, -1, 5499, 5426, 5548, -1,
 5548, 5426, 5517, -1, 5548, 5517, 5825, -1, 5825, 5517, 5708, -1,
 5825, 5708, 5732, -1, 5797, 5812, 5833, -1, 5833, 5812, 6074, -1,
 5833, 6074, 6113, -1, 6113, 6074, 6088, -1, 6113, 6088, 6199, -1,
 6199, 6088, 6194, -1, 6199, 6194, 6398, -1, 6194, 6351, 6398, -1,
 6398, 6351, 6392, -1, 6398, 6392, 6523, -1, 6523, 6392, 6549, -1,
 6523, 6549, 6622, -1, 6549, 6589, 6622, -1, 6622, 6589, 6658, -1,
 6622, 6658, 6818, -1, 6818, 6658, 6781, -1, 6818, 6781, 6838, -1,
 6690, 6668, 6776, -1, 6776, 6668, 6838, -1, 6776, 6838, 6804, -1,
 6804, 6838, 6781, -1, 6568, 6436, 6690, -1, 6690, 6436, 6631, -1,
 6690, 6631, 6668, -1, 6568, 6535, 6436, -1, 6436, 6535, 6451, -1,
 6436, 6451, 6316, -1, 6316, 6451, 6247, -1, 6316, 6247, 6169, -1,
 6247, 6222, 6169, -1, 6169, 6222, 6205, -1, 6169, 6205, 5974, -1,
 5974, 6205, 5925, -1, 5974, 5925, 5894, -1, 5925, 5913, 5894, -1,
 5894, 5913, 5838, -1, 5894, 5838, 5619, -1, 5619, 5838, 5647, -1,
 5619, 5647, 5603, -1, 5603, 5647, 5572, -1, 5603, 5572, 5312, -1,
 5572, 5459, 5312, -1, 5312, 5459, 5343, -1, 5312, 5343, 5217, -1,
 5217, 5343, 5226, -1, 5217, 5226, 5004, -1, 5226, 5044, 5004, -1,
 5004, 5044, 5033, -1, 5004, 5033, 4812, -1, 4812, 5033, 4853, -1,
 4812, 4853, 4703, -1, 4853, 4732, 4703, -1, 4703, 4732, 4586, -1,
 4703, 4586, 4395, -1, 4395, 4586, 4475, -1, 4395, 4475, 4352, -1,
 4352, 4475, 4399, -1, 4352, 4399, 4017, -1, 4017, 4399, 4134, -1,
 4134, 4084, 4017, -1, 4017, 4084, 4069, -1, 4017, 4069, 3960, -1,
 3960, 4069, 3710, -1, 4069, 3745, 3710, -1, 3710, 3745, 3703, -1,
 3710, 3703, 3562, -1, 3562, 3703, 3596, -1, 3562, 3596, 3381, -1,
 3596, 3416, 3381, -1, 3381, 3416, 3255, -1, 3381, 3255, 3122, -1,
 3122, 3255, 3213, -1, 3122, 3213, 3047, -1, 3213, 3073, 3047, -1,
 3047, 3073, 2812, -1, 3047, 2812, 2727, -1, 2812, 2800, 2727, -1,
 2727, 2800, 2756, -1, 2727, 2756, 2713, -1, 2713, 2756, 2406, -1,
 1904, 1948, 1794, -1, 2756, 2442, 2406, -1, 2406, 2442, 2429, -1,
 2406, 2429, 2298, -1, 2298, 2429, 2353, -1, 2298, 2353, 2089, -1,
 2089, 2353, 2131, -1, 2089, 2131, 1904, -1, 1904, 2131, 2061, -1,
 1904, 2061, 2037, -1, 1948, 1836, 1794, -1, 1794, 1836, 1683, -1,
 1794, 1683, 1535, -1, 1535, 1683, 1559, -1, 1535, 1559, 1517, -1,
 1559, 1561, 1517, -1, 1517, 1561, 1355, -1, 1517, 1355, 1256, -1,
 1256, 1355, 1288, -1, 1256, 1288, 1195, -1, 1288, 1187, 1195, -1,
 1195, 1187, 1074, -1, 1195, 1074, 1005, -1, 1005, 1074, 1039, -1,
 1005, 1039, 893, -1, 893, 1039, 917, -1, 893, 917, 933, -1,
 917, 938, 933, -1, 933, 938, 948, -1, 933, 948, 1112, -1,
 1112, 948, 1140, -1, 1112, 1140, 1159, -1, 1140, 1167, 1159, -1,
 1159, 1167, 1197, -1, 1159, 1197, 1419, -1, 1419, 1197, 1403, -1,
 1419, 1403, 1451, -1, 1403, 1509, 1451, -1, 1451, 1509, 1520, -1,
 1451, 1520, 1694, -1, 1694, 1520, 1671, -1, 1694, 1671, 1804, -1,
 1804, 1671, 1849, -1, 1804, 1849, 1999, -1, 1849, 1912, 1999, -1,
 1999, 1912, 1958, -1, 1999, 1958, 2197, -1, 2197, 1958, 2215, -1,
 2197, 2215, 2293, -1, 2215, 2265, 2293, -1, 2293, 2265, 2327, -1,
 2293, 2327, 2570, -1, 2570, 2327, 2567, -1, 2570, 2567, 2615, -1,
 2567, 2578, 2615, -1, 2615, 2578, 2769, -1, 2615, 2769, 2936, -1,
 2936, 2769, 2896, -1, 2936, 2896, 2988, -1, 2988, 2896, 2949, -1,
 2988, 2949, 3265, -1, 2949, 3228, 3265, -1, 3265, 3228, 3235, -1,
 3265, 3235, 3409, -1, 3409, 3235, 3335, -1, 3409, 3335, 3602, -1,
 3335, 3565, 3602, -1, 3602, 3565, 3675, -1, 3602, 3675, 3838, -1,
 3838, 3675, 3726, -1, 3838, 3726, 3918, -1, 3726, 3884, 3918, -1,
 3918, 3884, 4107, -1, 3918, 4107, 4232, -1, 4232, 4107, 4203, -1,
 4232, 4203, 4245, -1, 4245, 4203, 4222, -1, 4245, 4222, 4572, -1,
 4222, 4532, 4572, -1, 4572, 4532, 4565, -1, 4572, 4565, 4685, -1,
 4685, 4565, 4609, -1, 4685, 4609, 4898, -1, 4609, 4856, 4898, -1,
 4898, 4856, 4991, -1, 4898, 4991, 5089, -1, 5089, 4991, 5002, -1,
 5089, 5002, 5204, -1, 5002, 5172, 5204, -1, 5204, 5172, 5353, -1,
 5204, 5353, 5483, -1, 5483, 5353, 5426, -1, 5483, 5426, 5515, -1,
 5515, 5426, 5480, -1, 5515, 5480, 5795, -1, 5795, 5480, 5708, -1,
 5708, 5732, 5795, -1, 5795, 5732, 5757, -1, 5795, 5757, 5843, -1,
 5843, 5757, 5812, -1, 5843, 5812, 6090, -1, 5812, 6060, 6090, -1,
 6090, 6060, 6074, -1, 6090, 6074, 6207, -1, 6207, 6074, 6194, -1,
 6207, 6194, 6352, -1, 6194, 6315, 6352, -1, 6352, 6315, 6392, -1,
 6352, 6392, 6530, -1, 6530, 6392, 6549, -1, 6530, 6549, 6594, -1,
 6549, 6562, 6594, -1, 6594, 6562, 6658, -1, 6594, 6658, 6816, -1,
 6816, 6658, 6752, -1, 6816, 6752, 6826, -1, 6706, 6699, 6776, -1,
 6776, 6699, 6826, -1, 6776, 6826, 6804, -1, 6804, 6826, 6752, -1,
 6568, 6457, 6706, -1, 6706, 6457, 6624, -1, 6706, 6624, 6699, -1,
 6568, 6535, 6457, -1, 6457, 6535, 6485, -1, 6457, 6485, 6310, -1,
 6310, 6485, 6247, -1, 6310, 6247, 6213, -1, 6247, 6241, 6213, -1,
 6213, 6241, 6222, -1, 6213, 6222, 5970, -1, 5970, 6222, 5976, -1,
 5970, 5976, 5929, -1, 5976, 5913, 5929, -1, 5929, 5913, 5838, -1,
 5929, 5838, 5650, -1, 5650, 5838, 5689, -1, 5650, 5689, 5598, -1,
 5598, 5689, 5572, -1, 5598, 5572, 5352, -1, 5572, 5459, 5352, -1,
 5352, 5459, 5383, -1, 5352, 5383, 5206, -1, 5206, 5383, 5226, -1,
 5206, 5226, 5050, -1, 5226, 5075, 5050, -1, 5050, 5075, 5033, -1,
 5050, 5033, 4800, -1, 4800, 5033, 4853, -1, 4800, 4853, 4734, -1,
 4734, 4853, 4762, -1, 4734, 4762, 4403, -1, 4403, 4762, 4586, -1,
 4586, 4475, 4403, -1, 4403, 4475, 4433, -1, 4403, 4433, 4379, -1,
 4379, 4433, 4134, -1, 4379, 4134, 4072, -1, 4072, 4134, 4108, -1,
 4072, 4108, 3947, -1, 3947, 4108, 4084, -1, 3947, 4084, 3755, -1,
 4084, 3795, 3755, -1, 3755, 3795, 3703, -1, 3755, 3703, 3551, -1,
 3551, 3703, 3596, -1, 3551, 3596, 3422, -1, 3596, 3458, 3422, -1,
 3422, 3458, 3255, -1, 3422, 3255, 3103, -1, 3103, 3255, 3213, -1,
 3103, 3213, 3076, -1, 3213, 3130, 3076, -1, 3076, 3130, 2812, -1,
 3076, 2812, 2757, -1, 2757, 2812, 2806, -1, 2757, 2806, 2701, -1,
 2701, 2806, 2800, -1, 2701, 2800, 2443, -1, 1898, 1948, 1837, -1,
 2800, 2479, 2443, -1, 2443, 2479, 2429, -1, 2443, 2429, 2287, -1,
 2287, 2429, 2353, -1, 2287, 2353, 2134, -1, 2134, 2353, 2168, -1,
 2134, 2168, 1898, -1, 1898, 2168, 2061, -1, 1898, 2061, 2037, -1,
 1948, 1873, 1837, -1, 1837, 1873, 1683, -1, 1837, 1683, 1557, -1,
 1557, 1683, 1595, -1, 1557, 1595, 1530, -1, 1595, 1559, 1530, -1,
 1530, 1559, 1355, -1, 1530, 1355, 1287, -1, 1287, 1355, 1314, -1,
 1287, 1314, 1192, -1, 1314, 1187, 1192, -1, 1192, 1187, 1074, -1,
 1192, 1074, 1028, -1, 1028, 1074, 1073, -1, 1028, 1073, 890, -1,
 890, 1073, 917, -1, 890, 917, 903, -1, 917, 923, 903, -1,
 903, 923, 948, -1, 903, 948, 1118, -1, 1118, 948, 1116, -1,
 1118, 1116, 1132, -1, 1116, 1167, 1132, -1, 1132, 1167, 1197, -1,
 1132, 1197, 1394, -1, 1394, 1197, 1347, -1, 1394, 1347, 1455, -1,
 1455, 1347, 1509, -1, 1455, 1509, 1667, -1, 1667, 1509, 1520, -1,
 1667, 1520, 1640, -1, 1640, 1849, 1809, -1, 1809, 1849, 1912, -1,
 1809, 1912, 1951, -1, 1951, 1912, 1921, -1, 1951, 1921, 2207, -1,
 2207, 1921, 2215, -1, 2207, 2215, 2263, -1, 2215, 2238, 2263, -1,
 2263, 2238, 2327, -1, 2263, 2327, 2568, -1, 2568, 2327, 2540, -1,
 2568, 2540, 2597, -1, 2597, 2540, 2567, -1, 2597, 2567, 2893, -1,
 2567, 2769, 2893, -1, 2893, 2769, 2861, -1, 2893, 2861, 3013, -1,
 3013, 2861, 2949, -1, 3013, 2949, 3231, -1, 2949, 3190, 3231, -1,
 3231, 3190, 3228, -1, 3231, 3228, 3432, -1, 3432, 3228, 3335, -1,
 3432, 3335, 3563, -1, 3335, 3527, 3563, -1, 3563, 3527, 3675, -1,
 3563, 3675, 3867, -1, 3867, 3675, 3726, -1, 3867, 3726, 3878, -1,
 3726, 3845, 3878, -1, 3878, 3845, 4107, -1, 3878, 4107, 4199, -1,
 4199, 4107, 4160, -1, 4199, 4160, 4270, -1, 4270, 4160, 4222, -1,
 4270, 4222, 4531, -1, 4222, 4499, 4531, -1, 4531, 4499, 4565, -1,
 4531, 4565, 4718, -1, 4718, 4565, 4609, -1, 4718, 4609, 4854, -1,
 4609, 4818, 4854, -1, 4854, 4818, 4991, -1, 4854, 4991, 5115, -1,
 5115, 4991, 5002, -1, 5115, 5002, 5169, -1, 5002, 5134, 5169, -1,
 5169, 5134, 5353, -1, 5169, 5353, 5479, -1, 5353, 5426, 5479, -1,
 5479, 5426, 5438, -1, 5479, 5438, 5507, -1, 5507, 5438, 5708, -1,
 5507, 5708, 5756, -1, 5708, 5730, 5756, -1, 5756, 5730, 5732, -1,
 5756, 5732, 5868, -1, 5868, 5732, 5812, -1, 5868, 5812, 6061, -1,
 5812, 6023, 6061, -1, 6061, 6023, 6074, -1, 6061, 6074, 6219, -1,
 6219, 6074, 6194, -1, 6219, 6194, 6312, -1, 6194, 6278, 6312, -1,
 6312, 6278, 6392, -1, 6312, 6392, 6554, -1, 6554, 6392, 6520, -1,
 6554, 6520, 6567, -1, 6520, 6549, 6567, -1, 6567, 6549, 6658, -1,
 6567, 6658, 6782, -1, 6782, 6658, 6728, -1, 6782, 6728, 6836, -1,
 6728, 6804, 6836, -1, 6836, 6804, 6776, -1, 6836, 6776, 6714, -1,
 6714, 6776, 6723, -1, 6714, 6723, 6606, -1, 6723, 6568, 6606, -1,
 6606, 6568, 6535, -1, 6606, 6535, 6490, -1, 6490, 6535, 6506, -1,
 6490, 6506, 6293, -1, 6293, 6506, 6271, -1, 6293, 6271, 6249, -1,
 6271, 6247, 6249, -1, 6249, 6247, 6222, -1, 6249, 6222, 5984, -1,
 5984, 6222, 6013, -1, 5984, 6013, 5934, -1, 5934, 6013, 5913, -1,
 5934, 5913, 5693, -1, 5693, 5913, 5838, -1, 5693, 5838, 5721, -1,
 5721, 5572, 5565, -1, 5565, 5572, 5459, -1, 5565, 5459, 5384, -1,
 5384, 5459, 5428, -1, 5384, 5428, 5181, -1, 5181, 5428, 5226, -1,
 5181, 5226, 5084, -1, 5226, 5122, 5084, -1, 5084, 5122, 5033, -1,
 5084, 5033, 4774, -1, 4774, 5033, 4853, -1, 4774, 4853, 4767, -1,
 4853, 4801, 4767, -1, 4767, 4801, 4586, -1, 4767, 4586, 4437, -1,
 4437, 4586, 4481, -1, 4437, 4481, 4354, -1, 4354, 4481, 4475, -1,
 4354, 4475, 4111, -1, 4475, 4149, 4111, -1, 4111, 4149, 4134, -1,
 4111, 4134, 3928, -1, 3928, 4134, 4084, -1, 3928, 4084, 3798, -1,
 4084, 3830, 3798, -1, 3798, 3830, 3703, -1, 3798, 3703, 3528, -1,
 3528, 3703, 3596, -1, 3528, 3596, 3468, -1, 3468, 3596, 3510, -1,
 3468, 3510, 3133, -1, 3133, 3510, 3255, -1, 3255, 3213, 3133, -1,
 3133, 3213, 3180, -1, 3133, 3180, 3080, -1, 3080, 3180, 2807, -1,
 3180, 2845, 2807, -1, 2807, 2845, 2812, -1, 2807, 2812, 2674, -1,
 2674, 2812, 2800, -1, 2674, 2800, 2482, -1, 1878, 1948, 1874, -1,
 2800, 2531, 2482, -1, 2482, 2531, 2429, -1, 2482, 2429, 2270, -1,
 2270, 2429, 2353, -1, 2270, 2353, 2172, -1, 2172, 2353, 2226, -1,
 2172, 2226, 1878, -1, 1878, 2226, 2061, -1, 1878, 2061, 2037, -1,
 1948, 1906, 1874, -1, 1874, 1906, 1683, -1, 1874, 1683, 1594, -1,
 1594, 1683, 1633, -1, 1594, 1633, 1515, -1, 1633, 1559, 1515, -1,
 1515, 1559, 1355, -1, 1515, 1355, 1311, -1, 1311, 1355, 1337, -1,
 1311, 1337, 1172, -1, 1172, 1337, 1187, -1, 1172, 1187, 1068, -1,
 1187, 1101, 1068, -1, 1068, 1101, 1074, -1, 1068, 1074, 881, -1,
 881, 1074, 917, -1, 881, 917, 883, -1, 1082, 1094, 948, -1,
 948, 1094, 883, -1, 948, 883, 918, -1, 918, 883, 917, -1,
 1167, 1339, 1082, -1, 1082, 1339, 1133, -1, 1082, 1133, 1094, -1,
 1167, 1197, 1339, -1, 1339, 1197, 1323, -1, 1339, 1323, 1473, -1,
 1473, 1323, 1509, -1, 1473, 1509, 1635, -1, 1509, 1520, 1635, -1,
 1635, 1520, 1603, -1, 1635, 1603, 1832, -1, 1832, 1603, 1849, -1,
 1832, 1849, 1910, -1, 1910, 1849, 1887, -1, 1910, 1887, 2231, -1,
 2231, 1887, 1912, -1, 2231, 1912, 2232, -1, 1912, 2190, 2232, -1,
 2232, 2190, 2215, -1, 2232, 2215, 2536, -1, 2536, 2215, 2327, -1,
 2536, 2327, 2487, -1, 2487, 2567, 2623, -1, 2623, 2567, 2769, -1,
 2623, 2769, 2856, -1, 2856, 2769, 2818, -1, 2856, 2818, 3033, -1,
 3033, 2818, 2949, -1, 3033, 2949, 3185, -1, 2949, 3143, 3185, -1,
 3185, 3143, 3228, -1, 3185, 3228, 3464, -1, 3464, 3228, 3335, -1,
 3464, 3335, 3519, -1, 3519, 3335, 3481, -1, 3519, 3481, 3840, -1,
 3840, 3481, 3675, -1, 3675, 3726, 3840, -1, 3840, 3726, 3805, -1,
 3840, 3805, 3885, -1, 3885, 3805, 4107, -1, 3885, 4107, 4158, -1,
 4158, 4107, 4121, -1, 4158, 4121, 4290, -1, 4290, 4121, 4488, -1,
 4121, 4440, 4488, -1, 4488, 4440, 4441, -1, 4488, 4441, 4733, -1,
 4733, 4441, 4571, -1, 4733, 4571, 4815, -1, 4571, 4770, 4815, -1,
 4815, 4770, 4834, -1, 4815, 4834, 5133, -1, 4834, 5021, 5133, -1,
 5133, 5021, 5097, -1, 5133, 5097, 5137, -1, 5137, 5097, 5200, -1,
 5137, 5200, 5436, -1, 5436, 5200, 5392, -1, 5436, 5392, 5527, -1,
 5881, 5899, 6022, -1, 6022, 5899, 5989, -1, 6022, 5989, 6250, -1,
 5392, 5461, 5527, -1, 5527, 5461, 5557, -1, 5527, 5557, 5728, -1,
 5728, 5557, 5696, -1, 5728, 5696, 5881, -1, 5881, 5696, 5848, -1,
 5881, 5848, 5899, -1, 5989, 6224, 6250, -1, 6250, 6224, 6243, -1,
 6250, 6243, 6277, -1, 6277, 6243, 6253, -1, 6277, 6253, 6531, -1,
 6531, 6253, 6493, -1, 6531, 6493, 6572, -1, 6572, 6493, 6510, -1,
 6510, 6585, 6572, -1, 6572, 6585, 6590, -1, 6572, 6590, 6746, -1,
 6746, 6590, 6711, -1, 6746, 6711, 6843, -1, 6711, 6805, 6843, -1,
 6843, 6805, 6792, -1, 6843, 6792, 6739, -1, 6739, 6792, 6744, -1,
 6739, 6744, 6592, -1, 6592, 6744, 6604, -1, 6592, 6604, 6519, -1,
 6519, 6604, 6552, -1, 6552, 6501, 6519, -1, 6519, 6501, 6323, -1,
 6519, 6323, 6276, -1, 6276, 6323, 6301, -1, 6276, 6301, 6274, -1,
 6274, 6301, 6151, -1, 6274, 6151, 6018, -1, 6018, 6151, 6052, -1,
 6018, 6052, 5916, -1, 4819, 4755, 4846, -1, 4846, 4755, 4807, -1,
 4846, 4807, 4955, -1, 4955, 4807, 5127, -1, 4955, 5127, 5161, -1,
 5161, 5127, 5164, -1, 5161, 5164, 5316, -1, 6052, 6016, 5916, -1,
 5916, 6016, 5755, -1, 5916, 5755, 5724, -1, 5724, 5755, 5748, -1,
 5724, 5748, 5549, -1, 5549, 5748, 5682, -1, 5549, 5682, 5434, -1,
 5434, 5682, 5472, -1, 5434, 5472, 5164, -1, 5164, 5472, 5349, -1,
 5164, 5349, 5316, -1, 1174, 1142, 1113, -1, 6561, 6583, 6611, -1,
 1174, 1160, 1129, -1, 6265, 6308, 6347, -1, 6561, 6566, 6598, -1,
 1487, 1474, 1437, -1, 6265, 6272, 6302, -1, 1166, 1169, 1191, -1,
 3978, 3873, 3835, -1, 6347, 6308, 6349, -1, 6803, 6783, 6794, -1,
 6803, 6795, 6813, -1, 919, 924, 904, -1, 6803, 6800, 6829, -1,
 1174, 1089, 1060, -1, 919, 916, 887, -1, 6561, 6632, 6664, -1,
 6803, 6807, 6837, -1, 1174, 1117, 1075, -1, 1262, 1235, 1211, -1,
 6561, 6609, 6654, -1, 6481, 6504, 6539, -1, 1174, 1131, 1088, -1,
 1267, 1219, 1186, -1, 6469, 6533, 6560, -1, 1174, 1144, 1115, -1,
 1269, 1189, 1168, -1, 6265, 6307, 6344, -1, 1487, 1460, 1415, -1,
 6265, 6290, 6327, -1, 1487, 1475, 1444, -1, 6265, 6270, 6299, -1,
 6569, 6508, 6494, -1, 2607, 2583, 2550, -1, 3859, 3904, 3913, -1,
 3594, 3632, 3647, -1, 3647, 3632, 3702, -1, 4737, 4954, 4641, -1,
 4737, 4641, 4639, -1, 4639, 4641, 4608, -1, 4639, 4608, 4510, -1,
 4608, 4569, 4510, -1, 4510, 4569, 4471, -1, 4510, 4471, 4464, -1,
 4464, 4471, 4287, -1, 4464, 4287, 4283, -1, 4283, 4287, 4269, -1,
 4269, 4287, 4168, -1, 4269, 4168, 4122, -1, 4168, 4151, 4122, -1,
 4122, 4151, 4128, -1, 4122, 4128, 4050, -1, 4050, 4128, 3948, -1,
 3702, 3632, 3801, -1, 3801, 3632, 3796, -1, 3801, 3796, 3803, -1,
 3803, 3796, 3824, -1, 3803, 3824, 3948, -1, 3948, 3824, 3942, -1,
 3948, 3942, 4050, -1, 3594, 3647, 3444, -1, 3444, 3647, 3466, -1,
 3444, 3466, 3353, -1, 3353, 3466, 3309, -1, 3353, 3309, 3283, -1,
 2885, 2935, 2958, -1, 2958, 2935, 3090, -1, 2958, 3090, 3118, -1,
 3118, 3090, 3102, -1, 3118, 3102, 3256, -1, 3256, 3102, 3283, -1,
 3256, 3283, 3295, -1, 3295, 3283, 3309, -1, 2958, 2918, 2885, -1,
 2885, 2918, 2799, -1, 2885, 2799, 2761, -1, 2761, 2799, 2792, -1,
 2761, 2792, 2642, -1, 2642, 2792, 2632, -1, 2642, 2632, 2603, -1,
 2603, 2632, 2544, -1, 2603, 2544, 2436, -1, 2436, 2544, 2455, -1,
 2436, 2455, 2409, -1, 2409, 2455, 2352, -1, 2409, 2352, 2272, -1,
 2272, 2352, 2302, -1, 2272, 2302, 2186, -1, 2186, 2302, 2162, -1,
 2186, 2162, 2113, -1, 2113, 2162, 2139, -1, 2113, 2139, 1957, -1,
 1957, 2139, 1996, -1, 1957, 1996, 1955, -1, 1955, 1996, 1947, -1,
 1955, 1947, 1801, -1, 1947, 1839, 1801, -1, 1801, 1839, 1818, -1,
 1801, 1818, 1732, -1, 1732, 1818, 1682, -1, 1732, 1682, 1662, -1,
 4410, 4409, 4468, -1, 4468, 4409, 4574, -1, 4234, 4233, 4265, -1,
 4234, 4265, 4410, -1, 4410, 4265, 4366, -1, 4410, 4366, 4409, -1,
 4233, 4234, 4139, -1, 4139, 4234, 4078, -1, 4139, 4078, 4088, -1,
 3913, 3904, 4035, -1, 4035, 3904, 4009, -1, 4035, 4009, 4078, -1,
 4078, 4009, 4074, -1, 4078, 4074, 4088, -1, 3859, 3913, 3742, -1,
 3742, 3913, 3754, -1, 3742, 3754, 3615, -1, 3615, 3754, 3639, -1,
 3615, 3639, 3582, -1, 3582, 3639, 3590, -1, 3582, 3590, 3569, -1,
 3569, 3590, 3405, -1, 3569, 3405, 3398, -1, 3398, 3405, 3364, -1,
 3364, 3405, 3253, -1, 3364, 3253, 3247, -1, 3247, 3253, 3111, -1,
 3111, 3253, 3205, -1, 3111, 3205, 3075, -1, 3075, 3205, 2895, -1,
 2895, 3205, 2898, -1, 2895, 2898, 2887, -1, 2887, 2898, 2783, -1,
 2887, 2783, 2732, -1, 2732, 2783, 2742, -1, 2732, 2742, 2651, -1,
 2651, 2742, 2572, -1, 2651, 2572, 2634, -1, 2187, 2209, 2259, -1,
 2259, 2209, 2247, -1, 2259, 2247, 2362, -1, 2362, 2247, 2396, -1,
 2362, 2396, 2410, -1, 2410, 2396, 2416, -1, 2410, 2416, 2572, -1,
 2572, 2416, 2563, -1, 2572, 2563, 2634, -1, 2187, 2259, 2071, -1,
 2071, 2259, 2085, -1, 2071, 2085, 1978, -1, 1978, 2085, 1973, -1,
 1978, 1973, 1927, -1, 1758, 1764, 1777, -1, 1777, 1764, 1927, -1,
 1777, 1927, 1940, -1, 1940, 1927, 1973, -1, 1346, 1363, 1505, -1,
 1505, 1363, 1488, -1, 1505, 1488, 1609, -1, 1609, 1488, 1574, -1,
 1609, 1574, 1649, -1, 1649, 1574, 1637, -1, 1649, 1637, 1777, -1,
 1777, 1637, 1752, -1, 1777, 1752, 1758, -1, 1221, 1335, 1346, -1,
 1346, 1335, 1353, -1, 1346, 1353, 1363, -1, 1346, 1258, 1221, -1,
 1221, 1258, 1232, -1, 1221, 1232, 1183, -1, 1183, 1232, 1096, -1,
 989, 1016, 1096, -1, 1096, 1016, 1087, -1, 1096, 1087, 1183, -1,
 969, 909, 879, -1, 879, 909, 907, -1, 879, 907, 950, -1,
 950, 907, 987, -1, 950, 987, 989, -1, 989, 987, 1014, -1,
 989, 1014, 1016, -1, 1102, 1024, 969, -1, 1024, 1018, 969, -1,
 969, 1018, 994, -1, 969, 994, 909, -1, 969, 1058, 1102, -1,
 1102, 1058, 1077, -1, 1102, 1077, 1185, -1, 1185, 1077, 1203, -1,
 1185, 1203, 1233, -1, 1233, 1203, 1328, -1, 1393, 1361, 1328, -1,
 1328, 1361, 1348, -1, 1328, 1348, 1233, -1, 1627, 1569, 1478, -1,
 1478, 1569, 1507, -1, 1478, 1507, 1393, -1, 1393, 1507, 1384, -1,
 1393, 1384, 1361, -1, 1775, 1761, 1730, -1, 1730, 1761, 1749, -1,
 1730, 1749, 1627, -1, 1627, 1749, 1648, -1, 1627, 1648, 1569, -1,
 1730, 1753, 1775, -1, 1775, 1753, 1907, -1, 1775, 1907, 1943, -1,
 1943, 1907, 1959, -1, 1959, 1907, 2058, -1, 1959, 2058, 2091, -1,
 2091, 2058, 2164, -1, 2164, 2058, 2095, -1, 2164, 2095, 2210, -1,
 2210, 2095, 2235, -1, 2210, 2235, 2261, -1, 2261, 2235, 2381, -1,
 2381, 2235, 2379, -1, 2381, 2379, 2412, -1, 2412, 2379, 2583, -1,
 2583, 2379, 2498, -1, 2583, 2498, 2550, -1, 2873, 2823, 2716, -1,
 2716, 2823, 2747, -1, 2716, 2747, 2550, -1, 2550, 2747, 2643, -1,
 2550, 2643, 2607, -1, 3226, 3091, 3041, -1, 3041, 3091, 3065, -1,
 3041, 3065, 2912, -1, 2912, 3065, 3045, -1, 2912, 3045, 2873, -1,
 2873, 3045, 2903, -1, 2873, 2903, 2823, -1, 3561, 3495, 3382, -1,
 3382, 3495, 3418, -1, 3382, 3418, 3339, -1, 3339, 3418, 3281, -1,
 3339, 3281, 3226, -1, 3226, 3281, 3259, -1, 3226, 3259, 3091, -1,
 5201, 5241, 5054, -1, 5054, 5241, 5081, -1, 6056, 5966, 6105, -1,
 6390, 6408, 6356, -1, 6569, 6494, 6643, -1, 6643, 6494, 6619, -1,
 6643, 6619, 6646, -1, 6767, 6687, 6625, -1, 6625, 6687, 6663, -1,
 6625, 6663, 6561, -1, 6145, 6110, 6195, -1, 5985, 6020, 5942, -1,
 5942, 6020, 5861, -1, 2600, 2562, 2759, -1, 2759, 2562, 2730, -1,
 1708, 1812, 1668, -1, 1387, 1341, 1399, -1, 1229, 1253, 1166, -1,
 1166, 1253, 1124, -1, 944, 1043, 1092, -1, 1092, 1043, 1062, -1,
 1092, 1062, 1174, -1, 1600, 1638, 1558, -1, 1763, 1731, 1818, -1,
 1818, 1731, 1892, -1, 6056, 5933, 6085, -1, 6360, 6395, 6356, -1,
 6496, 6479, 6569, -1, 6569, 6479, 6603, -1, 1405, 1372, 1399, -1,
 1249, 1270, 1166, -1, 1166, 1270, 1136, -1, 5354, 5315, 5410, -1,
 2428, 2477, 2370, -1, 1699, 1675, 1708, -1, 1526, 1568, 1521, -1,
 1521, 1568, 1418, -1, 1309, 1188, 1283, -1, 1283, 1188, 1145, -1,
 5354, 5294, 5411, -1, 6564, 6596, 6561, -1, 6561, 6596, 6547, -1,
 2428, 2501, 2375, -1, 1163, 1130, 1174, -1, 1174, 1130, 1188, -1,
 1426, 1400, 1487, -1, 1487, 1400, 1529, -1, 1487, 1529, 1558, -1,
 2352, 2284, 2447, -1, 5354, 5263, 5408, -1, 6029, 6062, 6056, -1,
 6187, 6156, 6220, -1, 6220, 6156, 6297, -1, 6581, 6610, 6561, -1,
 6561, 6610, 6547, -1, 6333, 6369, 6265, -1, 6265, 6369, 6223, -1,
 6265, 6223, 6195, -1, 5427, 5509, 5345, -1, 4314, 4502, 4533, -1,
 2325, 2328, 2534, -1, 2534, 2328, 2428, -1, 1743, 1707, 1708, -1,
 1582, 1612, 1521, -1, 1521, 1612, 1467, -1, 1269, 1168, 1320, -1,
 5354, 5246, 5400, -1, 6469, 6560, 6416, -1, 6702, 6790, 6727, -1,
 6727, 6790, 6842, -1, 6595, 6635, 6561, -1, 6561, 6635, 6547, -1,
 6350, 6383, 6265, -1, 6265, 6383, 6251, -1, 2684, 2768, 2886, -1,
 2428, 2556, 2384, -1, 1267, 1186, 1333, -1, 1010, 931, 979, -1,
 979, 931, 877, -1, 5107, 5035, 4906, -1, 5354, 5231, 5381, -1,
 6481, 6539, 6403, -1, 6745, 6710, 6790, -1, 2715, 2768, 2899, -1,
 2428, 2576, 2411, -1, 1262, 1211, 1350, -1, 966, 1001, 931, -1,
 3038, 3064, 2916, -1, 2916, 3064, 2918, -1, 2916, 2918, 2871, -1,
 5074, 5035, 4887, -1, 5354, 5199, 5356, -1, 6388, 6477, 6507, -1,
 6507, 6477, 6492, -1, 6507, 6492, 6569, -1, 6803, 6837, 6790, -1,
 6790, 6837, 6770, -1, 6790, 6770, 6721, -1, 5814, 5864, 5722, -1,
 3058, 3227, 3272, -1, 2733, 2768, 2931, -1, 2428, 2602, 2438, -1,
 999, 1090, 1003, -1, 1003, 1090, 1126, -1, 919, 887, 931, -1,
 931, 887, 941, -1, 931, 941, 990, -1, 1947, 1891, 2038, -1,
 4739, 4587, 4529, -1, 5216, 5178, 5319, -1, 5319, 5178, 5337, -1,
 5319, 5337, 5354, -1, 6716, 6643, 6709, -1, 6709, 6643, 6601, -1,
 6803, 6829, 6790, -1, 6790, 6829, 6788, -1, 6790, 6788, 6733, -1,
 3069, 3227, 3294, -1, 2428, 2457, 2453, -1, 1013, 1006, 1090, -1,
 919, 904, 931, -1, 931, 904, 921, -1, 931, 921, 976, -1,
 1078, 1057, 1174, -1, 1174, 1057, 1188, -1, 4721, 4587, 4509, -1,
 6701, 6708, 6643, -1, 6803, 6813, 6790, -1, 6790, 6813, 6812, -1,
 6790, 6812, 6748, -1, 6662, 6676, 6561, -1, 6561, 6676, 6582, -1,
 6448, 6375, 6292, -1, 6292, 6375, 6331, -1, 6292, 6331, 6265, -1,
 3099, 3227, 3315, -1, 1399, 1420, 1291, -1, 1027, 1015, 1090, -1,
 905, 931, 913, -1, 913, 931, 919, -1, 913, 919, 932, -1,
 1282, 1396, 1457, -1, 1457, 1396, 1413, -1, 1457, 1413, 1487, -1,
 3303, 3342, 3309, -1, 3303, 3309, 3135, -1, 3661, 3693, 3483, -1,
 3483, 3693, 3523, -1, 4697, 4587, 4479, -1, 6356, 6317, 6441, -1,
 6689, 6698, 6643, -1, 6803, 6794, 6790, -1, 6790, 6794, 6828, -1,
 6790, 6828, 6765, -1, 4519, 4480, 4503, -1, 4519, 4503, 4699, -1,
 4167, 4132, 4336, -1, 4336, 4132, 4294, -1, 3136, 3227, 3343, -1,
 1050, 1030, 1090, -1, 3286, 3314, 3309, -1, 3286, 3309, 3098, -1,
 3634, 3669, 3446, -1, 3446, 3669, 3496, -1, 4664, 4587, 4446, -1,
 6666, 6688, 6643, -1, 4874, 4832, 4891, -1, 4680, 4722, 4562, -1,
 4562, 4722, 4541, -1, 3978, 3835, 4028, -1, 3163, 3227, 3368, -1,
 1321, 1298, 1399, -1, 1166, 1191, 1090, -1, 1090, 1191, 1072, -1,
 1090, 1072, 1052, -1, 3721, 3702, 3561, -1, 3561, 3702, 3595, -1,
 3561, 3595, 3495, -1, 4047, 4091, 3883, -1, 3883, 4091, 3916, -1,
 3883, 3916, 3770, -1, 3770, 3916, 3808, -1, 3770, 3808, 3721, -1,
 3721, 3808, 3761, -1, 3721, 3761, 3702, -1, 4587, 4579, 4378, -1,
 4378, 4579, 4422, -1, 4378, 4422, 4215, -1, 4215, 4422, 4244, -1,
 4215, 4244, 4175, -1, 4175, 4244, 4192, -1, 4175, 4192, 4047, -1,
 4047, 4192, 4135, -1, 4047, 4135, 4091, -1, 4587, 4378, 4588, -1,
 4588, 4378, 4552, -1, 4588, 4552, 4756, -1, 5035, 4892, 5081, -1,
 5081, 4892, 5016, -1, 5081, 5016, 5054, -1, 4552, 4606, 4756, -1,
 4756, 4606, 4729, -1, 4756, 4729, 4922, -1, 4922, 4729, 4892, -1,
 4922, 4892, 4966, -1, 4966, 4892, 5035, -1, 5357, 5354, 5201, -1,
 5201, 5354, 5319, -1, 5201, 5319, 5241, -1, 6056, 5998, 5966, -1,
 5966, 5998, 5834, -1, 5966, 5834, 5807, -1, 5807, 5834, 5831, -1,
 5807, 5831, 5783, -1, 5783, 5831, 5713, -1, 5783, 5713, 5680, -1,
 5680, 5713, 5701, -1, 5680, 5701, 5520, -1, 5520, 5701, 5547, -1,
 5520, 5547, 5412, -1, 5412, 5547, 5457, -1, 5412, 5457, 5357, -1,
 5357, 5457, 5391, -1, 5357, 5391, 5354, -1, 6390, 6356, 6246, -1,
 6246, 6356, 6269, -1, 6246, 6269, 6141, -1, 6141, 6269, 6220, -1,
 6141, 6220, 6105, -1, 6105, 6220, 6121, -1, 6105, 6121, 6056, -1,
 6408, 6390, 6508, -1, 6508, 6390, 6475, -1, 6508, 6475, 6494, -1,
 6646, 6619, 6726, -1, 6726, 6619, 6722, -1, 6726, 6722, 6806, -1,
 6806, 6722, 6753, -1, 6806, 6753, 6839, -1, 6625, 6719, 6767, -1,
 6767, 6719, 6790, -1, 6767, 6790, 6839, -1, 6839, 6790, 6803, -1,
 6839, 6803, 6806, -1, 6145, 6195, 6281, -1, 6281, 6195, 6255, -1,
 6281, 6255, 6387, -1, 6387, 6255, 6265, -1, 6387, 6265, 6421, -1,
 6421, 6265, 6400, -1, 6421, 6400, 6543, -1, 6543, 6400, 6500, -1,
 6543, 6500, 6663, -1, 6663, 6500, 6547, -1, 6663, 6547, 6561, -1,
 6110, 6145, 5985, -1, 5985, 6145, 6047, -1, 5985, 6047, 6020, -1,
 5718, 5814, 5861, -1, 5861, 5814, 5821, -1, 5861, 5821, 5942, -1,
 5417, 5427, 5559, -1, 5559, 5427, 5534, -1, 5559, 5534, 5675, -1,
 5675, 5534, 5615, -1, 5675, 5615, 5718, -1, 5718, 5615, 5690, -1,
 5718, 5690, 5814, -1, 4933, 5003, 5106, -1, 5106, 5003, 5069, -1,
 5106, 5069, 5249, -1, 5249, 5069, 5222, -1, 5249, 5222, 5276, -1,
 5276, 5222, 5247, -1, 5276, 5247, 5417, -1, 5417, 5247, 5373, -1,
 5417, 5373, 5427, -1, 4610, 4570, 4771, -1, 4771, 4570, 4743, -1,
 4771, 4743, 4889, -1, 4889, 4743, 4891, -1, 4889, 4891, 4933, -1,
 4933, 4891, 4901, -1, 4933, 4901, 5003, -1, 4034, 4106, 4262, -1,
 4262, 4106, 4229, -1, 4262, 4229, 4434, -1, 4434, 4229, 4404, -1,
 4434, 4404, 4467, -1, 4467, 4404, 4503, -1, 4467, 4503, 4610, -1,
 4610, 4503, 4562, -1, 4610, 4562, 4570, -1, 3778, 3728, 3929, -1,
 3929, 3728, 3894, -1, 3929, 3894, 4034, -1, 4034, 3894, 3993, -1,
 4034, 3993, 4106, -1, 3056, 3227, 3268, -1, 3227, 3236, 3268, -1,
 3268, 3236, 3238, -1, 3268, 3238, 3431, -1, 3431, 3238, 3391, -1,
 3431, 3391, 3608, -1, 3608, 3391, 3575, -1, 3608, 3575, 3638, -1,
 3638, 3575, 3633, -1, 3638, 3633, 3778, -1, 3778, 3633, 3674, -1,
 3778, 3674, 3728, -1, 2768, 2930, 2730, -1, 2730, 2930, 2782, -1,
 2730, 2782, 2759, -1, 3268, 3204, 3056, -1, 3056, 3204, 3083, -1,
 3056, 3083, 2891, -1, 2891, 3083, 2930, -1, 2891, 2930, 2841, -1,
 2841, 2930, 2768, -1, 2435, 2428, 2600, -1, 2600, 2428, 2457, -1,
 2600, 2457, 2562, -1, 1708, 1768, 1812, -1, 1812, 1768, 1916, -1,
 1812, 1916, 1961, -1, 1961, 1916, 1936, -1, 1961, 1936, 1988, -1,
 1988, 1936, 2059, -1, 1988, 2059, 2115, -1, 2115, 2059, 2072, -1,
 2115, 2072, 2273, -1, 2273, 2072, 2248, -1, 2273, 2248, 2369, -1,
 2369, 2248, 2328, -1, 2369, 2328, 2435, -1, 2435, 2328, 2398, -1,
 2435, 2398, 2428, -1, 1387, 1399, 1518, -1, 1518, 1399, 1499, -1,
 1518, 1499, 1618, -1, 1618, 1499, 1521, -1, 1618, 1521, 1668, -1,
 1668, 1521, 1642, -1, 1668, 1642, 1708, -1, 1341, 1387, 1229, -1,
 1229, 1387, 1265, -1, 1229, 1265, 1253, -1, 886, 915, 964, -1,
 964, 915, 1090, -1, 964, 1090, 1124, -1, 1124, 1090, 1095, -1,
 1124, 1095, 1166, -1, 1092, 993, 944, -1, 944, 993, 931, -1,
 944, 931, 886, -1, 886, 931, 919, -1, 886, 919, 915, -1,
 1600, 1558, 1465, -1, 1465, 1558, 1493, -1, 1465, 1493, 1367, -1,
 1367, 1493, 1487, -1, 1367, 1487, 1312, -1, 1312, 1487, 1338, -1,
 1312, 1338, 1180, -1, 1180, 1338, 1227, -1, 1180, 1227, 1062, -1,
 1062, 1227, 1188, -1, 1062, 1188, 1174, -1, 1638, 1600, 1763, -1,
 1763, 1600, 1712, -1, 1763, 1712, 1731, -1, 2042, 1947, 1892, -1,
 1892, 1947, 1929, -1, 1892, 1929, 1818, -1, 2350, 2352, 2214, -1,
 2214, 2352, 2246, -1, 2214, 2246, 2104, -1, 2104, 2246, 2162, -1,
 2104, 2162, 2042, -1, 2042, 2162, 2070, -1, 2042, 2070, 1947, -1,
 2854, 2799, 2685, -1, 2685, 2799, 2725, -1, 2685, 2725, 2528, -1,
 2528, 2725, 2558, -1, 2528, 2558, 2518, -1, 2518, 2558, 2544, -1,
 2518, 2544, 2350, -1, 2350, 2544, 2389, -1, 2350, 2389, 2352, -1,
 3191, 3233, 3016, -1, 3016, 3233, 3049, -1, 3016, 3049, 2925, -1,
 2925, 3049, 2918, -1, 2925, 2918, 2854, -1, 2854, 2918, 2889, -1,
 2854, 2889, 2799, -1, 3775, 3702, 3535, -1, 3535, 3702, 3572, -1,
 3535, 3572, 3359, -1, 3359, 3572, 3389, -1, 3359, 3389, 3348, -1,
 3348, 3389, 3309, -1, 3348, 3309, 3191, -1, 3191, 3309, 3256, -1,
 3191, 3256, 3233, -1, 4013, 4064, 3865, -1, 3865, 4064, 3890, -1,
 3865, 3890, 3775, -1, 3775, 3890, 3808, -1, 3775, 3808, 3702, -1,
 4742, 4587, 4530, -1, 4587, 4579, 4530, -1, 4530, 4579, 4568, -1,
 4530, 4568, 4355, -1, 4355, 4568, 4402, -1, 4355, 4402, 4195, -1,
 4195, 4402, 4226, -1, 4195, 4226, 4188, -1, 4188, 4226, 4192, -1,
 4188, 4192, 4013, -1, 4013, 4192, 4135, -1, 4013, 4135, 4064, -1,
 5065, 5035, 4858, -1, 4530, 4615, 4742, -1, 4742, 4615, 4712, -1,
 4742, 4712, 4899, -1, 4899, 4712, 4858, -1, 4899, 4858, 4966, -1,
 4966, 4858, 5035, -1, 4858, 5028, 5065, -1, 5065, 5028, 5030, -1,
 5065, 5030, 5219, -1, 5219, 5030, 5180, -1, 5219, 5180, 5319, -1,
 5319, 5180, 5340, -1, 5319, 5340, 5354, -1, 6056, 5982, 5933, -1,
 5933, 5982, 5834, -1, 5933, 5834, 5793, -1, 5793, 5834, 5818, -1,
 5793, 5818, 5779, -1, 5779, 5818, 5713, -1, 5779, 5713, 5649, -1,
 5649, 5713, 5687, -1, 5649, 5687, 5504, -1, 5504, 5687, 5530, -1,
 5504, 5530, 5409, -1, 5409, 5530, 5457, -1, 5409, 5457, 5340, -1,
 5340, 5457, 5371, -1, 5340, 5371, 5354, -1, 6360, 6356, 6218, -1,
 6218, 6356, 6254, -1, 6218, 6254, 6138, -1, 6138, 6254, 6220, -1,
 6138, 6220, 6085, -1, 6085, 6220, 6108, -1, 6085, 6108, 6056, -1,
 6395, 6360, 6496, -1, 6496, 6360, 6472, -1, 6496, 6472, 6479, -1,
 6831, 6801, 6761, -1, 6761, 6801, 6643, -1, 6761, 6643, 6603, -1,
 6603, 6643, 6621, -1, 6603, 6621, 6569, -1, 6650, 6729, 6787, -1,
 6787, 6729, 6790, -1, 6787, 6790, 6831, -1, 6831, 6790, 6803, -1,
 6831, 6803, 6801, -1, 6787, 6679, 6650, -1, 6650, 6679, 6677, -1,
 6650, 6677, 6561, -1, 6561, 6677, 6547, -1, 6547, 6677, 6514, -1,
 6514, 6677, 6563, -1, 6514, 6563, 6411, -1, 6411, 6563, 6435, -1,
 6411, 6435, 6270, -1, 6270, 6435, 6377, -1, 6270, 6377, 6299, -1,
 5737, 5814, 5874, -1, 5874, 5814, 5841, -1, 5874, 5841, 6037, -1,
 6037, 5841, 5942, -1, 6037, 5942, 6042, -1, 6042, 5942, 6007, -1,
 6042, 6007, 6160, -1, 6160, 6007, 6127, -1, 6160, 6127, 6299, -1,
 6299, 6127, 6195, -1, 6299, 6195, 6265, -1, 5437, 5427, 5588, -1,
 5588, 5427, 5552, -1, 5588, 5552, 5667, -1, 5667, 5552, 5615, -1,
 5667, 5615, 5737, -1, 5737, 5615, 5711, -1, 5737, 5711, 5814, -1,
 4970, 5003, 5128, -1, 5128, 5003, 5087, -1, 5128, 5087, 5270, -1,
 5270, 5087, 5242, -1, 5270, 5242, 5274, -1, 5274, 5242, 5247, -1,
 5274, 5247, 5437, -1, 5437, 5247, 5393, -1, 5437, 5393, 5427, -1,
 4640, 4596, 4790, -1, 4790, 4596, 4757, -1, 4790, 4757, 4882, -1,
 4882, 4757, 4891, -1, 4882, 4891, 4970, -1, 4970, 4891, 4924, -1,
 4970, 4924, 5003, -1, 4285, 4253, 4459, -1, 4459, 4253, 4425, -1,
 4459, 4425, 4470, -1, 4470, 4425, 4503, -1, 4470, 4503, 4640, -1,
 4640, 4503, 4562, -1, 4640, 4562, 4596, -1, 3802, 3764, 3949, -1,
 3949, 3764, 3921, -1, 3949, 3921, 4024, -1, 4024, 3921, 3993, -1,
 4024, 3993, 4285, -1, 4285, 3993, 4106, -1, 4285, 4106, 4253, -1,
 3068, 3227, 3290, -1, 3227, 3236, 3290, -1, 3290, 3236, 3261, -1,
 3290, 3261, 3461, -1, 3461, 3261, 3423, -1, 3461, 3423, 3629, -1,
 3629, 3423, 3600, -1, 3629, 3600, 3643, -1, 3643, 3600, 3633, -1,
 3643, 3633, 3802, -1, 3802, 3633, 3674, -1, 3802, 3674, 3764, -1,
 3290, 3196, 3068, -1, 3068, 3196, 3108, -1, 3068, 3108, 2917, -1,
 2917, 3108, 2956, -1, 2917, 2956, 2841, -1, 2841, 2956, 2791, -1,
 2841, 2791, 2768, -1, 2768, 2791, 2750, -1, 2750, 2791, 2774, -1,
 2750, 2774, 2591, -1, 2591, 2774, 2627, -1, 2591, 2627, 2457, -1,
 2457, 2627, 2450, -1, 2457, 2450, 2428, -1, 1995, 2059, 2135, -1,
 2135, 2059, 2103, -1, 2135, 2103, 2296, -1, 2296, 2103, 2266, -1,
 2296, 2266, 2374, -1, 2374, 2266, 2328, -1, 2374, 2328, 2450, -1,
 2450, 2328, 2420, -1, 2450, 2420, 2428, -1, 1678, 1708, 1834, -1,
 1834, 1708, 1802, -1, 1834, 1802, 1992, -1, 1992, 1802, 1916, -1,
 1992, 1916, 1995, -1, 1995, 1916, 1950, -1, 1995, 1950, 2059, -1,
 1405, 1399, 1532, -1, 1532, 1399, 1512, -1, 1532, 1512, 1623, -1,
 1623, 1512, 1521, -1, 1623, 1521, 1678, -1, 1678, 1521, 1665, -1,
 1678, 1665, 1708, -1, 1372, 1405, 1249, -1, 1249, 1405, 1276, -1,
 1249, 1276, 1270, -1, 902, 922, 960, -1, 960, 922, 1090, -1,
 960, 1090, 1136, -1, 1136, 1090, 1122, -1, 1136, 1122, 1166, -1,
 1080, 978, 925, -1, 925, 978, 931, -1, 925, 931, 902, -1,
 902, 931, 919, -1, 902, 919, 922, -1, 925, 1035, 1080, -1,
 1080, 1035, 1046, -1, 1080, 1046, 1174, -1, 1174, 1046, 1188, -1,
 1188, 1046, 1199, -1, 1199, 1046, 1164, -1, 1199, 1164, 1325, -1,
 1325, 1164, 1296, -1, 1325, 1296, 1475, -1, 1475, 1296, 1374, -1,
 1475, 1374, 1444, -1, 2025, 1947, 1869, -1, 1869, 1947, 1902, -1,
 1869, 1902, 1716, -1, 1716, 1902, 1818, -1, 1716, 1818, 1706, -1,
 1706, 1818, 1748, -1, 1706, 1748, 1583, -1, 1583, 1748, 1620, -1,
 1583, 1620, 1444, -1, 1444, 1620, 1558, -1, 1444, 1558, 1487, -1,
 2330, 2352, 2174, -1, 2174, 2352, 2229, -1, 2174, 2229, 2100, -1,
 2100, 2229, 2162, -1, 2100, 2162, 2025, -1, 2025, 2162, 2055, -1,
 2025, 2055, 1947, -1, 2822, 2799, 2664, -1, 2664, 2799, 2704, -1,
 2664, 2704, 2512, -1, 2512, 2704, 2544, -1, 2512, 2544, 2491, -1,
 2491, 2544, 2539, -1, 2491, 2539, 2330, -1, 2330, 2539, 2367, -1,
 2330, 2367, 2352, -1, 3165, 3217, 2999, -1, 2999, 3217, 3032, -1,
 2999, 3032, 2921, -1, 2921, 3032, 2918, -1, 2921, 2918, 2822, -1,
 2822, 2918, 2866, -1, 2822, 2866, 2799, -1, 3508, 3544, 3346, -1,
 3346, 3544, 3370, -1, 3346, 3370, 3327, -1, 3327, 3370, 3309, -1,
 3327, 3309, 3165, -1, 3165, 3309, 3256, -1, 3165, 3256, 3217, -1,
 4164, 4135, 3992, -1, 3992, 4135, 4029, -1, 3992, 4029, 3834, -1,
 3834, 4029, 3872, -1, 3834, 3872, 3774, -1, 3774, 3872, 3808, -1,
 3774, 3808, 3508, -1, 3508, 3808, 3702, -1, 3508, 3702, 3544, -1,
 4723, 4587, 4511, -1, 4587, 4579, 4511, -1, 4511, 4579, 4542, -1,
 4511, 4542, 4322, -1, 4322, 4542, 4364, -1, 4322, 4364, 4183, -1,
 4183, 4364, 4202, -1, 4183, 4202, 4164, -1, 4164, 4202, 4192, -1,
 4164, 4192, 4135, -1, 4511, 4613, 4723, -1, 4723, 4613, 4683, -1,
 4723, 4683, 4875, -1, 4875, 4683, 4841, -1, 4875, 4841, 4966, -1,
 4966, 4841, 5001, -1, 5354, 5348, 5315, -1, 5315, 5348, 5319, -1,
 5315, 5319, 5162, -1, 5162, 5319, 5192, -1, 5162, 5192, 5025, -1,
 5025, 5192, 5041, -1, 5025, 5041, 5001, -1, 5001, 5041, 5035, -1,
 5001, 5035, 4966, -1, 5765, 5713, 5627, -1, 5627, 5713, 5654, -1,
 5627, 5654, 5478, -1, 5478, 5654, 5510, -1, 5478, 5510, 5410, -1,
 5410, 5510, 5457, -1, 5410, 5457, 5354, -1, 6072, 6056, 5914, -1,
 5914, 6056, 5949, -1, 5914, 5949, 5780, -1, 5780, 5949, 5834, -1,
 5780, 5834, 5765, -1, 5765, 5834, 5798, -1, 5765, 5798, 5713, -1,
 6337, 6356, 6197, -1, 6197, 6356, 6230, -1, 6197, 6230, 6139, -1,
 6139, 6230, 6220, -1, 6139, 6220, 6072, -1, 6072, 6220, 6095, -1,
 6072, 6095, 6056, -1, 6815, 6797, 6754, -1, 6754, 6797, 6643, -1,
 6754, 6643, 6587, -1, 6587, 6643, 6605, -1, 6587, 6605, 6473, -1,
 6473, 6605, 6569, -1, 6473, 6569, 6456, -1, 6456, 6569, 6484, -1,
 6456, 6484, 6337, -1, 6337, 6484, 6367, -1, 6337, 6367, 6356, -1,
 6660, 6747, 6811, -1, 6811, 6747, 6790, -1, 6811, 6790, 6815, -1,
 6815, 6790, 6803, -1, 6815, 6803, 6797, -1, 6811, 6694, 6660, -1,
 6660, 6694, 6686, -1, 6660, 6686, 6561, -1, 6561, 6686, 6547, -1,
 6547, 6686, 6545, -1, 6545, 6686, 6580, -1, 6545, 6580, 6423, -1,
 6423, 6580, 6447, -1, 6423, 6447, 6290, -1, 6290, 6447, 6385, -1,
 6290, 6385, 6327, -1, 5752, 5814, 5903, -1, 5903, 5814, 5866, -1,
 5903, 5866, 6045, -1, 6045, 5866, 5942, -1, 6045, 5942, 6063, -1,
 6063, 5942, 6024, -1, 6063, 6024, 6186, -1, 6186, 6024, 6150, -1,
 6186, 6150, 6327, -1, 6327, 6150, 6195, -1, 6327, 6195, 6265, -1,
 5304, 5427, 5467, -1, 5467, 5427, 5425, -1, 5467, 5425, 5617, -1,
 5617, 5425, 5569, -1, 5617, 5569, 5674, -1, 5674, 5569, 5615, -1,
 5674, 5615, 5752, -1, 5752, 5615, 5723, -1, 5752, 5723, 5814, -1,
 4988, 5003, 5147, -1, 5147, 5003, 5111, -1, 5147, 5111, 5275, -1,
 5275, 5111, 5247, -1, 5275, 5247, 5304, -1, 5304, 5247, 5256, -1,
 5304, 5256, 5427, -1, 4660, 4623, 4821, -1, 4821, 4623, 4780, -1,
 4821, 4780, 4886, -1, 4886, 4780, 4891, -1, 4886, 4891, 4988, -1,
 4988, 4891, 4950, -1, 4988, 4950, 5003, -1, 4033, 4106, 4307, -1,
 4307, 4106, 4272, -1, 4307, 4272, 4466, -1, 4466, 4272, 4443, -1,
 4466, 4443, 4492, -1, 4492, 4443, 4503, -1, 4492, 4503, 4660, -1,
 4660, 4503, 4562, -1, 4660, 4562, 4623, -1, 3667, 3674, 3825, -1,
 3825, 3674, 3791, -1, 3825, 3791, 3982, -1, 3982, 3791, 3939, -1,
 3982, 3939, 4033, -1, 4033, 3939, 3993, -1, 4033, 3993, 4106, -1,
 3097, 3227, 3312, -1, 3227, 3236, 3312, -1, 3312, 3236, 3284, -1,
 3312, 3284, 3494, -1, 3494, 3284, 3445, -1, 3494, 3445, 3637, -1,
 3637, 3445, 3625, -1, 3637, 3625, 3667, -1, 3667, 3625, 3633, -1,
 3667, 3633, 3674, -1, 3312, 3203, 3097, -1, 3097, 3203, 3146, -1,
 3097, 3146, 2941, -1, 2941, 3146, 2972, -1, 2941, 2972, 2841, -1,
 2841, 2972, 2813, -1, 2428, 2444, 2477, -1, 2477, 2444, 2457, -1,
 2477, 2457, 2644, -1, 2644, 2457, 2608, -1, 2644, 2608, 2780, -1,
 2780, 2608, 2768, -1, 2780, 2768, 2813, -1, 2813, 2768, 2777, -1,
 2813, 2777, 2841, -1, 2010, 2059, 2151, -1, 2151, 2059, 2126, -1,
 2151, 2126, 2317, -1, 2317, 2126, 2283, -1, 2317, 2283, 2370, -1,
 2370, 2283, 2328, -1, 2370, 2328, 2428, -1, 1699, 1708, 1856, -1,
 1856, 1708, 1826, -1, 1856, 1826, 1989, -1, 1989, 1826, 1916, -1,
 1989, 1916, 2010, -1, 2010, 1916, 1977, -1, 2010, 1977, 2059, -1,
 1675, 1699, 1526, -1, 1526, 1699, 1619, -1, 1526, 1619, 1568, -1,
 1290, 1399, 1418, -1, 1418, 1399, 1402, -1, 1418, 1402, 1521, -1,
 912, 930, 957, -1, 957, 930, 1090, -1, 957, 1090, 1154, -1,
 1154, 1090, 1134, -1, 1154, 1134, 1266, -1, 1266, 1134, 1166, -1,
 1266, 1166, 1290, -1, 1290, 1166, 1268, -1, 1290, 1268, 1399, -1,
 1067, 968, 906, -1, 906, 968, 931, -1, 906, 931, 912, -1,
 912, 931, 919, -1, 912, 919, 930, -1, 906, 1020, 1067, -1,
 1067, 1020, 1049, -1, 1067, 1049, 1174, -1, 1174, 1049, 1145, -1,
 1174, 1145, 1178, -1, 1178, 1145, 1188, -1, 1309, 1283, 1460, -1,
 1460, 1283, 1379, -1, 1460, 1379, 1415, -1, 2003, 1947, 1850, -1,
 1850, 1947, 1883, -1, 1850, 1883, 1719, -1, 1719, 1883, 1818, -1,
 1719, 1818, 1689, -1, 1689, 1818, 1723, -1, 1689, 1723, 1563, -1,
 1563, 1723, 1596, -1, 1563, 1596, 1415, -1, 1415, 1596, 1558, -1,
 1415, 1558, 1487, -1, 2470, 2352, 2311, -1, 2311, 2352, 2341, -1,
 2311, 2341, 2146, -1, 2146, 2341, 2203, -1, 2146, 2203, 2098, -1,
 2098, 2203, 2162, -1, 2098, 2162, 2003, -1, 2003, 2162, 2034, -1,
 2003, 2034, 1947, -1, 2802, 2799, 2639, -1, 2639, 2799, 2678, -1,
 2639, 2678, 2509, -1, 2509, 2678, 2544, -1, 2509, 2544, 2470, -1,
 2470, 2544, 2521, -1, 2470, 2521, 2352, -1, 3137, 3183, 2968, -1,
 2968, 3183, 3012, -1, 2968, 3012, 2919, -1, 2919, 3012, 2918, -1,
 2919, 2918, 2802, -1, 2802, 2918, 2837, -1, 2802, 2837, 2799, -1,
 3772, 3702, 3488, -1, 3488, 3702, 3526, -1, 3488, 3526, 3344, -1,
 3344, 3526, 3347, -1, 3344, 3347, 3307, -1, 3307, 3347, 3309, -1,
 3307, 3309, 3137, -1, 3137, 3309, 3256, -1, 3137, 3256, 3183, -1,
 4138, 4135, 3968, -1, 3968, 4135, 4003, -1, 3968, 4003, 3814, -1,
 3814, 4003, 3857, -1, 3814, 3857, 3772, -1, 3772, 3857, 3808, -1,
 3772, 3808, 3702, -1, 4701, 4587, 4483, -1, 4587, 4579, 4483, -1,
 4483, 4579, 4520, -1, 4483, 4520, 4296, -1, 4296, 4520, 4339, -1,
 4296, 4339, 4181, -1, 4181, 4339, 4192, -1, 4181, 4192, 4138, -1,
 4138, 4192, 4173, -1, 4138, 4173, 4135, -1, 4483, 4611, 4701, -1,
 4701, 4611, 4651, -1, 4701, 4651, 4849, -1, 4849, 4651, 4816, -1,
 4849, 4816, 4966, -1, 4966, 4816, 4979, -1, 5354, 5325, 5294, -1,
 5294, 5325, 5319, -1, 5294, 5319, 5139, -1, 5139, 5319, 5174, -1,
 5139, 5174, 5022, -1, 5022, 5174, 5035, -1, 5022, 5035, 4979, -1,
 4979, 5035, 5007, -1, 4979, 5007, 4966, -1, 5746, 5713, 5612, -1,
 5612, 5713, 5639, -1, 5612, 5639, 5462, -1, 5462, 5639, 5494, -1,
 5462, 5494, 5411, -1, 5411, 5494, 5457, -1, 5411, 5457, 5354, -1,
 6211, 6076, 6058, -1, 6058, 6076, 6056, -1, 6058, 6056, 5883, -1,
 5883, 6056, 5921, -1, 5883, 5921, 5781, -1, 5781, 5921, 5834, -1,
 5781, 5834, 5746, -1, 5746, 5834, 5773, -1, 5746, 5773, 5713, -1,
 6058, 6140, 6211, -1, 6211, 6140, 6176, -1, 6211, 6176, 6220, -1,
 6220, 6176, 6318, -1, 6220, 6318, 6343, -1, 6343, 6318, 6356, -1,
 6356, 6318, 6443, -1, 6356, 6443, 6459, -1, 6459, 6443, 6569, -1,
 6569, 6443, 6474, -1, 6569, 6474, 6591, -1, 6591, 6474, 6574, -1,
 6591, 6574, 6643, -1, 6643, 6574, 6762, -1, 6643, 6762, 6784, -1,
 6784, 6762, 6796, -1, 6784, 6796, 6803, -1, 6803, 6796, 6790, -1,
 6790, 6796, 6825, -1, 6790, 6825, 6763, -1, 6763, 6825, 6671, -1,
 6671, 6825, 6705, -1, 6671, 6705, 6564, -1, 6564, 6705, 6678, -1,
 6564, 6678, 6596, -1, 6547, 6596, 6438, -1, 6438, 6596, 6464, -1,
 6438, 6464, 6307, -1, 6307, 6464, 6376, -1, 6307, 6376, 6344, -1,
 5771, 5814, 5922, -1, 5922, 5814, 5877, -1, 5922, 5877, 6036, -1,
 6036, 5877, 5942, -1, 6036, 5942, 6078, -1, 6078, 5942, 6051, -1,
 6078, 6051, 6210, -1, 6210, 6051, 6167, -1, 6210, 6167, 6344, -1,
 6344, 6167, 6195, -1, 6344, 6195, 6265, -1, 5321, 5427, 5490, -1,
 5490, 5427, 5453, -1, 5490, 5453, 5638, -1, 5638, 5453, 5604, -1,
 5638, 5604, 5664, -1, 5664, 5604, 5615, -1, 5664, 5615, 5771, -1,
 5771, 5615, 5742, -1, 5771, 5742, 5814, -1, 5006, 5003, 5170, -1,
 5170, 5003, 5135, -1, 5170, 5135, 5269, -1, 5269, 5135, 5247, -1,
 5269, 5247, 5321, -1, 5321, 5247, 5289, -1, 5321, 5289, 5427, -1,
 4693, 4647, 4847, -1, 4847, 4647, 4805, -1, 4847, 4805, 4880, -1,
 4880, 4805, 4891, -1, 4880, 4891, 5006, -1, 5006, 4891, 4975, -1,
 5006, 4975, 5003, -1, 4292, 4478, 4517, -1, 4517, 4478, 4503, -1,
 4517, 4503, 4693, -1, 4693, 4503, 4562, -1, 4693, 4562, 4647, -1,
 4517, 4458, 4292, -1, 4292, 4458, 4332, -1, 4292, 4332, 4106, -1,
 4106, 4332, 4023, -1, 3688, 3674, 3854, -1, 3854, 3674, 3810, -1,
 3854, 3810, 3998, -1, 3998, 3810, 3965, -1, 3998, 3965, 4023, -1,
 4023, 3965, 3993, -1, 4023, 3993, 4106, -1, 3134, 3227, 3338, -1,
 3227, 3236, 3338, -1, 3338, 3236, 3302, -1, 3338, 3302, 3518, -1,
 3518, 3302, 3480, -1, 3518, 3480, 3626, -1, 3626, 3480, 3633, -1,
 3626, 3633, 3688, -1, 3688, 3633, 3654, -1, 3688, 3654, 3674, -1,
 3338, 3195, 3134, -1, 3134, 3195, 3179, -1, 3134, 3179, 2965, -1,
 2965, 3179, 3008, -1, 2965, 3008, 2841, -1, 2841, 3008, 2828, -1,
 2428, 2457, 2501, -1, 2501, 2457, 2461, -1, 2501, 2461, 2673, -1,
 2673, 2461, 2636, -1, 2673, 2636, 2773, -1, 2773, 2636, 2768, -1,
 2773, 2768, 2828, -1, 2828, 2768, 2801, -1, 2828, 2801, 2841, -1,
 2029, 2059, 2191, -1, 2191, 2059, 2145, -1, 2191, 2145, 2337, -1,
 2337, 2145, 2309, -1, 2337, 2309, 2375, -1, 2375, 2309, 2328, -1,
 2375, 2328, 2428, -1, 1560, 1690, 1715, -1, 1715, 1690, 1708, -1,
 1715, 1708, 1875, -1, 1875, 1708, 1851, -1, 1875, 1851, 1993, -1,
 1993, 1851, 1916, -1, 1993, 1916, 2029, -1, 2029, 1916, 2002, -1,
 2029, 2002, 2059, -1, 1715, 1624, 1560, -1, 1560, 1624, 1591, -1,
 1560, 1591, 1521, -1, 1521, 1591, 1452, -1, 1521, 1452, 1414, -1,
 1414, 1452, 1399, -1, 1399, 1452, 1302, -1, 1399, 1302, 1285, -1,
 1285, 1302, 1166, -1, 1166, 1302, 1271, -1, 1166, 1271, 1150, -1,
 1150, 1271, 1171, -1, 1150, 1171, 1090, -1, 1090, 1171, 963, -1,
 1090, 963, 940, -1, 940, 963, 936, -1, 940, 936, 919, -1,
 919, 936, 931, -1, 931, 936, 891, -1, 931, 891, 949, -1,
 949, 891, 1042, -1, 1042, 891, 1008, -1, 1042, 1008, 1163, -1,
 1163, 1008, 1044, -1, 1163, 1044, 1130, -1, 1188, 1130, 1294, -1,
 1294, 1130, 1263, -1, 1294, 1263, 1426, -1, 1426, 1263, 1368, -1,
 1426, 1368, 1400, -1, 2161, 2018, 1980, -1, 1980, 2018, 1947, -1,
 1980, 1947, 1825, -1, 1825, 1947, 1860, -1, 1825, 1860, 1713, -1,
 1713, 1860, 1818, -1, 1713, 1818, 1674, -1, 1674, 1818, 1703, -1,
 1674, 1703, 1529, -1, 1529, 1703, 1580, -1, 1529, 1580, 1558, -1,
 1980, 2105, 2161, -1, 2161, 2105, 2127, -1, 2161, 2127, 2162, -1,
 2162, 2127, 2284, -1, 2162, 2284, 2324, -1, 2324, 2284, 2352, -1,
 2778, 2799, 2614, -1, 2614, 2799, 2650, -1, 2614, 2650, 2519, -1,
 2519, 2650, 2544, -1, 2519, 2544, 2447, -1, 2447, 2544, 2481, -1,
 2447, 2481, 2352, -1, 3100, 3156, 2944, -1, 2944, 3156, 2976, -1,
 2944, 2976, 2926, -1, 2926, 2976, 2918, -1, 2926, 2918, 2778, -1,
 2778, 2918, 2816, -1, 2778, 2816, 2799, -1, 3498, 3320, 3288, -1,
 3288, 3320, 3309, -1, 3288, 3309, 3100, -1, 3100, 3309, 3256, -1,
 3100, 3256, 3156, -1, 3288, 3349, 3498, -1, 3498, 3349, 3451, -1,
 3498, 3451, 3702, -1, 3702, 3451, 3776, -1, 4120, 4135, 3940, -1,
 3940, 4135, 3986, -1, 3940, 3986, 3794, -1, 3794, 3986, 3829, -1,
 3794, 3829, 3776, -1, 3776, 3829, 3808, -1, 3776, 3808, 3702, -1,
 4668, 4587, 4454, -1, 4587, 4579, 4454, -1, 4454, 4579, 4500, -1,
 4454, 4500, 4281, -1, 4281, 4500, 4311, -1, 4281, 4311, 4189, -1,
 4189, 4311, 4192, -1, 4189, 4192, 4120, -1, 4120, 4192, 4157, -1,
 4120, 4157, 4135, -1, 4454, 4617, 4668, -1, 4668, 4617, 4631, -1,
 4668, 4631, 4825, -1, 4825, 4631, 4782, -1, 4825, 4782, 4966, -1,
 4966, 4782, 4957, -1, 5354, 5319, 5263, -1, 5263, 5319, 5308, -1,
 5263, 5308, 5118, -1, 5118, 5308, 5148, -1, 5118, 5148, 5029, -1,
 5029, 5148, 5035, -1, 5029, 5035, 4957, -1, 4957, 5035, 4989, -1,
 4957, 4989, 4966, -1, 5731, 5713, 5577, -1, 5577, 5713, 5618, -1,
 5577, 5618, 5433, -1, 5433, 5618, 5470, -1, 5433, 5470, 5408, -1,
 5408, 5470, 5457, -1, 5408, 5457, 5354, -1, 6029, 6056, 5872, -1,
 5872, 6056, 5902, -1, 5872, 5902, 5778, -1, 5778, 5902, 5834, -1,
 5778, 5834, 5731, -1, 5731, 5834, 5753, -1, 5731, 5753, 5713, -1,
 6062, 6029, 6187, -1, 6187, 6029, 6137, -1, 6187, 6137, 6156, -1,
 6430, 6356, 6297, -1, 6297, 6356, 6329, -1, 6297, 6329, 6220, -1,
 6779, 6790, 6834, -1, 6834, 6790, 6803, -1, 6834, 6803, 6777, -1,
 6777, 6803, 6773, -1, 6777, 6773, 6760, -1, 6760, 6773, 6643, -1,
 6760, 6643, 6555, -1, 6555, 6643, 6576, -1, 6555, 6576, 6471, -1,
 6471, 6576, 6569, -1, 6471, 6569, 6430, -1, 6430, 6569, 6445, -1,
 6430, 6445, 6356, -1, 6779, 6834, 6691, -1, 6691, 6834, 6715, -1,
 6691, 6715, 6581, -1, 6581, 6715, 6680, -1, 6581, 6680, 6610, -1,
 6547, 6610, 6449, -1, 6449, 6610, 6486, -1, 6449, 6486, 6333, -1,
 6333, 6486, 6378, -1, 6333, 6378, 6369, -1, 5622, 5758, 5796, -1,
 5796, 5758, 5814, -1, 5796, 5814, 5952, -1, 5952, 5814, 5908, -1,
 5952, 5908, 6039, -1, 6039, 5908, 5942, -1, 6039, 5942, 6098, -1,
 6098, 5942, 6067, -1, 6098, 6067, 6223, -1, 6223, 6067, 6191, -1,
 6223, 6191, 6195, -1, 5796, 5668, 5622, -1, 5622, 5668, 5653, -1,
 5622, 5653, 5615, -1, 5615, 5653, 5509, -1, 5615, 5509, 5475, -1,
 5475, 5509, 5427, -1, 5040, 5003, 5185, -1, 5185, 5003, 5153, -1,
 5185, 5153, 5271, -1, 5271, 5153, 5247, -1, 5271, 5247, 5345, -1,
 5345, 5247, 5311, -1, 5345, 5311, 5427, -1, 4502, 4503, 4533, -1,
 4533, 4503, 4562, -1, 4533, 4562, 4720, -1, 4720, 4562, 4679, -1,
 4720, 4679, 4871, -1, 4871, 4679, 4830, -1, 4871, 4830, 4883, -1,
 4883, 4830, 4891, -1, 4883, 4891, 5040, -1, 5040, 4891, 4997, -1,
 5040, 4997, 5003, -1, 4533, 4460, 4314, -1, 4314, 4460, 4358, -1,
 4314, 4358, 4159, -1, 4159, 4358, 4198, -1, 3871, 3833, 4025, -1,
 4025, 3833, 3989, -1, 4025, 3989, 4026, -1, 4026, 3989, 3993, -1,
 4026, 3993, 4198, -1, 4198, 3993, 4106, -1, 4198, 4106, 4159, -1,
 3159, 3227, 3362, -1, 3227, 3236, 3362, -1, 3362, 3236, 3322, -1,
 3362, 3322, 3540, -1, 3540, 3322, 3502, -1, 3540, 3502, 3631, -1,
 3631, 3502, 3633, -1, 3631, 3633, 3705, -1, 3705, 3633, 3672, -1,
 3705, 3672, 3871, -1, 3871, 3672, 3674, -1, 3871, 3674, 3833, -1,
 3362, 3201, 3159, -1, 3159, 3201, 3197, -1, 3159, 3197, 2986, -1,
 2986, 3197, 3025, -1, 2986, 3025, 2841, -1, 2841, 3025, 2862, -1,
 2428, 2457, 2534, -1, 2534, 2457, 2483, -1, 2534, 2483, 2695, -1,
 2695, 2483, 2663, -1, 2695, 2663, 2775, -1, 2775, 2663, 2768, -1,
 2775, 2768, 2862, -1, 2862, 2768, 2821, -1, 2862, 2821, 2841, -1,
 2534, 2373, 2325, -1, 2325, 2373, 2361, -1, 2325, 2361, 2173, -1,
 2173, 2361, 2221, -1, 2173, 2221, 2059, -1, 2059, 2221, 2048, -1,
 1743, 1708, 1896, -1, 1896, 1708, 1868, -1, 1896, 1868, 1991, -1,
 1991, 1868, 1916, -1, 1991, 1916, 2048, -1, 2048, 1916, 2024, -1,
 2048, 2024, 2059, -1, 1707, 1743, 1582, -1, 1582, 1743, 1622, -1,
 1582, 1622, 1612, -1, 1168, 1297, 1320, -1, 1320, 1297, 1399, -1,
 1320, 1399, 1467, -1, 1467, 1399, 1442, -1, 1467, 1442, 1521, -1,
 954, 1051, 1070, -1, 1070, 1051, 1090, -1, 1070, 1090, 1189, -1,
 1189, 1090, 1166, -1, 1189, 1166, 1168, -1, 1070, 959, 954, -1,
 954, 959, 955, -1, 954, 955, 919, -1, 919, 955, 884, -1,
 919, 884, 931, -1, 931, 884, 935, -1, 935, 884, 1025, -1,
 1025, 884, 998, -1, 1025, 998, 1144, -1, 1144, 998, 1047, -1,
 1144, 1047, 1115, -1, 1664, 1558, 1514, -1, 1514, 1558, 1552, -1,
 1514, 1552, 1375, -1, 1375, 1552, 1487, -1, 1375, 1487, 1370, -1,
 1370, 1487, 1409, -1, 1370, 1409, 1245, -1, 1245, 1409, 1280, -1,
 1245, 1280, 1115, -1, 1115, 1280, 1188, -1, 1115, 1188, 1174, -1,
 1952, 1947, 1799, -1, 1799, 1947, 1844, -1, 1799, 1844, 1717, -1,
 1717, 1844, 1818, -1, 1717, 1818, 1664, -1, 1664, 1818, 1684, -1,
 1664, 1684, 1558, -1, 2423, 2352, 2267, -1, 2267, 2352, 2305, -1,
 2267, 2305, 2110, -1, 2110, 2305, 2162, -1, 2110, 2162, 2107, -1,
 2107, 2162, 2140, -1, 2107, 2140, 1952, -1, 1952, 2140, 1998, -1,
 1952, 1998, 1947, -1, 2751, 2795, 2595, -1, 2595, 2795, 2635, -1,
 2595, 2635, 2524, -1, 2524, 2635, 2544, -1, 2524, 2544, 2423, -1,
 2423, 2544, 2458, -1, 2423, 2458, 2352, -1, 3263, 3256, 3072, -1,
 3072, 3256, 3123, -1, 3072, 3123, 2929, -1, 2929, 3123, 2960, -1,
 2929, 2960, 2923, -1, 2923, 2960, 2918, -1, 2923, 2918, 2751, -1,
 2751, 2918, 2799, -1, 2751, 2799, 2795, -1, 3767, 3702, 3603, -1,
 3603, 3702, 3648, -1, 3603, 3648, 3425, -1, 3425, 3648, 3471, -1,
 3425, 3471, 3351, -1, 3351, 3471, 3309, -1, 3351, 3309, 3263, -1,
 3263, 3309, 3297, -1, 3263, 3297, 3256, -1, 4097, 4129, 3922, -1,
 3922, 4129, 3953, -1, 3922, 3953, 3779, -1, 3779, 3953, 3808, -1,
 3779, 3808, 3767, -1, 3767, 3808, 3806, -1, 3767, 3806, 3702, -1,
 4645, 4587, 4429, -1, 4587, 4579, 4429, -1, 4429, 4579, 4474, -1,
 4429, 4474, 4259, -1, 4259, 4474, 4289, -1, 4259, 4289, 4194, -1,
 4194, 4289, 4192, -1, 4194, 4192, 4097, -1, 4097, 4192, 4135, -1,
 4097, 4135, 4129, -1, 4429, 4600, 4645, -1, 4645, 4600, 4620, -1,
 4645, 4620, 4797, -1, 4797, 4620, 4766, -1, 4797, 4766, 4966, -1,
 4966, 4766, 4928, -1, 5354, 5319, 5246, -1, 5246, 5319, 5283, -1,
 5246, 5283, 5094, -1, 5094, 5283, 5131, -1, 5094, 5131, 5032, -1,
 5032, 5131, 5035, -1, 5032, 5035, 4928, -1, 4928, 5035, 4971, -1,
 4928, 4971, 4966, -1, 5716, 5713, 5556, -1, 5556, 5713, 5590, -1,
 5556, 5590, 5402, -1, 5402, 5590, 5457, -1, 5402, 5457, 5400, -1,
 5400, 5457, 5440, -1, 5400, 5440, 5354, -1, 6133, 6056, 6011, -1,
 6011, 6056, 6038, -1, 6011, 6038, 5776, -1, 5776, 6038, 5834, -1,
 5776, 5834, 5716, -1, 5716, 5834, 5738, -1, 5716, 5738, 5713, -1,
 6560, 6434, 6416, -1, 6416, 6434, 6356, -1, 6416, 6356, 6275, -1,
 6275, 6356, 6300, -1, 6275, 6300, 6135, -1, 6135, 6300, 6220, -1,
 6135, 6220, 6133, -1, 6133, 6220, 6161, -1, 6133, 6161, 6056, -1,
 6751, 6667, 6657, -1, 6657, 6667, 6643, -1, 6657, 6643, 6533, -1,
 6533, 6643, 6569, -1, 6533, 6569, 6560, -1, 6657, 6749, 6751, -1,
 6751, 6749, 6755, -1, 6751, 6755, 6803, -1, 6803, 6755, 6842, -1,
 6803, 6842, 6791, -1, 6791, 6842, 6790, -1, 6702, 6727, 6595, -1,
 6595, 6727, 6684, -1, 6595, 6684, 6635, -1, 6547, 6635, 6466, -1,
 6466, 6635, 6498, -1, 6466, 6498, 6350, -1, 6350, 6498, 6397, -1,
 6350, 6397, 6383, -1, 6109, 6195, 6251, -1, 6251, 6195, 6214, -1,
 6251, 6214, 6265, -1, 5817, 5814, 5983, -1, 5983, 5814, 5928, -1,
 5983, 5928, 6044, -1, 6044, 5928, 5942, -1, 6044, 5942, 6109, -1,
 6109, 5942, 6082, -1, 6109, 6082, 6195, -1, 5365, 5427, 5529, -1,
 5529, 5427, 5501, -1, 5529, 5501, 5673, -1, 5673, 5501, 5615, -1,
 5673, 5615, 5686, -1, 5686, 5615, 5645, -1, 5686, 5645, 5817, -1,
 5817, 5645, 5782, -1, 5817, 5782, 5814, -1, 5064, 5024, 5273, -1,
 5273, 5024, 5247, -1, 5273, 5247, 5365, -1, 5365, 5247, 5334, -1,
 5365, 5334, 5427, -1, 4566, 4562, 4738, -1, 4738, 4562, 4704, -1,
 4738, 4704, 4885, -1, 4885, 4704, 4855, -1, 4885, 4855, 4897, -1,
 4897, 4855, 4891, -1, 4897, 4891, 5064, -1, 5064, 4891, 5003, -1,
 5064, 5003, 5024, -1, 4056, 4106, 4223, -1, 4223, 4106, 4187, -1,
 4223, 4187, 4398, -1, 4398, 4187, 4351, -1, 4398, 4351, 4465, -1,
 4465, 4351, 4503, -1, 4465, 4503, 4566, -1, 4566, 4503, 4526, -1,
 4566, 4526, 4562, -1, 3725, 3696, 3889, -1, 3889, 3696, 3864, -1,
 3889, 3864, 4030, -1, 4030, 3864, 3993, -1, 4030, 3993, 4056, -1,
 4056, 3993, 4010, -1, 4056, 4010, 4106, -1, 3187, 3227, 3383, -1,
 3227, 3236, 3383, -1, 3383, 3236, 3355, -1, 3383, 3355, 3568, -1,
 3568, 3355, 3532, -1, 3568, 3532, 3636, -1, 3636, 3532, 3633, -1,
 3636, 3633, 3725, -1, 3725, 3633, 3674, -1, 3725, 3674, 3696, -1,
 3383, 3229, 3187, -1, 3187, 3229, 3200, -1, 3187, 3200, 3014, -1,
 3014, 3200, 3046, -1, 3014, 3046, 2851, -1, 2851, 3046, 2886, -1,
 2851, 2886, 2841, -1, 2841, 2886, 2768, -1, 2886, 2779, 2684, -1,
 2684, 2779, 2720, -1, 2684, 2720, 2526, -1, 2526, 2720, 2556, -1,
 2526, 2556, 2457, -1, 2457, 2556, 2428, -1, 2064, 2059, 2241, -1,
 2241, 2059, 2213, -1, 2241, 2213, 2371, -1, 2371, 2213, 2328, -1,
 2371, 2328, 2384, -1, 2384, 2328, 2344, -1, 2384, 2344, 2428, -1,
 1634, 1708, 1759, -1, 1759, 1708, 1734, -1, 1759, 1734, 1990, -1,
 1990, 1734, 1916, -1, 1990, 1916, 2064, -1, 2064, 1916, 2039, -1,
 2064, 2039, 2059, -1, 1186, 1315, 1333, -1, 1333, 1315, 1399, -1,
 1333, 1399, 1480, -1, 1480, 1399, 1464, -1, 1480, 1464, 1621, -1,
 1621, 1464, 1521, -1, 1621, 1521, 1634, -1, 1634, 1521, 1601, -1,
 1634, 1601, 1708, -1, 972, 1071, 1083, -1, 1083, 1071, 1090, -1,
 1083, 1090, 1219, -1, 1219, 1090, 1166, -1, 1219, 1166, 1186, -1,
 1083, 975, 972, -1, 972, 975, 958, -1, 972, 958, 919, -1,
 919, 958, 877, -1, 919, 877, 928, -1, 928, 877, 931, -1,
 1010, 979, 1131, -1, 1131, 979, 1048, -1, 1131, 1048, 1088, -1,
 1639, 1558, 1501, -1, 1501, 1558, 1525, -1, 1501, 1525, 1377, -1,
 1377, 1525, 1487, -1, 1377, 1487, 1340, -1, 1340, 1487, 1397, -1,
 1340, 1397, 1228, -1, 1228, 1397, 1260, -1, 1228, 1260, 1088, -1,
 1088, 1260, 1188, -1, 1088, 1188, 1174, -1, 1939, 1947, 1766, -1,
 1766, 1947, 1821, -1, 1766, 1821, 1718, -1, 1718, 1821, 1818, -1,
 1718, 1818, 1639, -1, 1639, 1818, 1670, -1, 1639, 1670, 1558, -1,
 2401, 2352, 2249, -1, 2249, 2352, 2277, -1, 2249, 2277, 2099, -1,
 2099, 2277, 2162, -1, 2099, 2162, 2073, -1, 2073, 2162, 2117, -1,
 2073, 2117, 1939, -1, 1939, 2117, 1966, -1, 1939, 1966, 1947, -1,
 2731, 2763, 2511, -1, 2511, 2763, 2544, -1, 2511, 2544, 2401, -1,
 2401, 2544, 2441, -1, 2401, 2441, 2352, -1, 3244, 3256, 3059, -1,
 3059, 3256, 3088, -1, 3059, 3088, 2920, -1, 2920, 3088, 2934, -1,
 2920, 2934, 2892, -1, 2892, 2934, 2918, -1, 2892, 2918, 2731, -1,
 2731, 2918, 2799, -1, 2731, 2799, 2763, -1, 3734, 3702, 3580, -1,
 3580, 3702, 3620, -1, 3580, 3620, 3395, -1, 3395, 3620, 3441, -1,
 3395, 3441, 3345, -1, 3345, 3441, 3309, -1, 3345, 3309, 3244, -1,
 3244, 3309, 3279, -1, 3244, 3279, 3256, -1, 4071, 4103, 3895, -1,
 3895, 4103, 3930, -1, 3895, 3930, 3773, -1, 3773, 3930, 3808, -1,
 3773, 3808, 3734, -1, 3734, 3808, 3782, -1, 3734, 3782, 3702, -1,
 4616, 4587, 4407, -1, 4587, 4579, 4407, -1, 4407, 4579, 4439, -1,
 4407, 4439, 4231, -1, 4231, 4439, 4268, -1, 4231, 4268, 4182, -1,
 4182, 4268, 4192, -1, 4182, 4192, 4071, -1, 4071, 4192, 4135, -1,
 4071, 4135, 4103, -1, 4407, 4577, 4616, -1, 4616, 4577, 4612, -1,
 4616, 4612, 4773, -1, 4773, 4612, 4751, -1, 4773, 4751, 4934, -1,
 4934, 4751, 4906, -1, 4934, 4906, 4966, -1, 4966, 4906, 5035, -1,
 4906, 5023, 5107, -1, 5107, 5023, 5071, -1, 5107, 5071, 5250, -1,
 5250, 5071, 5231, -1, 5250, 5231, 5319, -1, 5319, 5231, 5354, -1,
 5692, 5713, 5539, -1, 5539, 5713, 5560, -1, 5539, 5560, 5418, -1,
 5418, 5560, 5457, -1, 5418, 5457, 5381, -1, 5381, 5457, 5422, -1,
 5381, 5422, 5354, -1, 6114, 6056, 5990, -1, 5990, 6056, 6019, -1,
 5990, 6019, 5790, -1, 5790, 6019, 5834, -1, 5790, 5834, 5692, -1,
 5692, 5834, 5720, -1, 5692, 5720, 5713, -1, 6539, 6419, 6403, -1,
 6403, 6419, 6356, -1, 6403, 6356, 6259, -1, 6259, 6356, 6282, -1,
 6259, 6282, 6146, -1, 6146, 6282, 6220, -1, 6146, 6220, 6114, -1,
 6114, 6220, 6144, -1, 6114, 6144, 6056, -1, 6644, 6643, 6504, -1,
 6504, 6643, 6569, -1, 6504, 6569, 6539, -1, 6745, 6790, 6845, -1,
 6845, 6790, 6798, -1, 6845, 6798, 6771, -1, 6771, 6798, 6803, -1,
 6771, 6803, 6735, -1, 6735, 6803, 6741, -1, 6735, 6741, 6644, -1,
 6644, 6741, 6656, -1, 6644, 6656, 6643, -1, 6710, 6745, 6609, -1,
 6609, 6745, 6670, -1, 6609, 6670, 6654, -1, 5962, 6100, 6124, -1,
 6124, 6100, 6195, -1, 6124, 6195, 6268, -1, 6268, 6195, 6236, -1,
 6268, 6236, 6370, -1, 6370, 6236, 6265, -1, 6370, 6265, 6410, -1,
 6410, 6265, 6374, -1, 6410, 6374, 6513, -1, 6513, 6374, 6489, -1,
 6513, 6489, 6654, -1, 6654, 6489, 6547, -1, 6654, 6547, 6561, -1,
 6124, 6033, 5962, -1, 5962, 6033, 5999, -1, 5962, 5999, 5942, -1,
 5942, 5999, 5829, -1, 5942, 5829, 5814, -1, 5385, 5427, 5546, -1,
 5546, 5427, 5516, -1, 5546, 5516, 5683, -1, 5683, 5516, 5615, -1,
 5683, 5615, 5698, -1, 5698, 5615, 5663, -1, 5698, 5663, 5829, -1,
 5829, 5663, 5801, -1, 5829, 5801, 5814, -1, 5076, 5048, 5282, -1,
 5282, 5048, 5247, -1, 5282, 5247, 5385, -1, 5385, 5247, 5355, -1,
 5385, 5355, 5427, -1, 4582, 4562, 4752, -1, 4752, 4562, 4725, -1,
 4752, 4725, 4893, -1, 4893, 4725, 4884, -1, 4893, 4884, 4921, -1,
 4921, 4884, 4891, -1, 4921, 4891, 5076, -1, 5076, 4891, 5003, -1,
 5076, 5003, 5048, -1, 4083, 4106, 4237, -1, 4237, 4106, 4208, -1,
 4237, 4208, 4414, -1, 4414, 4208, 4370, -1, 4414, 4370, 4472, -1,
 4472, 4370, 4503, -1, 4472, 4503, 4582, -1, 4582, 4503, 4544, -1,
 4582, 4544, 4562, -1, 3758, 3717, 3915, -1, 3915, 3717, 3882, -1,
 3915, 3882, 4037, -1, 4037, 3882, 3993, -1, 4037, 3993, 4083, -1,
 4083, 3993, 4041, -1, 4083, 4041, 4106, -1, 3254, 3236, 3411, -1,
 3411, 3236, 3379, -1, 3411, 3379, 3592, -1, 3592, 3379, 3554, -1,
 3592, 3554, 3642, -1, 3642, 3554, 3633, -1, 3642, 3633, 3758, -1,
 3758, 3633, 3674, -1, 3758, 3674, 3717, -1, 2768, 2841, 2899, -1,
 2899, 2841, 2872, -1, 2899, 2872, 3063, -1, 3063, 2872, 3035, -1,
 3063, 3035, 3215, -1, 3215, 3035, 3221, -1, 3215, 3221, 3254, -1,
 3254, 3221, 3227, -1, 3254, 3227, 3236, -1, 2899, 2787, 2715, -1,
 2715, 2787, 2745, -1, 2715, 2745, 2545, -1, 2545, 2745, 2576, -1,
 2545, 2576, 2457, -1, 2457, 2576, 2428, -1, 2090, 2059, 2260, -1,
 2260, 2059, 2234, -1, 2260, 2234, 2366, -1, 2366, 2234, 2328, -1,
 2366, 2328, 2411, -1, 2411, 2328, 2377, -1, 2411, 2377, 2428, -1,
 1650, 1708, 1782, -1, 1782, 1708, 1756, -1, 1782, 1756, 1979, -1,
 1979, 1756, 1916, -1, 1979, 1916, 2090, -1, 2090, 1916, 2057, -1,
 2090, 2057, 2059, -1, 1211, 1329, 1350, -1, 1350, 1329, 1399, -1,
 1350, 1399, 1506, -1, 1506, 1399, 1477, -1, 1506, 1477, 1616, -1,
 1616, 1477, 1521, -1, 1616, 1521, 1650, -1, 1650, 1521, 1629, -1,
 1650, 1629, 1708, -1, 1103, 1090, 1235, -1, 1235, 1090, 1166, -1,
 1235, 1166, 1211, -1, 966, 931, 880, -1, 880, 931, 920, -1,
 880, 920, 953, -1, 953, 920, 919, -1, 953, 919, 992, -1,
 992, 919, 985, -1, 992, 985, 1103, -1, 1103, 985, 1084, -1,
 1103, 1084, 1090, -1, 1001, 966, 1117, -1, 1117, 966, 1053, -1,
 1117, 1053, 1075, -1, 1785, 1655, 1626, -1, 1626, 1655, 1558, -1,
 1626, 1558, 1476, -1, 1476, 1558, 1508, -1, 1476, 1508, 1386, -1,
 1386, 1508, 1487, -1, 1386, 1487, 1326, -1, 1326, 1487, 1357, -1,
 1326, 1357, 1200, -1, 1200, 1357, 1240, -1, 1200, 1240, 1075, -1,
 1075, 1240, 1188, -1, 1075, 1188, 1174, -1, 1626, 1726, 1785, -1,
 1785, 1726, 1751, -1, 1785, 1751, 1818, -1, 2378, 2352, 2233, -1,
 2233, 2352, 2262, -1, 2233, 2262, 2097, -1, 2097, 2262, 2162, -1,
 2097, 2162, 2056, -1, 2056, 2162, 2094, -1, 2056, 2094, 1905, -1,
 1905, 2094, 1949, -1, 1905, 1949, 1751, -1, 1751, 1949, 1947, -1,
 1751, 1947, 1818, -1, 2918, 2901, 2871, -1, 2871, 2901, 2799, -1,
 2871, 2799, 2714, -1, 2714, 2799, 2748, -1, 2714, 2748, 2505, -1,
 2505, 2748, 2544, -1, 2505, 2544, 2378, -1, 2378, 2544, 2413, -1,
 2378, 2413, 2352, -1, 3720, 3702, 3556, -1, 3556, 3702, 3593, -1,
 3556, 3593, 3380, -1, 3380, 3593, 3414, -1, 3380, 3414, 3341, -1,
 3341, 3414, 3309, -1, 3341, 3309, 3222, -1, 3222, 3309, 3257, -1,
 3222, 3257, 3038, -1, 3038, 3257, 3256, -1, 3038, 3256, 3064, -1,
 4043, 4089, 3879, -1, 3879, 4089, 3914, -1, 3879, 3914, 3768, -1,
 3768, 3914, 3808, -1, 3768, 3808, 3720, -1, 3720, 3808, 3759, -1,
 3720, 3759, 3702, -1, 4545, 4579, 4374, -1, 4374, 4579, 4415, -1,
 4374, 4415, 4209, -1, 4209, 4415, 4240, -1, 4209, 4240, 4172, -1,
 4172, 4240, 4192, -1, 4172, 4192, 4043, -1, 4043, 4192, 4135, -1,
 4043, 4135, 4089, -1, 5035, 4966, 4887, -1, 4887, 4966, 4919, -1,
 4887, 4919, 4727, -1, 4727, 4919, 4754, -1, 4727, 4754, 4604, -1,
 4604, 4754, 4587, -1, 4604, 4587, 4545, -1, 4545, 4587, 4583, -1,
 4545, 4583, 4579, -1, 4887, 5012, 5074, -1, 5074, 5012, 5049, -1,
 5074, 5049, 5240, -1, 5240, 5049, 5199, -1, 5240, 5199, 5319, -1,
 5319, 5199, 5354, -1, 5788, 5713, 5672, -1, 5672, 5713, 5697, -1,
 5672, 5697, 5518, -1, 5518, 5697, 5543, -1, 5518, 5543, 5416, -1,
 5416, 5543, 5457, -1, 5416, 5457, 5356, -1, 5356, 5457, 5386, -1,
 5356, 5386, 5354, -1, 6102, 6056, 5964, -1, 5964, 6056, 5995, -1,
 5964, 5995, 5788, -1, 5788, 5995, 5834, -1, 5788, 5834, 5713, -1,
 6507, 6405, 6388, -1, 6388, 6405, 6356, -1, 6388, 6356, 6245, -1,
 6245, 6356, 6267, -1, 6245, 6267, 6143, -1, 6143, 6267, 6220, -1,
 6143, 6220, 6102, -1, 6102, 6220, 6118, -1, 6102, 6118, 6056, -1,
 6569, 6492, 6643, -1, 6643, 6492, 6617, -1, 6643, 6617, 6645, -1,
 6645, 6617, 6725, -1, 6725, 6617, 6720, -1, 6725, 6720, 6807, -1,
 6807, 6720, 6766, -1, 6807, 6766, 6837, -1, 6721, 6770, 6632, -1,
 6632, 6770, 6675, -1, 6632, 6675, 6664, -1, 5986, 6111, 6147, -1,
 6147, 6111, 6195, -1, 6147, 6195, 6283, -1, 6283, 6195, 6256, -1,
 6283, 6256, 6373, -1, 6373, 6256, 6265, -1, 6373, 6265, 6422, -1,
 6422, 6265, 6401, -1, 6422, 6401, 6546, -1, 6546, 6401, 6502, -1,
 6546, 6502, 6664, -1, 6664, 6502, 6547, -1, 6664, 6547, 6561, -1,
 6147, 6034, 5986, -1, 5986, 6034, 6021, -1, 5986, 6021, 5942, -1,
 5942, 6021, 5864, -1, 5942, 5864, 5823, -1, 5823, 5864, 5814, -1,
 5421, 5427, 5562, -1, 5562, 5427, 5537, -1, 5562, 5537, 5660, -1,
 5660, 5537, 5615, -1, 5660, 5615, 5722, -1, 5722, 5615, 5691, -1,
 5722, 5691, 5814, -1, 4936, 5003, 5109, -1, 5109, 5003, 5070, -1,
 5109, 5070, 5264, -1, 5264, 5070, 5247, -1, 5264, 5247, 5421, -1,
 5421, 5247, 5375, -1, 5421, 5375, 5427, -1, 4614, 4573, 4772, -1,
 4772, 4573, 4744, -1, 4772, 4744, 4878, -1, 4878, 4744, 4891, -1,
 4878, 4891, 4936, -1, 4936, 4891, 4904, -1, 4936, 4904, 5003, -1,
 4102, 4106, 4264, -1, 4264, 4106, 4230, -1, 4264, 4230, 4438, -1,
 4438, 4230, 4405, -1, 4438, 4405, 4453, -1, 4453, 4405, 4503, -1,
 4453, 4503, 4614, -1, 4614, 4503, 4562, -1, 4614, 4562, 4573, -1,
 3780, 3732, 3931, -1, 3931, 3732, 3896, -1, 3931, 3896, 4021, -1,
 4021, 3896, 3993, -1, 4021, 3993, 4102, -1, 4102, 3993, 4070, -1,
 4102, 4070, 4106, -1, 3227, 3236, 3272, -1, 3272, 3236, 3243, -1,
 3272, 3243, 3434, -1, 3434, 3243, 3392, -1, 3434, 3392, 3612, -1,
 3612, 3392, 3576, -1, 3612, 3576, 3623, -1, 3623, 3576, 3633, -1,
 3623, 3633, 3780, -1, 3780, 3633, 3674, -1, 3780, 3674, 3732, -1,
 3272, 3192, 3058, -1, 3058, 3192, 3084, -1, 3058, 3084, 2894, -1,
 2894, 3084, 2931, -1, 2894, 2931, 2841, -1, 2841, 2931, 2768, -1,
 2931, 2770, 2733, -1, 2733, 2770, 2762, -1, 2733, 2762, 2564, -1,
 2564, 2762, 2602, -1, 2564, 2602, 2457, -1, 2457, 2602, 2428, -1,
 1994, 2059, 2116, -1, 2116, 2059, 2077, -1, 2116, 2077, 2275, -1,
 2275, 2077, 2251, -1, 2275, 2251, 2376, -1, 2376, 2251, 2328, -1,
 2376, 2328, 2438, -1, 2438, 2328, 2399, -1, 2438, 2399, 2428, -1,
 1669, 1708, 1816, -1, 1816, 1708, 1769, -1, 1816, 1769, 1994, -1,
 1994, 1769, 1916, -1, 1994, 1916, 2059, -1, 1230, 1342, 1391, -1,
 1391, 1342, 1399, -1, 1391, 1399, 1519, -1, 1519, 1399, 1500, -1,
 1519, 1500, 1625, -1, 1625, 1500, 1521, -1, 1625, 1521, 1669, -1,
 1669, 1521, 1643, -1, 1669, 1643, 1708, -1, 1391, 1273, 1230, -1,
 1230, 1273, 1254, -1, 1230, 1254, 1166, -1, 1166, 1254, 1126, -1,
 1166, 1126, 1099, -1, 1099, 1126, 1090, -1, 999, 1003, 916, -1,
 916, 1003, 962, -1, 916, 962, 887, -1, 990, 941, 1089, -1,
 1089, 941, 1045, -1, 1089, 1045, 1060, -1, 1760, 1636, 1597, -1,
 1597, 1636, 1558, -1, 1597, 1558, 1463, -1, 1463, 1558, 1490, -1,
 1463, 1490, 1371, -1, 1371, 1490, 1487, -1, 1371, 1487, 1310, -1,
 1310, 1487, 1336, -1, 1310, 1336, 1177, -1, 1177, 1336, 1225, -1,
 1177, 1225, 1060, -1, 1060, 1225, 1188, -1, 1060, 1188, 1174, -1,
 1597, 1714, 1760, -1, 1760, 1714, 1728, -1, 1760, 1728, 1818, -1,
 1818, 1728, 1891, -1, 1818, 1891, 1926, -1, 1926, 1891, 1947, -1,
 2345, 2352, 2212, -1, 2212, 2352, 2245, -1, 2212, 2245, 2108, -1,
 2108, 2245, 2162, -1, 2108, 2162, 2038, -1, 2038, 2162, 2067, -1,
 2038, 2067, 1947, -1, 2848, 2799, 2682, -1, 2682, 2799, 2723, -1,
 2682, 2723, 2520, -1, 2520, 2723, 2544, -1, 2520, 2544, 2345, -1,
 2345, 2544, 2387, -1, 2345, 2387, 2352, -1, 3189, 3232, 3015, -1,
 3015, 3232, 3048, -1, 3015, 3048, 2927, -1, 2927, 3048, 2918, -1,
 2927, 2918, 2848, -1, 2848, 2918, 2888, -1, 2848, 2888, 2799, -1,
 3698, 3702, 3533, -1, 3533, 3702, 3570, -1, 3533, 3570, 3357, -1,
 3357, 3570, 3387, -1, 3357, 3387, 3350, -1, 3350, 3387, 3309, -1,
 3350, 3309, 3189, -1, 3189, 3309, 3256, -1, 3189, 3256, 3232, -1,
 4012, 4062, 3863, -1, 3863, 4062, 3888, -1, 3863, 3888, 3777, -1,
 3777, 3888, 3808, -1, 3777, 3808, 3698, -1, 3698, 3808, 3727, -1,
 3698, 3727, 3702, -1, 4587, 4579, 4529, -1, 4529, 4579, 4567, -1,
 4529, 4567, 4353, -1, 4353, 4567, 4400, -1, 4353, 4400, 4193, -1,
 4193, 4400, 4225, -1, 4193, 4225, 4190, -1, 4190, 4225, 4192, -1,
 4190, 4192, 4012, -1, 4012, 4192, 4135, -1, 4012, 4135, 4062, -1,
 4529, 4619, 4739, -1, 4739, 4619, 4707, -1, 4739, 4707, 4896, -1,
 4896, 4707, 4857, -1, 4896, 4857, 4966, -1, 4966, 4857, 5035, -1,
 5035, 4857, 5063, -1, 5063, 4857, 5026, -1, 5063, 5026, 5216, -1,
 5216, 5026, 5031, -1, 5216, 5031, 5178, -1, 5777, 5713, 5648, -1,
 5648, 5713, 5685, -1, 5648, 5685, 5502, -1, 5502, 5685, 5528, -1,
 5502, 5528, 5405, -1, 5405, 5528, 5457, -1, 5405, 5457, 5337, -1,
 5337, 5457, 5369, -1, 5337, 5369, 5354, -1, 6084, 6056, 5930, -1,
 5930, 6056, 5980, -1, 5930, 5980, 5777, -1, 5777, 5980, 5834, -1,
 5777, 5834, 5713, -1, 6495, 6393, 6357, -1, 6357, 6393, 6356, -1,
 6357, 6356, 6216, -1, 6216, 6356, 6252, -1, 6216, 6252, 6136, -1,
 6136, 6252, 6220, -1, 6136, 6220, 6084, -1, 6084, 6220, 6107, -1,
 6084, 6107, 6056, -1, 6357, 6470, 6495, -1, 6495, 6470, 6478, -1,
 6495, 6478, 6569, -1, 6569, 6478, 6601, -1, 6569, 6601, 6618, -1,
 6618, 6601, 6643, -1, 6716, 6709, 6800, -1, 6800, 6709, 6757, -1,
 6800, 6757, 6829, -1, 6733, 6788, 6652, -1, 6652, 6788, 6682, -1,
 6652, 6682, 6561, -1, 6561, 6682, 6681, -1, 6561, 6681, 6547, -1,
 6547, 6681, 6515, -1, 6515, 6681, 6565, -1, 6515, 6565, 6412, -1,
 6412, 6565, 6437, -1, 6412, 6437, 6272, -1, 6272, 6437, 6379, -1,
 6272, 6379, 6302, -1, 5739, 5814, 5876, -1, 5876, 5814, 5845, -1,
 5876, 5845, 6040, -1, 6040, 5845, 5942, -1, 6040, 5942, 6046, -1,
 6046, 5942, 6010, -1, 6046, 6010, 6166, -1, 6166, 6010, 6130, -1,
 6166, 6130, 6302, -1, 6302, 6130, 6195, -1, 6302, 6195, 6265, -1,
 5439, 5427, 5592, -1, 5592, 5427, 5554, -1, 5592, 5554, 5681, -1,
 5681, 5554, 5615, -1, 5681, 5615, 5739, -1, 5739, 5615, 5712, -1,
 5739, 5712, 5814, -1, 4972, 5003, 5132, -1, 5132, 5003, 5092, -1,
 5132, 5092, 5279, -1, 5279, 5092, 5247, -1, 5279, 5247, 5439, -1,
 5439, 5247, 5396, -1, 5439, 5396, 5427, -1, 4643, 4599, 4792, -1,
 4792, 4599, 4759, -1, 4792, 4759, 4890, -1, 4890, 4759, 4891, -1,
 4890, 4891, 4972, -1, 4972, 4891, 4925, -1, 4972, 4925, 5003, -1,
 4125, 4106, 4286, -1, 4286, 4106, 4255, -1, 4286, 4255, 4469, -1,
 4469, 4255, 4427, -1, 4469, 4427, 4473, -1, 4473, 4427, 4503, -1,
 4473, 4503, 4643, -1, 4643, 4503, 4562, -1, 4643, 4562, 4599, -1,
 3804, 3765, 3955, -1, 3955, 3765, 3923, -1, 3955, 3923, 4036, -1,
 4036, 3923, 3993, -1, 4036, 3993, 4125, -1, 4125, 3993, 4096, -1,
 4125, 4096, 4106, -1, 3227, 3236, 3294, -1, 3294, 3236, 3262, -1,
 3294, 3262, 3467, -1, 3467, 3262, 3424, -1, 3467, 3424, 3640, -1,
 3640, 3424, 3601, -1, 3640, 3601, 3646, -1, 3646, 3601, 3633, -1,
 3646, 3633, 3804, -1, 3804, 3633, 3674, -1, 3804, 3674, 3765, -1,
 3294, 3207, 3069, -1, 3069, 3207, 3112, -1, 3069, 3112, 2922, -1,
 2922, 3112, 2957, -1, 2922, 2957, 2841, -1, 2841, 2957, 2794, -1,
 2453, 2457, 2629, -1, 2629, 2457, 2592, -1, 2629, 2592, 2784, -1,
 2784, 2592, 2753, -1, 2784, 2753, 2794, -1, 2794, 2753, 2768, -1,
 2794, 2768, 2841, -1, 1974, 2059, 2136, -1, 2136, 2059, 2109, -1,
 2136, 2109, 2301, -1, 2301, 2109, 2269, -1, 2301, 2269, 2364, -1,
 2364, 2269, 2328, -1, 2364, 2328, 2453, -1, 2453, 2328, 2421, -1,
 2453, 2421, 2428, -1, 1681, 1708, 1838, -1, 1838, 1708, 1805, -1,
 1838, 1805, 1974, -1, 1974, 1805, 1916, -1, 1974, 1916, 2059, -1,
 1407, 1399, 1536, -1, 1536, 1399, 1513, -1, 1536, 1513, 1613, -1,
 1613, 1513, 1521, -1, 1613, 1521, 1681, -1, 1681, 1521, 1666, -1,
 1681, 1666, 1708, -1, 1013, 1090, 1138, -1, 1138, 1090, 1125, -1,
 1138, 1125, 1259, -1, 1259, 1125, 1166, -1, 1259, 1166, 1277, -1,
 1277, 1166, 1250, -1, 1277, 1250, 1407, -1, 1407, 1250, 1378, -1,
 1407, 1378, 1399, -1, 1006, 1013, 924, -1, 924, 1013, 951, -1,
 924, 951, 904, -1, 976, 921, 1078, -1, 1078, 921, 1034, -1,
 1078, 1034, 1057, -1, 1188, 1057, 1196, -1, 1196, 1057, 1162, -1,
 1196, 1162, 1324, -1, 1324, 1162, 1295, -1, 1324, 1295, 1474, -1,
 1474, 1295, 1392, -1, 1474, 1392, 1437, -1, 2022, 1947, 1865, -1,
 1865, 1947, 1899, -1, 1865, 1899, 1727, -1, 1727, 1899, 1818, -1,
 1727, 1818, 1705, -1, 1705, 1818, 1746, -1, 1705, 1746, 1581, -1,
 1581, 1746, 1617, -1, 1581, 1617, 1437, -1, 1437, 1617, 1558, -1,
 1437, 1558, 1487, -1, 2326, 2352, 2171, -1, 2171, 2352, 2225, -1,
 2171, 2225, 2096, -1, 2096, 2225, 2162, -1, 2096, 2162, 2022, -1,
 2022, 2162, 2052, -1, 2022, 2052, 1947, -1, 2820, 2799, 2662, -1,
 2662, 2799, 2698, -1, 2662, 2698, 2502, -1, 2502, 2698, 2544, -1,
 2502, 2544, 2489, -1, 2489, 2544, 2538, -1, 2489, 2538, 2326, -1,
 2326, 2538, 2365, -1, 2326, 2365, 2352, -1, 3160, 3210, 2992, -1,
 2992, 3210, 3029, -1, 2992, 3029, 2913, -1, 2913, 3029, 2918, -1,
 2913, 2918, 2820, -1, 2820, 2918, 2863, -1, 2820, 2863, 2799, -1,
 3677, 3702, 3506, -1, 3506, 3702, 3543, -1, 3506, 3543, 3340, -1,
 3340, 3543, 3367, -1, 3340, 3367, 3323, -1, 3323, 3367, 3309, -1,
 3323, 3309, 3160, -1, 3160, 3309, 3256, -1, 3160, 3256, 3210, -1,
 4162, 4135, 3990, -1, 3990, 4135, 4027, -1, 3990, 4027, 3832, -1,
 3832, 4027, 3870, -1, 3832, 3870, 3769, -1, 3769, 3870, 3808, -1,
 3769, 3808, 3677, -1, 3677, 3808, 3709, -1, 3677, 3709, 3702, -1,
 4587, 4579, 4509, -1, 4509, 4579, 4535, -1, 4509, 4535, 4316, -1,
 4316, 4535, 4361, -1, 4316, 4361, 4174, -1, 4174, 4361, 4201, -1,
 4174, 4201, 4162, -1, 4162, 4201, 4192, -1, 4162, 4192, 4135, -1,
 4509, 4605, 4721, -1, 4721, 4605, 4681, -1, 4721, 4681, 4872, -1,
 4872, 4681, 4838, -1, 4872, 4838, 4966, -1, 4966, 4838, 4998, -1,
 5314, 5319, 5159, -1, 5159, 5319, 5187, -1, 5159, 5187, 5013, -1,
 5013, 5187, 5039, -1, 5013, 5039, 4998, -1, 4998, 5039, 5035, -1,
 4998, 5035, 4966, -1, 5413, 5354, 5314, -1, 5314, 5354, 5346, -1,
 5314, 5346, 5319, -1, 5763, 5713, 5626, -1, 5626, 5713, 5652, -1,
 5626, 5652, 5477, -1, 5477, 5652, 5508, -1, 5477, 5508, 5413, -1,
 5413, 5508, 5457, -1, 5413, 5457, 5354, -1, 6071, 6056, 5912, -1,
 5912, 6056, 5944, -1, 5912, 5944, 5784, -1, 5784, 5944, 5834, -1,
 5784, 5834, 5763, -1, 5763, 5834, 5794, -1, 5763, 5794, 5713, -1,
 6336, 6356, 6196, -1, 6196, 6356, 6225, -1, 6196, 6225, 6142, -1,
 6142, 6225, 6220, -1, 6142, 6220, 6071, -1, 6071, 6220, 6094, -1,
 6071, 6094, 6056, -1, 6701, 6643, 6586, -1, 6586, 6643, 6602, -1,
 6586, 6602, 6476, -1, 6476, 6602, 6569, -1, 6476, 6569, 6453, -1,
 6453, 6569, 6483, -1, 6453, 6483, 6336, -1, 6336, 6483, 6365, -1,
 6336, 6365, 6356, -1, 6708, 6701, 6795, -1, 6795, 6701, 6764, -1,
 6795, 6764, 6813, -1, 6748, 6812, 6662, -1, 6662, 6812, 6696, -1,
 6662, 6696, 6676, -1, 6292, 6425, 6448, -1, 6448, 6425, 6547, -1,
 6448, 6547, 6582, -1, 6582, 6547, 6548, -1, 6582, 6548, 6561, -1,
 5754, 5814, 5905, -1, 5905, 5814, 5867, -1, 5905, 5867, 6035, -1,
 6035, 5867, 5942, -1, 6035, 5942, 6064, -1, 6064, 5942, 6025, -1,
 6064, 6025, 6190, -1, 6190, 6025, 6152, -1, 6190, 6152, 6331, -1,
 6331, 6152, 6195, -1, 6331, 6195, 6265, -1, 5305, 5427, 5469, -1,
 5469, 5427, 5429, -1, 5469, 5429, 5620, -1, 5620, 5429, 5570, -1,
 5620, 5570, 5661, -1, 5661, 5570, 5615, -1, 5661, 5615, 5754, -1,
 5754, 5615, 5727, -1, 5754, 5727, 5814, -1, 4990, 5003, 5149, -1,
 5149, 5003, 5117, -1, 5149, 5117, 5265, -1, 5265, 5117, 5247, -1,
 5265, 5247, 5305, -1, 5305, 5247, 5258, -1, 5305, 5258, 5427, -1,
 4666, 4624, 4823, -1, 4823, 4624, 4781, -1, 4823, 4781, 4879, -1,
 4879, 4781, 4891, -1, 4879, 4891, 4990, -1, 4990, 4891, 4956, -1,
 4990, 4956, 5003, -1, 4152, 4116, 4310, -1, 4310, 4116, 4276, -1,
 4310, 4276, 4457, -1, 4457, 4276, 4447, -1, 4457, 4447, 4496, -1,
 4496, 4447, 4503, -1, 4496, 4503, 4666, -1, 4666, 4503, 4562, -1,
 4666, 4562, 4624, -1, 3668, 3674, 3828, -1, 3828, 3674, 3793, -1,
 3828, 3793, 3985, -1, 3985, 3793, 3941, -1, 3985, 3941, 4022, -1,
 4022, 3941, 3993, -1, 4022, 3993, 4152, -1, 4152, 3993, 4106, -1,
 4152, 4106, 4116, -1, 3227, 3236, 3315, -1, 3315, 3236, 3287, -1,
 3315, 3287, 3497, -1, 3497, 3287, 3447, -1, 3497, 3447, 3624, -1,
 3624, 3447, 3630, -1, 3624, 3630, 3668, -1, 3668, 3630, 3633, -1,
 3668, 3633, 3674, -1, 3315, 3194, 3099, -1, 3099, 3194, 3147, -1,
 3099, 3147, 2943, -1, 2943, 3147, 2973, -1, 2943, 2973, 2841, -1,
 2841, 2973, 2815, -1, 2478, 2457, 2645, -1, 2645, 2457, 2610, -1,
 2645, 2610, 2771, -1, 2771, 2610, 2768, -1, 2771, 2768, 2815, -1,
 2815, 2768, 2781, -1, 2815, 2781, 2841, -1, 2356, 2428, 2478, -1,
 2478, 2428, 2446, -1, 2478, 2446, 2457, -1, 2014, 2059, 2153, -1,
 2153, 2059, 2130, -1, 2153, 2130, 2319, -1, 2319, 2130, 2285, -1,
 2319, 2285, 2356, -1, 2356, 2285, 2328, -1, 2356, 2328, 2428, -1,
 1528, 1677, 1701, -1, 1701, 1677, 1708, -1, 1701, 1708, 1858, -1,
 1858, 1708, 1827, -1, 1858, 1827, 1964, -1, 1964, 1827, 1916, -1,
 1964, 1916, 2014, -1, 2014, 1916, 1981, -1, 2014, 1981, 2059, -1,
 1701, 1602, 1528, -1, 1528, 1602, 1573, -1, 1528, 1573, 1521, -1,
 1521, 1573, 1420, -1, 1521, 1420, 1404, -1, 1404, 1420, 1399, -1,
 1027, 1090, 1156, -1, 1156, 1090, 1135, -1, 1156, 1135, 1255, -1,
 1255, 1135, 1166, -1, 1255, 1166, 1291, -1, 1291, 1166, 1272, -1,
 1291, 1272, 1399, -1, 1015, 1027, 932, -1, 932, 1027, 945, -1,
 932, 945, 913, -1, 1457, 1306, 1282, -1, 1282, 1306, 1188, -1,
 1282, 1188, 1143, -1, 1143, 1188, 1176, -1, 1143, 1176, 1065, -1,
 1065, 1176, 1174, -1, 1065, 1174, 1017, -1, 1017, 1174, 1066, -1,
 1017, 1066, 905, -1, 905, 1066, 965, -1, 905, 965, 931, -1,
 2001, 1947, 1848, -1, 1848, 1947, 1881, -1, 1848, 1881, 1735, -1,
 1735, 1881, 1818, -1, 1735, 1818, 1685, -1, 1685, 1818, 1722, -1,
 1685, 1722, 1413, -1, 1413, 1722, 1558, -1, 1413, 1558, 1487, -1,
 2467, 2352, 2308, -1, 2308, 2352, 2340, -1, 2308, 2340, 2144, -1,
 2144, 2340, 2199, -1, 2144, 2199, 2118, -1, 2118, 2199, 2162, -1,
 2118, 2162, 2001, -1, 2001, 2162, 2033, -1, 2001, 2033, 1947, -1,
 2798, 2799, 2637, -1, 2637, 2799, 2676, -1, 2637, 2676, 2533, -1,
 2533, 2676, 2544, -1, 2533, 2544, 2467, -1, 2467, 2544, 2517, -1,
 2467, 2517, 2352, -1, 3309, 3256, 3135, -1, 3135, 3256, 3182, -1,
 3135, 3182, 2967, -1, 2967, 3182, 3010, -1, 2967, 3010, 2937, -1,
 2937, 3010, 2918, -1, 2937, 2918, 2798, -1, 2798, 2918, 2829, -1,
 2798, 2829, 2799, -1, 3342, 3303, 3523, -1, 3523, 3303, 3361, -1,
 3523, 3361, 3483, -1, 4133, 4135, 3966, -1, 3966, 4135, 3999, -1,
 3966, 3999, 3811, -1, 3811, 3999, 3853, -1, 3811, 3853, 3797, -1,
 3797, 3853, 3808, -1, 3797, 3808, 3661, -1, 3661, 3808, 3702, -1,
 3661, 3702, 3693, -1, 4587, 4579, 4479, -1, 4479, 4579, 4518, -1,
 4479, 4518, 4293, -1, 4293, 4518, 4335, -1, 4293, 4335, 4204, -1,
 4204, 4335, 4192, -1, 4204, 4192, 4133, -1, 4133, 4192, 4169, -1,
 4133, 4169, 4135, -1, 4479, 4638, 4697, -1, 4697, 4638, 4650, -1,
 4697, 4650, 4966, -1, 4966, 4650, 4976, -1, 5293, 5319, 5138, -1,
 5138, 5319, 5171, -1, 5138, 5171, 5045, -1, 5045, 5171, 5035, -1,
 5045, 5035, 4976, -1, 4976, 5035, 5005, -1, 4976, 5005, 4966, -1,
 5435, 5354, 5293, -1, 5293, 5354, 5322, -1, 5293, 5322, 5319, -1,
 5745, 5713, 5611, -1, 5611, 5713, 5637, -1, 5611, 5637, 5460, -1,
 5460, 5637, 5489, -1, 5460, 5489, 5435, -1, 5435, 5489, 5457, -1,
 5435, 5457, 5354, -1, 6209, 6075, 6057, -1, 6057, 6075, 6056, -1,
 6057, 6056, 5882, -1, 5882, 6056, 5919, -1, 5882, 5919, 5804, -1,
 5804, 5919, 5834, -1, 5804, 5834, 5745, -1, 5745, 5834, 5769, -1,
 5745, 5769, 5713, -1, 6057, 6159, 6209, -1, 6209, 6159, 6171, -1,
 6209, 6171, 6220, -1, 6220, 6171, 6317, -1, 6220, 6317, 6341, -1,
 6341, 6317, 6356, -1, 6689, 6643, 6571, -1, 6571, 6643, 6588, -1,
 6571, 6588, 6491, -1, 6491, 6588, 6569, -1, 6491, 6569, 6441, -1,
 6441, 6569, 6458, -1, 6441, 6458, 6356, -1, 6698, 6689, 6783, -1,
 6783, 6689, 6786, -1, 6783, 6786, 6794, -1, 6765, 6828, 6674, -1,
 6674, 6828, 6707, -1, 6674, 6707, 6566, -1, 6566, 6707, 6661, -1,
 6566, 6661, 6598, -1, 6349, 6308, 6465, -1, 6465, 6308, 6439, -1,
 6465, 6439, 6598, -1, 6598, 6439, 6547, -1, 6598, 6547, 6561, -1,
 5774, 5814, 5924, -1, 5924, 5814, 5879, -1, 5924, 5879, 6017, -1,
 6017, 5879, 5942, -1, 6017, 5942, 6079, -1, 6079, 5942, 6053, -1,
 6079, 6053, 6347, -1, 6347, 6053, 6195, -1, 6347, 6195, 6265, -1,
 5323, 5427, 5495, -1, 5495, 5427, 5456, -1, 5495, 5456, 5640, -1,
 5640, 5456, 5606, -1, 5640, 5606, 5644, -1, 5644, 5606, 5615, -1,
 5644, 5615, 5774, -1, 5774, 5615, 5743, -1, 5774, 5743, 5814, -1,
 5011, 5003, 5173, -1, 5173, 5003, 5136, -1, 5173, 5136, 5245, -1,
 5245, 5136, 5247, -1, 5245, 5247, 5323, -1, 5323, 5247, 5292, -1,
 5323, 5292, 5427, -1, 4503, 4562, 4699, -1, 4699, 4562, 4649, -1,
 4699, 4649, 4848, -1, 4848, 4649, 4809, -1, 4848, 4809, 4850, -1,
 4850, 4809, 4891, -1, 4850, 4891, 5011, -1, 5011, 4891, 4977, -1,
 5011, 4977, 5003, -1, 4480, 4519, 4294, -1, 4294, 4519, 4428, -1,
 4294, 4428, 4336, -1, 3691, 3674, 3858, -1, 3858, 3674, 3813, -1,
 3858, 3813, 3997, -1, 3997, 3813, 3967, -1, 3997, 3967, 4002, -1,
 4002, 3967, 3993, -1, 4002, 3993, 4167, -1, 4167, 3993, 4106, -1,
 4167, 4106, 4132, -1, 3227, 3236, 3343, -1, 3343, 3236, 3306, -1,
 3343, 3306, 3524, -1, 3524, 3306, 3486, -1, 3524, 3486, 3598, -1,
 3598, 3486, 3633, -1, 3598, 3633, 3691, -1, 3691, 3633, 3656, -1,
 3691, 3656, 3674, -1, 3343, 3181, 3136, -1, 3136, 3181, 3172, -1,
 3136, 3172, 2841, -1, 2841, 3172, 2832, -1, 2508, 2466, 2675, -1,
 2675, 2466, 2638, -1, 2675, 2638, 2749, -1, 2749, 2638, 2768, -1,
 2749, 2768, 2832, -1, 2832, 2768, 2804, -1, 2832, 2804, 2841, -1,
 2339, 2428, 2508, -1, 2508, 2428, 2457, -1, 2508, 2457, 2466, -1,
 2031, 2059, 2196, -1, 2196, 2059, 2148, -1, 2196, 2148, 2332, -1,
 2332, 2148, 2312, -1, 2332, 2312, 2339, -1, 2339, 2312, 2328, -1,
 2339, 2328, 2428, -1, 1720, 1708, 1877, -1, 1877, 1708, 1852, -1,
 1877, 1852, 1945, -1, 1945, 1852, 1916, -1, 1945, 1916, 2031, -1,
 2031, 1916, 2006, -1, 2031, 2006, 2059, -1, 1303, 1399, 1454, -1,
 1454, 1399, 1417, -1, 1454, 1417, 1584, -1, 1584, 1417, 1521, -1,
 1584, 1521, 1592, -1, 1592, 1521, 1564, -1, 1592, 1564, 1720, -1,
 1720, 1564, 1693, -1, 1720, 1693, 1708, -1, 1050, 1090, 1173, -1,
 1173, 1090, 1152, -1, 1173, 1152, 1234, -1, 1234, 1152, 1166, -1,
 1234, 1166, 1303, -1, 1303, 1166, 1286, -1, 1303, 1286, 1399, -1,
 1030, 1050, 942, -1, 942, 1050, 937, -1, 942, 937, 919, -1,
 919, 937, 926, -1, 919, 926, 931, -1, 931, 926, 889, -1,
 931, 889, 947, -1, 947, 889, 1040, -1, 1040, 889, 1007, -1,
 1040, 1007, 1160, -1, 1160, 1007, 1079, -1, 1160, 1079, 1129, -1,
 1673, 1558, 1410, -1, 1410, 1558, 1487, -1, 1410, 1487, 1398, -1,
 1398, 1487, 1423, -1, 1398, 1423, 1261, -1, 1261, 1423, 1292, -1,
 1261, 1292, 1129, -1, 1129, 1292, 1188, -1, 1129, 1188, 1174, -1,
 1975, 1947, 1824, -1, 1824, 1947, 1859, -1, 1824, 1859, 1757, -1,
 1757, 1859, 1818, -1, 1757, 1818, 1673, -1, 1673, 1818, 1702, -1,
 1673, 1702, 1558, -1, 2445, 2352, 2282, -1, 2282, 2352, 2322, -1,
 2282, 2322, 2143, -1, 2143, 2322, 2162, -1, 2143, 2162, 2123, -1,
 2123, 2162, 2156, -1, 2123, 2156, 1975, -1, 1975, 2156, 2015, -1,
 1975, 2015, 1947, -1, 2776, 2799, 2609, -1, 2609, 2799, 2647, -1,
 2609, 2647, 2555, -1, 2555, 2647, 2544, -1, 2555, 2544, 2445, -1,
 2445, 2544, 2480, -1, 2445, 2480, 2352, -1, 3309, 3256, 3098, -1,
 3098, 3256, 3153, -1, 3098, 3153, 2964, -1, 2964, 3153, 2974, -1,
 2964, 2974, 2942, -1, 2942, 2974, 2918, -1, 2942, 2918, 2776, -1,
 2776, 2918, 2814, -1, 2776, 2814, 2799, -1, 3314, 3286, 3496, -1,
 3496, 3286, 3384, -1, 3496, 3384, 3446, -1, 4117, 4135, 3938, -1,
 3938, 4135, 3983, -1, 3938, 3983, 3818, -1, 3818, 3983, 3826, -1,
 3818, 3826, 3792, -1, 3792, 3826, 3808, -1, 3792, 3808, 3634, -1,
 3634, 3808, 3702, -1, 3634, 3702, 3669, -1, 4587, 4579, 4446, -1,
 4446, 4579, 4493, -1, 4446, 4493, 4277, -1, 4277, 4493, 4309, -1,
 4277, 4309, 4227, -1, 4227, 4309, 4192, -1, 4227, 4192, 4117, -1,
 4117, 4192, 4153, -1, 4117, 4153, 4135, -1, 4446, 4627, 4664, -1,
 4664, 4627, 4656, -1, 4664, 4656, 4966, -1, 4966, 4656, 4952, -1,
 5262, 5306, 5116, -1, 5116, 5306, 5146, -1, 5116, 5146, 5068, -1,
 5068, 5146, 5035, -1, 5068, 5035, 4952, -1, 4952, 5035, 4987, -1,
 4952, 4987, 4966, -1, 5430, 5354, 5262, -1, 5262, 5354, 5319, -1,
 5262, 5319, 5306, -1, 5729, 5713, 5574, -1, 5574, 5713, 5616, -1,
 5574, 5616, 5464, -1, 5464, 5616, 5468, -1, 5464, 5468, 5430, -1,
 5430, 5468, 5457, -1, 5430, 5457, 5354, -1, 6026, 6056, 5869, -1,
 5869, 6056, 5900, -1, 5869, 5900, 5824, -1, 5824, 5900, 5834, -1,
 5824, 5834, 5729, -1, 5729, 5834, 5751, -1, 5729, 5751, 5713, -1,
 6428, 6356, 6296, -1, 6296, 6356, 6326, -1, 6296, 6326, 6185, -1,
 6185, 6326, 6220, -1, 6185, 6220, 6155, -1, 6155, 6220, 6184, -1,
 6155, 6184, 6026, -1, 6026, 6184, 6059, -1, 6026, 6059, 6056, -1,
 6666, 6643, 6553, -1, 6553, 6643, 6575, -1, 6553, 6575, 6505, -1,
 6505, 6575, 6569, -1, 6505, 6569, 6428, -1, 6428, 6569, 6444, -1,
 6428, 6444, 6356, -1, 6688, 6666, 6772, -1, 6772, 6666, 6774, -1,
 6772, 6774, 6803, -1, 6803, 6774, 6810, -1, 6803, 6810, 6790, -1,
 6790, 6810, 6835, -1, 6790, 6835, 6780, -1, 6780, 6835, 6692, -1,
 6692, 6835, 6717, -1, 6692, 6717, 6583, -1, 6583, 6717, 6649, -1,
 6583, 6649, 6611, -1, 6099, 6195, 6332, -1, 6332, 6195, 6265, -1,
 6332, 6265, 6371, -1, 6371, 6265, 6334, -1, 6371, 6334, 6487, -1,
 6487, 6334, 6450, -1, 6487, 6450, 6611, -1, 6611, 6450, 6547, -1,
 6611, 6547, 6561, -1, 5799, 5814, 5957, -1, 5957, 5814, 5909, -1,
 5957, 5909, 5992, -1, 5992, 5909, 5942, -1, 5992, 5942, 6099, -1,
 6099, 5942, 6070, -1, 6099, 6070, 6195, -1, 5347, 5427, 5511, -1,
 5511, 5427, 5476, -1, 5511, 5476, 5621, -1, 5621, 5476, 5615, -1,
 5621, 5615, 5655, -1, 5655, 5615, 5623, -1, 5655, 5623, 5799, -1,
 5799, 5623, 5759, -1, 5799, 5759, 5814, -1, 4874, 4891, 5043, -1,
 5043, 4891, 4999, -1, 5043, 4999, 5189, -1, 4999, 5003, 5189, -1,
 5189, 5003, 5157, -1, 5189, 5157, 5233, -1, 5233, 5157, 5247, -1,
 5233, 5247, 5347, -1, 5347, 5247, 5313, -1, 5347, 5313, 5427, -1,
 4832, 4874, 4680, -1, 4680, 4874, 4824, -1, 4680, 4824, 4722, -1,
 4200, 4161, 4362, -1, 4362, 4161, 4317, -1, 4362, 4317, 4406, -1,
 4406, 4317, 4503, -1, 4406, 4503, 4541, -1, 4541, 4503, 4508, -1,
 4541, 4508, 4562, -1, 3835, 3991, 4028, -1, 4028, 3991, 3993, -1,
 4028, 3993, 4200, -1, 4200, 3993, 4106, -1, 4200, 4106, 4161, -1,
 3227, 3236, 3368, -1, 3368, 3236, 3324, -1, 3368, 3324, 3542, -1,
 3542, 3324, 3507, -1, 3542, 3507, 3574, -1, 3574, 3507, 3633, -1,
 3574, 3633, 3707, -1, 3707, 3633, 3673, -1, 3707, 3673, 3873, -1,
 3873, 3673, 3674, -1, 3873, 3674, 3835, -1, 3368, 3208, 3163, -1,
 3163, 3208, 3139, -1, 3163, 3139, 2841, -1, 2841, 3139, 2864, -1,
 2537, 2488, 2700, -1, 2700, 2488, 2666, -1, 2700, 2666, 2726, -1,
 2726, 2666, 2768, -1, 2726, 2768, 2864, -1, 2864, 2768, 2824, -1,
 2864, 2824, 2841, -1, 2363, 2428, 2537, -1, 2537, 2428, 2457, -1,
 2537, 2457, 2488, -1, 2049, 2059, 2223, -1, 2223, 2059, 2176, -1,
 2223, 2176, 2313, -1, 2313, 2176, 2328, -1, 2313, 2328, 2363, -1,
 2363, 2328, 2329, -1, 2363, 2329, 2428, -1, 1614, 1708, 1744, -1,
 1744, 1708, 1709, -1, 1744, 1709, 1897, -1, 1897, 1709, 1872, -1,
 1897, 1872, 1923, -1, 1923, 1872, 1916, -1, 1923, 1916, 2049, -1,
 2049, 1916, 2026, -1, 2049, 2026, 2059, -1, 1321, 1399, 1468, -1,
 1468, 1399, 1445, -1, 1468, 1445, 1562, -1, 1562, 1445, 1521, -1,
 1562, 1521, 1614, -1, 1614, 1521, 1585, -1, 1614, 1585, 1708, -1,
 1298, 1321, 1169, -1, 1169, 1321, 1218, -1, 1169, 1218, 1191, -1,
 1052, 1072, 956, -1, 956, 1072, 961, -1, 956, 961, 919, -1,
 919, 961, 908, -1, 919, 908, 931, -1, 931, 908, 882, -1,
 931, 882, 934, -1, 934, 882, 1022, -1, 1022, 882, 996, -1,
 1022, 996, 1142, -1, 1142, 996, 1093, -1, 1142, 1093, 1113, -1,
 1662, 1682, 1644, -1, 1644, 1682, 1558, -1, 1644, 1558, 1430, -1,
 1430, 1558, 1487, -1, 1430, 1487, 1365, -1, 1365, 1487, 1408, -1,
 1365, 1408, 1242, -1, 1242, 1408, 1279, -1, 1242, 1279, 1113, -1,
 1113, 1279, 1188, -1, 1113, 1188, 1174, -1, 6916, 6244, 6342, -1,
 3042, 3499, 3400, -1, 7662, 7696, 7696, -1, 420, 382, 382, -1,
 3619, 3733, 3733, -1, 3585, 3473, 3473, -1, 2989, 2846, 2846, -1,
 5545, 5583, 5583, -1, 7021, 7015, 7015, -1, 3579, 3751, 3751, -1,
 316, 410, 415, -1, 415, 410, 497, -1, 497, 410, 538, -1,
 497, 538, 538, -1, 538, 538, 541, -1, 538, 541, 665, -1,
 415, 321, 316, -1, 316, 321, 316, -1, 316, 316, 279, -1,
 279, 316, 228, -1, 279, 228, 144, -1, 144, 228, 139, -1,
 144, 139, 83, -1, 83, 139, 83, -1, 83, 83, 13, -1,
 13, 83, 43, -1, 13, 43, 98, -1, 98, 43, 18, -1,
 98, 18, 124, -1, 18, 117, 124, -1, 124, 117, 124, -1,
 124, 124, 224, -1, 124, 204, 224, -1, 224, 204, 304, -1,
 224, 304, 355, -1, 355, 304, 355, -1, 355, 355, 360, -1,
 360, 355, 385, -1, 360, 385, 492, -1, 7521, 7480, 7504, -1,
 7504, 7480, 7480, -1, 7480, 7480, 7418, -1, 7418, 7480, 7329, -1,
 7418, 7329, 7298, -1, 7298, 7329, 7242, -1, 7298, 7242, 7256, -1,
 7013, 7053, 7159, -1, 7159, 7053, 7176, -1, 7159, 7176, 7242, -1,
 7242, 7176, 7242, -1, 7242, 7242, 7256, -1, 6386, 6389, 6511, -1,
 6511, 6389, 6920, -1, 6511, 6920, 6983, -1, 6983, 6920, 6998, -1,
 6983, 6998, 7013, -1, 7013, 6998, 7013, -1, 7013, 7013, 7053, -1,
 5819, 5584, 5584, -1, 5584, 5873, 5819, -1, 5819, 5873, 6227, -1,
 5819, 6227, 6386, -1, 6386, 6227, 6386, -1, 6386, 6386, 6389, -1,
 5318, 5432, 5584, -1, 5584, 5432, 5512, -1, 5584, 5512, 5584, -1,
 4334, 4334, 4356, -1, 4356, 4334, 4506, -1, 4356, 4506, 4828, -1,
 4506, 4747, 4828, -1, 4828, 4747, 4831, -1, 4828, 4831, 4964, -1,
 4964, 4831, 4964, -1, 4964, 4964, 5318, -1, 5318, 4964, 5179, -1,
 5318, 5179, 5432, -1, 3751, 3751, 3891, -1, 3751, 3809, 3891, -1,
 3891, 3809, 4038, -1, 3891, 4038, 4334, -1, 4334, 4038, 4271, -1,
 4334, 4271, 4334, -1, 3579, 3751, 3328, -1, 3328, 3751, 3435, -1,
 3328, 3435, 3154, -1, 3154, 3435, 3154, -1, 3154, 3154, 3074, -1,
 3074, 3154, 2827, -1, 2827, 3154, 2963, -1, 2827, 2963, 2577, -1,
 2577, 2963, 2507, -1, 2577, 2507, 2507, -1, 2507, 2507, 2451, -1,
 2507, 2451, 2043, -1, 2043, 2451, 1933, -1, 2043, 1933, 1815, -1,
 1815, 1933, 1815, -1, 1815, 1815, 1733, -1, 1733, 1815, 1181, -1,
 1733, 1181, 1354, -1, 731, 754, 823, -1, 823, 754, 823, -1,
 823, 823, 1181, -1, 1181, 823, 848, -1, 1181, 848, 1354, -1,
 398, 493, 569, -1, 569, 493, 580, -1, 569, 580, 600, -1,
 600, 580, 600, -1, 600, 600, 731, -1, 731, 600, 666, -1,
 731, 666, 754, -1, 211, 156, 156, -1, 156, 223, 211, -1,
 211, 223, 319, -1, 211, 319, 381, -1, 381, 319, 381, -1,
 381, 381, 398, -1, 398, 381, 411, -1, 398, 411, 493, -1,
 53, 22, 29, -1, 29, 22, 35, -1, 29, 35, 156, -1,
 156, 35, 136, -1, 156, 136, 156, -1, 283, 210, 122, -1,
 122, 210, 121, -1, 122, 121, 53, -1, 53, 121, 53, -1,
 53, 53, 22, -1, 473, 390, 306, -1, 306, 390, 308, -1,
 306, 308, 283, -1, 283, 308, 283, -1, 283, 283, 210, -1,
 646, 726, 726, -1, 726, 656, 646, -1, 646, 656, 567, -1,
 646, 567, 511, -1, 511, 567, 511, -1, 511, 511, 473, -1,
 473, 511, 481, -1, 473, 481, 390, -1, 1349, 1252, 810, -1,
 810, 1252, 831, -1, 810, 831, 726, -1, 726, 831, 738, -1,
 726, 738, 726, -1, 2189, 2189, 2184, -1, 2184, 2189, 1976, -1,
 2184, 1976, 1587, -1, 1587, 1976, 1663, -1, 1587, 1663, 1349, -1,
 1349, 1663, 1349, -1, 1349, 1349, 1252, -1, 2691, 2830, 2830, -1,
 2830, 2772, 2691, -1, 2691, 2772, 2522, -1, 2691, 2522, 2189, -1,
 2189, 2522, 2258, -1, 2189, 2258, 2189, -1, 3453, 3453, 3186, -1,
 3186, 3453, 3280, -1, 3186, 3280, 2830, -1, 2830, 3280, 3028, -1,
 2830, 3028, 2830, -1, 4055, 3981, 3665, -1, 3665, 3981, 3752, -1,
 3665, 3752, 3453, -1, 3453, 3752, 3522, -1, 3453, 3522, 3453, -1,
 4654, 4654, 4576, -1, 4576, 4654, 4462, -1, 4576, 4462, 4104, -1,
 4104, 4462, 4220, -1, 4104, 4220, 4055, -1, 4055, 4220, 4055, -1,
 4055, 4055, 3981, -1, 5061, 5272, 5272, -1, 5272, 5198, 5061, -1,
 5061, 5198, 4946, -1, 5061, 4946, 4654, -1, 4654, 4946, 4715, -1,
 4654, 4715, 4654, -1, 5935, 5935, 5541, -1, 5541, 5935, 5715, -1,
 5541, 5715, 5272, -1, 5272, 5715, 5454, -1, 5272, 5454, 5272, -1,
 7076, 7125, 7125, -1, 7125, 7063, 7076, -1, 7076, 7063, 6965, -1,
 7076, 6965, 6897, -1, 6897, 6965, 6897, -1, 6897, 6897, 6888, -1,
 6888, 6897, 6872, -1, 6888, 6872, 6103, -1, 6103, 6872, 6353, -1,
 6103, 6353, 5935, -1, 5935, 6353, 6009, -1, 5935, 6009, 5935, -1,
 7343, 7318, 7253, -1, 7253, 7318, 7230, -1, 7253, 7230, 7125, -1,
 7125, 7230, 7140, -1, 7125, 7140, 7125, -1, 7431, 7419, 7343, -1,
 7343, 7419, 7343, -1, 7343, 7343, 7318, -1, 7703, 7703, 7718, -1,
 7718, 7703, 7720, -1, 7718, 7720, 7611, -1, 7720, 7691, 7611, -1,
 7611, 7691, 7607, -1, 7611, 7607, 7580, -1, 7580, 7607, 7580, -1,
 7580, 7580, 7431, -1, 7431, 7580, 7514, -1, 7431, 7514, 7419, -1,
 7360, 7243, 7270, -1, 7270, 7351, 7360, -1, 7360, 7351, 7451, -1,
 7360, 7451, 7481, -1, 7481, 7451, 7481, -1, 7481, 7481, 7540, -1,
 7540, 7481, 7532, -1, 7540, 7532, 7703, -1, 7703, 7532, 7637, -1,
 7703, 7637, 7703, -1, 7021, 7015, 7180, -1, 7015, 7085, 7180, -1,
 7180, 7085, 7167, -1, 7180, 7167, 7243, -1, 7243, 7167, 7243, -1,
 7243, 7243, 7270, -1, 6695, 6907, 7015, -1, 7015, 6907, 6988, -1,
 7015, 6988, 7015, -1, 5583, 5583, 5892, -1, 5583, 5805, 5892, -1,
 5892, 5805, 6117, -1, 5892, 6117, 6384, -1, 6384, 6117, 6384, -1,
 6384, 6384, 6695, -1, 6695, 6384, 6522, -1, 6695, 6522, 6907, -1,
 5545, 5583, 5296, -1, 5296, 5583, 5377, -1, 5296, 5377, 5051, -1,
 5051, 5377, 4963, -1, 5051, 4963, 4963, -1, 4963, 4963, 4785, -1,
 4785, 4963, 4894, -1, 4785, 4894, 4550, -1, 4550, 4894, 4417, -1,
 4550, 4417, 4333, -1, 4333, 4417, 4333, -1, 4333, 4333, 4299, -1,
 4299, 4333, 4077, -1, 4077, 4333, 3943, -1, 4077, 3943, 3750, -1,
 3750, 3943, 3750, -1, 3750, 3750, 3611, -1, 3611, 3750, 3366, -1,
 3366, 3750, 3505, -1, 3366, 3505, 3152, -1, 3152, 3505, 3152, -1,
 3152, 3152, 3114, -1, 3114, 3152, 3027, -1, 3114, 3027, 2876, -1,
 2876, 3027, 2616, -1, 2616, 3027, 2529, -1, 2616, 2529, 2506, -1,
 2506, 2529, 2506, -1, 2506, 2506, 2343, -1, 2343, 2506, 2008, -1,
 2343, 2008, 2075, -1, 2075, 2008, 1814, -1, 1814, 2008, 1814, -1,
 1814, 1814, 1770, -1, 1770, 1814, 1319, -1, 1770, 1319, 1424, -1,
 752, 766, 833, -1, 833, 766, 833, -1, 833, 833, 1319, -1,
 1319, 833, 856, -1, 1319, 856, 1424, -1, 418, 391, 391, -1,
 391, 424, 418, -1, 418, 424, 516, -1, 418, 516, 581, -1,
 581, 516, 596, -1, 581, 596, 605, -1, 605, 596, 605, -1,
 605, 605, 752, -1, 752, 605, 677, -1, 752, 677, 766, -1,
 163, 163, 231, -1, 231, 163, 233, -1, 231, 233, 391, -1,
 391, 233, 331, -1, 391, 331, 391, -1, 272, 272, 270, -1,
 270, 272, 199, -1, 270, 199, 96, -1, 96, 199, 105, -1,
 96, 105, 36, -1, 36, 105, 36, -1, 36, 36, 59, -1,
 59, 36, 57, -1, 59, 57, 163, -1, 163, 57, 146, -1,
 163, 146, 163, -1, 451, 376, 272, -1, 272, 376, 291, -1,
 272, 291, 272, -1, 622, 709, 709, -1, 709, 644, 622, -1,
 622, 644, 557, -1, 622, 557, 498, -1, 498, 557, 498, -1,
 498, 498, 451, -1, 451, 498, 469, -1, 451, 469, 376, -1,
 1373, 1158, 787, -1, 787, 1158, 816, -1, 787, 816, 709, -1,
 709, 816, 727, -1, 709, 727, 709, -1, 2204, 2204, 2112, -1,
 2112, 2204, 1938, -1, 2112, 1938, 1484, -1, 1484, 1938, 1610, -1,
 1484, 1610, 1373, -1, 1373, 1610, 1373, -1, 1373, 1373, 1158, -1,
 2846, 2846, 2630, -1, 2846, 2740, 2630, -1, 2630, 2740, 2471, -1,
 2630, 2471, 2204, -1, 2204, 2471, 2228, -1, 2204, 2228, 2204, -1,
 2989, 2846, 3251, -1, 3251, 2846, 3107, -1, 3251, 3107, 3469, -1,
 3469, 3107, 3469, -1, 3469, 3469, 3491, -1, 3491, 3469, 3718, -1,
 3718, 3469, 3597, -1, 3718, 3597, 4063, -1, 4063, 3597, 4052, -1,
 4063, 4052, 4063, -1, 4663, 4663, 4516, -1, 4516, 4663, 4423, -1,
 4516, 4423, 4063, -1, 4063, 4423, 4184, -1, 4063, 4184, 4063, -1,
 4993, 4915, 4663, -1, 4663, 4915, 4678, -1, 4663, 4678, 4663, -1,
 5951, 5676, 5481, -1, 5481, 5676, 5414, -1, 5481, 5414, 5281, -1,
 5281, 5414, 5281, -1, 5281, 5281, 4993, -1, 4993, 5281, 5165, -1,
 4993, 5165, 4915, -1, 6874, 6291, 6027, -1, 6027, 6291, 5958, -1,
 6027, 5958, 5951, -1, 5951, 5958, 5951, -1, 5951, 5951, 5676, -1,
 7057, 7122, 7122, -1, 7122, 7048, 7057, -1, 7057, 7048, 6952, -1,
 7057, 6952, 6894, -1, 6894, 6952, 6894, -1, 6894, 6894, 6874, -1,
 6874, 6894, 6858, -1, 6874, 6858, 6291, -1, 7340, 7308, 7221, -1,
 7221, 7308, 7216, -1, 7221, 7216, 7122, -1, 7122, 7216, 7134, -1,
 7122, 7134, 7122, -1, 7698, 7678, 7576, -1, 7678, 7589, 7576, -1,
 7576, 7589, 7576, -1, 7576, 7576, 7575, -1, 7575, 7576, 7502, -1,
 7575, 7502, 7408, -1, 7408, 7502, 7406, -1, 7408, 7406, 7340, -1,
 7340, 7406, 7340, -1, 7340, 7340, 7308, -1, 7576, 7736, 7698, -1,
 7698, 7736, 7698, -1, 7698, 7698, 7649, -1, 7649, 7698, 7556, -1,
 7393, 7465, 7467, -1, 7467, 7465, 7467, -1, 7467, 7467, 7556, -1,
 7556, 7467, 7546, -1, 7556, 7546, 7649, -1, 7235, 7280, 7393, -1,
 7393, 7280, 7365, -1, 7393, 7365, 7465, -1, 7041, 7099, 7207, -1,
 7207, 7099, 7182, -1, 7207, 7182, 7235, -1, 7235, 7182, 7235, -1,
 7235, 7235, 7280, -1, 6859, 6366, 6366, -1, 6366, 6615, 6859, -1,
 6859, 6615, 6921, -1, 6859, 6921, 7005, -1, 7005, 6921, 7005, -1,
 7005, 7005, 7041, -1, 7041, 7005, 7009, -1, 7041, 7009, 7099, -1,
 5573, 5580, 5987, -1, 5987, 5580, 5849, -1, 5987, 5849, 6366, -1,
 6366, 5849, 6170, -1, 6366, 6170, 6366, -1, 4482, 4327, 4338, -1,
 4338, 4327, 4327, -1, 4338, 4585, 4482, -1, 4482, 4585, 4829, -1,
 4482, 4829, 4951, -1, 4951, 4829, 4951, -1, 4951, 4951, 4960, -1,
 4960, 4951, 5078, -1, 4960, 5078, 5451, -1, 5451, 5078, 5328, -1,
 5451, 5328, 5573, -1, 5573, 5328, 5573, -1, 5573, 5573, 5580, -1,
 4327, 4327, 4110, -1, 4110, 4327, 4008, -1, 4110, 4008, 3738, -1,
 3738, 4008, 3738, -1, 3738, 3738, 3653, -1, 3653, 3738, 3394, -1,
 3394, 3738, 3567, -1, 3394, 3567, 3161, -1, 3161, 3567, 3142, -1,
 3161, 3142, 3142, -1, 3142, 3142, 2904, -1, 2904, 3142, 3070, -1,
 2904, 3070, 2652, -1, 2652, 3070, 2593, -1, 2652, 2593, 2494, -1,
 2494, 2593, 2494, -1, 2494, 2494, 2386, -1, 2386, 2494, 2121, -1,
 2121, 2494, 2062, -1, 2121, 2062, 1833, -1, 1833, 2062, 1807, -1,
 1833, 1807, 1807, -1, 1807, 1807, 1489, -1, 1489, 1807, 1428, -1,
 1489, 1428, 866, -1, 866, 1428, 839, -1, 866, 839, 839, -1,
 839, 839, 780, -1, 780, 839, 774, -1, 780, 774, 688, -1,
 688, 774, 609, -1, 688, 609, 612, -1, 395, 395, 437, -1,
 437, 395, 434, -1, 437, 434, 603, -1, 603, 434, 525, -1,
 603, 525, 609, -1, 609, 525, 609, -1, 609, 609, 612, -1,
 167, 170, 255, -1, 255, 170, 247, -1, 255, 247, 395, -1,
 395, 247, 342, -1, 395, 342, 395, -1, 246, 275, 275, -1,
 275, 268, 246, -1, 246, 268, 189, -1, 246, 189, 73, -1,
 73, 189, 91, -1, 73, 91, 42, -1, 42, 91, 42, -1,
 42, 42, 82, -1, 82, 42, 72, -1, 82, 72, 167, -1,
 167, 72, 167, -1, 167, 167, 170, -1, 594, 712, 705, -1,
 705, 630, 594, -1, 594, 630, 546, -1, 594, 546, 503, -1,
 503, 546, 503, -1, 503, 503, 433, -1, 433, 503, 457, -1,
 433, 457, 275, -1, 275, 457, 365, -1, 275, 365, 275, -1,
 1388, 1362, 1362, -1, 1362, 1362, 1056, -1, 1362, 1056, 763, -1,
 763, 1056, 799, -1, 763, 799, 712, -1, 712, 799, 712, -1,
 712, 712, 705, -1, 2202, 2170, 2041, -1, 2041, 2170, 1890, -1,
 2041, 1890, 1388, -1, 1388, 1890, 1553, -1, 1388, 1553, 1362, -1,
 2559, 2842, 2842, -1, 2842, 2703, 2559, -1, 2559, 2703, 2437, -1,
 2559, 2437, 2202, -1, 2202, 2437, 2202, -1, 2202, 2202, 2170, -1,
 3465, 3465, 3443, -1, 3465, 3443, 3053, -1, 3053, 3443, 3218, -1,
 3053, 3218, 2842, -1, 2842, 3218, 2954, -1, 2842, 2954, 2842, -1,
 3465, 3465, 3690, -1, 3690, 3465, 3538, -1, 3690, 3538, 4060, -1,
 4449, 4658, 4637, -1, 3538, 3988, 4060, -1, 4060, 3988, 4060, -1,
 4060, 4060, 4148, -1, 4148, 4060, 4449, -1, 4148, 4449, 4388, -1,
 4388, 4449, 4637, -1, 4926, 5280, 5280, -1, 5280, 5130, 4926, -1,
 4926, 5130, 4876, -1, 4926, 4876, 4658, -1, 4658, 4876, 4658, -1,
 4658, 4658, 4637, -1, 5943, 5943, 5937, -1, 5937, 5943, 5904, -1,
 5937, 5904, 5419, -1, 5419, 5904, 5634, -1, 5419, 5634, 5280, -1,
 5280, 5634, 5370, -1, 5280, 5370, 5280, -1, 6895, 6895, 6850, -1,
 6850, 6895, 6814, -1, 6850, 6814, 5943, -1, 5943, 6814, 6239, -1,
 5943, 6239, 5943, -1, 7123, 7118, 7036, -1, 7036, 7118, 7034, -1,
 7036, 7034, 6895, -1, 6895, 7034, 6942, -1, 6895, 6942, 6895, -1,
 7341, 7297, 7193, -1, 7193, 7297, 7203, -1, 7193, 7203, 7123, -1,
 7123, 7203, 7123, -1, 7123, 7123, 7118, -1, 7555, 7490, 7376, -1,
 7376, 7490, 7390, -1, 7376, 7390, 7341, -1, 7341, 7390, 7341, -1,
 7341, 7341, 7297, -1, 7702, 7702, 7731, -1, 7731, 7702, 7665, -1,
 7731, 7665, 7578, -1, 7578, 7665, 7578, -1, 7578, 7578, 7555, -1,
 7555, 7578, 7567, -1, 7555, 7567, 7490, -1, 7479, 7484, 7596, -1,
 7596, 7484, 7558, -1, 7596, 7558, 7702, -1, 7702, 7558, 7659, -1,
 7702, 7659, 7702, -1, 7241, 7290, 7413, -1, 7413, 7290, 7379, -1,
 7413, 7379, 7479, -1, 7479, 7379, 7479, -1, 7479, 7479, 7484, -1,
 7065, 7111, 7239, -1, 7239, 7111, 7196, -1, 7239, 7196, 7241, -1,
 7241, 7196, 7241, -1, 7241, 7241, 7290, -1, 6879, 6936, 7012, -1,
 7012, 6936, 7012, -1, 7012, 7012, 7065, -1, 7065, 7012, 7029, -1,
 7065, 7029, 7111, -1, 6069, 5582, 5624, -1, 5624, 5582, 5582, -1,
 5624, 5889, 6069, -1, 6069, 5889, 6229, -1, 6069, 6229, 6381, -1,
 6381, 6229, 6381, -1, 6381, 6381, 6879, -1, 6879, 6381, 6737, -1,
 6879, 6737, 6936, -1, 5582, 5582, 5363, -1, 5363, 5582, 5514, -1,
 5363, 5514, 5120, -1, 5120, 5514, 5018, -1, 5120, 5018, 4961, -1,
 4961, 5018, 4961, -1, 4961, 4961, 4866, -1, 4866, 4961, 4538, -1,
 4866, 4538, 4629, -1, 3749, 3749, 4075, -1, 4075, 3749, 4141, -1,
 4075, 4141, 4331, -1, 4331, 4141, 4331, -1, 4331, 4331, 4538, -1,
 4538, 4331, 4375, -1, 4538, 4375, 4629, -1, 2654, 2503, 2503, -1,
 2503, 2688, 2654, -1, 2654, 2688, 2947, -1, 2654, 2947, 3149, -1,
 3149, 2947, 3149, -1, 3149, 3149, 3150, -1, 3150, 3149, 3199, -1,
 3150, 3199, 3628, -1, 3628, 3199, 3430, -1, 3628, 3430, 3749, -1,
 3749, 3430, 3681, -1, 3749, 3681, 3749, -1, 1813, 1876, 2138, -1,
 2138, 1876, 2157, -1, 2138, 2157, 2503, -1, 2503, 2157, 2427, -1,
 2503, 2427, 2503, -1, 1524, 1534, 1813, -1, 1813, 1534, 1813, -1,
 1813, 1813, 1876, -1, 606, 606, 631, -1, 631, 606, 623, -1,
 631, 623, 797, -1, 623, 700, 797, -1, 797, 700, 791, -1,
 797, 791, 834, -1, 834, 791, 834, -1, 834, 834, 1524, -1,
 1524, 834, 1019, -1, 1524, 1019, 1534, -1, 392, 392, 458, -1,
 458, 392, 448, -1, 458, 448, 606, -1, 606, 448, 540, -1,
 606, 540, 606, -1, 164, 182, 290, -1, 290, 182, 260, -1,
 290, 260, 392, -1, 392, 260, 357, -1, 392, 357, 392, -1,
 278, 254, 222, -1, 222, 254, 177, -1, 222, 177, 49, -1,
 49, 177, 79, -1, 49, 79, 46, -1, 46, 79, 46, -1,
 46, 46, 108, -1, 108, 46, 85, -1, 108, 85, 164, -1,
 164, 85, 164, -1, 164, 164, 182, -1, 409, 347, 278, -1,
 278, 347, 278, -1, 278, 278, 254, -1, 715, 715, 693, -1,
 715, 693, 577, -1, 693, 617, 577, -1, 577, 617, 532, -1,
 577, 532, 506, -1, 506, 532, 506, -1, 506, 506, 409, -1,
 409, 506, 443, -1, 409, 443, 347, -1, 715, 715, 785, -1,
 785, 715, 744, -1, 785, 744, 875, -1, 875, 744, 1274, -1,
 875, 1274, 1358, -1, 1358, 1274, 1358, -1, 1358, 1358, 1502, -1,
 1502, 1358, 1970, -1, 1502, 1970, 1846, -1, 2485, 2839, 2839, -1,
 2839, 2668, 2485, -1, 2485, 2668, 2395, -1, 2485, 2395, 2200, -1,
 2200, 2395, 2200, -1, 2200, 2200, 1970, -1, 1970, 2200, 2133, -1,
 1970, 2133, 1846, -1, 4057, 4057, 3927, -1, 3927, 4057, 3663, -1,
 3927, 3663, 3477, -1, 3477, 3663, 3462, -1, 3477, 3462, 3462, -1,
 3462, 3462, 3403, -1, 3462, 3403, 3004, -1, 3004, 3403, 3173, -1,
 3004, 3173, 2839, -1, 2839, 3173, 2914, -1, 2839, 2914, 2839, -1,
 4655, 4595, 4396, -1, 4396, 4595, 4349, -1, 4396, 4349, 4057, -1,
 4057, 4349, 4118, -1, 4057, 4118, 4057, -1, 5277, 5091, 4862, -1,
 4862, 5091, 4839, -1, 4862, 4839, 4655, -1, 4655, 4839, 4655, -1,
 4655, 4655, 4595, -1, 5865, 5940, 5940, -1, 5940, 5860, 5865, -1,
 5865, 5860, 5591, -1, 5865, 5591, 5350, -1, 5350, 5591, 5336, -1,
 5350, 5336, 5277, -1, 5277, 5336, 5277, -1, 5277, 5277, 5091, -1,
 6999, 6927, 6896, -1, 6896, 6927, 6896, -1, 6896, 6896, 6608, -1,
 6608, 6896, 6648, -1, 6608, 6648, 5940, -1, 5940, 6648, 6180, -1,
 5940, 6180, 5940, -1, 7124, 7106, 6999, -1, 6999, 7106, 7018, -1,
 6999, 7018, 6927, -1, 7342, 7287, 7172, -1, 7172, 7287, 7187, -1,
 7172, 7187, 7124, -1, 7124, 7187, 7124, -1, 7124, 7124, 7106, -1,
 7579, 7554, 7531, -1, 7531, 7554, 7474, -1, 7531, 7474, 7349, -1,
 7349, 7474, 7371, -1, 7349, 7371, 7342, -1, 7342, 7371, 7342, -1,
 7342, 7342, 7287, -1, 7697, 7697, 7715, -1, 7715, 7697, 7654, -1,
 7715, 7654, 7579, -1, 7579, 7654, 7579, -1, 7579, 7579, 7554, -1,
 7466, 7495, 7622, -1, 7622, 7495, 7581, -1, 7622, 7581, 7697, -1,
 7697, 7581, 7673, -1, 7697, 7673, 7697, -1, 7234, 7234, 7263, -1,
 7263, 7234, 7301, -1, 7263, 7301, 7438, -1, 7438, 7301, 7401, -1,
 7438, 7401, 7466, -1, 7466, 7401, 7466, -1, 7466, 7466, 7495, -1,
 7081, 7004, 7004, -1, 7004, 7039, 7081, -1, 7081, 7039, 7128, -1,
 7081, 7128, 7234, -1, 7234, 7128, 7209, -1, 7234, 7209, 7234, -1,
 6364, 6364, 6905, -1, 6905, 6364, 6851, -1, 6905, 6851, 7004, -1,
 7004, 6851, 6947, -1, 7004, 6947, 7004, -1, 5563, 5571, 5571, -1,
 5571, 5571, 5658, -1, 5571, 5658, 6132, -1, 6132, 5658, 5938, -1,
 6132, 5938, 6364, -1, 6364, 5938, 6280, -1, 6364, 6280, 6364, -1,
 4949, 4949, 5077, -1, 5077, 4949, 5152, -1, 5077, 5152, 5563, -1,
 5563, 5152, 5399, -1, 5563, 5399, 5571, -1, 4326, 4412, 4602, -1,
 4602, 4412, 4662, -1, 4602, 4662, 4949, -1, 4949, 4662, 4902, -1,
 4949, 4902, 4949, -1, 3224, 3141, 3141, -1, 3141, 3237, 3224, -1,
 3224, 3237, 3475, -1, 3224, 3475, 3683, -1, 3683, 3475, 3712, -1,
 3683, 3712, 3737, -1, 3737, 3712, 3737, -1, 3737, 3737, 4131, -1,
 4131, 3737, 4171, -1, 4131, 4171, 4326, -1, 4326, 4171, 4326, -1,
 4326, 4326, 4412, -1, 2493, 2493, 2721, -1, 2721, 2493, 2729, -1,
 2721, 2729, 3141, -1, 3141, 2729, 2980, -1, 3141, 2980, 3141, -1,
 1803, 1922, 2224, -1, 2224, 1922, 2218, -1, 2224, 2218, 2493, -1,
 2493, 2218, 2459, -1, 2493, 2459, 2493, -1, 840, 1139, 1632, -1,
 1632, 1139, 1599, -1, 1632, 1599, 1803, -1, 1803, 1599, 1803, -1,
 1803, 1803, 1922, -1, 655, 610, 610, -1, 610, 635, 655, -1,
 655, 635, 718, -1, 655, 718, 818, -1, 818, 718, 808, -1,
 818, 808, 840, -1, 840, 808, 840, -1, 840, 840, 1139, -1,
 396, 396, 482, -1, 482, 396, 460, -1, 482, 460, 610, -1,
 610, 460, 552, -1, 610, 552, 610, -1, 100, 168, 168, -1,
 168, 168, 192, -1, 168, 192, 311, -1, 311, 192, 284, -1,
 311, 284, 396, -1, 396, 284, 369, -1, 396, 369, 396, -1,
 242, 209, 273, -1, 168, 130, 100, -1, 100, 130, 24, -1,
 100, 24, 37, -1, 37, 24, 37, -1, 37, 37, 64, -1,
 64, 37, 209, -1, 64, 209, 155, -1, 155, 209, 242, -1,
 380, 499, 499, -1, 499, 431, 380, -1, 380, 431, 336, -1,
 380, 336, 273, -1, 273, 336, 273, -1, 273, 273, 242, -1,
 710, 684, 559, -1, 559, 684, 598, -1, 559, 598, 499, -1,
 499, 598, 521, -1, 499, 521, 499, -1, 1376, 1376, 1121, -1,
 1121, 1376, 863, -1, 1121, 863, 719, -1, 719, 863, 771, -1,
 719, 771, 710, -1, 710, 771, 710, -1, 710, 710, 684, -1,
 1895, 1788, 1376, -1, 1376, 1788, 1448, -1, 1376, 1448, 1376, -1,
 2424, 2354, 2206, -1, 2206, 2354, 2206, -1, 2206, 2206, 1895, -1,
 1895, 2206, 2088, -1, 1895, 2088, 1788, -1, 3406, 3131, 2932, -1,
 2932, 3131, 2883, -1, 2932, 2883, 2847, -1, 2847, 2883, 2847, -1,
 2847, 2847, 2424, -1, 2424, 2847, 2625, -1, 2424, 2625, 2354, -1,
 4065, 4065, 3875, -1, 3875, 4065, 3621, -1, 3875, 3621, 3470, -1,
 3470, 3621, 3470, -1, 3470, 3470, 3406, -1, 3406, 3470, 3377, -1,
 3406, 3377, 3131, -1, 4665, 4561, 4318, -1, 4318, 4561, 4306, -1,
 4318, 4306, 4065, -1, 4065, 4306, 4086, -1, 4065, 4086, 4065, -1,
 5284, 5059, 4796, -1, 4796, 5059, 4793, -1, 4796, 4793, 4665, -1,
 4665, 4793, 4665, -1, 4665, 4665, 4561, -1, 5792, 5551, 5291, -1,
 5291, 5551, 5303, -1, 5291, 5303, 5284, -1, 5284, 5303, 5284, -1,
 5284, 5284, 5059, -1, 6460, 6893, 6893, -1, 6893, 6551, 6460, -1,
 6460, 6551, 6125, -1, 6460, 6125, 5954, -1, 5954, 6125, 5954, -1,
 5954, 5954, 5792, -1, 5792, 5954, 5816, -1, 5792, 5816, 5551, -1,
 7121, 7096, 6976, -1, 6976, 7096, 6995, -1, 6976, 6995, 6893, -1,
 6893, 6995, 6914, -1, 6893, 6914, 6893, -1, 7339, 7339, 7324, -1,
 7324, 7339, 7277, -1, 7324, 7277, 7153, -1, 7153, 7277, 7173, -1,
 7153, 7173, 7121, -1, 7121, 7173, 7121, -1, 7121, 7121, 7096, -1,
 7516, 7457, 7339, -1, 7339, 7457, 7357, -1, 7339, 7357, 7339, -1,
 7699, 7699, 7694, -1, 7694, 7699, 7642, -1, 7694, 7642, 7574, -1,
 7574, 7642, 7574, -1, 7574, 7574, 7516, -1, 7516, 7574, 7539, -1,
 7516, 7539, 7457, -1, 7460, 7468, 7468, -1, 7468, 7468, 7505, -1,
 7468, 7505, 7645, -1, 7645, 7505, 7598, -1, 7645, 7598, 7699, -1,
 7699, 7598, 7685, -1, 7699, 7685, 7699, -1, 7236, 7236, 7278, -1,
 7278, 7236, 7311, -1, 7278, 7311, 7460, -1, 7460, 7311, 7411, -1,
 7460, 7411, 7468, -1, 7107, 7006, 7006, -1, 7006, 7054, 7107, -1,
 7107, 7054, 7138, -1, 7107, 7138, 7236, -1, 7236, 7138, 7224, -1,
 7236, 7224, 7236, -1, 6368, 6368, 6934, -1, 6934, 6368, 6864, -1,
 6934, 6864, 7006, -1, 7006, 6864, 6960, -1, 7006, 6960, 7006, -1,
 5575, 5575, 5641, -1, 5641, 5575, 5699, -1, 5641, 5699, 6232, -1,
 6232, 5699, 5996, -1, 6232, 5996, 6368, -1, 6368, 5996, 6339, -1,
 6368, 6339, 6368, -1, 4672, 4930, 4953, -1, 4953, 4930, 4953, -1,
 4953, 4953, 5142, -1, 5142, 4953, 5183, -1, 5142, 5183, 5575, -1,
 5575, 5183, 5444, -1, 5575, 5444, 5575, -1, 4328, 4442, 4672, -1,
 4672, 4442, 4706, -1, 4672, 4706, 4930, -1, 4197, 4212, 4328, -1,
 4328, 4212, 4328, -1, 4328, 4328, 4442, -1, 3276, 3144, 3144, -1,
 3144, 3266, 3276, -1, 3276, 3266, 3512, -1, 3276, 3512, 3729, -1,
 3729, 3512, 3739, -1, 3729, 3739, 3741, -1, 3741, 3739, 3741, -1,
 3741, 3741, 4197, -1, 4197, 3741, 3970, -1, 4197, 3970, 4212, -1,
 2495, 2500, 2789, -1, 2789, 2500, 2760, -1, 2789, 2760, 3144, -1,
 3144, 2760, 3019, -1, 3144, 3019, 3144, -1, 1808, 1962, 2276, -1,
 2276, 1962, 2253, -1, 2276, 2253, 2495, -1, 2495, 2253, 2495, -1,
 2495, 2495, 2500, -1, 838, 838, 846, -1, 846, 838, 1237, -1,
 846, 1237, 1697, -1, 1697, 1237, 1652, -1, 1697, 1652, 1808, -1,
 1808, 1652, 1808, -1, 1808, 1808, 1962, -1, 667, 608, 608, -1,
 608, 649, 667, -1, 667, 649, 733, -1, 667, 733, 838, -1,
 838, 733, 820, -1, 838, 820, 838, -1, 394, 394, 508, -1,
 508, 394, 474, -1, 508, 474, 608, -1, 608, 474, 562, -1,
 608, 562, 608, -1, 166, 202, 329, -1, 329, 202, 301, -1,
 329, 301, 394, -1, 394, 301, 383, -1, 394, 383, 394, -1,
 44, 44, 8, -1, 8, 44, 16, -1, 8, 16, 148, -1,
 148, 16, 114, -1, 148, 114, 166, -1, 166, 114, 166, -1,
 166, 166, 202, -1, 191, 276, 276, -1, 276, 230, 191, -1,
 191, 230, 142, -1, 191, 142, 44, -1, 44, 142, 47, -1,
 44, 47, 44, -1, 504, 500, 358, -1, 358, 500, 417, -1,
 358, 417, 276, -1, 276, 417, 326, -1, 276, 326, 276, -1,
 713, 713, 695, -1, 695, 713, 674, -1, 695, 674, 536, -1,
 536, 674, 583, -1, 536, 583, 504, -1, 504, 583, 504, -1,
 504, 504, 500, -1, 1389, 1381, 868, -1, 868, 1381, 853, -1,
 868, 853, 713, -1, 713, 853, 759, -1, 713, 759, 713, -1,
 1820, 1741, 1389, -1, 1389, 1741, 1389, -1, 1389, 1389, 1381, -1,
 2855, 2588, 2358, -1, 2358, 2588, 2320, -1, 2358, 2320, 2211, -1,
 2211, 2320, 2211, -1, 2211, 2211, 1820, -1, 1820, 2211, 2051, -1,
 1820, 2051, 1741, -1, 3473, 3473, 3356, -1, 3473, 3337, 3356, -1,
 3356, 3337, 3081, -1, 3356, 3081, 2870, -1, 2870, 3081, 2855, -1,
 2870, 2855, 2855, -1, 2855, 2855, 2844, -1, 2855, 2844, 2588, -1,
 3585, 3473, 3819, -1, 3819, 3473, 3821, -1, 3819, 3821, 4049, -1,
 4049, 3821, 4068, -1, 4049, 4068, 4068, -1, 4068, 4068, 4279, -1,
 4279, 4068, 4266, -1, 4279, 4266, 4528, -1, 4528, 4266, 4676, -1,
 4528, 4676, 4676, -1, 4676, 4676, 4764, -1, 4764, 4676, 4748, -1,
 4764, 4748, 5014, -1, 5014, 4748, 5235, -1, 5014, 5235, 5255, -1,
 5255, 5235, 5287, -1, 5287, 5235, 5287, -1, 5287, 5287, 5519, -1,
 5519, 5287, 5726, -1, 5519, 5726, 5772, -1, 5772, 5726, 5961, -1,
 5961, 5726, 5961, -1, 5961, 5961, 6092, -1, 7337, 7334, 7310, -1,
 7310, 7334, 7262, -1, 7310, 7262, 7136, -1, 7136, 7262, 7119, -1,
 7136, 7119, 7119, -1, 7119, 7119, 7080, -1, 7119, 7080, 6957, -1,
 6957, 7080, 6980, -1, 6957, 6980, 6891, -1, 6891, 6980, 6891, -1,
 6891, 6891, 6362, -1, 6362, 6891, 6890, -1, 6362, 6890, 5961, -1,
 5961, 6890, 6462, -1, 5961, 6462, 6092, -1, 7494, 7441, 7337, -1,
 7337, 7441, 7337, -1, 7337, 7337, 7334, -1, 7670, 7701, 7705, -1,
 7705, 7701, 7701, -1, 7705, 7717, 7670, -1, 7670, 7717, 7629, -1,
 7670, 7629, 7572, -1, 7572, 7629, 7572, -1, 7572, 7572, 7494, -1,
 7494, 7572, 7529, -1, 7494, 7529, 7441, -1, 7701, 7701, 7615, -1,
 7615, 7701, 7657, -1, 7615, 7657, 7517, -1, 7517, 7657, 7491, -1,
 7517, 7491, 7477, -1, 7477, 7491, 7477, -1, 7477, 7477, 7432, -1,
 7432, 7477, 7321, -1, 7321, 7477, 7299, -1, 7321, 7299, 7248, -1,
 7248, 7299, 7240, -1, 7248, 7240, 7240, -1, 7240, 7240, 7151, -1,
 7151, 7240, 7130, -1, 7151, 7130, 7067, -1, 7067, 7130, 7010, -1,
 7067, 7010, 7010, -1, 5706, 6049, 6330, -1, 6330, 6049, 6380, -1,
 6330, 6380, 6380, -1, 6380, 6380, 6409, -1, 6380, 6409, 6955, -1,
 6955, 6409, 6875, -1, 6955, 6875, 7010, -1, 7010, 6875, 6968, -1,
 7010, 6968, 7010, -1, 4959, 4978, 5203, -1, 5203, 4978, 5228, -1,
 5203, 5228, 5579, -1, 5579, 5228, 5579, -1, 5579, 5579, 5706, -1,
 5706, 5579, 5734, -1, 5706, 5734, 6049, -1, 4731, 4736, 4959, -1,
 4959, 4736, 4959, -1, 4959, 4959, 4978, -1, 3799, 4001, 4247, -1,
 4247, 4001, 4238, -1, 4247, 4238, 4330, -1, 4330, 4238, 4330, -1,
 4330, 4330, 4731, -1, 4731, 4330, 4486, -1, 4731, 4486, 4736, -1,
 3325, 3148, 3148, -1, 3148, 3300, 3325, -1, 3325, 3300, 3546, -1,
 3325, 3546, 3748, -1, 3748, 3546, 3748, -1, 3748, 3748, 3799, -1,
 3799, 3748, 3781, -1, 3799, 3781, 4001, -1, 2499, 2547, 2853, -1,
 2853, 2547, 2805, -1, 2853, 2805, 3148, -1, 3148, 2805, 3051, -1,
 3148, 3051, 3148, -1, 1811, 2012, 2335, -1, 2335, 2012, 2280, -1,
 2335, 2280, 2499, -1, 2499, 2280, 2499, -1, 2499, 2499, 2547, -1,
 864, 842, 1301, -1, 864, 1301, 1772, -1, 1772, 1301, 1688, -1,
 1772, 1688, 1811, -1, 1811, 1688, 1811, -1, 1811, 1811, 2012, -1,
 842, 864, 835, -1, 835, 864, 835, -1, 835, 835, 747, -1,
 747, 835, 685, -1, 747, 685, 660, -1, 660, 685, 607, -1,
 607, 685, 607, -1, 607, 607, 487, -1, 487, 607, 530, -1,
 487, 530, 402, -1, 402, 530, 393, -1, 402, 393, 393, -1,
 393, 393, 313, -1, 313, 393, 350, -1, 313, 350, 213, -1,
 213, 350, 180, -1, 213, 180, 165, -1, 165, 180, 165, -1,
 165, 165, 126, -1, 126, 165, 25, -1, 25, 165, 5, -1,
 25, 5, 28, -1, 28, 5, 45, -1, 28, 45, 45, -1,
 45, 45, 127, -1, 127, 45, 162, -1, 127, 162, 216, -1,
 216, 162, 277, -1, 216, 277, 277, -1, 505, 488, 338, -1,
 338, 488, 405, -1, 338, 405, 277, -1, 277, 405, 314, -1,
 277, 314, 277, -1, 714, 714, 676, -1, 676, 714, 663, -1,
 676, 663, 513, -1, 513, 663, 574, -1, 513, 574, 505, -1,
 505, 574, 505, -1, 505, 505, 488, -1, 1359, 1307, 855, -1,
 855, 1307, 845, -1, 855, 845, 714, -1, 714, 845, 749, -1,
 714, 749, 714, -1, 1725, 1691, 1359, -1, 1359, 1691, 1359, -1,
 1359, 1359, 1307, -1, 3292, 3052, 2840, -1, 2840, 3052, 2840, -1,
 2840, 2840, 2811, -1, 2811, 2840, 2810, -1, 2811, 2810, 2299, -1,
 2299, 2810, 2552, -1, 2299, 2552, 2201, -1, 2201, 2552, 2201, -1,
 2201, 2201, 1725, -1, 1725, 2201, 2017, -1, 1725, 2017, 1691, -1,
 3762, 4058, 4005, -1, 4005, 3788, 3762, -1, 3762, 3788, 3549, -1,
 3762, 3549, 3463, -1, 3463, 3549, 3463, -1, 3463, 3463, 3292, -1,
 3292, 3463, 3305, -1, 3292, 3305, 3052, -1, 4657, 4495, 4213, -1,
 4213, 4495, 4239, -1, 4213, 4239, 4058, -1, 4058, 4239, 4058, -1,
 4058, 4058, 4005, -1, 5168, 4984, 4694, -1, 4694, 4984, 4740, -1,
 4694, 4740, 4657, -1, 4657, 4740, 4657, -1, 4657, 4657, 4495, -1,
 5656, 5941, 5941, -1, 5941, 5741, 5656, -1, 5656, 5741, 5485, -1,
 5656, 5485, 5278, -1, 5278, 5485, 5278, -1, 5278, 5278, 5168, -1,
 5168, 5278, 5237, -1, 5168, 5237, 4984, -1, 6900, 6878, 6261, -1,
 6261, 6878, 6414, -1, 6261, 6414, 5941, -1, 5941, 6414, 6054, -1,
 5941, 6054, 5941, -1, 7289, 7251, 7132, -1, 7132, 7251, 7132, -1,
 7132, 7132, 7110, -1, 7110, 7132, 7071, -1, 7110, 7071, 6944, -1,
 6944, 7071, 6969, -1, 6944, 6969, 6900, -1, 6900, 6969, 6900, -1,
 6900, 6900, 6878, -1, 7476, 7591, 7591, -1, 7591, 7520, 7476, -1,
 7476, 7520, 7434, -1, 7476, 7434, 7348, -1, 7348, 7434, 7348, -1,
 7348, 7348, 7289, -1, 7289, 7348, 7326, -1, 7289, 7326, 7251, -1,
 7507, 7461, 7461, -1, 7461, 7524, 7507, -1, 7507, 7524, 7627, -1,
 7507, 7627, 7682, -1, 7682, 7627, 7692, -1, 7682, 7692, 7692, -1,
 7692, 7692, 7712, -1, 7692, 7712, 7646, -1, 7646, 7712, 7707, -1,
 7646, 7707, 7591, -1, 7591, 7707, 7616, -1, 7591, 7616, 7591, -1,
 7225, 7259, 7319, -1, 7319, 7259, 7331, -1, 7319, 7331, 7461, -1,
 7461, 7331, 7440, -1, 7461, 7440, 7461, -1, 7001, 7077, 7148, -1,
 7148, 7077, 7157, -1, 7148, 7157, 7225, -1, 7225, 7157, 7225, -1,
 7225, 7225, 7259, -1, 6972, 6979, 7001, -1, 7001, 6979, 7001, -1,
 7001, 7001, 7077, -1, 5760, 6087, 6399, -1, 6399, 6087, 6399, -1,
 6399, 6399, 6432, -1, 6432, 6399, 6455, -1, 6432, 6455, 6972, -1,
 6972, 6455, 6885, -1, 6972, 6885, 6979, -1, 4968, 5008, 5260, -1,
 5260, 5008, 5252, -1, 5260, 5252, 5593, -1, 5593, 5252, 5593, -1,
 5593, 5593, 5760, -1, 5760, 5593, 5767, -1, 5760, 5767, 6087, -1,
 4342, 4523, 4778, -1, 4778, 4523, 4763, -1, 4778, 4763, 4968, -1,
 4968, 4763, 4968, -1, 4968, 4968, 5008, -1, 3861, 4044, 4297, -1,
 4297, 4044, 4274, -1, 4297, 4274, 4342, -1, 4342, 4274, 4342, -1,
 4342, 4342, 4523, -1, 3386, 3158, 3158, -1, 3158, 3331, 3386, -1,
 3386, 3331, 3584, -1, 3386, 3584, 3760, -1, 3760, 3584, 3760, -1,
 3760, 3760, 3861, -1, 3861, 3760, 3815, -1, 3861, 3815, 4044, -1,
 2523, 2582, 2907, -1, 2907, 2582, 2836, -1, 2907, 2836, 3158, -1,
 3158, 2836, 3077, -1, 3158, 3077, 3158, -1, 1823, 1823, 1870, -1,
 1870, 1823, 2044, -1, 1870, 2044, 2408, -1, 2408, 2044, 2316, -1,
 2408, 2316, 2523, -1, 2523, 2316, 2523, -1, 2523, 2523, 2582, -1,
 1033, 1364, 1823, -1, 1823, 1364, 1739, -1, 1823, 1739, 1823, -1,
 708, 758, 832, -1, 832, 758, 832, -1, 832, 832, 1033, -1,
 1033, 832, 849, -1, 1033, 849, 1364, -1, 389, 412, 549, -1,
 549, 412, 495, -1, 549, 495, 602, -1, 602, 495, 602, -1,
 602, 602, 708, -1, 708, 602, 669, -1, 708, 669, 758, -1,
 160, 160, 200, -1, 200, 160, 225, -1, 200, 225, 377, -1,
 377, 225, 322, -1, 377, 322, 389, -1, 389, 322, 389, -1,
 389, 389, 412, -1, 14, 39, 160, -1, 160, 39, 140, -1,
 160, 140, 160, -1, 280, 207, 134, -1, 134, 207, 116, -1,
 134, 116, 51, -1, 51, 116, 51, -1, 51, 51, 14, -1,
 14, 51, 21, -1, 14, 21, 39, -1, 490, 509, 509, -1,
 509, 480, 490, -1, 490, 480, 388, -1, 490, 388, 317, -1,
 317, 388, 303, -1, 317, 303, 280, -1, 280, 303, 280, -1,
 280, 280, 207, -1, 837, 1352, 1246, -1, 1246, 829, 837, -1,
 837, 829, 735, -1, 837, 735, 716, -1, 716, 735, 716, -1,
 716, 716, 659, -1, 659, 716, 654, -1, 659, 654, 509, -1,
 509, 654, 564, -1, 509, 564, 509, -1, 2195, 1972, 1653, -1,
 1653, 1972, 1657, -1, 1653, 1657, 1352, -1, 1352, 1657, 1352, -1,
 1352, 1352, 1246, -1, 1653, 2195, 2195, -1, 2195, 2195, 2243, -1,
 2195, 2243, 2515, -1, 2515, 2243, 2744, -1, 3241, 3456, 3456, -1,
 3456, 3275, 3241, -1, 3241, 3275, 3020, -1, 3241, 3020, 2835, -1,
 2835, 3020, 2835, -1, 2835, 2835, 2744, -1, 2744, 2835, 2767, -1,
 2744, 2767, 2515, -1, 4053, 3977, 3699, -1, 3699, 3977, 3746, -1,
 3699, 3746, 3456, -1, 3456, 3746, 3516, -1, 3456, 3516, 3456, -1,
 4652, 4652, 4626, -1, 4626, 4652, 4456, -1, 4626, 4456, 4154, -1,
 4154, 4456, 4216, -1, 4154, 4216, 4053, -1, 4053, 4216, 4053, -1,
 4053, 4053, 3977, -1, 5110, 4939, 4652, -1, 4652, 4939, 4710, -1,
 4652, 4710, 4652, -1, 5595, 5931, 5931, -1, 5931, 5710, 5595, -1,
 5595, 5710, 5446, -1, 5595, 5446, 5266, -1, 5266, 5446, 5266, -1,
 5266, 5266, 5110, -1, 5110, 5266, 5191, -1, 5110, 5191, 4939, -1,
 6899, 6870, 6162, -1, 6162, 6870, 6346, -1, 6162, 6346, 5931, -1,
 5931, 6346, 6002, -1, 5931, 6002, 5931, -1, 7347, 7316, 7269, -1,
 7269, 7316, 7228, -1, 7269, 7228, 7127, -1, 7127, 7228, 7127, -1,
 7127, 7127, 7095, -1, 7095, 7127, 7061, -1, 7095, 7061, 6919, -1,
 6919, 7061, 6961, -1, 6919, 6961, 6899, -1, 6899, 6961, 6899, -1,
 6899, 6899, 6870, -1, 7445, 7415, 7347, -1, 7347, 7415, 7347, -1,
 7347, 7347, 7316, -1, 7708, 7695, 7695, -1, 7695, 7722, 7708, -1,
 7708, 7722, 7688, -1, 7708, 7688, 7626, -1, 7626, 7688, 7604, -1,
 7626, 7604, 7584, -1, 7584, 7604, 7584, -1, 7584, 7584, 7445, -1,
 7445, 7584, 7512, -1, 7445, 7512, 7415, -1, 7462, 7462, 7522, -1,
 7522, 7462, 7534, -1, 7522, 7534, 7695, -1, 7695, 7534, 7640, -1,
 7695, 7640, 7695, -1, 7232, 7272, 7335, -1, 7335, 7272, 7353, -1,
 7335, 7353, 7462, -1, 7462, 7353, 7455, -1, 7462, 7455, 7462, -1,
 7002, 7087, 7163, -1, 7163, 7087, 7170, -1, 7163, 7170, 7232, -1,
 7232, 7170, 7232, -1, 7232, 7232, 7272, -1, 6557, 6355, 6355, -1,
 6355, 6537, 6557, -1, 6557, 6537, 6909, -1, 6557, 6909, 6986, -1,
 6986, 6909, 6990, -1, 6986, 6990, 7002, -1, 7002, 6990, 7002, -1,
 7002, 7002, 7087, -1, 4944, 5055, 5329, -1, 5329, 5055, 5298, -1,
 5329, 5298, 5566, -1, 5566, 5298, 5566, -1, 5566, 5566, 5827, -1,
 5827, 5566, 5808, -1, 5827, 5808, 6355, -1, 6355, 5808, 6122, -1,
 6355, 6122, 6355, -1, 4320, 4320, 4363, -1, 4363, 4320, 4556, -1,
 4363, 4556, 4845, -1, 4845, 4556, 4791, -1, 4845, 4791, 4944, -1,
 4944, 4791, 4944, -1, 4944, 4944, 5055, -1, 3733, 3733, 3905, -1,
 3733, 3850, 3905, -1, 3905, 3850, 4080, -1, 3905, 4080, 4320, -1,
 4320, 4080, 4302, -1, 4320, 4302, 4320, -1, 3619, 3733, 3372, -1,
 3372, 3733, 3450, -1, 3372, 3450, 3138, -1, 3138, 3450, 3138, -1,
 3138, 3138, 3124, -1, 3124, 3138, 2879, -1, 2879, 3138, 2970, -1,
 2879, 2970, 2618, -1, 2618, 2970, 2484, -1, 2618, 2484, 2484, -1,
 2484, 2484, 2351, -1, 2351, 2484, 2468, -1, 2351, 2468, 2082, -1,
 2082, 2468, 1944, -1, 2082, 1944, 1795, -1, 1795, 1944, 1795, -1,
 1795, 1795, 1778, -1, 1778, 1795, 1223, -1, 1778, 1223, 1438, -1,
 740, 770, 841, -1, 841, 770, 841, -1, 841, 841, 1223, -1,
 1223, 841, 858, -1, 1223, 858, 1438, -1, 397, 397, 400, -1,
 400, 397, 426, -1, 400, 426, 571, -1, 571, 426, 518, -1,
 571, 518, 611, -1, 611, 518, 611, -1, 611, 611, 740, -1,
 740, 611, 679, -1, 740, 679, 770, -1, 169, 169, 217, -1,
 217, 169, 236, -1, 217, 236, 397, -1, 397, 236, 334, -1,
 397, 334, 397, -1, 31, 61, 169, -1, 169, 61, 150, -1,
 169, 150, 169, -1, 119, 102, 38, -1, 38, 102, 38, -1,
 38, 38, 31, -1, 31, 38, 12, -1, 31, 12, 61, -1,
 471, 502, 502, -1, 502, 465, 471, -1, 471, 465, 373, -1,
 471, 373, 296, -1, 296, 373, 287, -1, 296, 287, 274, -1,
 274, 287, 274, -1, 274, 274, 119, -1, 119, 274, 197, -1,
 119, 197, 102, -1, 711, 711, 639, -1, 639, 711, 642, -1,
 639, 642, 502, -1, 502, 642, 554, -1, 502, 554, 502, -1,
 1385, 1153, 805, -1, 805, 1153, 814, -1, 805, 814, 711, -1,
 711, 814, 724, -1, 711, 724, 711, -1, 2680, 2463, 2208, -1,
 2208, 2463, 2208, -1, 2208, 2208, 2159, -1, 2159, 2208, 1932, -1,
 2159, 1932, 1565, -1, 1565, 1932, 1606, -1, 1565, 1606, 1385, -1,
 1385, 1606, 1385, -1, 1385, 1385, 1153, -1, 3177, 2982, 2850, -1,
 2850, 2982, 2850, -1, 2850, 2850, 2680, -1, 2680, 2850, 2737, -1,
 2680, 2737, 2463, -1, 3650, 4067, 3937, -1, 3937, 3715, 3650, -1,
 3650, 3715, 3487, -1, 3650, 3487, 3472, -1, 3472, 3487, 3472, -1,
 3472, 3472, 3177, -1, 3177, 3472, 3248, -1, 3177, 3248, 2982, -1,
 4669, 4669, 4564, -1, 4564, 4669, 4420, -1, 4564, 4420, 4098, -1,
 4098, 4420, 4177, -1, 4098, 4177, 4067, -1, 4067, 4177, 4067, -1,
 4067, 4067, 3937, -1, 5046, 5286, 5286, -1, 5286, 5160, 5046, -1,
 5046, 5160, 4908, -1, 5046, 4908, 4669, -1, 4669, 4908, 4675, -1,
 4669, 4675, 4669, -1, 5960, 5948, 5531, -1, 5531, 5948, 5670, -1,
 5531, 5670, 5286, -1, 5286, 5670, 5403, -1, 5286, 5403, 5286, -1,
 6892, 6892, 6884, -1, 6884, 6892, 6856, -1, 6884, 6856, 6089, -1,
 6089, 6856, 6286, -1, 6089, 6286, 5960, -1, 5960, 6286, 5960, -1,
 5960, 5960, 5948, -1, 7338, 7306, 7249, -1, 7249, 7306, 7214, -1,
 7249, 7214, 7120, -1, 7120, 7214, 7120, -1, 7120, 7120, 7074, -1,
 7074, 7120, 7046, -1, 7074, 7046, 6892, -1, 6892, 7046, 6948, -1,
 6892, 6948, 6892, -1, 7427, 7573, 7573, -1, 7573, 7500, 7427, -1,
 7427, 7500, 7403, -1, 7427, 7403, 7338, -1, 7338, 7403, 7338, -1,
 7338, 7338, 7306, -1, 7700, 7700, 7726, -1, 7726, 7700, 7732, -1,
 7726, 7732, 7609, -1, 7609, 7732, 7676, -1, 7609, 7676, 7573, -1,
 7573, 7676, 7587, -1, 7573, 7587, 7573, -1, 7542, 7548, 7700, -1,
 7700, 7548, 7652, -1, 7700, 7652, 7700, -1, 7238, 7282, 7363, -1,
 7363, 7282, 7367, -1, 7363, 7367, 7469, -1, 7469, 7367, 7469, -1,
 7469, 7469, 7542, -1, 7542, 7469, 7471, -1, 7542, 7471, 7548, -1,
 7023, 7007, 7007, -1, 7007, 7014, 7023, -1, 7023, 7014, 7101, -1,
 7023, 7101, 7190, -1, 7190, 7101, 7185, -1, 7190, 7185, 7238, -1,
 7238, 7185, 7238, -1, 7238, 7238, 7282, -1, 5910, 6174, 6391, -1,
 6391, 6174, 6391, -1, 6391, 6391, 6742, -1, 6742, 6391, 6627, -1,
 6742, 6627, 7007, -1, 7007, 6627, 6923, -1, 7007, 6923, 7007, -1,
 4967, 5082, 5388, -1, 5388, 5082, 5332, -1, 5388, 5332, 5586, -1,
 5586, 5332, 5586, -1, 5586, 5586, 5910, -1, 5910, 5586, 5854, -1,
 5910, 5854, 6174, -1, 4337, 4343, 4430, -1, 4430, 4343, 4590, -1,
 4430, 4590, 4909, -1, 4909, 4590, 4837, -1, 4909, 4837, 4967, -1,
 4967, 4837, 4967, -1, 4967, 4967, 5082, -1, 3962, 3757, 3757, -1,
 3757, 3876, 3962, -1, 3962, 3876, 4113, -1, 3962, 4113, 4337, -1,
 4337, 4113, 4337, -1, 4337, 4337, 4343, -1, 3155, 3167, 3521, -1,
 3521, 3167, 3397, -1, 3521, 3397, 3757, -1, 3757, 3397, 3659, -1,
 3757, 3659, 3757, -1, 2513, 2513, 2541, -1, 2541, 2513, 2658, -1,
 2541, 2658, 3037, -1, 3037, 2658, 2910, -1, 3037, 2910, 3155, -1,
 3155, 2910, 3155, -1, 3155, 3155, 3167, -1, 1817, 1840, 2019, -1,
 2019, 1840, 2125, -1, 2019, 2125, 2513, -1, 2513, 2125, 2393, -1,
 2513, 2393, 2513, -1, 1332, 1496, 1817, -1, 1817, 1496, 1817, -1,
 1817, 1817, 1840, -1, 382, 436, 420, -1, 420, 436, 529, -1,
 420, 529, 589, -1, 589, 529, 601, -1, 589, 601, 601, -1,
 601, 601, 690, -1, 601, 690, 755, -1, 755, 690, 784, -1,
 755, 784, 826, -1, 826, 784, 826, -1, 826, 826, 1332, -1,
 1332, 826, 870, -1, 1332, 870, 1496, -1, 159, 172, 235, -1,
 235, 172, 249, -1, 235, 249, 382, -1, 382, 249, 345, -1,
 382, 345, 382, -1, 52, 4, 67, -1, 67, 4, 77, -1,
 67, 77, 159, -1, 159, 77, 159, -1, 159, 159, 172, -1,
 94, 87, 52, -1, 52, 87, 52, -1, 52, 52, 4, -1,
 447, 510, 510, -1, 510, 455, 447, -1, 447, 455, 362, -1,
 447, 362, 281, -1, 281, 362, 281, -1, 281, 281, 262, -1,
 262, 281, 266, -1, 262, 266, 94, -1, 94, 266, 187, -1,
 94, 187, 87, -1, 722, 703, 619, -1, 619, 703, 628, -1,
 619, 628, 510, -1, 510, 628, 543, -1, 510, 543, 510, -1,
 1351, 1038, 777, -1, 777, 1038, 794, -1, 777, 794, 722, -1,
 722, 794, 722, -1, 722, 722, 703, -1, 2193, 2167, 2093, -1,
 2093, 2167, 1886, -1, 2093, 1886, 1469, -1, 1469, 1886, 1539, -1,
 1469, 1539, 1351, -1, 1351, 1539, 1351, -1, 1351, 1351, 1038, -1,
 2611, 2430, 2193, -1, 2193, 2430, 2193, -1, 2193, 2193, 2167, -1,
 3094, 3454, 3440, -1, 3440, 3212, 3094, -1, 3094, 3212, 2950, -1,
 3094, 2950, 2831, -1, 2831, 2950, 2831, -1, 2831, 2831, 2611, -1,
 2611, 2831, 2696, -1, 2611, 2696, 2430, -1, 4054, 4054, 4032, -1,
 4032, 4054, 3911, -1, 4032, 3911, 3587, -1, 3587, 3911, 3684, -1,
 3587, 3684, 3454, -1, 3454, 3684, 3454, -1, 3454, 3454, 3440, -1,
 4653, 4635, 4507, -1, 4507, 4635, 4384, -1, 4507, 4384, 4054, -1,
 4054, 4384, 4145, -1, 4054, 4145, 4054, -1, 4981, 5267, 5267, -1,
 5267, 5126, 4981, -1, 4981, 5126, 4867, -1, 4981, 4867, 4653, -1,
 4653, 4867, 4653, -1, 4653, 4653, 4635, -1, 5932, 5898, 5473, -1,
 5473, 5898, 5631, -1, 5473, 5631, 5267, -1, 5267, 5631, 5364, -1,
 5267, 5364, 5267, -1, 7052, 7126, 7116, -1, 7116, 7032, 7052, -1,
 7052, 7032, 6938, -1, 7052, 6938, 6898, -1, 6898, 6938, 6898, -1,
 6898, 6898, 6866, -1, 6866, 6898, 6778, -1, 6866, 6778, 6014, -1,
 6014, 6778, 6234, -1, 6014, 6234, 5932, -1, 5932, 6234, 5932, -1,
 5932, 5932, 5898, -1, 7344, 7295, 7219, -1, 7219, 7295, 7200, -1,
 7219, 7200, 7126, -1, 7126, 7200, 7126, -1, 7126, 7126, 7116, -1,
 7571, 7488, 7397, -1, 7397, 7488, 7386, -1, 7397, 7386, 7344, -1,
 7344, 7386, 7344, -1, 7344, 7344, 7295, -1, 7696, 7696, 7738, -1,
 7696, 7740, 7738, -1, 7738, 7740, 7661, -1, 7738, 7661, 7582, -1,
 7582, 7661, 7582, -1, 7582, 7582, 7571, -1, 7571, 7582, 7565, -1,
 7571, 7565, 7488, -1, 7662, 7696, 7562, -1, 7562, 7696, 7568, -1,
 7562, 7568, 7485, -1, 7485, 7568, 7463, -1, 7485, 7463, 7463, -1,
 7463, 7463, 7388, -1, 7388, 7463, 7395, -1, 7388, 7395, 7292, -1,
 7292, 7395, 7233, -1, 7292, 7233, 7233, -1, 7233, 7233, 7201, -1,
 7201, 7233, 7211, -1, 7201, 7211, 7113, -1, 7113, 7211, 7031, -1,
 7031, 7211, 7049, -1, 7031, 7049, 7003, -1, 7003, 7049, 7003, -1,
 7003, 7003, 6940, -1, 6940, 7003, 6861, -1, 6940, 6861, 6756, -1,
 6756, 6861, 6361, -1, 6361, 6861, 6361, -1, 6361, 6361, 6237, -1,
 6237, 6361, 6005, -1, 6237, 6005, 5895, -1, 5895, 6005, 5628, -1,
 5628, 6005, 5568, -1, 5628, 5568, 5568, -1, 5568, 5568, 5368, -1,
 5368, 5568, 5466, -1, 5368, 5466, 5123, -1, 5123, 5466, 4973, -1,
 5123, 4973, 4948, -1, 4948, 4973, 4948, -1, 4948, 4948, 4869, -1,
 4869, 4948, 4497, -1, 4869, 4497, 4633, -1, 4016, 3735, 3735, -1,
 3735, 3907, 4016, -1, 4016, 3907, 4147, -1, 4016, 4147, 4323, -1,
 4323, 4147, 4323, -1, 4323, 4323, 4497, -1, 4497, 4323, 4380, -1,
 4497, 4380, 4633, -1, 3085, 3140, 3140, -1, 3140, 3140, 3209, -1,
 3140, 3209, 3578, -1, 3578, 3209, 3438, -1, 3578, 3438, 3735, -1,
 3735, 3438, 3686, -1, 3735, 3686, 3735, -1, 2079, 1798, 1882, -1,
 1882, 2165, 2079, -1, 2079, 2165, 2432, -1, 2079, 2432, 2490, -1,
 2490, 2432, 2490, -1, 2490, 2490, 2605, -1, 2605, 2490, 2692, -1,
 2605, 2692, 3085, -1, 3085, 2692, 2953, -1, 3085, 2953, 3140, -1,
 817, 1029, 1462, -1, 1462, 1029, 1543, -1, 1462, 1543, 1798, -1,
 1798, 1543, 1798, -1, 1798, 1798, 1882, -1, 776, 795, 817, -1,
 817, 795, 817, -1, 817, 817, 1029, -1, 444, 544, 599, -1,
 599, 544, 599, -1, 599, 599, 614, -1, 614, 599, 625, -1,
 614, 625, 776, -1, 776, 625, 702, -1, 776, 702, 795, -1,
 257, 153, 184, -1, 184, 153, 153, -1, 184, 265, 257, -1,
 257, 265, 364, -1, 257, 364, 378, -1, 378, 364, 378, -1,
 378, 378, 444, -1, 444, 378, 452, -1, 444, 452, 544, -1,
 153, 153, 88, -1, 88, 153, 92, -1, 88, 92, 1, -1,
 1, 92, 55, -1, 1, 55, 55, -1, 55, 55, 76, -1,
 76, 55, 68, -1, 76, 68, 175, -1, 175, 68, 244, -1,
 175, 244, 252, -1, 252, 244, 293, -1, 293, 244, 293, -1,
 293, 293, 344, -1, 344, 293, 423, -1, 344, 423, 441, -1,
 441, 423, 512, -1, 512, 423, 512, -1, 512, 512, 528, -1,
 528, 512, 592, -1, 528, 592, 692, -1, 692, 592, 729, -1,
 692, 729, 729, -1, 729, 729, 781, -1, 781, 729, 761, -1,
 781, 761, 873, -1, 873, 761, 1344, -1, 873, 1344, 1421, -1,
 1421, 1344, 1421, -1, 1421, 1421, 1495, -1, 1495, 1421, 2028, -1,
 1495, 2028, 1842, -1, 2551, 2390, 2237, -1, 2237, 2390, 2237, -1,
 2237, 2237, 2028, -1, 2028, 2237, 2129, -1, 2028, 2129, 1842, -1,
 3400, 3169, 3042, -1, 3042, 3169, 2911, -1, 3042, 2911, 2875, -1,
 2875, 2911, 2875, -1, 2875, 2875, 2551, -1, 2551, 2875, 2660, -1,
 2551, 2660, 2390, -1, 4092, 4092, 3973, -1, 3973, 4092, 3881, -1,
 3973, 3881, 3530, -1, 3530, 3881, 3657, -1, 3530, 3657, 3499, -1,
 3499, 3657, 3499, -1, 3499, 3499, 3400, -1, 4435, 4702, 4702, -1,
 4702, 4593, 4435, -1, 4435, 4593, 4346, -1, 4435, 4346, 4092, -1,
 4092, 4346, 4115, -1, 4092, 4115, 4092, -1, 6847, 6172, 5991, -1,
 5991, 6172, 5991, -1, 5991, 5991, 5920, -1, 5920, 5991, 5857, -1,
 5920, 5857, 5394, -1, 5394, 5857, 5333, -1, 5394, 5333, 5310, -1,
 5310, 5333, 5310, -1, 5310, 5310, 4917, -1, 4917, 5310, 5085, -1,
 4917, 5085, 4702, -1, 4702, 5085, 4833, -1, 4702, 4833, 4702, -1,
 7024, 7137, 7104, -1, 7104, 7016, 7024, -1, 7024, 7016, 6926, -1,
 7024, 6926, 6917, -1, 6917, 6926, 6917, -1, 6917, 6917, 6847, -1,
 6847, 6917, 6642, -1, 6847, 6642, 6172, -1, 7191, 7184, 7137, -1,
 7137, 7184, 7137, -1, 7137, 7137, 7104, -1, 7545, 7472, 7373, -1,
 7373, 7472, 7369, -1, 7373, 7369, 7359, -1, 7359, 7369, 7359, -1,
 7359, 7359, 7191, -1, 7191, 7359, 7285, -1, 7191, 7285, 7184, -1,
 7729, 7680, 7680, -1, 7680, 7735, 7729, -1, 7729, 7735, 7651, -1,
 7729, 7651, 7603, -1, 7603, 7651, 7603, -1, 7603, 7603, 7545, -1,
 7545, 7603, 7551, -1, 7545, 7551, 7472, -1, 7449, 7497, 7601, -1,
 7601, 7497, 7585, -1, 7601, 7585, 7680, -1, 7680, 7585, 7675, -1,
 7680, 7675, 7680, -1, 7070, 7213, 7218, -1, 7218, 7213, 7218, -1,
 7218, 7218, 7245, -1, 7245, 7218, 7303, -1, 7245, 7303, 7424, -1,
 7424, 7303, 7404, -1, 7424, 7404, 7449, -1, 7449, 7404, 7449, -1,
 7449, 7449, 7497, -1, 6881, 6950, 6984, -1, 6984, 6950, 6984, -1,
 6984, 6984, 7070, -1, 7070, 6984, 7043, -1, 7070, 7043, 7213, -1,
 6081, 6284, 6295, -1, 6295, 6284, 6295, -1, 6295, 6295, 6881, -1,
 6881, 6295, 6853, -1, 6881, 6853, 6950, -1, 5538, 5665, 6081, -1,
 6081, 5665, 5947, -1, 6081, 5947, 6284, -1, 4288, 4288, 4547, -1,
 4547, 4288, 4416, -1, 4416, 4673, 4547, -1, 4547, 4673, 4907, -1,
 4547, 4907, 4914, -1, 4914, 4907, 4914, -1, 4914, 4914, 5037, -1,
 5037, 4914, 5156, -1, 5037, 5156, 5523, -1, 5523, 5156, 5407, -1,
 5523, 5407, 5538, -1, 5538, 5407, 5538, -1, 5538, 5538, 5665, -1,
 3706, 3713, 4095, -1, 4095, 3713, 3934, -1, 4095, 3934, 4288, -1,
 4288, 3934, 4179, -1, 4288, 4179, 4288, -1, 3087, 3087, 3164, -1,
 3164, 3087, 3245, -1, 3164, 3245, 3645, -1, 3645, 3245, 3485, -1,
 3645, 3485, 3706, -1, 3706, 3485, 3706, -1, 3706, 3706, 3713, -1,
 2448, 2462, 2671, -1, 2671, 2462, 2735, -1, 2671, 2735, 3087, -1,
 3087, 2735, 2985, -1, 3087, 2985, 3087, -1, 806, 1147, 1545, -1,
 1545, 1147, 1608, -1, 1545, 1608, 1745, -1, 1745, 1608, 1745, -1,
 1745, 1745, 2150, -1, 2150, 1745, 1928, -1, 2150, 1928, 2448, -1,
 2448, 1928, 2448, -1, 2448, 2448, 2462, -1, 802, 806, 806, -1,
 806, 806, 811, -1, 806, 811, 1147, -1, 466, 367, 370, -1,
 370, 462, 466, -1, 466, 462, 555, -1, 466, 555, 584, -1,
 584, 555, 584, -1, 584, 584, 633, -1, 633, 584, 638, -1,
 633, 638, 802, -1, 802, 638, 723, -1, 802, 723, 806, -1,
 137, 194, 295, -1, 295, 194, 286, -1, 295, 286, 367, -1,
 367, 286, 367, -1, 367, 367, 370, -1, 34, 70, 70, -1,
 70, 62, 34, -1, 34, 62, 9, -1, 34, 9, 110, -1,
 110, 9, 103, -1, 110, 103, 137, -1, 137, 103, 137, -1,
 137, 137, 194, -1, 309, 309, 220, -1, 220, 309, 240, -1,
 220, 240, 70, -1, 70, 240, 151, -1, 70, 151, 70, -1,
 741, 682, 572, -1, 572, 682, 523, -1, 572, 523, 523, -1,
 523, 523, 519, -1, 523, 519, 407, -1, 407, 519, 429, -1,
 407, 429, 309, -1, 309, 429, 333, -1, 309, 333, 309, -1,
 1244, 861, 742, -1, 742, 861, 768, -1, 742, 768, 741, -1,
 741, 768, 741, -1, 741, 741, 682, -1, 1953, 2264, 2264, -1,
 2264, 2084, 1953, -1, 1953, 2084, 1779, -1, 1953, 1779, 1483, -1,
 1483, 1779, 1483, -1, 1483, 1483, 1244, -1, 1244, 1483, 1443, -1,
 1244, 1443, 861, -1, 2905, 2905, 2880, -1, 2905, 2880, 2475, -1,
 2475, 2880, 2621, -1, 2475, 2621, 2264, -1, 2264, 2621, 2347, -1,
 2264, 2347, 2264, -1, 2905, 2905, 3125, -1, 3125, 2905, 2977, -1,
 3125, 2977, 3375, -1, 3375, 2977, 3459, -1, 3375, 3459, 3536, -1,
 3536, 3459, 3536, -1, 3536, 3536, 3616, -1, 3616, 3536, 3852, -1,
 3852, 3536, 3919, -1, 3852, 3919, 4082, -1, 4082, 3919, 4123, -1,
 4082, 4123, 4123, -1, 4123, 4123, 4303, -1, 4303, 4123, 4371, -1,
 4303, 4371, 4558, -1, 4558, 4371, 4728, -1, 4558, 4728, 4728, -1,
 6043, 6043, 5847, -1, 5847, 6043, 5811, -1, 5847, 5811, 5344, -1,
 5344, 5811, 5344, -1, 5344, 5344, 5339, -1, 5339, 5344, 5300, -1,
 5339, 5300, 4851, -1, 4851, 5300, 5057, -1, 4851, 5057, 4728, -1,
 4728, 5057, 4787, -1, 4728, 4787, 4728, -1, 6933, 6933, 6912, -1,
 6933, 6912, 6579, -1, 6579, 6912, 6541, -1, 6579, 6541, 6043, -1,
 6043, 6541, 6119, -1, 6043, 6119, 6043, -1, 6933, 6933, 6991, -1,
 6991, 6933, 6994, -1, 6991, 6994, 7092, -1, 7092, 6994, 7150, -1,
 7092, 7150, 7150, -1, 7527, 7618, 7618, -1, 7618, 7537, 7527, -1,
 7527, 7537, 7454, -1, 7527, 7454, 7375, -1, 7375, 7454, 7375, -1,
 7375, 7375, 7346, -1, 7346, 7375, 7356, -1, 7346, 7356, 7164, -1,
 7164, 7356, 7275, -1, 7164, 7275, 7150, -1, 7150, 7275, 7169, -1,
 7150, 7169, 7150, -1, 7667, 7686, 7711, -1, 7711, 7686, 7725, -1,
 7711, 7725, 7618, -1, 7618, 7725, 7639, -1, 7618, 7639, 7618, -1,
 7437, 7437, 7443, -1, 7443, 7437, 7509, -1, 7443, 7509, 7624, -1,
 7624, 7509, 7605, -1, 7624, 7605, 7667, -1, 7667, 7605, 7667, -1,
 7667, 7667, 7686, -1, 7205, 7227, 7265, -1, 7265, 7227, 7313, -1,
 7265, 7313, 7437, -1, 7437, 7313, 7416, -1, 7437, 7416, 7437, -1,
 6342, 6868, 6916, -1, 6916, 6868, 6963, -1, 6916, 6963, 6975, -1,
 6975, 6963, 6975, -1, 6975, 6975, 7084, -1, 7084, 6975, 7058, -1,
 7084, 7058, 7205, -1, 7205, 7058, 7205, -1, 7205, 7205, 7227, -1,
 5506, 5506, 5578, -1, 5578, 5506, 5704, -1, 5578, 5704, 6154, -1,
 6154, 5704, 6003, -1, 6154, 6003, 6244, -1, 6244, 6003, 6244, -1,
 6244, 6244, 6342, -1, 5099, 5188, 5506, -1, 5506, 5188, 5447, -1,
 5506, 5447, 5506, -1, 4618, 4260, 4260, -1, 4260, 4450, 4618, -1,
 4618, 4450, 4711, -1, 4618, 4711, 4873, -1, 4873, 4711, 4873, -1,
 4873, 4873, 5099, -1, 5099, 4873, 4935, -1, 5099, 4935, 5188, -1,
 3679, 3679, 3695, -1, 3695, 3679, 3743, -1, 3695, 3743, 4144, -1,
 4144, 3743, 3975, -1, 4144, 3975, 4260, -1, 4260, 3975, 4219, -1,
 4260, 4219, 4260, -1, 3060, 3060, 3230, -1, 3230, 3060, 3269, -1,
 3230, 3269, 3679, -1, 3679, 3269, 3517, -1, 3679, 3517, 3679, -1,
 2415, 2510, 2738, -1, 2738, 2510, 2765, -1, 2738, 2765, 3060, -1,
 3060, 2765, 3021, -1, 3060, 3021, 3060, -1, 385, 478, 492, -1,
 492, 478, 565, -1, 492, 565, 576, -1, 576, 565, 576, -1,
 576, 576, 620, -1, 620, 576, 651, -1, 620, 651, 664, -1,
 664, 651, 736, -1, 664, 736, 789, -1, 789, 736, 789, -1,
 789, 789, 830, -1, 830, 789, 825, -1, 830, 825, 1646, -1,
 825, 1241, 1646, -1, 1646, 1241, 1659, -1, 1646, 1659, 1695, -1,
 1695, 1659, 1695, -1, 1695, 1695, 2239, -1, 2239, 1695, 1967, -1,
 2239, 1967, 2415, -1, 2415, 1967, 2415, -1, 2415, 2415, 2510, -1,
 3899, 3899, 3479, -1, 3899, 3479, 3479, -1, 3479, 3479, 3031, -1,
 3479, 3031, 3031, -1, 3031, 3031, 2566, -1, 3031, 2566, 2566, -1,
 2566, 2566, 2069, -1, 2566, 2069, 2069, -1, 2069, 2069, 1492, -1,
 2069, 1492, 1492, -1, 1492, 1492, 801, -1, 1492, 801, 801, -1,
 801, 801, 648, -1, 801, 648, 648, -1, 648, 648, 485, -1,
 648, 485, 485, -1, 485, 485, 324, -1, 485, 324, 324, -1,
 324, 324, 158, -1, 324, 158, 158, -1, 158, 158, 0, -1,
 158, 0, 0, -1, 0, 0, 157, -1, 0, 157, 157, -1,
 157, 157, 323, -1, 157, 323, 323, -1, 323, 323, 484, -1,
 323, 484, 484, -1, 484, 484, 647, -1, 484, 647, 647, -1,
 647, 647, 800, -1, 647, 800, 800, -1, 800, 800, 1491, -1,
 800, 1491, 1491, -1, 1491, 1491, 2068, -1, 1491, 2068, 2068, -1,
 2068, 2068, 2565, -1, 2068, 2565, 2565, -1, 2565, 2565, 3030, -1,
 2565, 3030, 3030, -1, 3030, 3030, 3478, -1, 3030, 3478, 3478, -1,
 3478, 3478, 3898, -1, 3478, 3898, 3898, -1, 3902, 3902, 3902, -1,
 3902, 3902, 3902, -1, 3902, 3902, 3902, -1, 3902, 3902, 3902, -1,
 3902, 3902, 3902, -1, 3902, 3902, 3902, -1, 3902, 3902, 3902, -1,
 3902, 3902, 3902, -1, 3902, 3902, 3902, -1, 3902, 3902, 3902, -1,
 3902, 3902, 3902, -1, 3902, 3902, 3902, -1, 3902, 3902, 3902, -1,
 3902, 3902, 3902, -1, 3902, 3902, 3902, -1, 3902, 3902, 3902, -1,
 3902, 3902, 3902, -1, 3902, 3902, 3902, -1, 3902, 3902, 3902, -1,
 3902, 3902, 3902, -1, 3902, 3902, 3902, -1, 3902, 3902, 3902, -1,
 3902, 3902, 3902, -1, 3902, 3902, 3902, -1, 3902, 3902, 3902, -1,
 3902, 3902, 3902, -1, 3902, 3902, 3902, -1, 3902, 3902, 3902, -1,
 3902, 3902, 3902, -1, 3902, 3902, 3902, -1, 3902, 3902, 3902, -1,
 3902, 3902, 3902, -1, 3902, 3902, 3902, -1, 3902, 3902, 3902, -1,
 3902, 3902, 3902, -1, 3902, 3902, 3902, -1, 3902, 3902, 3902, -1,
 3902, 3902, 3902, -1, 3902, 3902, 3902, -1, 3902, 3902, 3902, -1,
 3902, 3902, 3902, -1, 3902, 3902, 3902, -1, 3902, 3902, 3902, -1,
 3902, 3902, 3902, -1, 3902, 3902, 3902, -1, 3902, 3902, 3902, -1,
 3902, 3902, 3902, -1, 3902, 3902, 3902, -1, 3902, 3902, 3902, -1,
 3902, 3902, 3902, -1, 3902, 3902, 3902, -1, 3902, 3902, 3902, -1,
 3902, 3902, 3902, -1, 3902, 3902, 3902, -1, 3902, 3902, 3902, -1,
 3902, 3902, 3902, -1, 3902, 3902, 3902, -1, 3902, 3902, 3902, -1,
 3902, 3902, 3902, -1, 3902, 3902, 3902, -1, 3902, 3902, 3902, -1,
 3902, 3902, 3902, -1, 3902, 3902, 3902, -1, 3902, 3902, 3902, -1,
 3902, 3902, 3902, -1, 3902, 3902, 3902, -1, 3902, 3902, 3902, -1,
 3902, 3902, 3902, -1, 3902, 3902, 3902, -1, 3902, 3902, 3902, -1,
 3902, 3902, 3902, -1, 3902, 3902, 3902, -1, 3902, 3902, 3902, -1,
 3902, 3902, 3902, -1, 3902, 3902, 3902, -1, 3902, 3902, 3902, -1,
 3902, 3902, 3902, -1, 3902, 3902, 3902, -1, 3902, 3902, 3902, -1,
 3902, 3902, 3902, -1, 3902, 3902, 3902, -1, 3902, 3902, 3902, -1,
 3902, 3902, 3902, -1, 3902, 3902, 3902, -1, 3902, 3902, 3902, -1,
 3902, 3902, 3902, -1, 3902, 3902, 3902, -1, 3902, 3902, 3902, -1,
 3902, 3902, 3902, -1, 3902, 3902, 3902, -1, 3902, 3902, 3902, -1,
 3902, 3902, 3902, -1, 3902, 3902, 3902, -1, 3902, 3902, 3902, -1,
 3902, 3902, 3902, -1, 3902, 3902, 3902, -1, 3902, 3902, 3902, -1,
 3902, 3902, 3902, -1, 3902, 3902, 3902, -1, 3902, 3902, 3902, -1,
 3902, 3902, 3902, -1, 3902, 3902, 3902, -1, 3902, 3902, 3902, -1,
 3902, 3902, 3902, -1, 3902, 3902, 3902, -1, 3902, 3902, 3902, -1,
 3902, 3902, 3902, -1, 3902, 3902, 3902, -1, 3902, 3902, 3902, -1,
 3902, 3902, 3902, -1, 3902, 3902, 3902, -1, 3902, 3902, 3902, -1,
 3902, 3902, 3902, -1, 3902, 3902, 3902, -1, 3902, 3902, 3902, -1,
 3902, 3902, 3902, -1, 3902, 3902, 3902, -1, 3902, 3902, 3902, -1,
 3902, 3902, 3902, -1, 3902, 3902, 3902, -1, 3902, 3902, 3902, -1,
 3902, 3902, 3902, -1, 3902, 3902, 3902, -1, 3902, 3902, 3902, -1,
 3902, 3902, 3902, -1, 3902, 3902, 3902, -1, 3902, 3902, 3902, -1,
 3902, 3902, 3902, -1, 3902, 3902, 3902, -1, 3902, 3902, 3902, -1,
 3897, 3897, 3897, -1, 3897, 3897, 3897, -1, 3897, 3897, 3897, -1,
 3897, 3897, 3897, -1, 3897, 3897, 3897, -1, 3897, 3897, 3897, -1,
 3897, 3897, 3897, -1, 3897, 3897, 3897, -1, 3897, 3897, 3897, -1,
 3897, 3897, 3897, -1, 3897, 3897, 3897, -1, 3897, 3897, 3897, -1,
 3897, 3897, 3897, -1, 3897, 3897, 3897, -1, 3897, 3897, 3897, -1,
 3897, 3897, 3897, -1, 3897, 3897, 3897, -1, 3897, 3897, 3897, -1,
 3897, 3897, 3897, -1, 3897, 3897, 3897, -1, 3897, 3897, 3897, -1,
 3897, 3897, 3897, -1, 3897, 3897, 3897, -1, 3897, 3897, 3897, -1,
 3897, 3897, 3897, -1, 3897, 3897, 3897, -1, 3897, 3897, 3897, -1,
 3897, 3897, 3897, -1, 3897, 3897, 3897, -1, 3897, 3897, 3897, -1,
 3897, 3897, 3897, -1, 3897, 3897, 3897, -1, 3897, 3897, 3897, -1,
 3897, 3897, 3897, -1, 3897, 3897, 3897, -1, 3897, 3897, 3897, -1,
 3897, 3897, 3897, -1, 3897, 3897, 3897, -1, 3897, 3897, 3897, -1,
 3897, 3897, 3897, -1, 3897, 3897, 3897, -1, 3897, 3897, 3897, -1,
 3897, 3897, 3897, -1, 3897, 3897, 3897, -1, 3897, 3897, 3897, -1,
 3897, 3897, 3897, -1, 3897, 3897, 3897, -1, 3897, 3897, 3897, -1,
 3897, 3897, 3897, -1, 3897, 3897, 3897, -1, 3897, 3897, 3897, -1,
 3897, 3897, 3897, -1, 3897, 3897, 3897, -1, 3897, 3897, 3897, -1,
 3897, 3897, 3897, -1, 3897, 3897, 3897, -1, 3897, 3897, 3897, -1,
 3897, 3897, 3897, -1, 3897, 3897, 3897, -1, 3897, 3897, 3897, -1,
 3897, 3897, 3897, -1, 3897, 3897, 3897, -1, 3897, 3897, 3897, -1,
 3897, 3897, 3897, -1, 3897, 3897, 3897, -1, 3897, 3897, 3897, -1,
 3897, 3897, 3897, -1, 3897, 3897, 3897, -1, 3897, 3897, 3897, -1,
 3897, 3897, 3897, -1, 3897, 3897, 3897, -1, 3897, 3897, 3897, -1,
 3897, 3897, 3897, -1, 3897, 3897, 3897, -1, 3897, 3897, 3897, -1,
 3897, 3897, 3897, -1, 3897, 3897, 3897, -1, 3897, 3897, 3897, -1,
 3897, 3897, 3897, -1, 3897, 3897, 3897, -1, 3897, 3897, 3897, -1,
 3897, 3897, 3897, -1, 3897, 3897, 3897, -1, 3897, 3897, 3897, -1,
 3898, 3898, 3426, -1, 3898, 3426, 3426, -1, 3426, 3426, 2938, -1,
 3426, 2938, 2938, -1, 2938, 2938, 2417, -1, 2938, 2417, 2417, -1,
 2417, 2417, 1861, -1, 2417, 1861, 1861, -1, 1861, 1861, 981, -1,
 1861, 981, 981, -1, 981, 981, 697, -1, 981, 697, 697, -1,
 697, 697, 534, -1, 697, 534, 534, -1, 534, 534, 353, -1,
 534, 353, 353, -1, 353, 353, 178, -1, 353, 178, 178, -1,
 178, 178, 0, -1, 178, 0, 0, -1, 0, 0, 179, -1,
 0, 179, 179, -1, 179, 179, 354, -1, 179, 354, 354, -1,
 354, 354, 535, -1, 354, 535, 535, -1, 535, 535, 698, -1,
 535, 698, 698, -1, 698, 698, 982, -1, 698, 982, 982, -1,
 982, 982, 1862, -1, 982, 1862, 1862, -1, 1862, 1862, 2418, -1,
 1862, 2418, 2418, -1, 2418, 2418, 2939, -1, 2418, 2939, 2939, -1,
 2939, 2939, 3427, -1, 2939, 3427, 3427, -1, 3427, 3427, 3899, -1,
 3427, 3899, 3899, -1, 3897, 3897, 3897, -1, 3897, 3897, 3897, -1,
 3897, 3897, 3897, -1, 3897, 3897, 3897, -1, 3897, 3897, 3897, -1,
 3897, 3897, 3897, -1, 3897, 3897, 3897, -1, 3897, 3897, 3897, -1,
 3897, 3897, 3897, -1, 3897, 3897, 3897, -1, 3897, 3897, 3897, -1,
 3897, 3897, 3897, -1, 3897, 3897, 3897, -1, 3897, 3897, 3897, -1,
 3897, 3897, 3897, -1, 3897, 3897, 3897, -1, 3897, 3897, 3897, -1,
 3897, 3897, 3897, -1, 3897, 3897, 3897, -1, 3897, 3897, 3897, -1,
 3897, 3897, 3897, -1, 3897, 3897, 3897, -1, 3897, 3897, 3897, -1,
 3897, 3897, 3897, -1, 3897, 3897, 3897, -1, 3897, 3897, 3897, -1,
 3897, 3897, 3897, -1, 3897, 3897, 3897, -1, 3897, 3897, 3897, -1,
 3897, 3897, 3897, -1, 3897, 3897, 3897, -1, 3897, 3897, 3897, -1,
 3897, 3897, 3897, -1, 3897, 3897, 3897, -1, 3897, 3897, 3897, -1,
 3897, 3897, 3897, -1, 3897, 3897, 3897, -1, 3897, 3897, 3897, -1,
 3897, 3897, 3897, -1, 3897, 3897, 3897, -1, 3897, 3897, 3897, -1,
 3897, 3897, 3897, -1, 2649, 2649, 2257, -1, 2257, 2649, 2257, -1,
 2257, 2257, 1797, -1, 1797, 2257, 1797, -1, 588, 588, 588, -1,
 588, 588, 588, -1, 132, 132, 0, -1, 0, 132, 0, -1,
 0, 0, 131, -1, 131, 0, 131, -1, 587, 587, 587, -1,
 587, 587, 587, -1, 1796, 1796, 2256, -1, 2256, 1796, 2256, -1,
 2256, 2256, 2648, -1, 2648, 2256, 2648, -1, 3898, 3898, 3898, -1,
 3898, 3898, 3898, -1, 5144, 5144, 5535, -1, 5535, 5144, 5535, -1,
 5535, 5535, 5968, -1, 5968, 5535, 5968, -1, 7143, 7143, 7143, -1,
 7143, 7143, 7143, -1, 7619, 7619, 7741, -1, 7741, 7619, 7741, -1,
 7741, 7741, 7620, -1, 7620, 7741, 7620, -1, 7144, 7144, 7144, -1,
 7144, 7144, 7144, -1, 5969, 5969, 5536, -1, 5536, 5969, 5536, -1,
 5536, 5536, 5145, -1, 5145, 5536, 5145, -1, 3899, 3899, 3899, -1,
 3899, 3899, 3899, -1, 3897, 3897, 3897, -1, 3897, 3897, 3897, -1,
 3897, 3897, 3897, -1, 3897, 3897, 3897, -1, 3897, 3897, 3897, -1,
 3897, 3897, 3897, -1, 3897, 3897, 3897, -1, 3897, 3897, 3897, -1,
 3897, 3897, 3897, -1, 3897, 3897, 3897, -1, 3897, 3897, 3897, -1,
 3897, 3897, 3897, -1, 3897, 3897, 3897, -1, 3897, 3897, 3897, -1,
 3897, 3897, 3897, -1, 3897, 3897, 3897, -1, 3897, 3897, 3897, -1,
 3897, 3897, 3897, -1, 3897, 3897, 3897, -1, 3897, 3897, 3897, -1,
 3897, 3897, 3897, -1, 3897, 3897, 3897, -1, 3897, 3897, 3897, -1,
 3897, 3897, 3897, -1, 3897, 3897, 3897, -1, 3897, 3897, 3897, -1,
 3897, 3897, 3897, -1, 3897, 3897, 3897, -1, 3897, 3897, 3897, -1,
 3897, 3897, 3897, -1, 3897, 3897, 3897, -1, 3897, 3897, 3897, -1,
 3897, 3897, 3897, -1, 3897, 3897, 3897, -1, 3897, 3897, 3897, -1,
 3897, 3897, 3897, -1, 3897, 3897, 3897, -1, 3897, 3897, 3897, -1,
 3897, 3897, 3897, -1, 3897, 3897, 3897, -1, 3897, 3897, 3897, -1,
 3897, 3897, 3897, -1, 3897, 3897, 3897, -1, 3897, 3897, 3897, -1,
 3897, 3897, 3897, -1, 3897, 3897, 3897, -1, 3897, 3897, 3897, -1,
 3897, 3897, 3897, -1, 3897, 3897, 3897, -1, 3897, 3897, 3897, -1,
 3897, 3897, 3897, -1, 3897, 3897, 3897, -1, 3897, 3897, 3897, -1,
 3897, 3897, 3897, -1, 3897, 3897, 3897, -1, 3897, 3897, 3897, -1,
 3897, 3897, 3897, -1, 3897, 3897, 3897, -1, 3899, 3899, 3093, -1,
 3093, 3899, 3093, -1, 3093, 3093, 2257, -1, 2257, 3093, 2257, -1,
 2257, 2257, 982, -1, 982, 2257, 982, -1, 982, 982, 588, -1,
 588, 982, 588, -1, 588, 588, 299, -1, 299, 588, 299, -1,
 299, 299, 0, -1, 0, 299, 0, -1, 0, 0, 298, -1,
 298, 0, 298, -1, 298, 298, 587, -1, 587, 298, 587, -1,
 587, 587, 981, -1, 981, 587, 981, -1, 981, 981, 2256, -1,
 2256, 981, 2256, -1, 2256, 2256, 3092, -1, 3092, 2256, 3092, -1,
 3092, 3092, 3898, -1, 3898, 3092, 3898, -1, 3897, 3897, 3897, -1,
 3897, 3897, 3897, -1, 3897, 3897, 3897, -1, 3897, 3897, 3897, -1,
 3897, 3897, 3897, -1, 3897, 3897, 3897, -1, 3897, 3897, 3897, -1,
 3897, 3897, 3897, -1, 3897, 3897, 3897, -1, 3897, 3897, 3897, -1,
 3897, 3897, 3897, -1, 3897, 3897, 3897, -1, 3897, 3897, 3897, -1,
 3897, 3897, 3897, -1, 3897, 3897, 3897, -1, 3897, 3897, 3897, -1,
 3897, 3897, 3897, -1, 3897, 3897, 3897, -1, 3897, 3897, 3897, -1,
 3897, 3897, 3897, -1, 3897, 3897, 3897, -1, 3897, 3897, 3897, -1,
 3900, 3900, 3605, -1, 3900, 3605, 3605, -1, 3605, 3605, 3298, -1,
 3605, 3298, 3298, -1, 3298, 3298, 2996, -1, 3298, 2996, 2996, -1,
 2996, 2996, 2686, -1, 2996, 2686, 2686, -1, 2686, 2686, 2382, -1,
 2686, 2382, 2382, -1, 2382, 2382, 2101, -1, 2382, 2101, 2101, -1,
 2101, 2101, 1830, -1, 2101, 1830, 1830, -1, 1830, 1830, 1571, -1,
 1830, 1571, 1571, -1, 1571, 1571, 1317, -1, 1571, 1317, 1317, -1,
 1317, 1317, 1104, -1, 1317, 1104, 1104, -1, 1104, 1104, 983, -1,
 1104, 983, 983, -1, 983, 983, 1105, -1, 983, 1105, 1105, -1,
 1105, 1105, 1318, -1, 1105, 1318, 1318, -1, 1318, 1318, 1572, -1,
 1318, 1572, 1572, -1, 1572, 1572, 1831, -1, 1572, 1831, 1831, -1,
 1831, 1831, 2102, -1, 1831, 2102, 2102, -1, 2102, 2102, 2383, -1,
 2102, 2383, 2383, -1, 2383, 2383, 2687, -1, 2383, 2687, 2687, -1,
 2687, 2687, 2997, -1, 2687, 2997, 2997, -1, 2997, 2997, 3299, -1,
 2997, 3299, 3299, -1, 3299, 3299, 3606, -1, 3299, 3606, 3606, -1,
 3606, 3606, 3901, -1, 3606, 3901, 3901, -1, 3837, 3785, 3786, -1,
 3264, 3293, 3318, -1, 3318, 3293, 3319, -1, 3318, 3319, 3787, -1,
 3787, 3319, 3460, -1, 3787, 3460, 3493, -1, 2859, 2959, 3039, -1,
 2859, 3039, 3318, -1, 3318, 3039, 3119, -1, 3318, 3119, 3264, -1,
 2404, 2454, 2596, -1, 2404, 2596, 2859, -1, 2859, 2596, 2628, -1,
 2859, 2628, 2793, -1, 2793, 2817, 2859, -1, 2859, 2817, 2860, -1,
 2859, 2860, 2959, -1, 2154, 2304, 2404, -1, 1956, 1985, 1983, -1,
 1983, 1985, 2000, -1, 1983, 2000, 2404, -1, 2404, 2000, 2141, -1,
 2404, 2141, 2154, -1, 2304, 2368, 2404, -1, 2404, 2368, 2405, -1,
 2404, 2405, 2454, -1, 1578, 1686, 1750, -1, 1578, 1750, 1983, -1,
 1983, 1750, 1847, -1, 1983, 1847, 1956, -1, 1214, 1289, 1369, -1,
 1214, 1369, 1578, -1, 1578, 1369, 1416, -1, 1578, 1416, 1556, -1,
 1556, 1567, 1578, -1, 1578, 1567, 1576, -1, 1578, 1576, 1686, -1,
 1059, 1161, 1214, -1, 1059, 1214, 1055, -1, 1055, 1214, 983, -1,
 1055, 983, 991, -1, 1161, 1202, 1214, -1, 1214, 1202, 1216, -1,
 1214, 1216, 1289, -1, 1064, 1000, 983, -1, 1220, 1215, 1213, -1,
 1213, 1215, 1190, -1, 1213, 1190, 983, -1, 983, 1190, 1081, -1,
 983, 1081, 1064, -1, 1000, 986, 983, -1, 983, 986, 984, -1,
 983, 984, 991, -1, 1577, 1459, 1395, -1, 1577, 1395, 1213, -1,
 1213, 1395, 1313, -1, 1213, 1313, 1220, -1, 1721, 1593, 1577, -1,
 1721, 1577, 1765, -1, 1765, 1577, 1982, -1, 1765, 1982, 1880, -1,
 1593, 1586, 1577, -1, 1577, 1586, 1575, -1, 1577, 1575, 1459, -1,
 2403, 2333, 2220, -1, 2403, 2220, 1982, -1, 1982, 2220, 2192, -1,
 1982, 2192, 2032, -1, 2032, 1997, 1982, -1, 1982, 1997, 1984, -1,
 1982, 1984, 1880, -1, 2656, 2496, 2403, -1, 2496, 2422, 2403, -1,
 2403, 2422, 2402, -1, 2403, 2402, 2333, -1, 3007, 2858, 3128, -1,
 3128, 2858, 3317, -1, 3128, 3317, 3175, -1, 3007, 2890, 2858, -1,
 2858, 2890, 2857, -1, 2858, 2857, 2403, -1, 2403, 2857, 2670, -1,
 2403, 2670, 2656, -1, 3369, 3330, 3317, -1, 3317, 3330, 3316, -1,
 3317, 3316, 3175, -1, 3785, 3678, 3786, -1, 3786, 3678, 3609, -1,
 3786, 3609, 3317, -1, 3317, 3609, 3509, -1, 3317, 3509, 3369, -1,
 3837, 3786, 3848, -1, 3848, 3786, 3900, -1, 3848, 3900, 3900, -1,
 3493, 3787, 3787, -1, 3787, 3787, 3901, -1, 3787, 3901, 3901, -1,
 3902, 3902, 3902, -1, 3902, 3902, 3902, -1, 3902, 3902, 3902, -1,
 3902, 3902, 3902, -1, 3902, 3902, 3902, -1, 3902, 3902, 3902, -1,
 3902, 3902, 3902, -1, 3902, 3902, 3902, -1, 3902, 3902, 3902, -1,
 3902, 3902, 3902, -1, 3902, 3902, 3902, -1, 3902, 3902, 3902, -1,
 3902, 3902, 3902, -1, 3902, 3902, 3902, -1, 3902, 3902, 3902, -1,
 3902, 3902, 3902, -1, 3902, 3902, 3902, -1, 3902, 3902, 3902, -1,
 3902, 3902, 3902, -1, 3902, 3902, 3902, -1, 3902, 3902, 3902, -1,
 3902, 3902, 3902, -1, 3902, 3902, 3902, -1, 3902, 3902, 3902, -1,
 3902, 3902, 3902, -1, 3902, 3902, 3902, -1, 3902, 3902, 3902, -1,
 3902, 3902, 3902, -1, 3902, 3902, 3902, -1, 3902, 3902, 3902, -1,
 3902, 3902, 3902, -1, 3902, 3902, 3902, -1, 3902, 3902, 3902, -1,
 3902, 3902, 3902, -1, 3902, 3902, 3902, -1, 3902, 3902, 3902, -1,
 3902, 3902, 3902, -1, 3902, 3902, 3902, -1, 3902, 3902, 3902, -1,
 3902, 3902, 3902, -1, 3902, 3902, 3902, -1, 3902, 3902, 3902, -1,
 3902, 3902, 3902, -1, 3902, 3902, 3902, -1, 3902, 3902, 3902, -1,
 3902, 3902, 3902, -1, 3902, 3902, 3902, -1, 3902, 3902, 3902, -1,
 3902, 3902, 3902, -1, 3902, 3902, 3902, -1, 3902, 3902, 3902, -1,
 3902, 3902, 3902, -1, 3902, 3902, 3902, -1, 3902, 3902, 3902, -1,
 3902, 3902, 3902, -1, 3902, 3902, 3902, -1, 3898, 3898, 3092, -1,
 3092, 3898, 3092, -1, 3092, 3092, 2256, -1, 2256, 3092, 2256, -1,
 2256, 2256, 981, -1, 981, 2256, 981, -1, 981, 981, 587, -1,
 587, 981, 587, -1, 587, 587, 298, -1, 298, 587, 298, -1,
 298, 298, 0, -1, 0, 298, 0, -1, 0, 0, 299, -1,
 299, 0, 299, -1, 299, 299, 588, -1, 588, 299, 588, -1,
 588, 588, 982, -1, 982, 588, 982, -1, 982, 982, 2257, -1,
 2257, 982, 2257, -1, 2257, 2257, 3093, -1, 3093, 2257, 3093, -1,
 3093, 3093, 3899, -1, 3899, 3093, 3899, -1, 3902, 3902, 3902, -1,
 3902, 3902, 3902, -1, 3902, 3902, 3902, -1, 3902, 3902, 3902, -1,
 3902, 3902, 3902, -1, 3902, 3902, 3902, -1, 3902, 3902, 3902, -1,
 3902, 3902, 3902, -1, 3902, 3902, 3902, -1, 3902, 3902, 3902, -1,
 3902, 3902, 3902, -1, 3902, 3902, 3902, -1, 3902, 3902, 3902, -1,
 3902, 3902, 3902, -1, 3902, 3902, 3902, -1, 3902, 3902, 3902, -1,
 3902, 3902, 3902, -1, 3902, 3902, 3902, -1, 3902, 3902, 3902, -1,
 3902, 3902, 3902, -1, 3902, 3902, 3902, -1, 3902, 3902, 3902, -1
]
colorPerVertex FALSE
normalPerVertex TRUE
}
}
]
}
