#VRML V2.0 utf8
Transform {
children [
Shape {
appearance Appearance {
material Material {
ambientIntensity 1.000000
diffuseColor 1.000000 1.000000 1.000000
emissiveColor 0.210000 0.210000 0.210000
specularColor 0.880000 0.880000 0.880000
shininess 0.210000
transparency 0.000000
}
}
geometry IndexedFaceSet {
color Color {
color [
 1.000000 1.000000 1.000000
]
}
coord Coordinate {
point [
 -0.012500 0.000000 -0.002000, -0.012500 0.000000 0.002000, -0.012500 0.003000 -0.002000, -0.012500 0.003000 0.002000, -0.012425 0.000000 -0.002668,
 -0.012425 0.000000 0.002668, -0.012425 0.003000 -0.002668, -0.012425 0.003000 0.002668, -0.012203 0.000000 -0.003302, -0.012203 0.000000 0.003302,
 -0.012203 0.003000 -0.003302, -0.012203 0.003000 0.003302, -0.011845 0.000000 -0.003870, -0.011845 0.000000 0.003870, -0.011845 0.003000 -0.003870,
 -0.011845 0.003000 0.003870, -0.011370 0.000000 -0.004345, -0.011370 0.000000 0.004345, -0.011370 0.003000 -0.004345, -0.011370 0.003000 0.004345,
 -0.010802 0.000000 -0.004703, -0.010802 0.000000 0.004703, -0.010802 0.003000 -0.004703, -0.010802 0.003000 0.004703, -0.010168 0.000000 -0.004925,
 -0.010168 0.000000 0.004925, -0.010168 0.003000 -0.004925, -0.010168 0.003000 0.004925, -0.009500 0.000000 -0.005000, -0.009500 0.000000 0.005000,
 -0.009500 0.003000 -0.005000, -0.009500 0.003000 0.005000, -0.008000 0.003000 -0.000000, -0.008000 0.015000 0.000000, -0.007966 0.015522 0.000000,
 -0.007962 0.015000 -0.000390, -0.007962 0.015000 0.000390, -0.007932 0.003000 -0.000518, -0.007932 0.003000 0.000518, -0.007928 0.015517 -0.000390,
 -0.007928 0.015517 0.000390, -0.007924 0.015000 -0.000515, -0.007924 0.015000 0.000515, -0.007864 0.016035 0.000000, -0.007848 0.015000 -0.000765,
 -0.007848 0.015000 0.000765, -0.007827 0.016025 -0.000390, -0.007827 0.016025 0.000390, -0.007815 0.015502 -0.000765, -0.007815 0.015502 0.000765,
 -0.007732 0.003000 -0.001000, -0.007732 0.003000 0.001000, -0.007725 0.015000 -0.000996, -0.007725 0.015000 0.000996, -0.007717 0.015996 -0.000765,
 -0.007717 0.015996 0.000765, -0.007696 0.016531 0.000000, -0.007663 0.015000 -0.001111, -0.007663 0.015000 0.001111, -0.007660 0.016516 -0.000390,
 -0.007660 0.016516 0.000390, -0.007632 0.015478 -0.001111, -0.007632 0.015478 0.001111, -0.007555 0.016472 -0.000765, -0.007555 0.016472 0.000765,
 -0.007538 0.015948 -0.001111, -0.007538 0.015948 0.001111, -0.007464 0.017000 0.000000, -0.007431 0.016981 -0.000390, -0.007431 0.016981 0.000390,
 -0.007414 0.003000 -0.001414, -0.007414 0.003000 0.001414, -0.007414 0.015000 -0.001414, -0.007414 0.015000 0.001414, -0.007385 0.015446 -0.001414,
 -0.007385 0.015446 0.001414, -0.007384 0.016402 -0.001111, -0.007384 0.016402 0.001111, -0.007332 0.016924 -0.000765, -0.007332 0.016924 0.000765,
 -0.007298 0.015884 -0.001414, -0.007298 0.015884 0.001414, -0.007173 0.017435 0.000000, -0.007172 0.016831 -0.001111, -0.007172 0.016831 0.001111,
 -0.007154 0.016307 -0.001414, -0.007154 0.016307 0.001414, -0.007143 0.017412 -0.000390, -0.007143 0.017412 0.000390, -0.007111 0.015000 -0.001663,
 -0.007111 0.015000 0.001663, -0.007085 0.015406 -0.001663, -0.007085 0.015406 0.001663, -0.007053 0.017342 -0.000765, -0.007053 0.017342 0.000765,
 -0.007005 0.015805 -0.001663, -0.007005 0.015805 0.001663, -0.007000 0.003000 -0.001732, -0.007000 0.003000 0.001732, -0.006996 0.015000 -0.001725,
 -0.006996 0.015000 0.001725, -0.006957 0.016707 -0.001414, -0.006957 0.016707 0.001414, -0.006906 0.017230 -0.001111, -0.006906 0.017230 0.001111,
 -0.006874 0.016191 -0.001663, -0.006874 0.016191 0.001663, -0.006828 0.017828 0.000000, -0.006801 0.017801 -0.000390, -0.006801 0.017801 0.000390,
 -0.006765 0.015000 -0.001848, -0.006765 0.015000 0.001848, -0.006742 0.015361 -0.001848, -0.006742 0.015361 0.001848, -0.006721 0.017721 -0.000765,
 -0.006721 0.017721 0.000765, -0.006709 0.017078 -0.001414, -0.006709 0.017078 0.001414, -0.006694 0.016556 -0.001663, -0.006694 0.016556 0.001663,
 -0.006671 0.015716 -0.001848, -0.006671 0.015716 0.001848, -0.006590 0.017590 -0.001111, -0.006590 0.017590 0.001111, -0.006555 0.016058 -0.001848,
 -0.006555 0.016058 0.001848, -0.006518 0.003000 -0.001932, -0.006518 0.003000 0.001932, -0.006515 0.015000 -0.001924, -0.006515 0.015000 0.001924,
 -0.006468 0.016894 -0.001663, -0.006468 0.016894 0.001663, -0.006435 0.018173 0.000000, -0.006414 0.017414 -0.001414, -0.006414 0.017414 0.001414,
 -0.006412 0.018143 -0.000390, -0.006412 0.018143 0.000390, -0.006395 0.016383 -0.001848, -0.006395 0.016383 0.001848, -0.006390 0.015000 -0.001962,
 -0.006390 0.015000 0.001962, -0.006370 0.015312 -0.001962, -0.006370 0.015312 0.001962, -0.006342 0.018053 -0.000765, -0.006342 0.018053 0.000765,
 -0.006309 0.015619 -0.001962, -0.006309 0.015619 0.001962, -0.006230 0.017906 -0.001111, -0.006230 0.017906 0.001111, -0.006208 0.015915 -0.001962,
 -0.006208 0.015915 0.001962, -0.006200 0.017200 -0.001663, -0.006200 0.017200 0.001663, -0.006194 0.016683 -0.001848, -0.006194 0.016683 0.001848,
 -0.006078 0.017709 -0.001414, -0.006078 0.017709 0.001414, -0.006070 0.016195 -0.001962, -0.006070 0.016195 0.001962, -0.006000 0.003000 -0.002000,
 -0.006000 0.003000 0.002000, -0.006000 0.015000 -0.002000, -0.006000 0.015000 0.002000, -0.006000 0.018464 0.000000, -0.005983 0.015261 -0.002000,
 -0.005983 0.015261 0.002000, -0.005981 0.018431 -0.000390, -0.005981 0.018431 0.000390, -0.005955 0.016955 -0.001848, -0.005955 0.016955 0.001848,
 -0.005932 0.015518 -0.002000, -0.005932 0.015518 0.002000, -0.005924 0.018332 -0.000765, -0.005924 0.018332 0.000765, -0.005896 0.016455 -0.001962,
 -0.005896 0.016455 0.001962, -0.005894 0.017468 -0.001663, -0.005894 0.017468 0.001663, -0.005848 0.015765 -0.002000, -0.005848 0.015765 0.002000,
 -0.005831 0.018172 -0.001111, -0.005831 0.018172 0.001111, -0.005732 0.016000 -0.002000, -0.005732 0.016000 0.002000, -0.005707 0.017957 -0.001414,
 -0.005707 0.017957 0.001414, -0.005690 0.016690 -0.001962, -0.005690 0.016690 0.001962, -0.005683 0.017194 -0.001848, -0.005683 0.017194 0.001848,
 -0.005610 0.015000 -0.001962, -0.005610 0.015000 0.001962, -0.005596 0.015210 -0.001962, -0.005596 0.015210 0.001962, -0.005587 0.016218 -0.002000,
 -0.005587 0.016218 0.002000, -0.005556 0.017694 -0.001663, -0.005556 0.017694 0.001663, -0.005555 0.015417 -0.001962, -0.005555 0.015417 0.001962,
 -0.005531 0.018696 0.000000, -0.005516 0.018660 -0.000390, -0.005516 0.018660 0.000390, -0.005487 0.015616 -0.001962, -0.005487 0.015616 0.001962,
 -0.005485 0.015000 -0.001924, -0.005485 0.015000 0.001924, -0.005482 0.003000 -0.001932, -0.005482 0.003000 0.001932, -0.005472 0.018555 -0.000765,
 -0.005472 0.018555 0.000765, -0.005455 0.016896 -0.001962, -0.005455 0.016896 0.001962, -0.005414 0.016414 -0.002000, -0.005414 0.016414 0.002000,
 -0.005402 0.018384 -0.001111, -0.005402 0.018384 0.001111, -0.005394 0.015805 -0.001962, -0.005394 0.015805 0.001962, -0.005383 0.017395 -0.001848,
 -0.005383 0.017395 0.001848, -0.005307 0.018154 -0.001414, -0.005307 0.018154 0.001414, -0.005277 0.015980 -0.001962, -0.005277 0.015980 0.001962,
 -0.005235 0.015000 -0.001848, -0.005235 0.015000 0.001848, -0.005224 0.015161 -0.001848, -0.005224 0.015161 0.001848, -0.005218 0.016587 -0.002000,
 -0.005218 0.016587 0.002000, -0.005195 0.017070 -0.001962, -0.005195 0.017070 0.001962, -0.005193 0.015320 -0.001848, -0.005193 0.015320 0.001848,
 -0.005191 0.017874 -0.001663, -0.005191 0.017874 0.001663, -0.005141 0.015472 -0.001848, -0.005141 0.015472 0.001848, -0.005138 0.016138 -0.001962,
 -0.005138 0.016138 0.001962, -0.005069 0.015617 -0.001848, -0.005069 0.015617 0.001848, -0.005058 0.017555 -0.001848, -0.005058 0.017555 0.001848,
 -0.005035 0.018864 0.000000, -0.005025 0.018827 -0.000390, -0.005025 0.018827 0.000390, -0.005004 0.015000 -0.001725, -0.005004 0.015000 0.001725,
 -0.005000 0.003000 -0.001732, -0.005000 0.003000 0.001732, -0.005000 0.016732 -0.002000, -0.005000 0.016732 0.002000, -0.004996 0.018717 -0.000765,
 -0.004996 0.018717 0.000765, -0.004980 0.016277 -0.001962, -0.004980 0.016277 0.001962, -0.004980 0.015752 -0.001848, -0.004980 0.015752 0.001848,
 -0.004948 0.018538 -0.001111, -0.004948 0.018538 0.001111, -0.004915 0.017208 -0.001962, -0.004915 0.017208 0.001962, -0.004889 0.015000 -0.001663,
 -0.004889 0.015000 0.001663, -0.004884 0.018298 -0.001414, -0.004884 0.018298 0.001414, -0.004881 0.015116 -0.001663, -0.004881 0.015116 0.001663,
 -0.004873 0.015873 -0.001848, -0.004873 0.015873 0.001848, -0.004859 0.015230 -0.001663, -0.004859 0.015230 0.001663, -0.004821 0.015340 -0.001663,
 -0.004821 0.015340 0.001663, -0.004805 0.018005 -0.001663, -0.004805 0.018005 0.001663, -0.004805 0.016394 -0.001962, -0.004805 0.016394 0.001962,
 -0.004770 0.015444 -0.001663, -0.004770 0.015444 0.001663, -0.004765 0.016848 -0.002000, -0.004765 0.016848 0.002000, -0.004752 0.015980 -0.001848,
 -0.004752 0.015980 0.001848, -0.004716 0.017671 -0.001848, -0.004716 0.017671 0.001848, -0.004705 0.015541 -0.001663, -0.004705 0.015541 0.001663,
 -0.004629 0.015629 -0.001663, -0.004629 0.015629 0.001663, -0.004619 0.017309 -0.001962, -0.004619 0.017309 0.001962, -0.004617 0.016069 -0.001848,
 -0.004617 0.016069 0.001848, -0.004616 0.016487 -0.001962, -0.004616 0.016487 0.001962, -0.004586 0.003000 -0.001414, -0.004586 0.003000 0.001414,
 -0.004586 0.015000 -0.001414, -0.004586 0.015000 0.001414, -0.004581 0.015076 -0.001414, -0.004581 0.015076 0.001414, -0.004566 0.015152 -0.001414,
 -0.004566 0.015152 0.001414, -0.004541 0.015224 -0.001414, -0.004541 0.015224 0.001414, -0.004541 0.015705 -0.001663, -0.004541 0.015705 0.001663,
 -0.004522 0.018966 0.000000, -0.004518 0.016932 -0.002000, -0.004518 0.016932 0.002000, -0.004517 0.018928 -0.000390, -0.004517 0.018928 0.000390,
 -0.004507 0.015293 -0.001414, -0.004507 0.015293 0.001414, -0.004502 0.018815 -0.000765, -0.004502 0.018815 0.000765, -0.004478 0.018632 -0.001111,
 -0.004478 0.018632 0.001111, -0.004472 0.016141 -0.001848, -0.004472 0.016141 0.001848, -0.004465 0.015357 -0.001414, -0.004465 0.015357 0.001414,
 -0.004446 0.018385 -0.001414, -0.004446 0.018385 0.001414, -0.004444 0.015770 -0.001663, -0.004444 0.015770 0.001663, -0.004417 0.016555 -0.001962,
 -0.004417 0.016555 0.001962, -0.004414 0.015414 -0.001414, -0.004414 0.015414 0.001414, -0.004406 0.018085 -0.001663, -0.004406 0.018085 0.001663,
 -0.004361 0.017742 -0.001848, -0.004361 0.017742 0.001848, -0.004357 0.015465 -0.001414, -0.004357 0.015465 0.001414, -0.004340 0.015821 -0.001663,
 -0.004340 0.015821 0.001663, -0.004337 0.015000 -0.001111, -0.004337 0.015000 0.001111, -0.004334 0.015044 -0.001111, -0.004334 0.015044 0.001111,
 -0.004326 0.015087 -0.001111, -0.004326 0.015087 0.001111, -0.004320 0.016193 -0.001848, -0.004320 0.016193 0.001848, -0.004312 0.017370 -0.001962,
 -0.004312 0.017370 0.001962, -0.004311 0.015129 -0.001111, -0.004311 0.015129 0.001111, -0.004293 0.015507 -0.001414, -0.004293 0.015507 0.001414,
 -0.004292 0.015169 -0.001111, -0.004292 0.015169 0.001111, -0.004275 0.015000 -0.000996, -0.004275 0.015000 0.000996, -0.004268 0.003000 -0.001000,
 -0.004268 0.003000 0.001000, -0.004267 0.015205 -0.001111, -0.004267 0.015205 0.001111, -0.004261 0.016983 -0.002000, -0.004261 0.016983 0.002000,
 -0.004238 0.015238 -0.001111, -0.004238 0.015238 0.001111, -0.004230 0.015859 -0.001663, -0.004230 0.015859 0.001663, -0.004224 0.015541 -0.001414,
 -0.004224 0.015541 0.001414, -0.004210 0.016596 -0.001962, -0.004210 0.016596 0.001962, -0.004205 0.015267 -0.001111, -0.004205 0.015267 0.001111,
 -0.004169 0.015292 -0.001111, -0.004169 0.015292 0.001111, -0.004161 0.016224 -0.001848, -0.004161 0.016224 0.001848, -0.004152 0.015000 -0.000765,
 -0.004152 0.015000 0.000765, -0.004152 0.015566 -0.001414, -0.004152 0.015566 0.001414, -0.004151 0.015020 -0.000765, -0.004151 0.015020 0.000765,
 -0.004147 0.015039 -0.000765, -0.004147 0.015039 0.000765, -0.004141 0.015058 -0.000765, -0.004141 0.015058 0.000765, -0.004132 0.015076 -0.000765,
 -0.004132 0.015076 0.000765, -0.004129 0.015311 -0.001111, -0.004129 0.015311 0.001111, -0.004121 0.015093 -0.000765, -0.004121 0.015093 0.000765,
 -0.004116 0.015881 -0.001663, -0.004116 0.015881 0.001663, -0.004108 0.015108 -0.000765, -0.004108 0.015108 0.000765, -0.004093 0.015121 -0.000765,
 -0.004093 0.015121 0.000765, -0.004087 0.015326 -0.001111, -0.004087 0.015326 0.001111, -0.004076 0.015581 -0.001414, -0.004076 0.015581 0.001414,
 -0.004076 0.015000 -0.000515, -0.004076 0.015000 0.000515, -0.004076 0.015132 -0.000765, -0.004076 0.015132 0.000765, -0.004068 0.003000 -0.000518,
 -0.004068 0.003000 0.000518, -0.004058 0.015141 -0.000765, -0.004058 0.015141 0.000765, -0.004044 0.015334 -0.001111, -0.004044 0.015334 0.001111,
 -0.004039 0.015147 -0.000765, -0.004039 0.015147 0.000765, -0.004038 0.015000 -0.000390, -0.004038 0.015000 0.000390, -0.004038 0.015005 -0.000390,
 -0.004038 0.015005 0.000390, -0.004037 0.015010 -0.000390, -0.004037 0.015010 0.000390, -0.004036 0.015015 -0.000390, -0.004036 0.015015 0.000390,
 -0.004033 0.015019 -0.000390, -0.004033 0.015019 0.000390, -0.004030 0.015023 -0.000390, -0.004030 0.015023 0.000390, -0.004027 0.015027 -0.000390,
 -0.004027 0.015027 0.000390, -0.004023 0.015030 -0.000390, -0.004023 0.015030 0.000390, -0.004020 0.015151 -0.000765, -0.004020 0.015151 0.000765,
 -0.004019 0.015033 -0.000390, -0.004019 0.015033 0.000390, -0.004015 0.015036 -0.000390, -0.004015 0.015036 0.000390, -0.004010 0.015037 -0.000390,
 -0.004010 0.015037 0.000390, -0.004005 0.015038 -0.000390, -0.004005 0.015038 0.000390, -0.004000 0.003000 0.000000, -0.004000 0.015000 0.000000,
 -0.004000 0.015038 -0.000390, -0.004000 0.015038 0.000390, -0.004000 0.015076 -0.000515, -0.004000 0.015076 0.000515, -0.004000 0.015152 -0.000765,
 -0.004000 0.015152 0.000765, -0.004000 0.015275 -0.000996, -0.004000 0.015275 0.000996, -0.004000 0.015337 -0.001111, -0.004000 0.015337 0.001111,
 -0.004000 0.015586 -0.001414, -0.004000 0.015586 0.001414, -0.004000 0.015889 -0.001663, -0.004000 0.015889 0.001663, -0.004000 0.016004 -0.001725,
 -0.004000 0.016004 0.001725, -0.004000 0.016235 -0.001848, -0.004000 0.016235 0.001848, -0.004000 0.016485 -0.001924, -0.004000 0.016485 0.001924,
 -0.004000 0.016610 -0.001962, -0.004000 0.016610 0.001962, -0.004000 0.017000 -0.002000, -0.004000 0.017000 0.002000, -0.004000 0.017390 -0.001962,
 -0.004000 0.017390 0.001962, -0.004000 0.017515 -0.001924, -0.004000 0.017515 0.001924, -0.004000 0.017765 -0.001848, -0.004000 0.017765 0.001848,
 -0.004000 0.017996 -0.001725, -0.004000 0.017996 0.001725, -0.004000 0.018111 -0.001663, -0.004000 0.018111 0.001663, -0.004000 0.018414 -0.001414,
 -0.004000 0.018414 0.001414, -0.004000 0.018663 -0.001111, -0.004000 0.018663 0.001111, -0.004000 0.018725 -0.000996, -0.004000 0.018725 0.000996,
 -0.004000 0.018848 -0.000765, -0.004000 0.018848 0.000765, -0.004000 0.018924 -0.000515, -0.004000 0.018924 0.000515, -0.004000 0.018962 -0.000390,
 -0.004000 0.018962 0.000390, -0.004000 0.019000 0.000000, 0.004000 0.003000 0.000000, 0.004000 0.015000 0.000000, 0.004000 0.015038 -0.000390,
 0.004000 0.015038 0.000390, 0.004000 0.015076 -0.000515, 0.004000 0.015076 0.000515, 0.004000 0.015152 -0.000765, 0.004000 0.015152 0.000765,
 0.004000 0.015275 -0.000996, 0.004000 0.015275 0.000996, 0.004000 0.015337 -0.001111, 0.004000 0.015337 0.001111, 0.004000 0.015586 -0.001414,
 0.004000 0.015586 0.001414, 0.004000 0.015889 -0.001663, 0.004000 0.015889 0.001663, 0.004000 0.016004 -0.001725, 0.004000 0.016004 0.001725,
 0.004000 0.016235 -0.001848, 0.004000 0.016235 0.001848, 0.004000 0.016485 -0.001924, 0.004000 0.016485 0.001924, 0.004000 0.016610 -0.001962,
 0.004000 0.016610 0.001962, 0.004000 0.017000 -0.002000, 0.004000 0.017000 0.002000, 0.004000 0.017390 -0.001962, 0.004000 0.017390 0.001962,
 0.004000 0.017515 -0.001924, 0.004000 0.017515 0.001924, 0.004000 0.017765 -0.001848, 0.004000 0.017765 0.001848, 0.004000 0.017996 -0.001725,
 0.004000 0.017996 0.001725, 0.004000 0.018111 -0.001663, 0.004000 0.018111 0.001663, 0.004000 0.018414 -0.001414, 0.004000 0.018414 0.001414,
 0.004000 0.018663 -0.001111, 0.004000 0.018663 0.001111, 0.004000 0.018725 -0.000996, 0.004000 0.018725 0.000996, 0.004000 0.018848 -0.000765,
 0.004000 0.018848 0.000765, 0.004000 0.018924 -0.000515, 0.004000 0.018924 0.000515, 0.004000 0.018962 -0.000390, 0.004000 0.018962 0.000390,
 0.004000 0.019000 -0.000000, 0.004005 0.015038 -0.000390, 0.004005 0.015038 0.000390, 0.004010 0.015037 -0.000390, 0.004010 0.015037 0.000390,
 0.004015 0.015036 -0.000390, 0.004015 0.015036 0.000390, 0.004019 0.015033 -0.000390, 0.004019 0.015033 0.000390, 0.004020 0.015151 -0.000765,
 0.004020 0.015151 0.000765, 0.004023 0.015030 -0.000390, 0.004023 0.015030 0.000390, 0.004027 0.015027 -0.000390, 0.004027 0.015027 0.000390,
 0.004030 0.015023 -0.000390, 0.004030 0.015023 0.000390, 0.004033 0.015019 -0.000390, 0.004033 0.015019 0.000390, 0.004036 0.015015 -0.000390,
 0.004036 0.015015 0.000390, 0.004037 0.015010 -0.000390, 0.004037 0.015010 0.000390, 0.004038 0.015005 -0.000390, 0.004038 0.015005 0.000390,
 0.004038 0.015000 -0.000390, 0.004038 0.015000 0.000390, 0.004039 0.015147 -0.000765, 0.004039 0.015147 0.000765, 0.004044 0.015334 -0.001111,
 0.004044 0.015334 0.001111, 0.004058 0.015141 -0.000765, 0.004058 0.015141 0.000765, 0.004068 0.003000 -0.000518, 0.004068 0.003000 0.000518,
 0.004076 0.015132 -0.000765, 0.004076 0.015132 0.000765, 0.004076 0.015000 -0.000515, 0.004076 0.015000 0.000515, 0.004076 0.015581 -0.001414,
 0.004076 0.015581 0.001414, 0.004087 0.015326 -0.001111, 0.004087 0.015326 0.001111, 0.004093 0.015121 -0.000765, 0.004093 0.015121 0.000765,
 0.004108 0.015108 -0.000765, 0.004108 0.015108 0.000765, 0.004116 0.015881 -0.001663, 0.004116 0.015881 0.001663, 0.004121 0.015093 -0.000765,
 0.004121 0.015093 0.000765, 0.004129 0.015311 -0.001111, 0.004129 0.015311 0.001111, 0.004132 0.015076 -0.000765, 0.004132 0.015076 0.000765,
 0.004141 0.015058 -0.000765, 0.004141 0.015058 0.000765, 0.004147 0.015039 -0.000765, 0.004147 0.015039 0.000765, 0.004151 0.015020 -0.000765,
 0.004151 0.015020 0.000765, 0.004152 0.015566 -0.001414, 0.004152 0.015566 0.001414, 0.004152 0.015000 -0.000765, 0.004152 0.015000 0.000765,
 0.004161 0.016224 -0.001848, 0.004161 0.016224 0.001848, 0.004169 0.015292 -0.001111, 0.004169 0.015292 0.001111, 0.004205 0.015267 -0.001111,
 0.004205 0.015267 0.001111, 0.004210 0.016596 -0.001962, 0.004210 0.016596 0.001962, 0.004224 0.015541 -0.001414, 0.004224 0.015541 0.001414,
 0.004230 0.015859 -0.001663, 0.004230 0.015859 0.001663, 0.004238 0.015238 -0.001111, 0.004238 0.015238 0.001111, 0.004261 0.016983 -0.002000,
 0.004261 0.016983 0.002000, 0.004267 0.015205 -0.001111, 0.004267 0.015205 0.001111, 0.004268 0.003000 -0.001000, 0.004268 0.003000 0.001000,
 0.004275 0.015000 -0.000996, 0.004275 0.015000 0.000996, 0.004292 0.015169 -0.001111, 0.004292 0.015169 0.001111, 0.004293 0.015507 -0.001414,
 0.004293 0.015507 0.001414, 0.004311 0.015129 -0.001111, 0.004311 0.015129 0.001111, 0.004312 0.017370 -0.001962, 0.004312 0.017370 0.001962,
 0.004320 0.016193 -0.001848, 0.004320 0.016193 0.001848, 0.004326 0.015087 -0.001111, 0.004326 0.015087 0.001111, 0.004334 0.015044 -0.001111,
 0.004334 0.015044 0.001111, 0.004337 0.015000 -0.001111, 0.004337 0.015000 0.001111, 0.004340 0.015821 -0.001663, 0.004340 0.015821 0.001663,
 0.004357 0.015465 -0.001414, 0.004357 0.015465 0.001414, 0.004361 0.017742 -0.001848, 0.004361 0.017742 0.001848, 0.004406 0.018085 -0.001663,
 0.004406 0.018085 0.001663, 0.004414 0.015414 -0.001414, 0.004414 0.015414 0.001414, 0.004417 0.016555 -0.001962, 0.004417 0.016555 0.001962,
 0.004444 0.015770 -0.001663, 0.004444 0.015770 0.001663, 0.004446 0.018385 -0.001414, 0.004446 0.018385 0.001414, 0.004465 0.015357 -0.001414,
 0.004465 0.015357 0.001414, 0.004472 0.016141 -0.001848, 0.004472 0.016141 0.001848, 0.004478 0.018632 -0.001111, 0.004478 0.018632 0.001111,
 0.004502 0.018815 -0.000765, 0.004502 0.018815 0.000765, 0.004507 0.015293 -0.001414, 0.004507 0.015293 0.001414, 0.004517 0.018928 -0.000390,
 0.004517 0.018928 0.000390, 0.004518 0.016932 -0.002000, 0.004518 0.016932 0.002000, 0.004522 0.018966 0.000000, 0.004541 0.015705 -0.001663,
 0.004541 0.015705 0.001663, 0.004541 0.015224 -0.001414, 0.004541 0.015224 0.001414, 0.004566 0.015152 -0.001414, 0.004566 0.015152 0.001414,
 0.004581 0.015076 -0.001414, 0.004581 0.015076 0.001414, 0.004586 0.003000 -0.001414, 0.004586 0.003000 0.001414, 0.004586 0.015000 -0.001414,
 0.004586 0.015000 0.001414, 0.004616 0.016487 -0.001962, 0.004616 0.016487 0.001962, 0.004617 0.016069 -0.001848, 0.004617 0.016069 0.001848,
 0.004619 0.017309 -0.001962, 0.004619 0.017309 0.001962, 0.004629 0.015629 -0.001663, 0.004629 0.015629 0.001663, 0.004705 0.015541 -0.001663,
 0.004705 0.015541 0.001663, 0.004716 0.017671 -0.001848, 0.004716 0.017671 0.001848, 0.004752 0.015980 -0.001848, 0.004752 0.015980 0.001848,
 0.004765 0.016848 -0.002000, 0.004765 0.016848 0.002000, 0.004770 0.015444 -0.001663, 0.004770 0.015444 0.001663, 0.004805 0.016394 -0.001962,
 0.004805 0.016394 0.001962, 0.004805 0.018005 -0.001663, 0.004805 0.018005 0.001663, 0.004821 0.015340 -0.001663, 0.004821 0.015340 0.001663,
 0.004859 0.015230 -0.001663, 0.004859 0.015230 0.001663, 0.004873 0.015873 -0.001848, 0.004873 0.015873 0.001848, 0.004881 0.015116 -0.001663,
 0.004881 0.015116 0.001663, 0.004884 0.018298 -0.001414, 0.004884 0.018298 0.001414, 0.004889 0.015000 -0.001663, 0.004889 0.015000 0.001663,
 0.004915 0.017208 -0.001962, 0.004915 0.017208 0.001962, 0.004948 0.018538 -0.001111, 0.004948 0.018538 0.001111, 0.004980 0.015752 -0.001848,
 0.004980 0.015752 0.001848, 0.004980 0.016277 -0.001962, 0.004980 0.016277 0.001962, 0.004996 0.018717 -0.000765, 0.004996 0.018717 0.000765,
 0.005000 0.003000 -0.001732, 0.005000 0.003000 0.001732, 0.005000 0.016732 -0.002000, 0.005000 0.016732 0.002000, 0.005004 0.015000 -0.001725,
 0.005004 0.015000 0.001725, 0.005025 0.018827 -0.000390, 0.005025 0.018827 0.000390, 0.005035 0.018864 0.000000, 0.005058 0.017555 -0.001848,
 0.005058 0.017555 0.001848, 0.005069 0.015617 -0.001848, 0.005069 0.015617 0.001848, 0.005138 0.016138 -0.001962, 0.005138 0.016138 0.001962,
 0.005141 0.015472 -0.001848, 0.005141 0.015472 0.001848, 0.005191 0.017874 -0.001663, 0.005191 0.017874 0.001663, 0.005193 0.015320 -0.001848,
 0.005193 0.015320 0.001848, 0.005195 0.017070 -0.001962, 0.005195 0.017070 0.001962, 0.005218 0.016587 -0.002000, 0.005218 0.016587 0.002000,
 0.005224 0.015161 -0.001848, 0.005224 0.015161 0.001848, 0.005235 0.015000 -0.001848, 0.005235 0.015000 0.001848, 0.005277 0.015980 -0.001962,
 0.005277 0.015980 0.001962, 0.005307 0.018154 -0.001414, 0.005307 0.018154 0.001414, 0.005383 0.017395 -0.001848, 0.005383 0.017395 0.001848,
 0.005394 0.015805 -0.001962, 0.005394 0.015805 0.001962, 0.005402 0.018384 -0.001111, 0.005402 0.018384 0.001111, 0.005414 0.016414 -0.002000,
 0.005414 0.016414 0.002000, 0.005455 0.016896 -0.001962, 0.005455 0.016896 0.001962, 0.005472 0.018555 -0.000765, 0.005472 0.018555 0.000765,
 0.005482 0.003000 -0.001932, 0.005482 0.003000 0.001932, 0.005485 0.015000 -0.001924, 0.005485 0.015000 0.001924, 0.005487 0.015616 -0.001962,
 0.005487 0.015616 0.001962, 0.005516 0.018660 -0.000390, 0.005516 0.018660 0.000390, 0.005531 0.018696 0.000000, 0.005555 0.015417 -0.001962,
 0.005555 0.015417 0.001962, 0.005556 0.017694 -0.001663, 0.005556 0.017694 0.001663, 0.005587 0.016218 -0.002000, 0.005587 0.016218 0.002000,
 0.005596 0.015210 -0.001962, 0.005596 0.015210 0.001962, 0.005610 0.015000 -0.001962, 0.005610 0.015000 0.001962, 0.005683 0.017194 -0.001848,
 0.005683 0.017194 0.001848, 0.005690 0.016690 -0.001962, 0.005690 0.016690 0.001962, 0.005707 0.017957 -0.001414, 0.005707 0.017957 0.001414,
 0.005732 0.016000 -0.002000, 0.005732 0.016000 0.002000, 0.005831 0.018172 -0.001111, 0.005831 0.018172 0.001111, 0.005848 0.015765 -0.002000,
 0.005848 0.015765 0.002000, 0.005894 0.017468 -0.001663, 0.005894 0.017468 0.001663, 0.005896 0.016455 -0.001962, 0.005896 0.016455 0.001962,
 0.005924 0.018332 -0.000765, 0.005924 0.018332 0.000765, 0.005932 0.015518 -0.002000, 0.005932 0.015518 0.002000, 0.005955 0.016955 -0.001848,
 0.005955 0.016955 0.001848, 0.005981 0.018431 -0.000390, 0.005981 0.018431 0.000390, 0.005983 0.015261 -0.002000, 0.005983 0.015261 0.002000,
 0.006000 0.003000 -0.002000, 0.006000 0.003000 0.002000, 0.006000 0.015000 -0.002000, 0.006000 0.015000 0.002000, 0.006000 0.018464 0.000000,
 0.006070 0.016195 -0.001962, 0.006070 0.016195 0.001962, 0.006078 0.017709 -0.001414, 0.006078 0.017709 0.001414, 0.006194 0.016683 -0.001848,
 0.006194 0.016683 0.001848, 0.006200 0.017200 -0.001663, 0.006200 0.017200 0.001663, 0.006208 0.015915 -0.001962, 0.006208 0.015915 0.001962,
 0.006230 0.017906 -0.001111, 0.006230 0.017906 0.001111, 0.006309 0.015619 -0.001962, 0.006309 0.015619 0.001962, 0.006342 0.018053 -0.000765,
 0.006342 0.018053 0.000765, 0.006370 0.015312 -0.001962, 0.006370 0.015312 0.001962, 0.006390 0.015000 -0.001962, 0.006390 0.015000 0.001962,
 0.006395 0.016383 -0.001848, 0.006395 0.016383 0.001848, 0.006412 0.018143 -0.000390, 0.006412 0.018143 0.000390, 0.006414 0.017414 -0.001414,
 0.006414 0.017414 0.001414, 0.006435 0.018173 0.000000, 0.006468 0.016894 -0.001663, 0.006468 0.016894 0.001663, 0.006515 0.015000 -0.001924,
 0.006515 0.015000 0.001924, 0.006518 0.003000 -0.001932, 0.006518 0.003000 0.001932, 0.006555 0.016058 -0.001848, 0.006555 0.016058 0.001848,
 0.006590 0.017590 -0.001111, 0.006590 0.017590 0.001111, 0.006671 0.015716 -0.001848, 0.006671 0.015716 0.001848, 0.006694 0.016556 -0.001663,
 0.006694 0.016556 0.001663, 0.006709 0.017078 -0.001414, 0.006709 0.017078 0.001414, 0.006721 0.017721 -0.000765, 0.006721 0.017721 0.000765,
 0.006742 0.015361 -0.001848, 0.006742 0.015361 0.001848, 0.006765 0.015000 -0.001848, 0.006765 0.015000 0.001848, 0.006801 0.017801 -0.000390,
 0.006801 0.017801 0.000390, 0.006828 0.017828 0.000000, 0.006874 0.016191 -0.001663, 0.006874 0.016191 0.001663, 0.006906 0.017230 -0.001111,
 0.006906 0.017230 0.001111, 0.006957 0.016707 -0.001414, 0.006957 0.016707 0.001414, 0.006996 0.015000 -0.001725, 0.006996 0.015000 0.001725,
 0.007000 0.003000 -0.001732, 0.007000 0.003000 0.001732, 0.007005 0.015805 -0.001663, 0.007005 0.015805 0.001663, 0.007053 0.017342 -0.000765,
 0.007053 0.017342 0.000765, 0.007085 0.015406 -0.001663, 0.007085 0.015406 0.001663, 0.007111 0.015000 -0.001663, 0.007111 0.015000 0.001663,
 0.007143 0.017412 -0.000390, 0.007143 0.017412 0.000390, 0.007154 0.016307 -0.001414, 0.007154 0.016307 0.001414, 0.007172 0.016831 -0.001111,
 0.007172 0.016831 0.001111, 0.007173 0.017435 0.000000, 0.007298 0.015884 -0.001414, 0.007298 0.015884 0.001414, 0.007332 0.016924 -0.000765,
 0.007332 0.016924 0.000765, 0.007384 0.016402 -0.001111, 0.007384 0.016402 0.001111, 0.007385 0.015446 -0.001414, 0.007385 0.015446 0.001414,
 0.007414 0.003000 -0.001414, 0.007414 0.003000 0.001414, 0.007414 0.015000 -0.001414, 0.007414 0.015000 0.001414, 0.007431 0.016981 -0.000390,
 0.007431 0.016981 0.000390, 0.007464 0.017000 0.000000, 0.007538 0.015948 -0.001111, 0.007538 0.015948 0.001111, 0.007555 0.016472 -0.000765,
 0.007555 0.016472 0.000765, 0.007632 0.015478 -0.001111, 0.007632 0.015478 0.001111, 0.007660 0.016516 -0.000390, 0.007660 0.016516 0.000390,
 0.007663 0.015000 -0.001111, 0.007663 0.015000 0.001111, 0.007696 0.016531 0.000000, 0.007717 0.015996 -0.000765, 0.007717 0.015996 0.000765,
 0.007725 0.015000 -0.000996, 0.007725 0.015000 0.000996, 0.007732 0.003000 -0.001000, 0.007732 0.003000 0.001000, 0.007815 0.015502 -0.000765,
 0.007815 0.015502 0.000765, 0.007827 0.016025 -0.000390, 0.007827 0.016025 0.000390, 0.007848 0.015000 -0.000765, 0.007848 0.015000 0.000765,
 0.007864 0.016035 0.000000, 0.007924 0.015000 -0.000515, 0.007924 0.015000 0.000515, 0.007928 0.015517 -0.000390, 0.007928 0.015517 0.000390,
 0.007932 0.003000 -0.000518, 0.007932 0.003000 0.000518, 0.007962 0.015000 -0.000390, 0.007962 0.015000 0.000390, 0.007966 0.015522 0.000000,
 0.008000 0.003000 -0.000000, 0.008000 0.015000 0.000000, 0.009500 0.000000 -0.005000, 0.009500 0.000000 0.005000, 0.009500 0.003000 -0.005000,
 0.009500 0.003000 0.005000, 0.010168 0.000000 -0.004925, 0.010168 0.000000 0.004925, 0.010168 0.003000 -0.004925, 0.010168 0.003000 0.004925,
 0.010802 0.000000 -0.004703, 0.010802 0.000000 0.004703, 0.010802 0.003000 -0.004703, 0.010802 0.003000 0.004703, 0.011370 0.000000 -0.004345,
 0.011370 0.000000 0.004345, 0.011370 0.003000 -0.004345, 0.011370 0.003000 0.004345, 0.011845 0.000000 -0.003870, 0.011845 0.000000 0.003870,
 0.011845 0.003000 -0.003870, 0.011845 0.003000 0.003870, 0.012203 0.000000 -0.003302, 0.012203 0.000000 0.003302, 0.012203 0.003000 -0.003302,
 0.012203 0.003000 0.003302, 0.012425 0.000000 -0.002668, 0.012425 0.000000 0.002668, 0.012425 0.003000 -0.002668, 0.012425 0.003000 0.002668,
 0.012500 0.000000 -0.002000, 0.012500 0.000000 0.002000, 0.012500 0.003000 -0.002000, 0.012500 0.003000 0.002000
]
}
normal Normal {
vector [
 -1.000000 0.000000 0.000000, -0.991445 -0.130526 -0.000000, -0.991445 0.130526 0.000000, -0.980785 0.000000 -0.195090, -0.980785 0.000000 0.195090,
 -0.974928 0.000000 -0.222521, -0.974928 0.000000 0.222521, -0.972395 -0.128018 -0.195090, -0.972395 -0.128018 0.195090, -0.972395 0.128018 -0.195090,
 -0.972395 0.128018 0.195090, -0.965962 0.000000 -0.258683, -0.965962 0.000000 0.258683, -0.965926 -0.258819 -0.000000, -0.965926 -0.000000 -0.258819,
 -0.965926 -0.000000 0.258819, -0.965926 0.258819 0.000000, -0.947366 -0.253846 -0.195090, -0.947366 -0.253846 0.195090, -0.947366 0.253846 -0.195090,
 -0.947366 0.253846 0.195090, -0.923880 -0.382683 -0.000000, -0.923880 0.000000 -0.382683, -0.923880 0.000000 0.382683, -0.923880 0.382683 0.000000,
 -0.915976 -0.120590 -0.382683, -0.915976 -0.120590 0.382683, -0.915976 0.120590 -0.382683, -0.915976 0.120590 0.382683, -0.906127 -0.375330 -0.195090,
 -0.906127 -0.375330 0.195090, -0.906127 0.375330 -0.195090, -0.906127 0.375330 0.195090, -0.900969 0.000000 -0.433884, -0.900969 0.000000 0.433884,
 -0.892399 -0.239118 -0.382683, -0.892399 -0.239118 0.382683, -0.892399 0.239118 -0.382683, -0.892399 0.239118 0.382683, -0.866025 -0.500000 -0.000000,
 -0.866025 -0.000000 -0.500000, -0.866025 -0.000000 0.500000, -0.866025 0.500000 0.000000, -0.865955 0.000000 -0.500122, -0.865955 0.000000 0.500122,
 -0.853553 -0.353553 -0.382683, -0.853553 -0.353553 0.382683, -0.853553 0.353553 -0.382683, -0.853553 0.353553 0.382683, -0.849385 -0.490393 -0.195090,
 -0.849385 -0.490393 0.195090, -0.849385 0.490393 -0.195090, -0.849385 0.490393 0.195090, -0.831470 0.000000 -0.555570, -0.831470 0.000000 0.555570,
 -0.824356 -0.108529 -0.555570, -0.824356 -0.108529 0.555570, -0.824356 0.108529 -0.555570, -0.824356 0.108529 0.555570, -0.803138 -0.215200 -0.555570,
 -0.803138 -0.215200 0.555570, -0.803138 0.215200 -0.555570, -0.803138 0.215200 0.555570, -0.800103 -0.461940 -0.382683, -0.800103 -0.461940 0.382683,
 -0.800103 0.461940 -0.382683, -0.800103 0.461940 0.382683, -0.793353 -0.608761 0.000000, -0.793353 0.608761 0.000000, -0.781832 0.000000 -0.623490,
 -0.781832 0.000000 0.623490, -0.778109 -0.597064 -0.195090, -0.778109 -0.597064 0.195090, -0.778109 0.597064 -0.195090, -0.778109 0.597064 0.195090,
 -0.768178 -0.318190 -0.555570, -0.768178 -0.318190 0.555570, -0.768178 0.318190 -0.555570, -0.768178 0.318190 0.555570, -0.732963 -0.562422 -0.382683,
 -0.732963 -0.562422 0.382683, -0.732963 0.562422 -0.382683, -0.732963 0.562422 0.382683, -0.720074 -0.415735 -0.555570, -0.720074 -0.415735 0.555570,
 -0.720074 0.415735 -0.555570, -0.720074 0.415735 0.555570, -0.707107 -0.707107 -0.000000, -0.707107 -0.000000 -0.707107, -0.707107 -0.000000 0.707107,
 -0.707107 0.707107 0.000000, -0.701057 -0.092296 -0.707107, -0.701057 -0.092296 0.707107, -0.701057 0.092296 -0.707107, -0.701057 0.092296 0.707107,
 -0.693520 -0.693520 -0.195090, -0.693520 -0.693520 0.195090, -0.693520 0.693520 -0.195090, -0.693520 0.693520 0.195090, -0.683013 -0.183013 -0.707107,
 -0.683013 -0.183013 0.707107, -0.683013 0.183013 -0.707107, -0.683013 0.183013 0.707107, -0.659649 -0.506167 -0.555570, -0.659649 -0.506167 0.555570,
 -0.659649 0.506167 -0.555570, -0.659649 0.506167 0.555570, -0.653282 -0.653282 -0.382683, -0.653282 -0.653282 0.382683, -0.653282 -0.270598 -0.707107,
 -0.653282 -0.270598 0.707107, -0.653282 0.270598 -0.707107, -0.653282 0.270598 0.707107, -0.653282 0.653282 -0.382683, -0.653282 0.653282 0.382683,
 -0.623490 0.000000 -0.781832, -0.623490 0.000000 0.781832, -0.612372 -0.353553 -0.707107, -0.612372 -0.353553 0.707107, -0.612372 0.353553 -0.707107,
 -0.612372 0.353553 0.707107, -0.608761 -0.793353 0.000000, -0.608761 0.793353 0.000000, -0.597064 -0.778109 -0.195090, -0.597064 -0.778109 0.195090,
 -0.597064 0.778109 -0.195090, -0.597064 0.778109 0.195090, -0.587938 -0.587938 -0.555570, -0.587938 -0.587938 0.555570, -0.587938 0.587938 -0.555570,
 -0.587938 0.587938 0.555570, -0.562422 -0.732963 -0.382683, -0.562422 -0.732963 0.382683, -0.562422 0.732963 -0.382683, -0.562422 0.732963 0.382683,
 -0.560986 -0.430459 -0.707107, -0.560986 -0.430459 0.707107, -0.560986 0.430459 -0.707107, -0.560986 0.430459 0.707107, -0.555570 0.000000 -0.831470,
 -0.555570 0.000000 0.831470, -0.550817 -0.072516 -0.831470, -0.550817 -0.072516 0.831470, -0.550817 0.072516 -0.831470, -0.550817 0.072516 0.831470,
 -0.536640 -0.143792 -0.831470, -0.536640 -0.143792 0.831470, -0.536640 0.143792 -0.831470, -0.536640 0.143792 0.831470, -0.513280 -0.212608 -0.831470,
 -0.513280 -0.212608 0.831470, -0.513280 0.212608 -0.831470, -0.513280 0.212608 0.831470, -0.506167 -0.659649 -0.555570, -0.506167 -0.659649 0.555570,
 -0.506167 0.659649 -0.555570, -0.506167 0.659649 0.555570, -0.500122 0.000000 -0.865955, -0.500122 0.000000 0.865955, -0.500000 -0.866025 -0.000000,
 -0.500000 -0.500000 -0.707107, -0.500000 -0.500000 0.707107, -0.500000 -0.000000 -0.866025, -0.500000 -0.000000 0.866025, -0.500000 0.500000 -0.707107,
 -0.500000 0.500000 0.707107, -0.500000 0.866025 0.000000, -0.490393 -0.849385 -0.195090, -0.490393 -0.849385 0.195090, -0.490393 0.849385 -0.195090,
 -0.490393 0.849385 0.195090, -0.481138 -0.277785 -0.831470, -0.481138 -0.277785 0.831470, -0.481138 0.277785 -0.831470, -0.481138 0.277785 0.831470,
 -0.461940 -0.800103 -0.382683, -0.461940 -0.800103 0.382683, -0.461940 0.800103 -0.382683, -0.461940 0.800103 0.382683, -0.440764 -0.338210 -0.831470,
 -0.440764 -0.338210 0.831470, -0.440764 0.338210 -0.831470, -0.440764 0.338210 0.831470, -0.433884 0.000000 -0.900969, -0.433884 0.000000 0.900969,
 -0.430459 -0.560986 -0.707107, -0.430459 -0.560986 0.707107, -0.430459 0.560986 -0.707107, -0.430459 0.560986 0.707107, -0.415735 -0.720074 -0.555570,
 -0.415735 -0.720074 0.555570, -0.415735 0.720074 -0.555570, -0.415735 0.720074 0.555570, -0.392847 -0.392847 -0.831470, -0.392847 -0.392847 0.831470,
 -0.392847 0.392847 -0.831470, -0.392847 0.392847 0.831470, -0.382683 -0.923880 -0.000000, -0.382683 0.000000 -0.923880, -0.382683 0.000000 0.923880,
 -0.382683 0.923880 0.000000, -0.379410 -0.049950 -0.923880, -0.379410 -0.049950 0.923880, -0.379410 0.049950 -0.923880, -0.379410 0.049950 0.923880,
 -0.375330 -0.906127 -0.195090, -0.375330 -0.906127 0.195090, -0.375330 0.906127 -0.195090, -0.375330 0.906127 0.195090, -0.369644 -0.099046 -0.923880,
 -0.369644 -0.099046 0.923880, -0.369644 0.099046 -0.923880, -0.369644 0.099046 0.923880, -0.353553 -0.853553 -0.382683, -0.353553 -0.853553 0.382683,
 -0.353553 -0.612372 -0.707107, -0.353553 -0.612372 0.707107, -0.353553 -0.146447 -0.923880, -0.353553 -0.146447 0.923880, -0.353553 0.146447 -0.923880,
 -0.353553 0.146447 0.923880, -0.353553 0.612372 -0.707107, -0.353553 0.612372 0.707107, -0.353553 0.853553 -0.382683, -0.353553 0.853553 0.382683,
 -0.338210 -0.440764 -0.831470, -0.338210 -0.440764 0.831470, -0.338210 0.440764 -0.831470, -0.338210 0.440764 0.831470, -0.331414 -0.191342 -0.923880,
 -0.331414 -0.191342 0.923880, -0.331414 0.191342 -0.923880, -0.331414 0.191342 0.923880, -0.318190 -0.768178 -0.555570, -0.318190 -0.768178 0.555570,
 -0.318190 0.768178 -0.555570, -0.318190 0.768178 0.555570, -0.303603 -0.232963 -0.923880, -0.303603 -0.232963 0.923880, -0.303603 0.232963 -0.923880,
 -0.303603 0.232963 0.923880, -0.277785 -0.481138 -0.831470, -0.277785 -0.481138 0.831470, -0.277785 0.481138 -0.831470, -0.277785 0.481138 0.831470,
 -0.270598 -0.653282 -0.707107, -0.270598 -0.653282 0.707107, -0.270598 -0.270598 -0.923880, -0.270598 -0.270598 0.923880, -0.270598 0.270598 -0.923880,
 -0.270598 0.270598 0.923880, -0.270598 0.653282 -0.707107, -0.270598 0.653282 0.707107, -0.258819 -0.965926 -0.000000, -0.258819 -0.000000 -0.965926,
 -0.258819 -0.000000 0.965926, -0.258819 0.965926 0.000000, -0.258683 0.000000 -0.965962, -0.258683 0.000000 0.965962, -0.253846 -0.947366 -0.195090,
 -0.253846 -0.947366 0.195090, -0.253846 0.947366 -0.195090, -0.253846 0.947366 0.195090, -0.239118 -0.892399 -0.382683, -0.239118 -0.892399 0.382683,
 -0.239118 0.892399 -0.382683, -0.239118 0.892399 0.382683, -0.232963 -0.303603 -0.923880, -0.232963 -0.303603 0.923880, -0.232963 0.303603 -0.923880,
 -0.232963 0.303603 0.923880, -0.222521 0.000000 -0.974928, -0.222521 0.000000 0.974928, -0.215200 -0.803138 -0.555570, -0.215200 -0.803138 0.555570,
 -0.215200 0.803138 -0.555570, -0.215200 0.803138 0.555570, -0.212608 -0.513280 -0.831470, -0.212608 -0.513280 0.831470, -0.212608 0.513280 -0.831470,
 -0.212608 0.513280 0.831470, -0.195090 0.000000 -0.980785, -0.195090 0.000000 0.980785, -0.193421 -0.025464 -0.980785, -0.193421 -0.025464 0.980785,
 -0.193421 0.025464 -0.980785, -0.193421 0.025464 0.980785, -0.191342 -0.331414 -0.923880, -0.191342 -0.331414 0.923880, -0.191342 0.331414 -0.923880,
 -0.191342 0.331414 0.923880, -0.188443 -0.050493 -0.980785, -0.188443 -0.050493 0.980785, -0.188443 0.050493 -0.980785, -0.188443 0.050493 0.980785,
 -0.183013 -0.683013 -0.707107, -0.183013 -0.683013 0.707107, -0.183013 0.683013 -0.707107, -0.183013 0.683013 0.707107, -0.180240 -0.074658 -0.980785,
 -0.180240 -0.074658 0.980785, -0.180240 0.074658 -0.980785, -0.180240 0.074658 0.980785, -0.168953 -0.097545 -0.980785, -0.168953 -0.097545 0.980785,
 -0.168953 0.097545 -0.980785, -0.168953 0.097545 0.980785, -0.154776 -0.118763 -0.980785, -0.154776 -0.118763 0.980785, -0.154776 0.118763 -0.980785,
 -0.154776 0.118763 0.980785, -0.146447 -0.353553 -0.923880, -0.146447 -0.353553 0.923880, -0.146447 0.353553 -0.923880, -0.146447 0.353553 0.923880,
 -0.143792 -0.536640 -0.831470, -0.143792 -0.536640 0.831470, -0.143792 0.536640 -0.831470, -0.143792 0.536640 0.831470, -0.137950 -0.137950 -0.980785,
 -0.137950 -0.137950 0.980785, -0.137950 0.137950 -0.980785, -0.137950 0.137950 0.980785, -0.130526 -0.991445 -0.000000, -0.130526 0.991445 0.000000,
 -0.128018 -0.972395 -0.195090, -0.128018 -0.972395 0.195090, -0.128018 0.972395 -0.195090, -0.128018 0.972395 0.195090, -0.120590 -0.915976 -0.382683,
 -0.120590 -0.915976 0.382683, -0.120590 0.915976 -0.382683, -0.120590 0.915976 0.382683, -0.118763 -0.154776 -0.980785, -0.118763 -0.154776 0.980785,
 -0.118763 0.154776 -0.980785, -0.118763 0.154776 0.980785, -0.108529 -0.824356 -0.555570, -0.108529 -0.824356 0.555570, -0.108529 0.824356 -0.555570,
 -0.108529 0.824356 0.555570, -0.099046 -0.369644 -0.923880, -0.099046 -0.369644 0.923880, -0.099046 0.369644 -0.923880, -0.099046 0.369644 0.923880,
 -0.097545 -0.168953 -0.980785, -0.097545 -0.168953 0.980785, -0.097545 0.168953 -0.980785, -0.097545 0.168953 0.980785, -0.092296 -0.701057 -0.707107,
 -0.092296 -0.701057 0.707107, -0.092296 0.701057 -0.707107, -0.092296 0.701057 0.707107, -0.074658 -0.180240 -0.980785, -0.074658 -0.180240 0.980785,
 -0.074658 0.180240 -0.980785, -0.074658 0.180240 0.980785, -0.072516 -0.550817 -0.831470, -0.072516 -0.550817 0.831470, -0.072516 0.550817 -0.831470,
 -0.072516 0.550817 0.831470, -0.050493 -0.188443 -0.980785, -0.050493 -0.188443 0.980785, -0.050493 0.188443 -0.980785, -0.050493 0.188443 0.980785,
 -0.049950 -0.379410 -0.923880, -0.049950 -0.379410 0.923880, -0.049950 0.379410 -0.923880, -0.049950 0.379410 0.923880, -0.025464 -0.193421 -0.980785,
 -0.025464 -0.193421 0.980785, -0.025464 0.193421 -0.980785, -0.025464 0.193421 0.980785, 0.000000 -1.000000 0.000000, -0.000000 -0.980785 -0.195090,
 -0.000000 -0.980785 0.195090, 0.000000 -0.965962 -0.258683, 0.000000 -0.965962 0.258683, -0.000000 -0.923880 -0.382683, -0.000000 -0.923880 0.382683,
 0.000000 -0.865955 -0.500122, 0.000000 -0.865955 0.500122, -0.000000 -0.831470 -0.555570, -0.000000 -0.831470 0.555570, -0.000000 -0.707107 -0.707107,
 -0.000000 -0.707107 0.707107, -0.000000 -0.555570 -0.831470, -0.000000 -0.555570 0.831470, 0.000000 -0.500122 -0.865955, 0.000000 -0.500122 0.865955,
 -0.000000 -0.382683 -0.923880, -0.000000 -0.382683 0.923880, 0.000000 -0.258683 -0.965962, 0.000000 -0.258683 0.965962, -0.000000 -0.195090 -0.980785,
 -0.000000 -0.195090 0.980785, 0.000000 0.000000 -1.000000, 0.000000 0.000000 1.000000, 0.000000 0.195090 -0.980785, 0.000000 0.195090 0.980785,
 0.000000 0.258683 -0.965962, 0.000000 0.258683 0.965962, 0.000000 0.382683 -0.923880, 0.000000 0.382683 0.923880, 0.000000 0.500122 -0.865955,
 0.000000 0.500122 0.865955, 0.000000 0.555570 -0.831470, 0.000000 0.555570 0.831470, 0.000000 0.707107 -0.707107, 0.000000 0.707107 0.707107,
 0.000000 0.831470 -0.555570, 0.000000 0.831470 0.555570, 0.000000 0.865955 -0.500122, 0.000000 0.865955 0.500122, 0.000000 0.923880 -0.382683,
 0.000000 0.923880 0.382683, 0.000000 0.965962 -0.258683, 0.000000 0.965962 0.258683, 0.000000 0.980785 -0.195090, 0.000000 0.980785 0.195090,
 0.000000 1.000000 0.000000, 0.025464 -0.193421 -0.980785, 0.025464 -0.193421 0.980785, 0.025464 0.193421 -0.980785, 0.025464 0.193421 0.980785,
 0.049950 -0.379410 -0.923880, 0.049950 -0.379410 0.923880, 0.049950 0.379410 -0.923880, 0.049950 0.379410 0.923880, 0.050493 -0.188443 -0.980785,
 0.050493 -0.188443 0.980785, 0.050493 0.188443 -0.980785, 0.050493 0.188443 0.980785, 0.072516 -0.550817 -0.831470, 0.072516 -0.550817 0.831470,
 0.072516 0.550817 -0.831470, 0.072516 0.550817 0.831470, 0.074658 -0.180240 -0.980785, 0.074658 -0.180240 0.980785, 0.074658 0.180240 -0.980785,
 0.074658 0.180240 0.980785, 0.092296 -0.701057 -0.707107, 0.092296 -0.701057 0.707107, 0.092296 0.701057 -0.707107, 0.092296 0.701057 0.707107,
 0.097545 -0.168953 -0.980785, 0.097545 -0.168953 0.980785, 0.097545 0.168953 -0.980785, 0.097545 0.168953 0.980785, 0.099046 -0.369644 -0.923880,
 0.099046 -0.369644 0.923880, 0.099046 0.369644 -0.923880, 0.099046 0.369644 0.923880, 0.108529 -0.824356 -0.555570, 0.108529 -0.824356 0.555570,
 0.108529 0.824356 -0.555570, 0.108529 0.824356 0.555570, 0.118763 -0.154776 -0.980785, 0.118763 -0.154776 0.980785, 0.118763 0.154776 -0.980785,
 0.118763 0.154776 0.980785, 0.120590 -0.915976 -0.382683, 0.120590 -0.915976 0.382683, 0.120590 0.915976 -0.382683, 0.120590 0.915976 0.382683,
 0.128018 -0.972395 -0.195090, 0.128018 -0.972395 0.195090, 0.128018 0.972395 -0.195090, 0.128018 0.972395 0.195090, 0.130526 -0.991445 -0.000000,
 0.130526 0.991445 0.000000, 0.137950 -0.137950 -0.980785, 0.137950 -0.137950 0.980785, 0.137950 0.137950 -0.980785, 0.137950 0.137950 0.980785,
 0.143792 -0.536640 -0.831470, 0.143792 -0.536640 0.831470, 0.143792 0.536640 -0.831470, 0.143792 0.536640 0.831470, 0.146447 -0.353553 -0.923880,
 0.146447 -0.353553 0.923880, 0.146447 0.353553 -0.923880, 0.146447 0.353553 0.923880, 0.154776 -0.118763 -0.980785, 0.154776 -0.118763 0.980785,
 0.154776 0.118763 -0.980785, 0.154776 0.118763 0.980785, 0.168953 -0.097545 -0.980785, 0.168953 -0.097545 0.980785, 0.168953 0.097545 -0.980785,
 0.168953 0.097545 0.980785, 0.180240 -0.074658 -0.980785, 0.180240 -0.074658 0.980785, 0.180240 0.074658 -0.980785, 0.180240 0.074658 0.980785,
 0.183013 -0.683013 -0.707107, 0.183013 -0.683013 0.707107, 0.183013 0.683013 -0.707107, 0.183013 0.683013 0.707107, 0.188443 -0.050493 -0.980785,
 0.188443 -0.050493 0.980785, 0.188443 0.050493 -0.980785, 0.188443 0.050493 0.980785, 0.191342 -0.331414 -0.923880, 0.191342 -0.331414 0.923880,
 0.191342 0.331414 -0.923880, 0.191342 0.331414 0.923880, 0.193421 -0.025464 -0.980785, 0.193421 -0.025464 0.980785, 0.193421 0.025464 -0.980785,
 0.193421 0.025464 0.980785, 0.195090 0.000000 -0.980785, 0.195090 0.000000 0.980785, 0.212608 -0.513280 -0.831470, 0.212608 -0.513280 0.831470,
 0.212608 0.513280 -0.831470, 0.212608 0.513280 0.831470, 0.215200 -0.803138 -0.555570, 0.215200 -0.803138 0.555570, 0.215200 0.803138 -0.555570,
 0.215200 0.803138 0.555570, 0.222521 0.000000 -0.974928, 0.222521 0.000000 0.974928, 0.232963 -0.303603 -0.923880, 0.232963 -0.303603 0.923880,
 0.232963 0.303603 -0.923880, 0.232963 0.303603 0.923880, 0.239118 -0.892399 -0.382683, 0.239118 -0.892399 0.382683, 0.239118 0.892399 -0.382683,
 0.239118 0.892399 0.382683, 0.253846 -0.947366 -0.195090, 0.253846 -0.947366 0.195090, 0.253846 0.947366 -0.195090, 0.253846 0.947366 0.195090,
 0.258683 0.000000 -0.965962, 0.258683 0.000000 0.965962, 0.258819 -0.965926 -0.000000, 0.258819 0.000000 -0.965926, 0.258819 0.000000 0.965926,
 0.258819 0.965926 0.000000, 0.270598 -0.653282 -0.707107, 0.270598 -0.653282 0.707107, 0.270598 -0.270598 -0.923880, 0.270598 -0.270598 0.923880,
 0.270598 0.270598 -0.923880, 0.270598 0.270598 0.923880, 0.270598 0.653282 -0.707107, 0.270598 0.653282 0.707107, 0.277785 -0.481138 -0.831470,
 0.277785 -0.481138 0.831470, 0.277785 0.481138 -0.831470, 0.277785 0.481138 0.831470, 0.303603 -0.232963 -0.923880, 0.303603 -0.232963 0.923880,
 0.303603 0.232963 -0.923880, 0.303603 0.232963 0.923880, 0.318190 -0.768178 -0.555570, 0.318190 -0.768178 0.555570, 0.318190 0.768178 -0.555570,
 0.318190 0.768178 0.555570, 0.331414 -0.191342 -0.923880, 0.331414 -0.191342 0.923880, 0.331414 0.191342 -0.923880, 0.331414 0.191342 0.923880,
 0.338210 -0.440764 -0.831470, 0.338210 -0.440764 0.831470, 0.338210 0.440764 -0.831470, 0.338210 0.440764 0.831470, 0.353553 -0.853553 -0.382683,
 0.353553 -0.853553 0.382683, 0.353553 -0.612372 -0.707107, 0.353553 -0.612372 0.707107, 0.353553 -0.146447 -0.923880, 0.353553 -0.146447 0.923880,
 0.353553 0.146447 -0.923880, 0.353553 0.146447 0.923880, 0.353553 0.612372 -0.707107, 0.353553 0.612372 0.707107, 0.353553 0.853553 -0.382683,
 0.353553 0.853553 0.382683, 0.369644 -0.099046 -0.923880, 0.369644 -0.099046 0.923880, 0.369644 0.099046 -0.923880, 0.369644 0.099046 0.923880,
 0.375330 -0.906127 -0.195090, 0.375330 -0.906127 0.195090, 0.375330 0.906127 -0.195090, 0.375330 0.906127 0.195090, 0.379410 -0.049950 -0.923880,
 0.379410 -0.049950 0.923880, 0.379410 0.049950 -0.923880, 0.379410 0.049950 0.923880, 0.382683 -0.923880 -0.000000, 0.382683 0.000000 -0.923880,
 0.382683 0.000000 0.923880, 0.382683 0.923880 0.000000, 0.392847 -0.392847 -0.831470, 0.392847 -0.392847 0.831470, 0.392847 0.392847 -0.831470,
 0.392847 0.392847 0.831470, 0.415735 -0.720074 -0.555570, 0.415735 -0.720074 0.555570, 0.415735 0.720074 -0.555570, 0.415735 0.720074 0.555570,
 0.430459 -0.560986 -0.707107, 0.430459 -0.560986 0.707107, 0.430459 0.560986 -0.707107, 0.430459 0.560986 0.707107, 0.433884 0.000000 -0.900969,
 0.433884 0.000000 0.900969, 0.440764 -0.338210 -0.831470, 0.440764 -0.338210 0.831470, 0.440764 0.338210 -0.831470, 0.440764 0.338210 0.831470,
 0.461940 -0.800103 -0.382683, 0.461940 -0.800103 0.382683, 0.461940 0.800103 -0.382683, 0.461940 0.800103 0.382683, 0.481138 -0.277785 -0.831470,
 0.481138 -0.277785 0.831470, 0.481138 0.277785 -0.831470, 0.481138 0.277785 0.831470, 0.490393 -0.849385 -0.195090, 0.490393 -0.849385 0.195090,
 0.490393 0.849385 -0.195090, 0.490393 0.849385 0.195090, 0.500000 -0.866025 -0.000000, 0.500000 -0.500000 -0.707107, 0.500000 -0.500000 0.707107,
 0.500000 0.000000 -0.866025, 0.500000 0.000000 0.866025, 0.500000 0.500000 -0.707107, 0.500000 0.500000 0.707107, 0.500000 0.866025 0.000000,
 0.500122 0.000000 -0.865955, 0.500122 0.000000 0.865955, 0.506167 -0.659649 -0.555570, 0.506167 -0.659649 0.555570, 0.506167 0.659649 -0.555570,
 0.506167 0.659649 0.555570, 0.513280 -0.212608 -0.831470, 0.513280 -0.212608 0.831470, 0.513280 0.212608 -0.831470, 0.513280 0.212608 0.831470,
 0.536640 -0.143792 -0.831470, 0.536640 -0.143792 0.831470, 0.536640 0.143792 -0.831470, 0.536640 0.143792 0.831470, 0.550817 -0.072516 -0.831470,
 0.550817 -0.072516 0.831470, 0.550817 0.072516 -0.831470, 0.550817 0.072516 0.831470, 0.555570 0.000000 -0.831470, 0.555570 0.000000 0.831470,
 0.560986 -0.430459 -0.707107, 0.560986 -0.430459 0.707107, 0.560986 0.430459 -0.707107, 0.560986 0.430459 0.707107, 0.562422 -0.732963 -0.382683,
 0.562422 -0.732963 0.382683, 0.562422 0.732963 -0.382683, 0.562422 0.732963 0.382683, 0.587938 -0.587938 -0.555570, 0.587938 -0.587938 0.555570,
 0.587938 0.587938 -0.555570, 0.587938 0.587938 0.555570, 0.597064 -0.778109 -0.195090, 0.597064 -0.778109 0.195090, 0.597064 0.778109 -0.195090,
 0.597064 0.778109 0.195090, 0.608761 -0.793353 0.000000, 0.608761 0.793353 0.000000, 0.612372 -0.353553 -0.707107, 0.612372 -0.353553 0.707107,
 0.612372 0.353553 -0.707107, 0.612372 0.353553 0.707107, 0.623490 0.000000 -0.781832, 0.623490 0.000000 0.781832, 0.653282 -0.653282 -0.382683,
 0.653282 -0.653282 0.382683, 0.653282 -0.270598 -0.707107, 0.653282 -0.270598 0.707107, 0.653282 0.270598 -0.707107, 0.653282 0.270598 0.707107,
 0.653282 0.653282 -0.382683, 0.653282 0.653282 0.382683, 0.659649 -0.506167 -0.555570, 0.659649 -0.506167 0.555570, 0.659649 0.506167 -0.555570,
 0.659649 0.506167 0.555570, 0.683013 -0.183013 -0.707107, 0.683013 -0.183013 0.707107, 0.683013 0.183013 -0.707107, 0.683013 0.183013 0.707107,
 0.693520 -0.693520 -0.195090, 0.693520 -0.693520 0.195090, 0.693520 0.693520 -0.195090, 0.693520 0.693520 0.195090, 0.701057 -0.092296 -0.707107,
 0.701057 -0.092296 0.707107, 0.701057 0.092296 -0.707107, 0.701057 0.092296 0.707107, 0.707107 -0.707107 -0.000000, 0.707107 0.000000 -0.707107,
 0.707107 0.000000 0.707107, 0.707107 0.707107 0.000000, 0.720074 -0.415735 -0.555570, 0.720074 -0.415735 0.555570, 0.720074 0.415735 -0.555570,
 0.720074 0.415735 0.555570, 0.732963 -0.562422 -0.382683, 0.732963 -0.562422 0.382683, 0.732963 0.562422 -0.382683, 0.732963 0.562422 0.382683,
 0.768178 -0.318190 -0.555570, 0.768178 -0.318190 0.555570, 0.768178 0.318190 -0.555570, 0.768178 0.318190 0.555570, 0.778109 -0.597064 -0.195090,
 0.778109 -0.597064 0.195090, 0.778109 0.597064 -0.195090, 0.778109 0.597064 0.195090, 0.781832 0.000000 -0.623490, 0.781832 0.000000 0.623490,
 0.793353 -0.608761 0.000000, 0.793353 0.608761 0.000000, 0.800103 -0.461940 -0.382683, 0.800103 -0.461940 0.382683, 0.800103 0.461940 -0.382683,
 0.800103 0.461940 0.382683, 0.803138 -0.215200 -0.555570, 0.803138 -0.215200 0.555570, 0.803138 0.215200 -0.555570, 0.803138 0.215200 0.555570,
 0.824356 -0.108529 -0.555570, 0.824356 -0.108529 0.555570, 0.824356 0.108529 -0.555570, 0.824356 0.108529 0.555570, 0.831470 0.000000 -0.555570,
 0.831470 0.000000 0.555570, 0.849385 -0.490393 -0.195090, 0.849385 -0.490393 0.195090, 0.849385 0.490393 -0.195090, 0.849385 0.490393 0.195090,
 0.853553 -0.353553 -0.382683, 0.853553 -0.353553 0.382683, 0.853553 0.353553 -0.382683, 0.853553 0.353553 0.382683, 0.865955 0.000000 -0.500122,
 0.865955 0.000000 0.500122, 0.866025 -0.500000 -0.000000, 0.866025 0.000000 -0.500000, 0.866025 0.000000 0.500000, 0.866025 0.500000 0.000000,
 0.892399 -0.239118 -0.382683, 0.892399 -0.239118 0.382683, 0.892399 0.239118 -0.382683, 0.892399 0.239118 0.382683, 0.900969 0.000000 -0.433884,
 0.900969 0.000000 0.433884, 0.906127 -0.375330 -0.195090, 0.906127 -0.375330 0.195090, 0.906127 0.375330 -0.195090, 0.906127 0.375330 0.195090,
 0.915976 -0.120590 -0.382683, 0.915976 -0.120590 0.382683, 0.915976 0.120590 -0.382683, 0.915976 0.120590 0.382683, 0.923880 -0.382683 -0.000000,
 0.923880 0.000000 -0.382683, 0.923880 0.000000 0.382683, 0.923880 0.382683 0.000000, 0.947366 -0.253846 -0.195090, 0.947366 -0.253846 0.195090,
 0.947366 0.253846 -0.195090, 0.947366 0.253846 0.195090, 0.965926 -0.258819 -0.000000, 0.965926 0.000000 -0.258819, 0.965926 0.000000 0.258819,
 0.965926 0.258819 0.000000, 0.965962 0.000000 -0.258683, 0.965962 0.000000 0.258683, 0.972395 -0.128018 -0.195090, 0.972395 -0.128018 0.195090,
 0.972395 0.128018 -0.195090, 0.972395 0.128018 0.195090, 0.974928 0.000000 -0.222521, 0.974928 0.000000 0.222521, 0.980785 0.000000 -0.195090,
 0.980785 0.000000 0.195090, 0.991445 -0.130526 -0.000000, 0.991445 0.130526 0.000000, 1.000000 0.000000 0.000000
]
}
coordIndex [
 911, 886, 955, -1, 886, 857, 955, -1, 955, 857, 821, -1,
 955, 821, 31, -1, 31, 821, 776, -1, 31, 776, 731, -1,
 731, 683, 31, -1, 31, 683, 624, -1, 31, 624, 574, -1,
 955, 959, 911, -1, 911, 959, 963, -1, 911, 963, 933, -1,
 933, 963, 967, -1, 933, 967, 971, -1, 71, 27, 98, -1,
 98, 27, 31, -1, 98, 31, 127, -1, 11, 51, 7, -1,
 7, 51, 38, -1, 7, 38, 3, -1, 3, 38, 2, -1,
 70, 97, 30, -1, 30, 97, 126, -1, 30, 623, 682, -1,
 11, 15, 51, -1, 51, 15, 19, -1, 51, 19, 71, -1,
 71, 19, 23, -1, 71, 23, 27, -1, 820, 954, 775, -1,
 775, 954, 30, -1, 775, 30, 730, -1, 730, 30, 682, -1,
 38, 32, 2, -1, 2, 32, 37, -1, 2, 37, 6, -1,
 6, 37, 50, -1, 6, 50, 10, -1, 10, 50, 14, -1,
 30, 26, 70, -1, 70, 26, 22, -1, 70, 22, 50, -1,
 50, 22, 18, -1, 50, 18, 14, -1, 360, 299, 574, -1,
 820, 856, 954, -1, 954, 856, 885, -1, 954, 885, 958, -1,
 958, 885, 910, -1, 974, 932, 978, -1, 978, 932, 945, -1,
 978, 945, 982, -1, 982, 945, 950, -1, 982, 950, 983, -1,
 983, 950, 946, -1, 983, 946, 979, -1, 979, 946, 933, -1,
 979, 933, 975, -1, 975, 933, 971, -1, 250, 623, 207, -1,
 207, 623, 30, -1, 207, 30, 159, -1, 159, 30, 126, -1,
 974, 970, 932, -1, 932, 970, 966, -1, 932, 966, 910, -1,
 910, 966, 962, -1, 910, 962, 958, -1, 250, 298, 623, -1,
 623, 298, 359, -1, 623, 359, 573, -1, 573, 359, 409, -1,
 573, 409, 492, -1, 492, 409, 443, -1, 492, 443, 574, -1,
 574, 443, 410, -1, 574, 410, 360, -1, 299, 251, 574, -1,
 574, 251, 208, -1, 574, 208, 31, -1, 31, 208, 160, -1,
 31, 160, 127, -1, 982, 983, 980, -1, 980, 983, 981, -1,
 30, 954, 28, -1, 28, 954, 952, -1, 0, 1, 2, -1,
 2, 1, 3, -1, 29, 953, 31, -1, 31, 953, 955, -1,
 0, 980, 1, -1, 1, 980, 981, -1, 981, 965, 961, -1,
 4, 8, 12, -1, 20, 24, 0, -1, 0, 24, 28, -1,
 0, 28, 980, -1, 980, 28, 952, -1, 980, 952, 976, -1,
 960, 964, 968, -1, 981, 977, 965, -1, 965, 977, 973, -1,
 965, 973, 969, -1, 4, 12, 0, -1, 0, 12, 16, -1,
 0, 16, 20, -1, 952, 956, 976, -1, 976, 956, 960, -1,
 976, 960, 972, -1, 972, 960, 968, -1, 13, 9, 17, -1,
 17, 9, 5, -1, 17, 5, 21, -1, 961, 957, 981, -1,
 981, 957, 953, -1, 981, 953, 1, -1, 1, 953, 29, -1,
 1, 29, 5, -1, 5, 29, 25, -1, 5, 25, 21, -1,
 35, 37, 32, -1, 35, 41, 37, -1, 37, 41, 44, -1,
 37, 44, 50, -1, 44, 52, 50, -1, 50, 52, 57, -1,
 50, 57, 70, -1, 57, 72, 70, -1, 70, 72, 89, -1,
 70, 89, 97, -1, 89, 99, 97, -1, 97, 99, 110, -1,
 97, 110, 126, -1, 110, 128, 126, -1, 126, 128, 139, -1,
 126, 139, 159, -1, 139, 161, 159, -1, 159, 161, 190, -1,
 159, 190, 207, -1, 190, 205, 207, -1, 207, 205, 225, -1,
 207, 225, 250, -1, 225, 248, 250, -1, 250, 248, 264, -1,
 250, 264, 298, -1, 264, 300, 298, -1, 298, 300, 341, -1,
 298, 341, 359, -1, 341, 357, 359, -1, 359, 357, 379, -1,
 359, 379, 409, -1, 379, 405, 409, -1, 409, 405, 417, -1,
 409, 417, 443, -1, 417, 444, 443, -1, 443, 444, 418, -1,
 443, 418, 410, -1, 418, 406, 410, -1, 410, 406, 380, -1,
 410, 380, 360, -1, 380, 358, 360, -1, 360, 358, 342, -1,
 360, 342, 299, -1, 342, 301, 299, -1, 299, 301, 265, -1,
 299, 265, 251, -1, 265, 249, 251, -1, 251, 249, 226, -1,
 251, 226, 208, -1, 226, 206, 208, -1, 208, 206, 191, -1,
 208, 191, 160, -1, 191, 162, 160, -1, 160, 162, 140, -1,
 160, 140, 127, -1, 140, 129, 127, -1, 127, 129, 111, -1,
 127, 111, 98, -1, 111, 100, 98, -1, 98, 100, 90, -1,
 98, 90, 71, -1, 90, 73, 71, -1, 71, 73, 58, -1,
 71, 58, 51, -1, 58, 53, 51, -1, 51, 53, 45, -1,
 51, 45, 38, -1, 45, 42, 38, -1, 38, 42, 36, -1,
 38, 36, 32, -1, 32, 36, 33, -1, 32, 33, 35, -1,
 420, 418, 444, -1, 418, 420, 406, -1, 358, 380, 384, -1,
 467, 465, 371, -1, 407, 435, 431, -1, 444, 419, 421, -1,
 431, 435, 444, -1, 437, 444, 435, -1, 445, 441, 447, -1,
 447, 441, 433, -1, 437, 435, 411, -1, 411, 435, 407, -1,
 411, 407, 391, -1, 439, 444, 437, -1, 425, 389, 393, -1,
 413, 451, 433, -1, 433, 451, 449, -1, 433, 449, 447, -1,
 439, 437, 415, -1, 415, 437, 411, -1, 415, 411, 401, -1,
 401, 411, 391, -1, 401, 391, 381, -1, 441, 444, 439, -1,
 393, 361, 365, -1, 444, 417, 419, -1, 419, 417, 405, -1,
 419, 405, 383, -1, 383, 405, 379, -1, 383, 379, 343, -1,
 441, 439, 433, -1, 433, 439, 415, -1, 433, 415, 413, -1,
 413, 415, 401, -1, 413, 401, 403, -1, 403, 401, 381, -1,
 403, 381, 395, -1, 445, 444, 441, -1, 365, 331, 337, -1,
 379, 357, 343, -1, 343, 357, 341, -1, 343, 341, 302, -1,
 302, 341, 300, -1, 302, 300, 268, -1, 337, 308, 327, -1,
 461, 459, 395, -1, 395, 459, 457, -1, 395, 457, 403, -1,
 403, 457, 455, -1, 403, 455, 413, -1, 413, 455, 453, -1,
 413, 453, 451, -1, 327, 294, 321, -1, 300, 264, 268, -1,
 268, 264, 248, -1, 268, 248, 227, -1, 465, 463, 371, -1,
 371, 463, 377, -1, 371, 377, 347, -1, 347, 377, 367, -1,
 347, 367, 339, -1, 339, 367, 369, -1, 339, 369, 353, -1,
 353, 369, 375, -1, 353, 375, 373, -1, 373, 375, 399, -1,
 373, 399, 397, -1, 397, 399, 429, -1, 397, 429, 427, -1,
 427, 429, 444, -1, 321, 296, 329, -1, 329, 311, 363, -1,
 248, 225, 227, -1, 227, 225, 205, -1, 227, 205, 192, -1,
 192, 205, 190, -1, 192, 190, 164, -1, 164, 190, 161, -1,
 164, 161, 141, -1, 335, 471, 349, -1, 349, 471, 469, -1,
 349, 469, 363, -1, 161, 139, 141, -1, 141, 139, 128, -1,
 141, 128, 112, -1, 333, 475, 335, -1, 335, 475, 473, -1,
 335, 473, 471, -1, 128, 110, 112, -1, 112, 110, 99, -1,
 112, 99, 91, -1, 91, 99, 89, -1, 91, 89, 74, -1,
 74, 89, 72, -1, 74, 72, 61, -1, 317, 483, 319, -1,
 319, 483, 481, -1, 319, 481, 325, -1, 325, 481, 479, -1,
 325, 479, 333, -1, 333, 479, 477, -1, 333, 477, 475, -1,
 72, 57, 61, -1, 61, 57, 52, -1, 61, 52, 48, -1,
 313, 487, 317, -1, 317, 487, 485, -1, 317, 485, 483, -1,
 52, 44, 48, -1, 48, 44, 41, -1, 48, 41, 39, -1,
 39, 41, 35, -1, 39, 35, 34, -1, 34, 35, 33, -1,
 34, 33, 40, -1, 318, 488, 314, -1, 314, 488, 490, -1,
 314, 490, 310, -1, 310, 490, 491, -1, 310, 491, 313, -1,
 313, 491, 489, -1, 313, 489, 487, -1, 33, 36, 40, -1,
 40, 36, 42, -1, 40, 42, 49, -1, 320, 484, 318, -1,
 318, 484, 486, -1, 318, 486, 488, -1, 42, 45, 49, -1,
 49, 45, 53, -1, 49, 53, 62, -1, 62, 53, 58, -1,
 62, 58, 75, -1, 75, 58, 73, -1, 75, 73, 92, -1,
 336, 476, 334, -1, 334, 476, 478, -1, 334, 478, 326, -1,
 326, 478, 480, -1, 326, 480, 320, -1, 320, 480, 482, -1,
 320, 482, 484, -1, 421, 419, 385, -1, 385, 419, 383, -1,
 385, 383, 345, -1, 345, 383, 343, -1, 345, 343, 304, -1,
 304, 343, 302, -1, 304, 302, 272, -1, 272, 302, 268, -1,
 272, 268, 233, -1, 233, 268, 227, -1, 233, 227, 198, -1,
 198, 227, 192, -1, 198, 192, 170, -1, 170, 192, 164, -1,
 170, 164, 145, -1, 145, 164, 141, -1, 145, 141, 120, -1,
 120, 141, 112, -1, 120, 112, 95, -1, 95, 112, 91, -1,
 95, 91, 80, -1, 80, 91, 74, -1, 80, 74, 65, -1,
 65, 74, 61, -1, 65, 61, 54, -1, 54, 61, 48, -1,
 54, 48, 46, -1, 46, 48, 39, -1, 46, 39, 43, -1,
 43, 39, 34, -1, 43, 34, 47, -1, 47, 34, 40, -1,
 47, 40, 55, -1, 55, 40, 49, -1, 55, 49, 66, -1,
 66, 49, 62, -1, 66, 62, 81, -1, 81, 62, 75, -1,
 81, 75, 96, -1, 96, 75, 92, -1, 96, 92, 121, -1,
 121, 92, 113, -1, 121, 113, 146, -1, 423, 444, 421, -1,
 111, 113, 100, -1, 100, 113, 92, -1, 100, 92, 90, -1,
 90, 92, 73, -1, 350, 472, 336, -1, 336, 472, 474, -1,
 336, 474, 476, -1, 111, 129, 113, -1, 113, 129, 142, -1,
 113, 142, 146, -1, 146, 142, 171, -1, 423, 421, 387, -1,
 387, 421, 385, -1, 387, 385, 351, -1, 351, 385, 345, -1,
 351, 345, 306, -1, 306, 345, 304, -1, 306, 304, 274, -1,
 274, 304, 272, -1, 274, 272, 237, -1, 237, 272, 233, -1,
 237, 233, 203, -1, 203, 233, 198, -1, 203, 198, 178, -1,
 178, 198, 170, -1, 178, 170, 149, -1, 149, 170, 145, -1,
 149, 145, 124, -1, 124, 145, 120, -1, 124, 120, 105, -1,
 105, 120, 95, -1, 105, 95, 85, -1, 85, 95, 80, -1,
 85, 80, 76, -1, 76, 80, 65, -1, 76, 65, 63, -1,
 63, 65, 54, -1, 63, 54, 59, -1, 59, 54, 46, -1,
 59, 46, 56, -1, 56, 46, 43, -1, 56, 43, 60, -1,
 60, 43, 47, -1, 60, 47, 64, -1, 64, 47, 55, -1,
 64, 55, 77, -1, 77, 55, 66, -1, 77, 66, 86, -1,
 86, 66, 81, -1, 86, 81, 106, -1, 106, 81, 96, -1,
 106, 96, 125, -1, 125, 96, 121, -1, 125, 121, 150, -1,
 150, 121, 146, -1, 150, 146, 179, -1, 179, 146, 171, -1,
 179, 171, 204, -1, 425, 444, 423, -1, 425, 423, 389, -1,
 389, 423, 387, -1, 389, 387, 355, -1, 355, 387, 351, -1,
 355, 351, 315, -1, 315, 351, 306, -1, 315, 306, 280, -1,
 280, 306, 274, -1, 280, 274, 241, -1, 241, 274, 237, -1,
 241, 237, 217, -1, 217, 237, 203, -1, 217, 203, 182, -1,
 182, 203, 178, -1, 182, 178, 157, -1, 157, 178, 149, -1,
 157, 149, 137, -1, 137, 149, 124, -1, 137, 124, 118, -1,
 118, 124, 105, -1, 118, 105, 101, -1, 101, 105, 85, -1,
 101, 85, 83, -1, 83, 85, 76, -1, 83, 76, 78, -1,
 78, 76, 63, -1, 78, 63, 68, -1, 68, 63, 59, -1,
 68, 59, 67, -1, 67, 59, 56, -1, 67, 56, 69, -1,
 69, 56, 60, -1, 69, 60, 79, -1, 79, 60, 64, -1,
 79, 64, 84, -1, 84, 64, 77, -1, 84, 77, 102, -1,
 102, 77, 86, -1, 102, 86, 119, -1, 119, 86, 106, -1,
 119, 106, 138, -1, 138, 106, 125, -1, 138, 125, 158, -1,
 158, 125, 150, -1, 158, 150, 183, -1, 183, 150, 179, -1,
 183, 179, 218, -1, 218, 179, 204, -1, 218, 204, 242, -1,
 162, 191, 193, -1, 378, 464, 372, -1, 372, 464, 466, -1,
 372, 466, 364, -1, 364, 466, 468, -1, 364, 468, 350, -1,
 350, 468, 470, -1, 350, 470, 472, -1, 393, 389, 361, -1,
 361, 389, 355, -1, 361, 355, 323, -1, 323, 355, 315, -1,
 323, 315, 288, -1, 288, 315, 280, -1, 288, 280, 258, -1,
 258, 280, 241, -1, 258, 241, 223, -1, 223, 241, 217, -1,
 223, 217, 194, -1, 194, 217, 182, -1, 194, 182, 174, -1,
 174, 182, 157, -1, 174, 157, 153, -1, 153, 157, 137, -1,
 153, 137, 130, -1, 130, 137, 118, -1, 130, 118, 116, -1,
 116, 118, 101, -1, 116, 101, 103, -1, 103, 101, 83, -1,
 103, 83, 93, -1, 93, 83, 78, -1, 93, 78, 87, -1,
 87, 78, 68, -1, 87, 68, 82, -1, 82, 68, 67, -1,
 82, 67, 88, -1, 88, 67, 69, -1, 88, 69, 94, -1,
 94, 69, 79, -1, 94, 79, 104, -1, 104, 79, 84, -1,
 104, 84, 117, -1, 117, 84, 102, -1, 117, 102, 131, -1,
 131, 102, 119, -1, 131, 119, 154, -1, 154, 119, 138, -1,
 154, 138, 175, -1, 175, 138, 158, -1, 175, 158, 195, -1,
 195, 158, 183, -1, 195, 183, 224, -1, 224, 183, 218, -1,
 224, 218, 259, -1, 259, 218, 242, -1, 259, 242, 289, -1,
 396, 460, 378, -1, 378, 460, 462, -1, 378, 462, 464, -1,
 365, 361, 331, -1, 331, 361, 323, -1, 331, 323, 290, -1,
 290, 323, 288, -1, 290, 288, 270, -1, 270, 288, 258, -1,
 270, 258, 239, -1, 239, 258, 223, -1, 239, 223, 213, -1,
 213, 223, 194, -1, 213, 194, 186, -1, 186, 194, 174, -1,
 186, 174, 168, -1, 168, 174, 153, -1, 168, 153, 151, -1,
 151, 153, 130, -1, 151, 130, 133, -1, 133, 130, 116, -1,
 133, 116, 122, -1, 122, 116, 103, -1, 122, 103, 114, -1,
 114, 103, 93, -1, 114, 93, 108, -1, 108, 93, 87, -1,
 108, 87, 107, -1, 107, 87, 82, -1, 107, 82, 109, -1,
 109, 82, 88, -1, 109, 88, 115, -1, 115, 88, 94, -1,
 115, 94, 123, -1, 123, 94, 104, -1, 123, 104, 134, -1,
 134, 104, 117, -1, 134, 117, 152, -1, 152, 117, 131, -1,
 152, 131, 169, -1, 169, 131, 154, -1, 169, 154, 187, -1,
 187, 154, 175, -1, 187, 175, 214, -1, 214, 175, 195, -1,
 214, 195, 240, -1, 240, 195, 224, -1, 240, 224, 271, -1,
 271, 224, 259, -1, 271, 259, 291, -1, 291, 259, 289, -1,
 291, 289, 332, -1, 226, 249, 269, -1, 337, 331, 308, -1,
 308, 331, 290, -1, 308, 290, 284, -1, 284, 290, 270, -1,
 284, 270, 256, -1, 256, 270, 239, -1, 256, 239, 229, -1,
 229, 239, 213, -1, 229, 213, 211, -1, 211, 213, 186, -1,
 211, 186, 188, -1, 188, 186, 168, -1, 188, 168, 176, -1,
 176, 168, 151, -1, 176, 151, 155, -1, 155, 151, 133, -1,
 155, 133, 147, -1, 147, 133, 122, -1, 147, 122, 143, -1,
 143, 122, 114, -1, 143, 114, 135, -1, 135, 114, 108, -1,
 135, 108, 132, -1, 132, 108, 107, -1, 132, 107, 136, -1,
 136, 107, 109, -1, 136, 109, 144, -1, 144, 109, 115, -1,
 144, 115, 148, -1, 148, 115, 123, -1, 148, 123, 156, -1,
 156, 123, 134, -1, 156, 134, 177, -1, 177, 134, 152, -1,
 177, 152, 189, -1, 189, 152, 169, -1, 189, 169, 212, -1,
 212, 169, 187, -1, 212, 187, 230, -1, 230, 187, 214, -1,
 230, 214, 257, -1, 257, 214, 240, -1, 257, 240, 285, -1,
 285, 240, 271, -1, 285, 271, 309, -1, 309, 271, 291, -1,
 309, 291, 338, -1, 338, 291, 332, -1, 338, 332, 374, -1,
 414, 454, 404, -1, 404, 454, 456, -1, 404, 456, 396, -1,
 396, 456, 458, -1, 396, 458, 460, -1, 327, 308, 294, -1,
 294, 308, 284, -1, 294, 284, 278, -1, 278, 284, 256, -1,
 278, 256, 252, -1, 252, 256, 229, -1, 252, 229, 231, -1,
 231, 229, 211, -1, 231, 211, 219, -1, 219, 211, 188, -1,
 219, 188, 196, -1, 196, 188, 176, -1, 196, 176, 184, -1,
 184, 176, 155, -1, 184, 155, 180, -1, 180, 155, 147, -1,
 180, 147, 172, -1, 172, 147, 143, -1, 172, 143, 166, -1,
 166, 143, 135, -1, 166, 135, 163, -1, 163, 135, 132, -1,
 163, 132, 167, -1, 167, 132, 136, -1, 167, 136, 173, -1,
 173, 136, 144, -1, 173, 144, 181, -1, 181, 144, 148, -1,
 181, 148, 185, -1, 185, 148, 156, -1, 185, 156, 197, -1,
 197, 156, 177, -1, 197, 177, 220, -1, 220, 177, 189, -1,
 220, 189, 232, -1, 232, 189, 212, -1, 232, 212, 253, -1,
 253, 212, 230, -1, 253, 230, 279, -1, 279, 230, 257, -1,
 279, 257, 295, -1, 295, 257, 285, -1, 295, 285, 328, -1,
 328, 285, 309, -1, 328, 309, 354, -1, 354, 309, 338, -1,
 354, 338, 376, -1, 376, 338, 374, -1, 376, 374, 408, -1,
 301, 342, 344, -1, 321, 294, 296, -1, 296, 294, 278, -1,
 296, 278, 282, -1, 282, 278, 252, -1, 282, 252, 262, -1,
 262, 252, 231, -1, 262, 231, 243, -1, 243, 231, 219, -1,
 243, 219, 235, -1, 235, 219, 196, -1, 235, 196, 221, -1,
 221, 196, 184, -1, 221, 184, 215, -1, 215, 184, 180, -1,
 215, 180, 209, -1, 209, 180, 172, -1, 209, 172, 201, -1,
 201, 172, 166, -1, 201, 166, 200, -1, 200, 166, 163, -1,
 200, 163, 202, -1, 202, 163, 167, -1, 202, 167, 210, -1,
 210, 167, 173, -1, 210, 173, 216, -1, 216, 173, 181, -1,
 216, 181, 222, -1, 222, 181, 185, -1, 222, 185, 236, -1,
 236, 185, 197, -1, 236, 197, 244, -1, 244, 197, 220, -1,
 244, 220, 263, -1, 263, 220, 232, -1, 263, 232, 283, -1,
 283, 232, 253, -1, 283, 253, 297, -1, 297, 253, 279, -1,
 297, 279, 322, -1, 322, 279, 295, -1, 322, 295, 340, -1,
 340, 295, 328, -1, 340, 328, 370, -1, 370, 328, 354, -1,
 370, 354, 392, -1, 392, 354, 376, -1, 392, 376, 412, -1,
 412, 376, 408, -1, 412, 408, 438, -1, 444, 446, 442, -1,
 442, 446, 448, -1, 442, 448, 434, -1, 434, 448, 450, -1,
 434, 450, 414, -1, 414, 450, 452, -1, 414, 452, 454, -1,
 363, 311, 349, -1, 349, 311, 292, -1, 349, 292, 335, -1,
 335, 292, 286, -1, 335, 286, 333, -1, 333, 286, 276, -1,
 333, 276, 325, -1, 325, 276, 266, -1, 325, 266, 319, -1,
 319, 266, 260, -1, 319, 260, 317, -1, 317, 260, 254, -1,
 317, 254, 313, -1, 313, 254, 246, -1, 313, 246, 310, -1,
 310, 246, 245, -1, 310, 245, 314, -1, 314, 245, 247, -1,
 314, 247, 318, -1, 318, 247, 255, -1, 318, 255, 320, -1,
 320, 255, 261, -1, 320, 261, 326, -1, 326, 261, 267, -1,
 326, 267, 334, -1, 334, 267, 277, -1, 334, 277, 336, -1,
 336, 277, 287, -1, 336, 287, 350, -1, 350, 287, 293, -1,
 350, 293, 364, -1, 364, 293, 312, -1, 364, 312, 372, -1,
 372, 312, 330, -1, 372, 330, 378, -1, 378, 330, 348, -1,
 378, 348, 396, -1, 396, 348, 368, -1, 396, 368, 404, -1,
 404, 368, 382, -1, 404, 382, 414, -1, 414, 382, 402, -1,
 414, 402, 434, -1, 434, 402, 416, -1, 434, 416, 442, -1,
 442, 416, 440, -1, 442, 440, 444, -1, 329, 296, 311, -1,
 311, 296, 282, -1, 311, 282, 292, -1, 292, 282, 262, -1,
 292, 262, 286, -1, 286, 262, 243, -1, 286, 243, 276, -1,
 276, 243, 235, -1, 276, 235, 266, -1, 266, 235, 221, -1,
 266, 221, 260, -1, 260, 221, 215, -1, 260, 215, 254, -1,
 254, 215, 209, -1, 254, 209, 246, -1, 246, 209, 201, -1,
 246, 201, 245, -1, 245, 201, 200, -1, 245, 200, 247, -1,
 247, 200, 202, -1, 247, 202, 255, -1, 255, 202, 210, -1,
 255, 210, 261, -1, 261, 210, 216, -1, 261, 216, 267, -1,
 267, 216, 222, -1, 267, 222, 277, -1, 277, 222, 236, -1,
 277, 236, 287, -1, 287, 236, 244, -1, 287, 244, 293, -1,
 293, 244, 263, -1, 293, 263, 312, -1, 312, 263, 283, -1,
 312, 283, 330, -1, 330, 283, 297, -1, 330, 297, 348, -1,
 348, 297, 322, -1, 348, 322, 368, -1, 368, 322, 340, -1,
 368, 340, 382, -1, 382, 340, 370, -1, 382, 370, 402, -1,
 402, 370, 392, -1, 402, 392, 416, -1, 416, 392, 412, -1,
 416, 412, 440, -1, 440, 412, 438, -1, 440, 438, 444, -1,
 129, 140, 142, -1, 142, 140, 165, -1, 142, 165, 171, -1,
 171, 165, 199, -1, 171, 199, 204, -1, 204, 199, 238, -1,
 204, 238, 242, -1, 242, 238, 281, -1, 242, 281, 289, -1,
 289, 281, 324, -1, 289, 324, 332, -1, 332, 324, 366, -1,
 332, 366, 374, -1, 374, 366, 400, -1, 374, 400, 408, -1,
 408, 400, 436, -1, 408, 436, 438, -1, 438, 436, 444, -1,
 140, 162, 165, -1, 165, 162, 193, -1, 165, 193, 199, -1,
 199, 193, 234, -1, 199, 234, 238, -1, 238, 234, 275, -1,
 238, 275, 281, -1, 281, 275, 316, -1, 281, 316, 324, -1,
 324, 316, 362, -1, 324, 362, 366, -1, 366, 362, 398, -1,
 366, 398, 400, -1, 400, 398, 432, -1, 400, 432, 436, -1,
 436, 432, 444, -1, 191, 206, 193, -1, 193, 206, 228, -1,
 193, 228, 234, -1, 234, 228, 273, -1, 234, 273, 275, -1,
 275, 273, 307, -1, 275, 307, 316, -1, 316, 307, 356, -1,
 316, 356, 362, -1, 362, 356, 394, -1, 362, 394, 398, -1,
 398, 394, 430, -1, 398, 430, 432, -1, 432, 430, 444, -1,
 206, 226, 228, -1, 228, 226, 269, -1, 228, 269, 273, -1,
 273, 269, 305, -1, 273, 305, 307, -1, 307, 305, 352, -1,
 307, 352, 356, -1, 356, 352, 390, -1, 356, 390, 394, -1,
 394, 390, 428, -1, 394, 428, 430, -1, 430, 428, 444, -1,
 249, 265, 269, -1, 269, 265, 303, -1, 269, 303, 305, -1,
 305, 303, 346, -1, 305, 346, 352, -1, 352, 346, 388, -1,
 352, 388, 390, -1, 390, 388, 426, -1, 390, 426, 428, -1,
 428, 426, 444, -1, 265, 301, 303, -1, 303, 301, 344, -1,
 303, 344, 346, -1, 346, 344, 386, -1, 346, 386, 388, -1,
 388, 386, 424, -1, 388, 424, 426, -1, 426, 424, 444, -1,
 342, 358, 344, -1, 344, 358, 384, -1, 344, 384, 386, -1,
 386, 384, 422, -1, 386, 422, 424, -1, 424, 422, 444, -1,
 469, 467, 363, -1, 363, 467, 371, -1, 363, 371, 329, -1,
 329, 371, 347, -1, 329, 347, 321, -1, 321, 347, 339, -1,
 321, 339, 327, -1, 327, 339, 353, -1, 327, 353, 337, -1,
 337, 353, 373, -1, 337, 373, 365, -1, 365, 373, 397, -1,
 365, 397, 393, -1, 393, 397, 427, -1, 393, 427, 425, -1,
 425, 427, 444, -1, 463, 461, 377, -1, 377, 461, 395, -1,
 377, 395, 367, -1, 367, 395, 381, -1, 367, 381, 369, -1,
 369, 381, 391, -1, 369, 391, 375, -1, 375, 391, 407, -1,
 375, 407, 399, -1, 399, 407, 431, -1, 399, 431, 429, -1,
 429, 431, 444, -1, 380, 406, 384, -1, 384, 406, 420, -1,
 384, 420, 422, -1, 422, 420, 444, -1, 469, 518, 467, -1,
 467, 518, 516, -1, 467, 516, 465, -1, 465, 516, 514, -1,
 465, 514, 463, -1, 463, 514, 512, -1, 463, 512, 461, -1,
 461, 512, 510, -1, 461, 510, 459, -1, 459, 510, 508, -1,
 459, 508, 457, -1, 457, 508, 506, -1, 457, 506, 455, -1,
 455, 506, 504, -1, 455, 504, 453, -1, 453, 504, 502, -1,
 453, 502, 451, -1, 451, 502, 500, -1, 451, 500, 449, -1,
 449, 500, 498, -1, 449, 498, 447, -1, 447, 498, 496, -1,
 447, 496, 445, -1, 445, 496, 494, -1, 445, 494, 444, -1,
 444, 494, 493, -1, 444, 493, 446, -1, 446, 493, 495, -1,
 446, 495, 448, -1, 448, 495, 497, -1, 448, 497, 450, -1,
 450, 497, 499, -1, 450, 499, 452, -1, 452, 499, 501, -1,
 452, 501, 454, -1, 454, 501, 503, -1, 454, 503, 456, -1,
 456, 503, 505, -1, 456, 505, 458, -1, 458, 505, 507, -1,
 458, 507, 460, -1, 460, 507, 509, -1, 460, 509, 462, -1,
 462, 509, 511, -1, 462, 511, 464, -1, 464, 511, 513, -1,
 464, 513, 466, -1, 466, 513, 515, -1, 466, 515, 468, -1,
 468, 515, 517, -1, 468, 517, 470, -1, 470, 517, 519, -1,
 470, 519, 472, -1, 472, 519, 521, -1, 472, 521, 474, -1,
 474, 521, 523, -1, 474, 523, 476, -1, 476, 523, 525, -1,
 476, 525, 478, -1, 478, 525, 527, -1, 478, 527, 480, -1,
 480, 527, 529, -1, 480, 529, 482, -1, 482, 529, 531, -1,
 482, 531, 484, -1, 484, 531, 533, -1, 484, 533, 486, -1,
 486, 533, 535, -1, 486, 535, 488, -1, 488, 535, 537, -1,
 488, 537, 490, -1, 490, 537, 539, -1, 490, 539, 491, -1,
 491, 539, 540, -1, 491, 540, 489, -1, 489, 540, 538, -1,
 489, 538, 487, -1, 487, 538, 536, -1, 487, 536, 485, -1,
 485, 536, 534, -1, 485, 534, 483, -1, 483, 534, 532, -1,
 483, 532, 481, -1, 481, 532, 530, -1, 481, 530, 479, -1,
 479, 530, 528, -1, 479, 528, 477, -1, 477, 528, 526, -1,
 477, 526, 475, -1, 475, 526, 524, -1, 475, 524, 473, -1,
 473, 524, 522, -1, 473, 522, 471, -1, 471, 522, 520, -1,
 471, 520, 469, -1, 469, 520, 518, -1, 542, 495, 493, -1,
 495, 542, 497, -1, 501, 499, 550, -1, 822, 792, 790, -1,
 593, 557, 555, -1, 493, 541, 543, -1, 555, 557, 493, -1,
 559, 493, 557, -1, 565, 563, 577, -1, 577, 563, 599, -1,
 559, 557, 595, -1, 595, 557, 593, -1, 595, 593, 631, -1,
 561, 493, 559, -1, 547, 575, 583, -1, 639, 625, 599, -1,
 599, 625, 603, -1, 599, 603, 577, -1, 561, 559, 597, -1,
 597, 559, 595, -1, 597, 595, 637, -1, 637, 595, 631, -1,
 637, 631, 678, -1, 563, 493, 561, -1, 583, 609, 617, -1,
 493, 494, 541, -1, 541, 494, 496, -1, 541, 496, 549, -1,
 549, 496, 498, -1, 549, 498, 569, -1, 563, 561, 599, -1,
 599, 561, 597, -1, 599, 597, 639, -1, 639, 597, 637, -1,
 639, 637, 680, -1, 680, 637, 678, -1, 680, 678, 714, -1,
 565, 493, 563, -1, 617, 651, 659, -1, 498, 500, 569, -1,
 569, 500, 502, -1, 569, 502, 579, -1, 579, 502, 504, -1,
 579, 504, 587, -1, 659, 694, 702, -1, 757, 734, 714, -1,
 714, 734, 718, -1, 714, 718, 680, -1, 680, 718, 684, -1,
 680, 684, 639, -1, 639, 684, 641, -1, 639, 641, 625, -1,
 702, 741, 745, -1, 504, 506, 587, -1, 587, 506, 508, -1,
 587, 508, 605, -1, 792, 777, 790, -1, 790, 777, 755, -1,
 790, 755, 749, -1, 749, 755, 710, -1, 749, 710, 708, -1,
 708, 710, 676, -1, 708, 676, 667, -1, 667, 676, 627, -1,
 667, 627, 621, -1, 621, 627, 589, -1, 621, 589, 585, -1,
 585, 589, 553, -1, 585, 553, 551, -1, 551, 553, 493, -1,
 745, 779, 784, -1, 784, 812, 818, -1, 508, 510, 605, -1,
 605, 510, 512, -1, 605, 512, 611, -1, 611, 512, 514, -1,
 611, 514, 619, -1, 619, 514, 516, -1, 619, 516, 633, -1,
 870, 854, 841, -1, 841, 854, 843, -1, 841, 843, 818, -1,
 516, 518, 633, -1, 633, 518, 520, -1, 633, 520, 647, -1,
 891, 883, 870, -1, 870, 883, 872, -1, 870, 872, 854, -1,
 520, 522, 647, -1, 647, 522, 524, -1, 647, 524, 649, -1,
 649, 524, 526, -1, 649, 526, 657, -1, 657, 526, 528, -1,
 657, 528, 663, -1, 934, 930, 921, -1, 921, 930, 925, -1,
 921, 925, 908, -1, 908, 925, 912, -1, 908, 912, 891, -1,
 891, 912, 893, -1, 891, 893, 883, -1, 528, 530, 663, -1,
 663, 530, 532, -1, 663, 532, 665, -1, 943, 941, 934, -1,
 934, 941, 938, -1, 934, 938, 930, -1, 532, 534, 665, -1,
 665, 534, 536, -1, 665, 536, 669, -1, 669, 536, 538, -1,
 669, 538, 673, -1, 673, 538, 540, -1, 673, 540, 670, -1,
 935, 942, 944, -1, 944, 942, 948, -1, 944, 948, 949, -1,
 949, 948, 951, -1, 949, 951, 943, -1, 943, 951, 947, -1,
 943, 947, 941, -1, 540, 539, 670, -1, 670, 539, 537, -1,
 670, 537, 666, -1, 922, 931, 935, -1, 935, 931, 939, -1,
 935, 939, 942, -1, 537, 535, 666, -1, 666, 535, 533, -1,
 666, 533, 664, -1, 664, 533, 531, -1, 664, 531, 658, -1,
 658, 531, 529, -1, 658, 529, 650, -1, 871, 884, 892, -1,
 892, 884, 894, -1, 892, 894, 909, -1, 909, 894, 913, -1,
 909, 913, 922, -1, 922, 913, 926, -1, 922, 926, 931, -1,
 543, 541, 567, -1, 567, 541, 549, -1, 567, 549, 581, -1,
 581, 549, 569, -1, 581, 569, 601, -1, 601, 569, 579, -1,
 601, 579, 615, -1, 615, 579, 587, -1, 615, 587, 635, -1,
 635, 587, 605, -1, 635, 605, 653, -1, 653, 605, 611, -1,
 653, 611, 671, -1, 671, 611, 619, -1, 671, 619, 690, -1,
 690, 619, 633, -1, 690, 633, 696, -1, 696, 633, 647, -1,
 696, 647, 706, -1, 706, 647, 649, -1, 706, 649, 716, -1,
 716, 649, 657, -1, 716, 657, 722, -1, 722, 657, 663, -1,
 722, 663, 728, -1, 728, 663, 665, -1, 728, 665, 736, -1,
 736, 665, 669, -1, 736, 669, 738, -1, 738, 669, 673, -1,
 738, 673, 737, -1, 737, 673, 670, -1, 737, 670, 729, -1,
 729, 670, 666, -1, 729, 666, 723, -1, 723, 666, 664, -1,
 723, 664, 717, -1, 717, 664, 658, -1, 717, 658, 707, -1,
 707, 658, 650, -1, 707, 650, 697, -1, 697, 650, 648, -1,
 697, 648, 691, -1, 545, 493, 543, -1, 523, 648, 525, -1,
 525, 648, 650, -1, 525, 650, 527, -1, 527, 650, 529, -1,
 842, 855, 871, -1, 871, 855, 873, -1, 871, 873, 884, -1,
 523, 521, 648, -1, 648, 521, 634, -1, 648, 634, 691, -1,
 691, 634, 672, -1, 545, 543, 571, -1, 571, 543, 567, -1,
 571, 567, 591, -1, 591, 567, 581, -1, 591, 581, 613, -1,
 613, 581, 601, -1, 613, 601, 643, -1, 643, 601, 615, -1,
 643, 615, 661, -1, 661, 615, 635, -1, 661, 635, 686, -1,
 686, 635, 653, -1, 686, 653, 700, -1, 700, 653, 671, -1,
 700, 671, 720, -1, 720, 671, 690, -1, 720, 690, 739, -1,
 739, 690, 696, -1, 739, 696, 747, -1, 747, 696, 706, -1,
 747, 706, 761, -1, 761, 706, 716, -1, 761, 716, 767, -1,
 767, 716, 722, -1, 767, 722, 773, -1, 773, 722, 728, -1,
 773, 728, 781, -1, 781, 728, 736, -1, 781, 736, 783, -1,
 783, 736, 738, -1, 783, 738, 782, -1, 782, 738, 737, -1,
 782, 737, 774, -1, 774, 737, 729, -1, 774, 729, 768, -1,
 768, 729, 723, -1, 768, 723, 762, -1, 762, 723, 717, -1,
 762, 717, 748, -1, 748, 717, 707, -1, 748, 707, 740, -1,
 740, 707, 697, -1, 740, 697, 721, -1, 721, 697, 691, -1,
 721, 691, 701, -1, 701, 691, 672, -1, 701, 672, 687, -1,
 547, 493, 545, -1, 547, 545, 575, -1, 575, 545, 571, -1,
 575, 571, 607, -1, 607, 571, 591, -1, 607, 591, 629, -1,
 629, 591, 613, -1, 629, 613, 655, -1, 655, 613, 643, -1,
 655, 643, 688, -1, 688, 643, 661, -1, 688, 661, 704, -1,
 704, 661, 686, -1, 704, 686, 732, -1, 732, 686, 700, -1,
 732, 700, 751, -1, 751, 700, 720, -1, 751, 720, 763, -1,
 763, 720, 739, -1, 763, 739, 786, -1, 786, 739, 747, -1,
 786, 747, 798, -1, 798, 747, 761, -1, 798, 761, 802, -1,
 802, 761, 767, -1, 802, 767, 810, -1, 810, 767, 773, -1,
 810, 773, 816, -1, 816, 773, 781, -1, 816, 781, 824, -1,
 824, 781, 783, -1, 824, 783, 817, -1, 817, 783, 782, -1,
 817, 782, 811, -1, 811, 782, 774, -1, 811, 774, 803, -1,
 803, 774, 768, -1, 803, 768, 799, -1, 799, 768, 762, -1,
 799, 762, 787, -1, 787, 762, 748, -1, 787, 748, 764, -1,
 764, 748, 740, -1, 764, 740, 752, -1, 752, 740, 721, -1,
 752, 721, 733, -1, 733, 721, 701, -1, 733, 701, 705, -1,
 705, 701, 687, -1, 705, 687, 689, -1, 517, 515, 612, -1,
 756, 778, 791, -1, 791, 778, 793, -1, 791, 793, 819, -1,
 819, 793, 823, -1, 819, 823, 842, -1, 842, 823, 844, -1,
 842, 844, 855, -1, 583, 575, 609, -1, 609, 575, 607, -1,
 609, 607, 645, -1, 645, 607, 629, -1, 645, 629, 674, -1,
 674, 629, 655, -1, 674, 655, 698, -1, 698, 655, 688, -1,
 698, 688, 726, -1, 726, 688, 704, -1, 726, 704, 753, -1,
 753, 704, 732, -1, 753, 732, 771, -1, 771, 732, 751, -1,
 771, 751, 794, -1, 794, 751, 763, -1, 794, 763, 806, -1,
 806, 763, 786, -1, 806, 786, 827, -1, 827, 786, 798, -1,
 827, 798, 835, -1, 835, 798, 802, -1, 835, 802, 839, -1,
 839, 802, 810, -1, 839, 810, 847, -1, 847, 810, 816, -1,
 847, 816, 851, -1, 851, 816, 824, -1, 851, 824, 848, -1,
 848, 824, 817, -1, 848, 817, 840, -1, 840, 817, 811, -1,
 840, 811, 836, -1, 836, 811, 803, -1, 836, 803, 828, -1,
 828, 803, 799, -1, 828, 799, 807, -1, 807, 799, 787, -1,
 807, 787, 795, -1, 795, 787, 764, -1, 795, 764, 772, -1,
 772, 764, 752, -1, 772, 752, 754, -1, 754, 752, 733, -1,
 754, 733, 727, -1, 727, 733, 705, -1, 727, 705, 699, -1,
 699, 705, 689, -1, 699, 689, 675, -1, 715, 735, 756, -1,
 756, 735, 758, -1, 756, 758, 778, -1, 617, 609, 651, -1,
 651, 609, 645, -1, 651, 645, 692, -1, 692, 645, 674, -1,
 692, 674, 712, -1, 712, 674, 698, -1, 712, 698, 743, -1,
 743, 698, 726, -1, 743, 726, 769, -1, 769, 726, 753, -1,
 769, 753, 796, -1, 796, 753, 771, -1, 796, 771, 814, -1,
 814, 771, 794, -1, 814, 794, 831, -1, 831, 794, 806, -1,
 831, 806, 849, -1, 849, 806, 827, -1, 849, 827, 860, -1,
 860, 827, 835, -1, 860, 835, 868, -1, 868, 835, 839, -1,
 868, 839, 874, -1, 874, 839, 847, -1, 874, 847, 876, -1,
 876, 847, 851, -1, 876, 851, 875, -1, 875, 851, 848, -1,
 875, 848, 869, -1, 869, 848, 840, -1, 869, 840, 861, -1,
 861, 840, 836, -1, 861, 836, 850, -1, 850, 836, 828, -1,
 850, 828, 832, -1, 832, 828, 807, -1, 832, 807, 815, -1,
 815, 807, 795, -1, 815, 795, 797, -1, 797, 795, 772, -1,
 797, 772, 770, -1, 770, 772, 754, -1, 770, 754, 744, -1,
 744, 754, 727, -1, 744, 727, 713, -1, 713, 727, 699, -1,
 713, 699, 693, -1, 693, 699, 675, -1, 693, 675, 652, -1,
 511, 509, 588, -1, 659, 651, 694, -1, 694, 651, 692, -1,
 694, 692, 724, -1, 724, 692, 712, -1, 724, 712, 759, -1,
 759, 712, 743, -1, 759, 743, 788, -1, 788, 743, 769, -1,
 788, 769, 808, -1, 808, 769, 796, -1, 808, 796, 829, -1,
 829, 796, 814, -1, 829, 814, 852, -1, 852, 814, 831, -1,
 852, 831, 866, -1, 866, 831, 849, -1, 866, 849, 879, -1,
 879, 849, 860, -1, 879, 860, 889, -1, 889, 860, 868, -1,
 889, 868, 895, -1, 895, 868, 874, -1, 895, 874, 901, -1,
 901, 874, 876, -1, 901, 876, 896, -1, 896, 876, 875, -1,
 896, 875, 890, -1, 890, 875, 869, -1, 890, 869, 880, -1,
 880, 869, 861, -1, 880, 861, 867, -1, 867, 861, 850, -1,
 867, 850, 853, -1, 853, 850, 832, -1, 853, 832, 830, -1,
 830, 832, 815, -1, 830, 815, 809, -1, 809, 815, 797, -1,
 809, 797, 789, -1, 789, 797, 770, -1, 789, 770, 760, -1,
 760, 770, 744, -1, 760, 744, 725, -1, 725, 744, 713, -1,
 725, 713, 695, -1, 695, 713, 693, -1, 695, 693, 660, -1,
 660, 693, 652, -1, 660, 652, 622, -1, 640, 642, 681, -1,
 681, 642, 685, -1, 681, 685, 715, -1, 715, 685, 719, -1,
 715, 719, 735, -1, 702, 694, 741, -1, 741, 694, 724, -1,
 741, 724, 765, -1, 765, 724, 759, -1, 765, 759, 800, -1,
 800, 759, 788, -1, 800, 788, 825, -1, 825, 788, 808, -1,
 825, 808, 845, -1, 845, 808, 829, -1, 845, 829, 864, -1,
 864, 829, 852, -1, 864, 852, 881, -1, 881, 852, 866, -1,
 881, 866, 899, -1, 899, 866, 879, -1, 899, 879, 904, -1,
 904, 879, 889, -1, 904, 889, 914, -1, 914, 889, 895, -1,
 914, 895, 916, -1, 916, 895, 901, -1, 916, 901, 915, -1,
 915, 901, 896, -1, 915, 896, 905, -1, 905, 896, 890, -1,
 905, 890, 900, -1, 900, 890, 880, -1, 900, 880, 882, -1,
 882, 880, 867, -1, 882, 867, 865, -1, 865, 867, 853, -1,
 865, 853, 846, -1, 846, 853, 830, -1, 846, 830, 826, -1,
 826, 830, 809, -1, 826, 809, 801, -1, 801, 809, 789, -1,
 801, 789, 766, -1, 766, 789, 760, -1, 766, 760, 742, -1,
 742, 760, 725, -1, 742, 725, 703, -1, 703, 725, 695, -1,
 703, 695, 668, -1, 668, 695, 660, -1, 668, 660, 628, -1,
 628, 660, 622, -1, 628, 622, 594, -1, 505, 503, 570, -1,
 745, 741, 779, -1, 779, 741, 765, -1, 779, 765, 804, -1,
 804, 765, 800, -1, 804, 800, 833, -1, 833, 800, 825, -1,
 833, 825, 858, -1, 858, 825, 845, -1, 858, 845, 877, -1,
 877, 845, 864, -1, 877, 864, 897, -1, 897, 864, 881, -1,
 897, 881, 906, -1, 906, 881, 899, -1, 906, 899, 919, -1,
 919, 899, 904, -1, 919, 904, 923, -1, 923, 904, 914, -1,
 923, 914, 927, -1, 927, 914, 916, -1, 927, 916, 924, -1,
 924, 916, 915, -1, 924, 915, 920, -1, 920, 915, 905, -1,
 920, 905, 907, -1, 907, 905, 900, -1, 907, 900, 898, -1,
 898, 900, 882, -1, 898, 882, 878, -1, 878, 882, 865, -1,
 878, 865, 859, -1, 859, 865, 846, -1, 859, 846, 834, -1,
 834, 846, 826, -1, 834, 826, 805, -1, 805, 826, 801, -1,
 805, 801, 780, -1, 780, 801, 766, -1, 780, 766, 746, -1,
 746, 766, 742, -1, 746, 742, 709, -1, 709, 742, 703, -1,
 709, 703, 677, -1, 677, 703, 668, -1, 677, 668, 632, -1,
 632, 668, 628, -1, 632, 628, 596, -1, 596, 628, 594, -1,
 596, 594, 560, -1, 493, 566, 564, -1, 564, 566, 578, -1,
 564, 578, 600, -1, 600, 578, 604, -1, 600, 604, 640, -1,
 640, 604, 626, -1, 640, 626, 642, -1, 818, 812, 841, -1,
 841, 812, 837, -1, 841, 837, 870, -1, 870, 837, 862, -1,
 870, 862, 891, -1, 891, 862, 887, -1, 891, 887, 908, -1,
 908, 887, 902, -1, 908, 902, 921, -1, 921, 902, 917, -1,
 921, 917, 934, -1, 934, 917, 928, -1, 934, 928, 943, -1,
 943, 928, 936, -1, 943, 936, 949, -1, 949, 936, 940, -1,
 949, 940, 944, -1, 944, 940, 937, -1, 944, 937, 935, -1,
 935, 937, 929, -1, 935, 929, 922, -1, 922, 929, 918, -1,
 922, 918, 909, -1, 909, 918, 903, -1, 909, 903, 892, -1,
 892, 903, 888, -1, 892, 888, 871, -1, 871, 888, 863, -1,
 871, 863, 842, -1, 842, 863, 838, -1, 842, 838, 819, -1,
 819, 838, 813, -1, 819, 813, 791, -1, 791, 813, 785, -1,
 791, 785, 756, -1, 756, 785, 750, -1, 756, 750, 715, -1,
 715, 750, 711, -1, 715, 711, 681, -1, 681, 711, 679, -1,
 681, 679, 640, -1, 640, 679, 638, -1, 640, 638, 600, -1,
 600, 638, 598, -1, 600, 598, 564, -1, 564, 598, 562, -1,
 564, 562, 493, -1, 784, 779, 812, -1, 812, 779, 804, -1,
 812, 804, 837, -1, 837, 804, 833, -1, 837, 833, 862, -1,
 862, 833, 858, -1, 862, 858, 887, -1, 887, 858, 877, -1,
 887, 877, 902, -1, 902, 877, 897, -1, 902, 897, 917, -1,
 917, 897, 906, -1, 917, 906, 928, -1, 928, 906, 919, -1,
 928, 919, 936, -1, 936, 919, 923, -1, 936, 923, 940, -1,
 940, 923, 927, -1, 940, 927, 937, -1, 937, 927, 924, -1,
 937, 924, 929, -1, 929, 924, 920, -1, 929, 920, 918, -1,
 918, 920, 907, -1, 918, 907, 903, -1, 903, 907, 898, -1,
 903, 898, 888, -1, 888, 898, 878, -1, 888, 878, 863, -1,
 863, 878, 859, -1, 863, 859, 838, -1, 838, 859, 834, -1,
 838, 834, 813, -1, 813, 834, 805, -1, 813, 805, 785, -1,
 785, 805, 780, -1, 785, 780, 750, -1, 750, 780, 746, -1,
 750, 746, 711, -1, 711, 746, 709, -1, 711, 709, 679, -1,
 679, 709, 677, -1, 679, 677, 638, -1, 638, 677, 632, -1,
 638, 632, 598, -1, 598, 632, 596, -1, 598, 596, 562, -1,
 562, 596, 560, -1, 562, 560, 493, -1, 521, 519, 634, -1,
 634, 519, 620, -1, 634, 620, 672, -1, 672, 620, 654, -1,
 672, 654, 687, -1, 687, 654, 662, -1, 687, 662, 689, -1,
 689, 662, 656, -1, 689, 656, 675, -1, 675, 656, 646, -1,
 675, 646, 652, -1, 652, 646, 618, -1, 652, 618, 622, -1,
 622, 618, 590, -1, 622, 590, 594, -1, 594, 590, 558, -1,
 594, 558, 560, -1, 560, 558, 493, -1, 519, 517, 620, -1,
 620, 517, 612, -1, 620, 612, 654, -1, 654, 612, 636, -1,
 654, 636, 662, -1, 662, 636, 644, -1, 662, 644, 656, -1,
 656, 644, 630, -1, 656, 630, 646, -1, 646, 630, 610, -1,
 646, 610, 618, -1, 618, 610, 586, -1, 618, 586, 590, -1,
 590, 586, 556, -1, 590, 556, 558, -1, 558, 556, 493, -1,
 515, 513, 612, -1, 612, 513, 606, -1, 612, 606, 636, -1,
 636, 606, 616, -1, 636, 616, 644, -1, 644, 616, 614, -1,
 644, 614, 630, -1, 630, 614, 608, -1, 630, 608, 610, -1,
 610, 608, 584, -1, 610, 584, 586, -1, 586, 584, 554, -1,
 586, 554, 556, -1, 556, 554, 493, -1, 513, 511, 606, -1,
 606, 511, 588, -1, 606, 588, 616, -1, 616, 588, 602, -1,
 616, 602, 614, -1, 614, 602, 592, -1, 614, 592, 608, -1,
 608, 592, 576, -1, 608, 576, 584, -1, 584, 576, 552, -1,
 584, 552, 554, -1, 554, 552, 493, -1, 509, 507, 588, -1,
 588, 507, 580, -1, 588, 580, 602, -1, 602, 580, 582, -1,
 602, 582, 592, -1, 592, 582, 572, -1, 592, 572, 576, -1,
 576, 572, 548, -1, 576, 548, 552, -1, 552, 548, 493, -1,
 507, 505, 580, -1, 580, 505, 570, -1, 580, 570, 582, -1,
 582, 570, 568, -1, 582, 568, 572, -1, 572, 568, 546, -1,
 572, 546, 548, -1, 548, 546, 493, -1, 503, 501, 570, -1,
 570, 501, 550, -1, 570, 550, 568, -1, 568, 550, 544, -1,
 568, 544, 546, -1, 546, 544, 493, -1, 843, 822, 818, -1,
 818, 822, 790, -1, 818, 790, 784, -1, 784, 790, 749, -1,
 784, 749, 745, -1, 745, 749, 708, -1, 745, 708, 702, -1,
 702, 708, 667, -1, 702, 667, 659, -1, 659, 667, 621, -1,
 659, 621, 617, -1, 617, 621, 585, -1, 617, 585, 583, -1,
 583, 585, 551, -1, 583, 551, 547, -1, 547, 551, 493, -1,
 777, 757, 755, -1, 755, 757, 714, -1, 755, 714, 710, -1,
 710, 714, 678, -1, 710, 678, 676, -1, 676, 678, 631, -1,
 676, 631, 627, -1, 627, 631, 593, -1, 627, 593, 589, -1,
 589, 593, 555, -1, 589, 555, 553, -1, 553, 555, 493, -1,
 499, 497, 550, -1, 550, 497, 542, -1, 550, 542, 544, -1,
 544, 542, 493, -1, 950, 945, 947, -1, 932, 938, 945, -1,
 945, 938, 941, -1, 945, 941, 947, -1, 910, 925, 932, -1,
 932, 925, 930, -1, 932, 930, 938, -1, 885, 893, 910, -1,
 910, 893, 912, -1, 910, 912, 925, -1, 856, 872, 885, -1,
 885, 872, 883, -1, 885, 883, 893, -1, 820, 843, 856, -1,
 856, 843, 854, -1, 856, 854, 872, -1, 775, 792, 820, -1,
 820, 792, 822, -1, 820, 822, 843, -1, 730, 757, 775, -1,
 775, 757, 777, -1, 775, 777, 792, -1, 682, 718, 730, -1,
 730, 718, 734, -1, 730, 734, 757, -1, 623, 641, 682, -1,
 682, 641, 684, -1, 682, 684, 718, -1, 573, 603, 623, -1,
 623, 603, 625, -1, 623, 625, 641, -1, 492, 565, 573, -1,
 573, 565, 577, -1, 573, 577, 603, -1, 574, 566, 492, -1,
 492, 566, 493, -1, 492, 493, 565, -1, 624, 604, 574, -1,
 574, 604, 578, -1, 574, 578, 566, -1, 683, 642, 624, -1,
 624, 642, 626, -1, 624, 626, 604, -1, 731, 719, 683, -1,
 683, 719, 685, -1, 683, 685, 642, -1, 776, 758, 731, -1,
 731, 758, 735, -1, 731, 735, 719, -1, 821, 793, 776, -1,
 776, 793, 778, -1, 776, 778, 758, -1, 857, 844, 821, -1,
 821, 844, 823, -1, 821, 823, 793, -1, 886, 873, 857, -1,
 857, 873, 855, -1, 857, 855, 844, -1, 911, 894, 886, -1,
 886, 894, 884, -1, 886, 884, 873, -1, 933, 926, 911, -1,
 911, 926, 913, -1, 911, 913, 894, -1, 946, 939, 933, -1,
 933, 939, 931, -1, 933, 931, 926, -1, 947, 951, 950, -1,
 950, 951, 948, -1, 950, 948, 946, -1, 946, 948, 942, -1,
 946, 942, 939, -1, 30, 28, 24, -1, 30, 24, 26, -1,
 26, 24, 20, -1, 26, 20, 22, -1, 22, 20, 16, -1,
 22, 16, 18, -1, 18, 16, 12, -1, 18, 12, 14, -1,
 14, 12, 8, -1, 14, 8, 10, -1, 10, 8, 4, -1,
 10, 4, 6, -1, 6, 4, 0, -1, 6, 0, 2, -1,
 3, 1, 5, -1, 3, 5, 7, -1, 7, 5, 9, -1,
 7, 9, 11, -1, 11, 9, 13, -1, 11, 13, 15, -1,
 15, 13, 17, -1, 15, 17, 19, -1, 19, 17, 21, -1,
 19, 21, 23, -1, 23, 21, 25, -1, 23, 25, 27, -1,
 27, 25, 29, -1, 27, 29, 31, -1, 982, 980, 976, -1,
 982, 976, 978, -1, 978, 976, 972, -1, 978, 972, 974, -1,
 974, 972, 968, -1, 974, 968, 970, -1, 970, 968, 964, -1,
 970, 964, 966, -1, 966, 964, 960, -1, 966, 960, 962, -1,
 962, 960, 956, -1, 962, 956, 958, -1, 958, 956, 952, -1,
 958, 952, 954, -1, 955, 953, 957, -1, 955, 957, 959, -1,
 959, 957, 961, -1, 959, 961, 963, -1, 963, 961, 965, -1,
 963, 965, 967, -1, 967, 965, 969, -1, 967, 969, 971, -1,
 971, 969, 973, -1, 971, 973, 975, -1, 975, 973, 977, -1,
 975, 977, 979, -1, 979, 977, 981, -1, 979, 981, 983, -1
]
normalIndex [
 420, 420, 420, -1, 420, 420, 420, -1, 420, 420, 420, -1,
 420, 420, 420, -1, 420, 420, 420, -1, 420, 420, 420, -1,
 420, 420, 420, -1, 420, 420, 420, -1, 420, 420, 420, -1,
 420, 420, 420, -1, 420, 420, 420, -1, 420, 420, 420, -1,
 420, 420, 420, -1, 420, 420, 420, -1, 420, 420, 420, -1,
 420, 420, 420, -1, 420, 420, 420, -1, 420, 420, 420, -1,
 420, 420, 420, -1, 420, 420, 420, -1, 420, 420, 420, -1,
 420, 420, 420, -1, 420, 420, 420, -1, 420, 420, 420, -1,
 420, 420, 420, -1, 420, 420, 420, -1, 420, 420, 420, -1,
 420, 420, 420, -1, 420, 420, 420, -1, 420, 420, 420, -1,
 420, 420, 420, -1, 420, 420, 420, -1, 420, 420, 420, -1,
 420, 420, 420, -1, 420, 420, 420, -1, 420, 420, 420, -1,
 420, 420, 420, -1, 420, 420, 420, -1, 420, 420, 420, -1,
 420, 420, 420, -1, 420, 420, 420, -1, 420, 420, 420, -1,
 420, 420, 420, -1, 420, 420, 420, -1, 420, 420, 420, -1,
 420, 420, 420, -1, 420, 420, 420, -1, 420, 420, 420, -1,
 420, 420, 420, -1, 420, 420, 420, -1, 420, 420, 420, -1,
 420, 420, 420, -1, 420, 420, 420, -1, 420, 420, 420, -1,
 420, 420, 420, -1, 420, 420, 420, -1, 420, 420, 420, -1,
 420, 420, 420, -1, 420, 420, 420, -1, 420, 420, 420, -1,
 420, 420, 420, -1, 420, 420, 420, -1, 420, 420, 420, -1,
 420, 420, 420, -1, 420, 420, 420, -1, 420, 420, 420, -1,
 420, 420, 420, -1, 420, 420, 420, -1, 420, 420, 420, -1,
 420, 420, 420, -1, 420, 420, 420, -1, 420, 420, 420, -1,
 420, 420, 420, -1, 420, 420, 420, -1, 420, 420, 420, -1,
 420, 420, 420, -1, 420, 420, 420, -1, 420, 420, 420, -1,
 420, 420, 420, -1, 420, 420, 420, -1, 420, 420, 420, -1,
 420, 420, 420, -1, 793, 793, 793, -1, 793, 793, 793, -1,
 396, 396, 396, -1, 396, 396, 396, -1, 0, 0, 0, -1,
 0, 0, 0, -1, 397, 397, 397, -1, 397, 397, 397, -1,
 373, 373, 373, -1, 373, 373, 373, -1, 373, 373, 373, -1,
 373, 373, 373, -1, 373, 373, 373, -1, 373, 373, 373, -1,
 373, 373, 373, -1, 373, 373, 373, -1, 373, 373, 373, -1,
 373, 373, 373, -1, 373, 373, 373, -1, 373, 373, 373, -1,
 373, 373, 373, -1, 373, 373, 373, -1, 373, 373, 373, -1,
 373, 373, 373, -1, 373, 373, 373, -1, 373, 373, 373, -1,
 373, 373, 373, -1, 373, 373, 373, -1, 373, 373, 373, -1,
 373, 373, 373, -1, 373, 373, 373, -1, 373, 373, 373, -1,
 373, 373, 373, -1, 373, 373, 373, -1, 373, 373, 373, -1,
 373, 373, 373, -1, 373, 373, 373, -1, 373, 373, 373, -1,
 3, 14, 0, -1, 3, 11, 14, -1, 14, 11, 22, -1,
 14, 22, 40, -1, 22, 43, 40, -1, 40, 43, 53, -1,
 40, 53, 88, -1, 53, 88, 88, -1, 88, 88, 139, -1,
 88, 139, 162, -1, 139, 157, 162, -1, 162, 157, 198, -1,
 162, 198, 254, -1, 198, 257, 254, -1, 254, 257, 281, -1,
 254, 281, 396, -1, 281, 396, 396, -1, 396, 396, 511, -1,
 396, 511, 538, -1, 511, 535, 538, -1, 538, 535, 594, -1,
 538, 594, 630, -1, 594, 635, 630, -1, 630, 635, 653, -1,
 630, 653, 704, -1, 653, 704, 704, -1, 704, 704, 739, -1,
 704, 739, 752, -1, 739, 749, 752, -1, 752, 749, 770, -1,
 752, 770, 778, -1, 770, 781, 778, -1, 778, 781, 789, -1,
 778, 789, 793, -1, 789, 793, 793, -1, 793, 793, 790, -1,
 793, 790, 779, -1, 790, 782, 779, -1, 779, 782, 771, -1,
 779, 771, 753, -1, 771, 750, 753, -1, 753, 750, 740, -1,
 753, 740, 705, -1, 740, 705, 705, -1, 705, 705, 654, -1,
 705, 654, 631, -1, 654, 636, 631, -1, 631, 636, 595, -1,
 631, 595, 539, -1, 595, 536, 539, -1, 539, 536, 512, -1,
 539, 512, 397, -1, 512, 397, 397, -1, 397, 397, 282, -1,
 397, 282, 255, -1, 282, 258, 255, -1, 255, 258, 199, -1,
 255, 199, 163, -1, 199, 158, 163, -1, 163, 158, 140, -1,
 163, 140, 89, -1, 140, 89, 89, -1, 89, 89, 54, -1,
 89, 54, 41, -1, 54, 44, 41, -1, 41, 44, 23, -1,
 41, 23, 15, -1, 23, 12, 15, -1, 15, 12, 4, -1,
 15, 4, 0, -1, 0, 4, 0, -1, 0, 0, 3, -1,
 784, 790, 793, -1, 790, 784, 782, -1, 750, 771, 766, -1,
 396, 394, 421, -1, 615, 623, 667, -1, 777, 783, 773, -1,
 667, 623, 627, -1, 585, 593, 623, -1, 374, 465, 376, -1,
 376, 465, 461, -1, 585, 623, 569, -1, 569, 623, 615, -1,
 569, 615, 557, -1, 531, 537, 585, -1, 741, 727, 711, -1,
 453, 380, 461, -1, 461, 380, 378, -1, 461, 378, 376, -1,
 531, 585, 527, -1, 527, 585, 569, -1, 527, 569, 517, -1,
 517, 569, 557, -1, 517, 557, 495, -1, 465, 469, 531, -1,
 711, 687, 663, -1, 791, 789, 783, -1, 783, 789, 781, -1,
 783, 781, 765, -1, 765, 781, 770, -1, 765, 770, 735, -1,
 465, 531, 461, -1, 461, 531, 527, -1, 461, 527, 453, -1,
 453, 527, 517, -1, 453, 517, 441, -1, 441, 517, 495, -1,
 441, 495, 433, -1, 374, 373, 465, -1, 663, 628, 605, -1,
 770, 749, 735, -1, 735, 749, 739, -1, 735, 739, 699, -1,
 699, 739, 704, -1, 699, 704, 649, -1, 605, 565, 549, -1,
 390, 388, 433, -1, 433, 388, 386, -1, 433, 386, 441, -1,
 441, 386, 384, -1, 441, 384, 453, -1, 453, 384, 382, -1,
 453, 382, 380, -1, 549, 503, 479, -1, 704, 653, 649, -1,
 649, 653, 635, -1, 649, 635, 589, -1, 394, 392, 421, -1,
 421, 392, 425, -1, 421, 425, 449, -1, 449, 425, 475, -1,
 449, 475, 513, -1, 513, 475, 541, -1, 513, 541, 571, -1,
 571, 541, 601, -1, 571, 601, 637, -1, 637, 601, 659, -1,
 637, 659, 679, -1, 679, 659, 695, -1, 679, 695, 719, -1,
 719, 695, 703, -1, 479, 437, 429, -1, 429, 396, 396, -1,
 635, 594, 589, -1, 589, 594, 535, -1, 589, 535, 507, -1,
 507, 535, 511, -1, 507, 511, 396, -1, 396, 511, 396, -1,
 396, 396, 285, -1, 367, 400, 371, -1, 371, 400, 398, -1,
 371, 398, 396, -1, 396, 281, 285, -1, 285, 281, 257, -1,
 285, 257, 203, -1, 359, 404, 367, -1, 367, 404, 402, -1,
 367, 402, 400, -1, 257, 198, 203, -1, 203, 198, 157, -1,
 203, 157, 143, -1, 143, 157, 139, -1, 143, 139, 93, -1,
 93, 139, 88, -1, 93, 88, 57, -1, 331, 412, 339, -1,
 339, 412, 410, -1, 339, 410, 351, -1, 351, 410, 408, -1,
 351, 408, 359, -1, 359, 408, 406, -1, 359, 406, 404, -1,
 88, 53, 57, -1, 57, 53, 43, -1, 57, 43, 27, -1,
 327, 416, 331, -1, 331, 416, 414, -1, 331, 414, 412, -1,
 43, 22, 27, -1, 27, 22, 11, -1, 27, 11, 9, -1,
 9, 11, 3, -1, 9, 3, 2, -1, 2, 3, 0, -1,
 2, 0, 10, -1, 332, 417, 328, -1, 328, 417, 419, -1,
 328, 419, 324, -1, 324, 419, 420, -1, 324, 420, 327, -1,
 327, 420, 418, -1, 327, 418, 416, -1, 0, 4, 10, -1,
 10, 4, 12, -1, 10, 12, 28, -1, 340, 413, 332, -1,
 332, 413, 415, -1, 332, 415, 417, -1, 12, 23, 28, -1,
 28, 23, 44, -1, 28, 44, 58, -1, 58, 44, 54, -1,
 58, 54, 94, -1, 94, 54, 89, -1, 94, 89, 144, -1,
 368, 405, 360, -1, 360, 405, 407, -1, 360, 407, 352, -1,
 352, 407, 409, -1, 352, 409, 340, -1, 340, 409, 411, -1,
 340, 411, 413, -1, 773, 783, 755, -1, 755, 783, 765, -1,
 755, 765, 731, -1, 731, 765, 735, -1, 731, 735, 691, -1,
 691, 735, 699, -1, 691, 699, 645, -1, 645, 699, 649, -1,
 645, 649, 581, -1, 581, 649, 589, -1, 581, 589, 499, -1,
 499, 589, 507, -1, 499, 507, 396, -1, 396, 507, 396, -1,
 396, 396, 293, -1, 293, 396, 285, -1, 293, 285, 211, -1,
 211, 285, 203, -1, 211, 203, 147, -1, 147, 203, 143, -1,
 147, 143, 101, -1, 101, 143, 93, -1, 101, 93, 61, -1,
 61, 93, 57, -1, 61, 57, 37, -1, 37, 57, 27, -1,
 37, 27, 19, -1, 19, 27, 9, -1, 19, 9, 16, -1,
 16, 9, 2, -1, 16, 2, 20, -1, 20, 2, 10, -1,
 20, 10, 38, -1, 38, 10, 28, -1, 38, 28, 62, -1,
 62, 28, 58, -1, 62, 58, 102, -1, 102, 58, 94, -1,
 102, 94, 148, -1, 148, 94, 144, -1, 148, 144, 212, -1,
 212, 144, 204, -1, 212, 204, 294, -1, 761, 769, 773, -1,
 199, 204, 158, -1, 158, 204, 144, -1, 158, 144, 140, -1,
 140, 144, 89, -1, 372, 401, 368, -1, 368, 401, 403, -1,
 368, 403, 405, -1, 199, 258, 204, -1, 204, 258, 286, -1,
 204, 286, 294, -1, 294, 286, 397, -1, 761, 773, 745, -1,
 745, 773, 755, -1, 745, 755, 715, -1, 715, 755, 731, -1,
 715, 731, 681, -1, 681, 731, 691, -1, 681, 691, 641, -1,
 641, 691, 645, -1, 641, 645, 573, -1, 573, 645, 581, -1,
 573, 581, 491, -1, 491, 581, 499, -1, 491, 499, 396, -1,
 396, 499, 396, -1, 396, 396, 301, -1, 301, 396, 293, -1,
 301, 293, 219, -1, 219, 293, 211, -1, 219, 211, 151, -1,
 151, 211, 147, -1, 151, 147, 111, -1, 111, 147, 101, -1,
 111, 101, 77, -1, 77, 101, 61, -1, 77, 61, 47, -1,
 47, 61, 37, -1, 47, 37, 31, -1, 31, 37, 19, -1,
 31, 19, 24, -1, 24, 19, 16, -1, 24, 16, 32, -1,
 32, 16, 20, -1, 32, 20, 48, -1, 48, 20, 38, -1,
 48, 38, 78, -1, 78, 38, 62, -1, 78, 62, 112, -1,
 112, 62, 102, -1, 112, 102, 152, -1, 152, 102, 148, -1,
 152, 148, 220, -1, 220, 148, 212, -1, 220, 212, 302, -1,
 302, 212, 294, -1, 302, 294, 397, -1, 397, 294, 397, -1,
 397, 397, 492, -1, 741, 751, 761, -1, 741, 761, 727, -1,
 727, 761, 745, -1, 727, 745, 707, -1, 707, 745, 715, -1,
 707, 715, 673, -1, 673, 715, 681, -1, 673, 681, 619, -1,
 619, 681, 641, -1, 619, 641, 561, -1, 561, 641, 573, -1,
 561, 573, 487, -1, 487, 573, 491, -1, 487, 491, 396, -1,
 396, 491, 396, -1, 396, 396, 305, -1, 305, 396, 301, -1,
 305, 301, 231, -1, 231, 301, 219, -1, 231, 219, 173, -1,
 173, 219, 151, -1, 173, 151, 119, -1, 119, 151, 111, -1,
 119, 111, 85, -1, 85, 111, 77, -1, 85, 77, 65, -1,
 65, 77, 47, -1, 65, 47, 51, -1, 51, 47, 31, -1,
 51, 31, 42, -1, 42, 31, 24, -1, 42, 24, 52, -1,
 52, 24, 32, -1, 52, 32, 66, -1, 66, 32, 48, -1,
 66, 48, 86, -1, 86, 48, 78, -1, 86, 78, 120, -1,
 120, 78, 112, -1, 120, 112, 174, -1, 174, 112, 152, -1,
 174, 152, 232, -1, 232, 152, 220, -1, 232, 220, 306, -1,
 306, 220, 302, -1, 306, 302, 397, -1, 397, 302, 397, -1,
 397, 397, 488, -1, 488, 397, 492, -1, 488, 492, 562, -1,
 397, 512, 508, -1, 426, 393, 422, -1, 422, 393, 395, -1,
 422, 395, 397, -1, 397, 395, 397, -1, 397, 397, 372, -1,
 372, 397, 399, -1, 372, 399, 401, -1, 711, 727, 687, -1,
 687, 727, 707, -1, 687, 707, 655, -1, 655, 707, 673, -1,
 655, 673, 611, -1, 611, 673, 619, -1, 611, 619, 553, -1,
 553, 619, 561, -1, 553, 561, 483, -1, 483, 561, 487, -1,
 483, 487, 396, -1, 396, 487, 396, -1, 396, 396, 309, -1,
 309, 396, 305, -1, 309, 305, 239, -1, 239, 305, 231, -1,
 239, 231, 181, -1, 181, 231, 173, -1, 181, 173, 137, -1,
 137, 173, 119, -1, 137, 119, 105, -1, 105, 119, 85, -1,
 105, 85, 81, -1, 81, 85, 65, -1, 81, 65, 73, -1,
 73, 65, 51, -1, 73, 51, 68, -1, 68, 51, 42, -1,
 68, 42, 74, -1, 74, 42, 52, -1, 74, 52, 82, -1,
 82, 52, 66, -1, 82, 66, 106, -1, 106, 66, 86, -1,
 106, 86, 138, -1, 138, 86, 120, -1, 138, 120, 182, -1,
 182, 120, 174, -1, 182, 174, 240, -1, 240, 174, 232, -1,
 240, 232, 310, -1, 310, 232, 306, -1, 310, 306, 397, -1,
 397, 306, 397, -1, 397, 397, 484, -1, 484, 397, 488, -1,
 484, 488, 554, -1, 554, 488, 562, -1, 554, 562, 612, -1,
 434, 389, 426, -1, 426, 389, 391, -1, 426, 391, 393, -1,
 663, 687, 628, -1, 628, 687, 655, -1, 628, 655, 597, -1,
 597, 655, 611, -1, 597, 611, 543, -1, 543, 611, 553, -1,
 543, 553, 471, -1, 471, 553, 483, -1, 471, 483, 396, -1,
 396, 483, 396, -1, 396, 396, 321, -1, 321, 396, 309, -1,
 321, 309, 249, -1, 249, 309, 239, -1, 249, 239, 195, -1,
 195, 239, 181, -1, 195, 181, 164, -1, 164, 181, 137, -1,
 164, 137, 129, -1, 129, 137, 105, -1, 129, 105, 113, -1,
 113, 105, 81, -1, 113, 81, 97, -1, 97, 81, 73, -1,
 97, 73, 90, -1, 90, 73, 68, -1, 90, 68, 98, -1,
 98, 68, 74, -1, 98, 74, 114, -1, 114, 74, 82, -1,
 114, 82, 130, -1, 130, 82, 106, -1, 130, 106, 165, -1,
 165, 106, 138, -1, 165, 138, 196, -1, 196, 138, 182, -1,
 196, 182, 250, -1, 250, 182, 240, -1, 250, 240, 322, -1,
 322, 240, 310, -1, 322, 310, 397, -1, 397, 310, 397, -1,
 397, 397, 472, -1, 472, 397, 484, -1, 472, 484, 544, -1,
 544, 484, 554, -1, 544, 554, 598, -1, 598, 554, 612, -1,
 598, 612, 629, -1, 595, 636, 650, -1, 605, 628, 565, -1,
 565, 628, 597, -1, 565, 597, 523, -1, 523, 597, 543, -1,
 523, 543, 457, -1, 457, 543, 471, -1, 457, 471, 396, -1,
 396, 471, 396, -1, 396, 396, 335, -1, 335, 396, 321, -1,
 335, 321, 269, -1, 269, 321, 249, -1, 269, 249, 227, -1,
 227, 249, 195, -1, 227, 195, 187, -1, 187, 195, 164, -1,
 187, 164, 155, -1, 155, 164, 129, -1, 155, 129, 133, -1,
 133, 129, 113, -1, 133, 113, 125, -1, 125, 113, 97, -1,
 125, 97, 122, -1, 122, 97, 90, -1, 122, 90, 126, -1,
 126, 90, 98, -1, 126, 98, 134, -1, 134, 98, 114, -1,
 134, 114, 156, -1, 156, 114, 130, -1, 156, 130, 188, -1,
 188, 130, 165, -1, 188, 165, 228, -1, 228, 165, 196, -1,
 228, 196, 270, -1, 270, 196, 250, -1, 270, 250, 336, -1,
 336, 250, 322, -1, 336, 322, 397, -1, 397, 322, 397, -1,
 397, 397, 458, -1, 458, 397, 472, -1, 458, 472, 524, -1,
 524, 472, 544, -1, 524, 544, 566, -1, 566, 544, 598, -1,
 566, 598, 606, -1, 606, 598, 629, -1, 606, 629, 638, -1,
 454, 383, 442, -1, 442, 383, 385, -1, 442, 385, 434, -1,
 434, 385, 387, -1, 434, 387, 389, -1, 549, 565, 503, -1,
 503, 565, 523, -1, 503, 523, 445, -1, 445, 523, 457, -1,
 445, 457, 396, -1, 396, 457, 396, -1, 396, 396, 347, -1,
 347, 396, 335, -1, 347, 335, 289, -1, 289, 335, 269, -1,
 289, 269, 243, -1, 243, 269, 227, -1, 243, 227, 221, -1,
 221, 227, 187, -1, 221, 187, 191, -1, 191, 187, 155, -1,
 191, 155, 177, -1, 177, 155, 133, -1, 177, 133, 169, -1,
 169, 133, 125, -1, 169, 125, 166, -1, 166, 125, 122, -1,
 166, 122, 170, -1, 170, 122, 126, -1, 170, 126, 178, -1,
 178, 126, 134, -1, 178, 134, 192, -1, 192, 134, 156, -1,
 192, 156, 222, -1, 222, 156, 188, -1, 222, 188, 244, -1,
 244, 188, 228, -1, 244, 228, 290, -1, 290, 228, 270, -1,
 290, 270, 348, -1, 348, 270, 336, -1, 348, 336, 397, -1,
 397, 336, 397, -1, 397, 397, 446, -1, 446, 397, 458, -1,
 446, 458, 504, -1, 504, 458, 524, -1, 504, 524, 550, -1,
 550, 524, 566, -1, 550, 566, 572, -1, 572, 566, 606, -1,
 572, 606, 602, -1, 602, 606, 638, -1, 602, 638, 616, -1,
 705, 740, 736, -1, 479, 503, 437, -1, 437, 503, 445, -1,
 437, 445, 396, -1, 396, 445, 396, -1, 396, 396, 355, -1,
 355, 396, 347, -1, 355, 347, 313, -1, 313, 347, 289, -1,
 313, 289, 279, -1, 279, 289, 243, -1, 279, 243, 251, -1,
 251, 243, 221, -1, 251, 221, 235, -1, 235, 221, 191, -1,
 235, 191, 223, -1, 223, 191, 177, -1, 223, 177, 207, -1,
 207, 177, 169, -1, 207, 169, 200, -1, 200, 169, 166, -1,
 200, 166, 208, -1, 208, 166, 170, -1, 208, 170, 224, -1,
 224, 170, 178, -1, 224, 178, 236, -1, 236, 178, 192, -1,
 236, 192, 252, -1, 252, 192, 222, -1, 252, 222, 280, -1,
 280, 222, 244, -1, 280, 244, 314, -1, 314, 244, 290, -1,
 314, 290, 356, -1, 356, 290, 348, -1, 356, 348, 397, -1,
 397, 348, 397, -1, 397, 397, 438, -1, 438, 397, 446, -1,
 438, 446, 480, -1, 480, 446, 504, -1, 480, 504, 514, -1,
 514, 504, 550, -1, 514, 550, 542, -1, 542, 550, 572, -1,
 542, 572, 558, -1, 558, 572, 602, -1, 558, 602, 570, -1,
 570, 602, 616, -1, 570, 616, 586, -1, 469, 375, 466, -1,
 466, 375, 377, -1, 466, 377, 462, -1, 462, 377, 379, -1,
 462, 379, 454, -1, 454, 379, 381, -1, 454, 381, 383, -1,
 396, 396, 371, -1, 371, 396, 363, -1, 371, 363, 367, -1,
 367, 363, 343, -1, 367, 343, 359, -1, 359, 343, 317, -1,
 359, 317, 351, -1, 351, 317, 297, -1, 351, 297, 339, -1,
 339, 297, 275, -1, 339, 275, 331, -1, 331, 275, 265, -1,
 331, 265, 327, -1, 327, 265, 261, -1, 327, 261, 324, -1,
 324, 261, 256, -1, 324, 256, 328, -1, 328, 256, 262, -1,
 328, 262, 332, -1, 332, 262, 266, -1, 332, 266, 340, -1,
 340, 266, 276, -1, 340, 276, 352, -1, 352, 276, 298, -1,
 352, 298, 360, -1, 360, 298, 318, -1, 360, 318, 368, -1,
 368, 318, 344, -1, 368, 344, 372, -1, 372, 344, 364, -1,
 372, 364, 397, -1, 397, 364, 397, -1, 397, 397, 422, -1,
 422, 397, 430, -1, 422, 430, 426, -1, 426, 430, 450, -1,
 426, 450, 434, -1, 434, 450, 476, -1, 434, 476, 442, -1,
 442, 476, 496, -1, 442, 496, 454, -1, 454, 496, 518, -1,
 454, 518, 462, -1, 462, 518, 528, -1, 462, 528, 466, -1,
 466, 528, 532, -1, 466, 532, 537, -1, 429, 437, 396, -1,
 396, 437, 396, -1, 396, 396, 363, -1, 363, 396, 355, -1,
 363, 355, 343, -1, 343, 355, 313, -1, 343, 313, 317, -1,
 317, 313, 279, -1, 317, 279, 297, -1, 297, 279, 251, -1,
 297, 251, 275, -1, 275, 251, 235, -1, 275, 235, 265, -1,
 265, 235, 223, -1, 265, 223, 261, -1, 261, 223, 207, -1,
 261, 207, 256, -1, 256, 207, 200, -1, 256, 200, 262, -1,
 262, 200, 208, -1, 262, 208, 266, -1, 266, 208, 224, -1,
 266, 224, 276, -1, 276, 224, 236, -1, 276, 236, 298, -1,
 298, 236, 252, -1, 298, 252, 318, -1, 318, 252, 280, -1,
 318, 280, 344, -1, 344, 280, 314, -1, 344, 314, 364, -1,
 364, 314, 356, -1, 364, 356, 397, -1, 397, 356, 397, -1,
 397, 397, 430, -1, 430, 397, 438, -1, 430, 438, 450, -1,
 450, 438, 480, -1, 450, 480, 476, -1, 476, 480, 514, -1,
 476, 514, 496, -1, 496, 514, 542, -1, 496, 542, 518, -1,
 518, 542, 558, -1, 518, 558, 528, -1, 528, 558, 570, -1,
 528, 570, 532, -1, 532, 570, 586, -1, 532, 586, 593, -1,
 258, 282, 286, -1, 286, 282, 397, -1, 286, 397, 397, -1,
 397, 397, 500, -1, 397, 500, 492, -1, 492, 500, 574, -1,
 492, 574, 562, -1, 562, 574, 620, -1, 562, 620, 612, -1,
 612, 620, 656, -1, 612, 656, 629, -1, 629, 656, 664, -1,
 629, 664, 638, -1, 638, 664, 660, -1, 638, 660, 616, -1,
 616, 660, 624, -1, 616, 624, 586, -1, 586, 624, 627, -1,
 282, 397, 397, -1, 397, 397, 508, -1, 397, 508, 500, -1,
 500, 508, 582, -1, 500, 582, 574, -1, 574, 582, 642, -1,
 574, 642, 620, -1, 620, 642, 674, -1, 620, 674, 656, -1,
 656, 674, 688, -1, 656, 688, 664, -1, 664, 688, 680, -1,
 664, 680, 660, -1, 660, 680, 668, -1, 660, 668, 624, -1,
 624, 668, 671, -1, 512, 536, 508, -1, 508, 536, 590, -1,
 508, 590, 582, -1, 582, 590, 646, -1, 582, 646, 642, -1,
 642, 646, 682, -1, 642, 682, 674, -1, 674, 682, 708, -1,
 674, 708, 688, -1, 688, 708, 712, -1, 688, 712, 680, -1,
 680, 712, 696, -1, 680, 696, 668, -1, 668, 696, 703, -1,
 536, 595, 590, -1, 590, 595, 650, -1, 590, 650, 646, -1,
 646, 650, 692, -1, 646, 692, 682, -1, 682, 692, 716, -1,
 682, 716, 708, -1, 708, 716, 728, -1, 708, 728, 712, -1,
 712, 728, 720, -1, 712, 720, 696, -1, 696, 720, 725, -1,
 636, 654, 650, -1, 650, 654, 700, -1, 650, 700, 692, -1,
 692, 700, 732, -1, 692, 732, 716, -1, 716, 732, 746, -1,
 716, 746, 728, -1, 728, 746, 742, -1, 728, 742, 720, -1,
 720, 742, 751, -1, 654, 705, 700, -1, 700, 705, 736, -1,
 700, 736, 732, -1, 732, 736, 756, -1, 732, 756, 746, -1,
 746, 756, 762, -1, 746, 762, 742, -1, 742, 762, 769, -1,
 740, 750, 736, -1, 736, 750, 766, -1, 736, 766, 756, -1,
 756, 766, 774, -1, 756, 774, 762, -1, 762, 774, 777, -1,
 398, 396, 396, -1, 396, 396, 421, -1, 396, 421, 429, -1,
 429, 421, 449, -1, 429, 449, 479, -1, 479, 449, 513, -1,
 479, 513, 549, -1, 549, 513, 571, -1, 549, 571, 605, -1,
 605, 571, 637, -1, 605, 637, 663, -1, 663, 637, 679, -1,
 663, 679, 711, -1, 711, 679, 719, -1, 711, 719, 741, -1,
 741, 719, 725, -1, 392, 390, 425, -1, 425, 390, 433, -1,
 425, 433, 475, -1, 475, 433, 495, -1, 475, 495, 541, -1,
 541, 495, 557, -1, 541, 557, 601, -1, 601, 557, 615, -1,
 601, 615, 659, -1, 659, 615, 667, -1, 659, 667, 695, -1,
 695, 667, 671, -1, 771, 782, 766, -1, 766, 782, 784, -1,
 766, 784, 774, -1, 774, 784, 791, -1, 398, 398, 396, -1,
 396, 398, 396, -1, 396, 396, 394, -1, 394, 396, 394, -1,
 394, 394, 392, -1, 392, 394, 392, -1, 392, 392, 390, -1,
 390, 392, 390, -1, 390, 390, 388, -1, 388, 390, 388, -1,
 388, 388, 386, -1, 386, 388, 386, -1, 386, 386, 384, -1,
 384, 386, 384, -1, 384, 384, 382, -1, 382, 384, 382, -1,
 382, 382, 380, -1, 380, 382, 380, -1, 380, 380, 378, -1,
 378, 380, 378, -1, 378, 378, 376, -1, 376, 378, 376, -1,
 376, 376, 374, -1, 374, 376, 374, -1, 374, 374, 373, -1,
 373, 374, 373, -1, 373, 373, 375, -1, 375, 373, 375, -1,
 375, 375, 377, -1, 377, 375, 377, -1, 377, 377, 379, -1,
 379, 377, 379, -1, 379, 379, 381, -1, 381, 379, 381, -1,
 381, 381, 383, -1, 383, 381, 383, -1, 383, 383, 385, -1,
 385, 383, 385, -1, 385, 385, 387, -1, 387, 385, 387, -1,
 387, 387, 389, -1, 389, 387, 389, -1, 389, 389, 391, -1,
 391, 389, 391, -1, 391, 391, 393, -1, 393, 391, 393, -1,
 393, 393, 395, -1, 395, 393, 395, -1, 395, 395, 397, -1,
 397, 395, 397, -1, 397, 397, 399, -1, 399, 397, 399, -1,
 399, 399, 401, -1, 401, 399, 401, -1, 401, 401, 403, -1,
 403, 401, 403, -1, 403, 403, 405, -1, 405, 403, 405, -1,
 405, 405, 407, -1, 407, 405, 407, -1, 407, 407, 409, -1,
 409, 407, 409, -1, 409, 409, 411, -1, 411, 409, 411, -1,
 411, 411, 413, -1, 413, 411, 413, -1, 413, 413, 415, -1,
 415, 413, 415, -1, 415, 415, 417, -1, 417, 415, 417, -1,
 417, 417, 419, -1, 419, 417, 419, -1, 419, 419, 420, -1,
 420, 419, 420, -1, 420, 420, 418, -1, 418, 420, 418, -1,
 418, 418, 416, -1, 416, 418, 416, -1, 416, 416, 414, -1,
 414, 416, 414, -1, 414, 414, 412, -1, 412, 414, 412, -1,
 412, 412, 410, -1, 410, 412, 410, -1, 410, 410, 408, -1,
 408, 410, 408, -1, 408, 408, 406, -1, 406, 408, 406, -1,
 406, 406, 404, -1, 404, 406, 404, -1, 404, 404, 402, -1,
 402, 404, 402, -1, 402, 402, 400, -1, 400, 402, 400, -1,
 400, 400, 398, -1, 398, 400, 398, -1, 326, 375, 373, -1,
 375, 326, 377, -1, 381, 379, 330, -1, 396, 281, 283, -1,
 63, 49, 71, -1, 253, 325, 259, -1, 71, 49, 39, -1,
 29, 21, 49, -1, 3, 7, 11, -1, 11, 7, 25, -1,
 29, 49, 45, -1, 45, 49, 63, -1, 45, 63, 75, -1,
 17, 13, 29, -1, 167, 175, 131, -1, 55, 43, 25, -1,
 25, 43, 22, -1, 25, 22, 11, -1, 17, 29, 35, -1,
 35, 29, 45, -1, 35, 45, 59, -1, 59, 45, 75, -1,
 59, 75, 99, -1, 7, 1, 17, -1, 131, 153, 127, -1,
 323, 374, 325, -1, 325, 374, 376, -1, 325, 376, 329, -1,
 329, 376, 378, -1, 329, 378, 337, -1, 7, 17, 25, -1,
 25, 17, 35, -1, 25, 35, 55, -1, 55, 35, 59, -1,
 55, 59, 91, -1, 91, 59, 99, -1, 91, 99, 141, -1,
 3, 0, 7, -1, 127, 160, 135, -1, 378, 380, 337, -1,
 337, 380, 382, -1, 337, 382, 349, -1, 349, 382, 384, -1,
 349, 384, 357, -1, 135, 179, 171, -1, 198, 157, 141, -1,
 141, 157, 139, -1, 141, 139, 91, -1, 91, 139, 88, -1,
 91, 88, 55, -1, 55, 88, 53, -1, 55, 53, 43, -1,
 171, 229, 217, -1, 384, 386, 357, -1, 357, 386, 388, -1,
 357, 388, 365, -1, 281, 257, 283, -1, 283, 257, 201, -1,
 283, 201, 209, -1, 209, 201, 145, -1, 209, 145, 149, -1,
 149, 145, 109, -1, 149, 109, 117, -1, 117, 109, 83, -1,
 117, 83, 103, -1, 103, 83, 79, -1, 103, 79, 107, -1,
 107, 79, 95, -1, 107, 95, 123, -1, 123, 95, 87, -1,
 217, 299, 291, -1, 291, 396, 396, -1, 388, 390, 365, -1,
 365, 390, 392, -1, 365, 392, 369, -1, 369, 392, 394, -1,
 369, 394, 396, -1, 396, 394, 396, -1, 396, 396, 423, -1,
 591, 535, 509, -1, 509, 535, 511, -1, 509, 511, 396, -1,
 396, 398, 423, -1, 423, 398, 400, -1, 423, 400, 427, -1,
 651, 635, 591, -1, 591, 635, 594, -1, 591, 594, 535, -1,
 400, 402, 427, -1, 427, 402, 404, -1, 427, 404, 435, -1,
 435, 404, 406, -1, 435, 406, 443, -1, 443, 406, 408, -1,
 443, 408, 455, -1, 767, 749, 737, -1, 737, 749, 739, -1,
 737, 739, 701, -1, 701, 739, 704, -1, 701, 704, 651, -1,
 651, 704, 653, -1, 651, 653, 635, -1, 408, 410, 455, -1,
 455, 410, 412, -1, 455, 412, 463, -1, 785, 781, 767, -1,
 767, 781, 770, -1, 767, 770, 749, -1, 412, 414, 463, -1,
 463, 414, 416, -1, 463, 416, 467, -1, 467, 416, 418, -1,
 467, 418, 470, -1, 470, 418, 420, -1, 470, 420, 468, -1,
 768, 782, 786, -1, 786, 782, 790, -1, 786, 790, 792, -1,
 792, 790, 793, -1, 792, 793, 785, -1, 785, 793, 789, -1,
 785, 789, 781, -1, 420, 419, 468, -1, 468, 419, 417, -1,
 468, 417, 464, -1, 738, 750, 768, -1, 768, 750, 771, -1,
 768, 771, 782, -1, 417, 415, 464, -1, 464, 415, 413, -1,
 464, 413, 456, -1, 456, 413, 411, -1, 456, 411, 444, -1,
 444, 411, 409, -1, 444, 409, 436, -1, 592, 636, 652, -1,
 652, 636, 654, -1, 652, 654, 702, -1, 702, 654, 705, -1,
 702, 705, 738, -1, 738, 705, 740, -1, 738, 740, 750, -1,
 259, 325, 263, -1, 263, 325, 329, -1, 263, 329, 273, -1,
 273, 329, 337, -1, 273, 337, 295, -1, 295, 337, 349, -1,
 295, 349, 315, -1, 315, 349, 357, -1, 315, 357, 341, -1,
 341, 357, 365, -1, 341, 365, 361, -1, 361, 365, 369, -1,
 361, 369, 396, -1, 396, 369, 396, -1, 396, 396, 431, -1,
 431, 396, 423, -1, 431, 423, 451, -1, 451, 423, 427, -1,
 451, 427, 477, -1, 477, 427, 435, -1, 477, 435, 497, -1,
 497, 435, 443, -1, 497, 443, 519, -1, 519, 443, 455, -1,
 519, 455, 529, -1, 529, 455, 463, -1, 529, 463, 533, -1,
 533, 463, 467, -1, 533, 467, 540, -1, 540, 467, 470, -1,
 540, 470, 534, -1, 534, 470, 468, -1, 534, 468, 530, -1,
 530, 468, 464, -1, 530, 464, 520, -1, 520, 464, 456, -1,
 520, 456, 498, -1, 498, 456, 444, -1, 498, 444, 478, -1,
 478, 444, 436, -1, 478, 436, 452, -1, 452, 436, 428, -1,
 452, 428, 432, -1, 205, 197, 259, -1, 403, 428, 405, -1,
 405, 428, 436, -1, 405, 436, 407, -1, 407, 436, 409, -1,
 510, 536, 592, -1, 592, 536, 595, -1, 592, 595, 636, -1,
 403, 401, 428, -1, 428, 401, 424, -1, 428, 424, 432, -1,
 432, 424, 397, -1, 205, 259, 213, -1, 213, 259, 263, -1,
 213, 263, 233, -1, 233, 263, 273, -1, 233, 273, 245, -1,
 245, 273, 295, -1, 245, 295, 277, -1, 277, 295, 315, -1,
 277, 315, 311, -1, 311, 315, 341, -1, 311, 341, 353, -1,
 353, 341, 361, -1, 353, 361, 396, -1, 396, 361, 396, -1,
 396, 396, 439, -1, 439, 396, 431, -1, 439, 431, 481, -1,
 481, 431, 451, -1, 481, 451, 515, -1, 515, 451, 477, -1,
 515, 477, 547, -1, 547, 477, 497, -1, 547, 497, 559, -1,
 559, 497, 519, -1, 559, 519, 579, -1, 579, 519, 529, -1,
 579, 529, 587, -1, 587, 529, 533, -1, 587, 533, 596, -1,
 596, 533, 540, -1, 596, 540, 588, -1, 588, 540, 534, -1,
 588, 534, 580, -1, 580, 534, 530, -1, 580, 530, 560, -1,
 560, 530, 520, -1, 560, 520, 548, -1, 548, 520, 498, -1,
 548, 498, 516, -1, 516, 498, 478, -1, 516, 478, 482, -1,
 482, 478, 452, -1, 482, 452, 440, -1, 440, 452, 432, -1,
 440, 432, 397, -1, 397, 432, 397, -1, 397, 397, 354, -1,
 167, 159, 205, -1, 167, 205, 175, -1, 175, 205, 213, -1,
 175, 213, 189, -1, 189, 213, 233, -1, 189, 233, 215, -1,
 215, 233, 245, -1, 215, 245, 241, -1, 241, 245, 277, -1,
 241, 277, 287, -1, 287, 277, 311, -1, 287, 311, 345, -1,
 345, 311, 353, -1, 345, 353, 396, -1, 396, 353, 396, -1,
 396, 396, 447, -1, 447, 396, 439, -1, 447, 439, 505, -1,
 505, 439, 481, -1, 505, 481, 551, -1, 551, 481, 515, -1,
 551, 515, 577, -1, 577, 515, 547, -1, 577, 547, 603, -1,
 603, 547, 559, -1, 603, 559, 617, -1, 617, 559, 579, -1,
 617, 579, 625, -1, 625, 579, 587, -1, 625, 587, 634, -1,
 634, 587, 596, -1, 634, 596, 626, -1, 626, 596, 588, -1,
 626, 588, 618, -1, 618, 588, 580, -1, 618, 580, 604, -1,
 604, 580, 560, -1, 604, 560, 578, -1, 578, 560, 548, -1,
 578, 548, 552, -1, 552, 548, 516, -1, 552, 516, 506, -1,
 506, 516, 482, -1, 506, 482, 448, -1, 448, 482, 440, -1,
 448, 440, 397, -1, 397, 440, 397, -1, 397, 397, 346, -1,
 346, 397, 354, -1, 346, 354, 288, -1, 397, 395, 370, -1,
 202, 258, 284, -1, 284, 258, 282, -1, 284, 282, 397, -1,
 397, 282, 397, -1, 397, 397, 510, -1, 510, 397, 512, -1,
 510, 512, 536, -1, 131, 175, 153, -1, 153, 175, 189, -1,
 153, 189, 185, -1, 185, 189, 215, -1, 185, 215, 225, -1,
 225, 215, 241, -1, 225, 241, 267, -1, 267, 241, 287, -1,
 267, 287, 333, -1, 333, 287, 345, -1, 333, 345, 396, -1,
 396, 345, 396, -1, 396, 396, 459, -1, 459, 396, 447, -1,
 459, 447, 525, -1, 525, 447, 505, -1, 525, 505, 567, -1,
 567, 505, 551, -1, 567, 551, 607, -1, 607, 551, 577, -1,
 607, 577, 639, -1, 639, 577, 603, -1, 639, 603, 661, -1,
 661, 603, 617, -1, 661, 617, 669, -1, 669, 617, 625, -1,
 669, 625, 672, -1, 672, 625, 634, -1, 672, 634, 670, -1,
 670, 634, 626, -1, 670, 626, 662, -1, 662, 626, 618, -1,
 662, 618, 640, -1, 640, 618, 604, -1, 640, 604, 608, -1,
 608, 604, 578, -1, 608, 578, 568, -1, 568, 578, 552, -1,
 568, 552, 526, -1, 526, 552, 506, -1, 526, 506, 460, -1,
 460, 506, 448, -1, 460, 448, 397, -1, 397, 448, 397, -1,
 397, 397, 334, -1, 334, 397, 346, -1, 334, 346, 268, -1,
 268, 346, 288, -1, 268, 288, 226, -1, 142, 158, 202, -1,
 202, 158, 199, -1, 202, 199, 258, -1, 127, 153, 160, -1,
 160, 153, 185, -1, 160, 185, 193, -1, 193, 185, 225, -1,
 193, 225, 247, -1, 247, 225, 267, -1, 247, 267, 319, -1,
 319, 267, 333, -1, 319, 333, 396, -1, 396, 333, 396, -1,
 396, 396, 473, -1, 473, 396, 459, -1, 473, 459, 545, -1,
 545, 459, 525, -1, 545, 525, 599, -1, 599, 525, 567, -1,
 599, 567, 632, -1, 632, 567, 607, -1, 632, 607, 665, -1,
 665, 607, 639, -1, 665, 639, 685, -1, 685, 639, 661, -1,
 685, 661, 697, -1, 697, 661, 669, -1, 697, 669, 706, -1,
 706, 669, 672, -1, 706, 672, 698, -1, 698, 672, 670, -1,
 698, 670, 686, -1, 686, 670, 662, -1, 686, 662, 666, -1,
 666, 662, 640, -1, 666, 640, 633, -1, 633, 640, 608, -1,
 633, 608, 600, -1, 600, 608, 568, -1, 600, 568, 546, -1,
 546, 568, 526, -1, 546, 526, 474, -1, 474, 526, 460, -1,
 474, 460, 397, -1, 397, 460, 397, -1, 397, 397, 320, -1,
 320, 397, 334, -1, 320, 334, 248, -1, 248, 334, 268, -1,
 248, 268, 194, -1, 194, 268, 226, -1, 194, 226, 161, -1,
 391, 389, 358, -1, 135, 160, 179, -1, 179, 160, 193, -1,
 179, 193, 237, -1, 237, 193, 247, -1, 237, 247, 307, -1,
 307, 247, 319, -1, 307, 319, 396, -1, 396, 319, 396, -1,
 396, 396, 485, -1, 485, 396, 473, -1, 485, 473, 555, -1,
 555, 473, 545, -1, 555, 545, 613, -1, 613, 545, 599, -1,
 613, 599, 657, -1, 657, 599, 632, -1, 657, 632, 689, -1,
 689, 632, 665, -1, 689, 665, 713, -1, 713, 665, 685, -1,
 713, 685, 721, -1, 721, 685, 697, -1, 721, 697, 726, -1,
 726, 697, 706, -1, 726, 706, 722, -1, 722, 706, 698, -1,
 722, 698, 714, -1, 714, 698, 686, -1, 714, 686, 690, -1,
 690, 686, 666, -1, 690, 666, 658, -1, 658, 666, 633, -1,
 658, 633, 614, -1, 614, 633, 600, -1, 614, 600, 556, -1,
 556, 600, 546, -1, 556, 546, 486, -1, 486, 546, 474, -1,
 486, 474, 397, -1, 397, 474, 397, -1, 397, 397, 308, -1,
 308, 397, 320, -1, 308, 320, 238, -1, 238, 320, 248, -1,
 238, 248, 180, -1, 180, 248, 194, -1, 180, 194, 136, -1,
 136, 194, 161, -1, 136, 161, 104, -1, 56, 54, 92, -1,
 92, 54, 89, -1, 92, 89, 142, -1, 142, 89, 140, -1,
 142, 140, 158, -1, 171, 179, 229, -1, 229, 179, 237, -1,
 229, 237, 303, -1, 303, 237, 307, -1, 303, 307, 396, -1,
 396, 307, 396, -1, 396, 396, 489, -1, 489, 396, 485, -1,
 489, 485, 563, -1, 563, 485, 555, -1, 563, 555, 621, -1,
 621, 555, 613, -1, 621, 613, 675, -1, 675, 613, 657, -1,
 675, 657, 709, -1, 709, 657, 689, -1, 709, 689, 729, -1,
 729, 689, 713, -1, 729, 713, 743, -1, 743, 713, 721, -1,
 743, 721, 754, -1, 754, 721, 726, -1, 754, 726, 744, -1,
 744, 726, 722, -1, 744, 722, 730, -1, 730, 722, 714, -1,
 730, 714, 710, -1, 710, 714, 690, -1, 710, 690, 676, -1,
 676, 690, 658, -1, 676, 658, 622, -1, 622, 658, 614, -1,
 622, 614, 564, -1, 564, 614, 556, -1, 564, 556, 490, -1,
 490, 556, 486, -1, 490, 486, 397, -1, 397, 486, 397, -1,
 397, 397, 304, -1, 304, 397, 308, -1, 304, 308, 230, -1,
 230, 308, 238, -1, 230, 238, 172, -1, 172, 238, 180, -1,
 172, 180, 118, -1, 118, 180, 136, -1, 118, 136, 84, -1,
 84, 136, 104, -1, 84, 104, 64, -1, 385, 383, 338, -1,
 217, 229, 299, -1, 299, 229, 303, -1, 299, 303, 396, -1,
 396, 303, 396, -1, 396, 396, 493, -1, 493, 396, 489, -1,
 493, 489, 575, -1, 575, 489, 563, -1, 575, 563, 643, -1,
 643, 563, 621, -1, 643, 621, 683, -1, 683, 621, 675, -1,
 683, 675, 717, -1, 717, 675, 709, -1, 717, 709, 747, -1,
 747, 709, 729, -1, 747, 729, 763, -1, 763, 729, 743, -1,
 763, 743, 772, -1, 772, 743, 754, -1, 772, 754, 764, -1,
 764, 754, 744, -1, 764, 744, 748, -1, 748, 744, 730, -1,
 748, 730, 718, -1, 718, 730, 710, -1, 718, 710, 684, -1,
 684, 710, 676, -1, 684, 676, 644, -1, 644, 676, 622, -1,
 644, 622, 576, -1, 576, 622, 564, -1, 576, 564, 494, -1,
 494, 564, 490, -1, 494, 490, 397, -1, 397, 490, 397, -1,
 397, 397, 300, -1, 300, 397, 304, -1, 300, 304, 218, -1,
 218, 304, 230, -1, 218, 230, 150, -1, 150, 230, 172, -1,
 150, 172, 110, -1, 110, 172, 118, -1, 110, 118, 76, -1,
 76, 118, 84, -1, 76, 84, 46, -1, 46, 84, 64, -1,
 46, 64, 30, -1, 1, 4, 8, -1, 8, 4, 12, -1,
 8, 12, 26, -1, 26, 12, 23, -1, 26, 23, 56, -1,
 56, 23, 44, -1, 56, 44, 54, -1, 396, 396, 509, -1,
 509, 396, 501, -1, 509, 501, 591, -1, 591, 501, 583, -1,
 591, 583, 651, -1, 651, 583, 647, -1, 651, 647, 701, -1,
 701, 647, 693, -1, 701, 693, 737, -1, 737, 693, 733, -1,
 737, 733, 767, -1, 767, 733, 757, -1, 767, 757, 785, -1,
 785, 757, 775, -1, 785, 775, 792, -1, 792, 775, 780, -1,
 792, 780, 786, -1, 786, 780, 776, -1, 786, 776, 768, -1,
 768, 776, 758, -1, 768, 758, 738, -1, 738, 758, 734, -1,
 738, 734, 702, -1, 702, 734, 694, -1, 702, 694, 652, -1,
 652, 694, 648, -1, 652, 648, 592, -1, 592, 648, 584, -1,
 592, 584, 510, -1, 510, 584, 502, -1, 510, 502, 397, -1,
 397, 502, 397, -1, 397, 397, 284, -1, 284, 397, 292, -1,
 284, 292, 202, -1, 202, 292, 210, -1, 202, 210, 142, -1,
 142, 210, 146, -1, 142, 146, 92, -1, 92, 146, 100, -1,
 92, 100, 56, -1, 56, 100, 60, -1, 56, 60, 26, -1,
 26, 60, 36, -1, 26, 36, 8, -1, 8, 36, 18, -1,
 8, 18, 13, -1, 291, 299, 396, -1, 396, 299, 396, -1,
 396, 396, 501, -1, 501, 396, 493, -1, 501, 493, 583, -1,
 583, 493, 575, -1, 583, 575, 647, -1, 647, 575, 643, -1,
 647, 643, 693, -1, 693, 643, 683, -1, 693, 683, 733, -1,
 733, 683, 717, -1, 733, 717, 757, -1, 757, 717, 747, -1,
 757, 747, 775, -1, 775, 747, 763, -1, 775, 763, 780, -1,
 780, 763, 772, -1, 780, 772, 776, -1, 776, 772, 764, -1,
 776, 764, 758, -1, 758, 764, 748, -1, 758, 748, 734, -1,
 734, 748, 718, -1, 734, 718, 694, -1, 694, 718, 684, -1,
 694, 684, 648, -1, 648, 684, 644, -1, 648, 644, 584, -1,
 584, 644, 576, -1, 584, 576, 502, -1, 502, 576, 494, -1,
 502, 494, 397, -1, 397, 494, 397, -1, 397, 397, 292, -1,
 292, 397, 300, -1, 292, 300, 210, -1, 210, 300, 218, -1,
 210, 218, 146, -1, 146, 218, 150, -1, 146, 150, 100, -1,
 100, 150, 110, -1, 100, 110, 60, -1, 60, 110, 76, -1,
 60, 76, 36, -1, 36, 76, 46, -1, 36, 46, 18, -1,
 18, 46, 30, -1, 18, 30, 21, -1, 401, 399, 424, -1,
 424, 399, 397, -1, 424, 397, 397, -1, 397, 397, 362, -1,
 397, 362, 354, -1, 354, 362, 312, -1, 354, 312, 288, -1,
 288, 312, 242, -1, 288, 242, 226, -1, 226, 242, 186, -1,
 226, 186, 161, -1, 161, 186, 128, -1, 161, 128, 104, -1,
 104, 128, 80, -1, 104, 80, 64, -1, 64, 80, 50, -1,
 64, 50, 30, -1, 30, 50, 39, -1, 399, 397, 397, -1,
 397, 397, 370, -1, 397, 370, 362, -1, 362, 370, 342, -1,
 362, 342, 312, -1, 312, 342, 278, -1, 312, 278, 242, -1,
 242, 278, 216, -1, 242, 216, 186, -1, 186, 216, 154, -1,
 186, 154, 128, -1, 128, 154, 108, -1, 128, 108, 80, -1,
 80, 108, 72, -1, 80, 72, 50, -1, 50, 72, 67, -1,
 395, 393, 370, -1, 370, 393, 366, -1, 370, 366, 342, -1,
 342, 366, 316, -1, 342, 316, 278, -1, 278, 316, 246, -1,
 278, 246, 216, -1, 216, 246, 190, -1, 216, 190, 154, -1,
 154, 190, 132, -1, 154, 132, 108, -1, 108, 132, 96, -1,
 108, 96, 72, -1, 72, 96, 87, -1, 393, 391, 366, -1,
 366, 391, 358, -1, 366, 358, 316, -1, 316, 358, 296, -1,
 316, 296, 246, -1, 246, 296, 234, -1, 246, 234, 190, -1,
 190, 234, 176, -1, 190, 176, 132, -1, 132, 176, 124, -1,
 132, 124, 96, -1, 96, 124, 121, -1, 389, 387, 358, -1,
 358, 387, 350, -1, 358, 350, 296, -1, 296, 350, 274, -1,
 296, 274, 234, -1, 234, 274, 214, -1, 234, 214, 176, -1,
 176, 214, 168, -1, 176, 168, 124, -1, 124, 168, 159, -1,
 387, 385, 350, -1, 350, 385, 338, -1, 350, 338, 274, -1,
 274, 338, 264, -1, 274, 264, 214, -1, 214, 264, 206, -1,
 214, 206, 168, -1, 168, 206, 197, -1, 383, 381, 338, -1,
 338, 381, 330, -1, 338, 330, 264, -1, 264, 330, 260, -1,
 264, 260, 206, -1, 206, 260, 253, -1, 511, 396, 396, -1,
 396, 396, 283, -1, 396, 283, 291, -1, 291, 283, 209, -1,
 291, 209, 217, -1, 217, 209, 149, -1, 217, 149, 171, -1,
 171, 149, 117, -1, 171, 117, 135, -1, 135, 117, 103, -1,
 135, 103, 127, -1, 127, 103, 107, -1, 127, 107, 131, -1,
 131, 107, 123, -1, 131, 123, 167, -1, 167, 123, 121, -1,
 257, 198, 201, -1, 201, 198, 141, -1, 201, 141, 145, -1,
 145, 141, 99, -1, 145, 99, 109, -1, 109, 99, 75, -1,
 109, 75, 83, -1, 83, 75, 63, -1, 83, 63, 79, -1,
 79, 63, 71, -1, 79, 71, 95, -1, 95, 71, 67, -1,
 379, 377, 330, -1, 330, 377, 326, -1, 330, 326, 260, -1,
 260, 326, 323, -1, 793, 778, 789, -1, 752, 770, 778, -1,
 778, 770, 781, -1, 778, 781, 789, -1, 704, 739, 752, -1,
 752, 739, 749, -1, 752, 749, 770, -1, 630, 653, 704, -1,
 704, 653, 704, -1, 704, 704, 739, -1, 538, 594, 630, -1,
 630, 594, 635, -1, 630, 635, 653, -1, 396, 511, 538, -1,
 538, 511, 535, -1, 538, 535, 594, -1, 254, 281, 396, -1,
 396, 281, 396, -1, 396, 396, 511, -1, 162, 198, 254, -1,
 254, 198, 257, -1, 254, 257, 281, -1, 88, 139, 162, -1,
 162, 139, 157, -1, 162, 157, 198, -1, 40, 53, 88, -1,
 88, 53, 88, -1, 88, 88, 139, -1, 14, 22, 40, -1,
 40, 22, 43, -1, 40, 43, 53, -1, 0, 3, 14, -1,
 14, 3, 11, -1, 14, 11, 22, -1, 15, 4, 0, -1,
 0, 4, 0, -1, 0, 0, 3, -1, 41, 23, 15, -1,
 15, 23, 12, -1, 15, 12, 4, -1, 89, 54, 41, -1,
 41, 54, 44, -1, 41, 44, 23, -1, 163, 140, 89, -1,
 89, 140, 89, -1, 89, 89, 54, -1, 255, 199, 163, -1,
 163, 199, 158, -1, 163, 158, 140, -1, 397, 282, 255, -1,
 255, 282, 258, -1, 255, 258, 199, -1, 539, 512, 397, -1,
 397, 512, 397, -1, 397, 397, 282, -1, 631, 595, 539, -1,
 539, 595, 536, -1, 539, 536, 512, -1, 705, 654, 631, -1,
 631, 654, 636, -1, 631, 636, 595, -1, 753, 740, 705, -1,
 705, 740, 705, -1, 705, 705, 654, -1, 779, 771, 753, -1,
 753, 771, 750, -1, 753, 750, 740, -1, 789, 793, 793, -1,
 793, 793, 790, -1, 793, 790, 779, -1, 779, 790, 782, -1,
 779, 782, 771, -1, 396, 396, 271, -1, 396, 271, 271, -1,
 271, 271, 183, -1, 271, 183, 183, -1, 183, 183, 115, -1,
 183, 115, 115, -1, 115, 115, 69, -1, 115, 69, 69, -1,
 69, 69, 33, -1, 69, 33, 33, -1, 33, 33, 5, -1,
 33, 5, 5, -1, 5, 5, 0, -1, 5, 0, 0, -1,
 0, 0, 6, -1, 0, 6, 6, -1, 6, 6, 34, -1,
 6, 34, 34, -1, 34, 34, 70, -1, 34, 70, 70, -1,
 70, 70, 116, -1, 70, 116, 116, -1, 116, 116, 184, -1,
 116, 184, 184, -1, 184, 184, 272, -1, 184, 272, 272, -1,
 272, 272, 397, -1, 272, 397, 397, -1, 793, 793, 787, -1,
 793, 787, 787, -1, 787, 787, 759, -1, 787, 759, 759, -1,
 759, 759, 723, -1, 759, 723, 723, -1, 723, 723, 677, -1,
 723, 677, 677, -1, 677, 677, 609, -1, 677, 609, 609, -1,
 609, 609, 521, -1, 609, 521, 521, -1, 521, 521, 396, -1,
 521, 396, 396, -1, 397, 397, 522, -1, 397, 522, 522, -1,
 522, 522, 610, -1, 522, 610, 610, -1, 610, 610, 678, -1,
 610, 678, 678, -1, 678, 678, 724, -1, 678, 724, 724, -1,
 724, 724, 760, -1, 724, 760, 760, -1, 760, 760, 788, -1,
 760, 788, 788, -1, 788, 788, 793, -1, 788, 793, 793, -1
]
colorPerVertex FALSE
normalPerVertex TRUE
}
}
]
}
