#VRML V2.0 utf8
Transform {
children [
Shape {
appearance Appearance {
material Material {
ambientIntensity 1.000000
diffuseColor 1.000000 1.000000 1.000000
emissiveColor 0.210000 0.210000 0.210000
specularColor 0.880000 0.880000 0.880000
shininess 0.210000
transparency 0.000000
}
}
geometry IndexedFaceSet {
color Color {
color [
 1.000000 1.000000 1.000000
]
}
coord Coordinate {
point [
 -0.016000 0.026000 -0.005000, -0.016000 0.026000 0.005000, -0.016000 0.031000 -0.005000, -0.016000 0.031000 -0.001732, -0.016000 0.031000 0.001732,
 -0.016000 0.031000 0.005000, -0.016000 0.031003 -0.001532, -0.016000 0.031011 0.001341, -0.016000 0.031029 0.001067, -0.016000 0.031035 -0.000996,
 -0.016000 0.031058 0.000733, -0.016000 0.031059 -0.000728, -0.016000 0.031080 0.000484, -0.016000 0.031080 -0.000479, -0.016000 0.031094 0.000272,
 -0.016000 0.031094 -0.000258, -0.016000 0.031100 0.000090, -0.016000 0.031100 -0.000079, -0.015927 0.031953 -0.000092, -0.015927 0.031953 0.000106,
 -0.015926 0.031953 -0.000301, -0.015925 0.031953 0.000317, -0.015923 0.031954 -0.000547, -0.015923 0.031954 0.000553, -0.015918 0.031954 -0.000809,
 -0.015918 0.031954 0.000815, -0.015914 0.031956 -0.001073, -0.015913 0.031956 0.001140, -0.015909 0.031961 0.001391, -0.015906 0.031967 -0.001560,
 -0.015904 0.031975 -0.005000, -0.015904 0.031975 -0.001732, -0.015904 0.031975 0.001732, -0.015904 0.031975 0.005000, -0.015709 0.032780 -0.000106,
 -0.015709 0.032780 0.000121, -0.015704 0.032786 -0.000342, -0.015704 0.032787 0.000360, -0.015693 0.032800 -0.000613, -0.015693 0.032801 0.000619,
 -0.015676 0.032821 -0.000888, -0.015676 0.032821 0.000894, -0.015658 0.032845 -0.001148, -0.015654 0.032851 0.001211, -0.015638 0.032876 0.001439,
 -0.015628 0.032894 -0.001586, -0.015619 0.032913 -0.005000, -0.015619 0.032913 -0.001732, -0.015619 0.032913 0.001732, -0.015619 0.032913 0.005000,
 -0.015354 0.033558 -0.000118, -0.015354 0.033559 0.000135, -0.015343 0.033569 -0.000380, -0.015342 0.033570 0.000400, -0.015318 0.033594 -0.000676,
 -0.015317 0.033594 0.000682, -0.015282 0.033630 -0.000962, -0.015281 0.033631 0.000967, -0.015242 0.033672 -0.001217, -0.015232 0.033683 0.001276,
 -0.015198 0.033724 0.001484, -0.015177 0.033751 -0.001611, -0.015157 0.033778 -0.005000, -0.015157 0.033778 -0.001732, -0.015157 0.033778 0.001732,
 -0.015157 0.033778 0.005000, -0.014871 0.034265 -0.000129, -0.014870 0.034265 0.000148, -0.014852 0.034278 -0.000415, -0.014850 0.034279 0.000437,
 -0.014809 0.034309 -0.000732, -0.014808 0.034310 0.000738, -0.014747 0.034355 -0.001028, -0.014746 0.034356 0.001033, -0.014680 0.034408 -0.001278,
 -0.014663 0.034421 0.001335, -0.014604 0.034472 0.001523, -0.014568 0.034504 -0.001632, -0.014536 0.034536 -0.005000, -0.014536 0.034536 -0.001732,
 -0.014536 0.034536 0.001732, -0.014536 0.034536 0.005000, -0.014275 0.034878 -0.000139, -0.014274 0.034879 0.000159, -0.014247 0.034892 -0.000446,
 -0.014244 0.034894 0.000468, -0.014183 0.034925 -0.000780, -0.014181 0.034926 0.000787, -0.014091 0.034973 -0.001084, -0.014089 0.034974 0.001089,
 -0.013991 0.035028 -0.001330, -0.013966 0.035042 0.001384, -0.013911 0.027203 -0.005000, -0.013911 0.027203 0.005000, -0.013879 0.035093 0.001556,
 -0.013826 0.035126 -0.001650, -0.013778 0.035157 -0.005000, -0.013778 0.035157 -0.001732, -0.013778 0.035157 0.001732, -0.013778 0.035157 0.005000,
 -0.013583 0.035381 -0.000147, -0.013581 0.035382 0.000168, -0.013545 0.035393 -0.000470, -0.013540 0.035395 0.000494, -0.013457 0.035421 -0.000819,
 -0.013455 0.035422 0.000826, -0.013333 0.035463 -0.001128, -0.013330 0.035464 0.001134, -0.013199 0.035510 -0.001370, -0.013165 0.035522 0.001421,
 -0.013048 0.035566 0.001580, -0.012978 0.035593 -0.001663, -0.012913 0.035619 -0.005000, -0.012913 0.035619 -0.001732, -0.012913 0.035619 0.001732,
 -0.012913 0.035619 0.005000, -0.012815 0.035759 -0.000153, -0.012813 0.035759 0.000175, -0.012767 0.035766 -0.000489, -0.012761 0.035767 0.000514,
 -0.012656 0.035783 -0.000847, -0.012653 0.035784 0.000854, -0.012499 0.035809 -0.001160, -0.012496 0.035809 0.001165, -0.012331 0.035838 -0.001398,
 -0.012289 0.035845 0.001447, -0.012143 0.035872 0.001597, -0.012055 0.035888 -0.001672, -0.012000 0.036000 0.000000, -0.012000 0.046000 -0.000000,
 -0.011980 0.036000 -0.000155, -0.011977 0.036000 0.000177, -0.011975 0.035904 -0.005000, -0.011975 0.035904 -0.001732, -0.011975 0.035904 0.001732,
 -0.011975 0.035904 0.005000, -0.011950 0.046000 -0.000445, -0.011950 0.046000 0.000445, -0.011949 0.046712 -0.000000, -0.011934 0.036000 -0.000500,
 -0.011932 0.036000 -0.000518, -0.011932 0.036000 0.000518, -0.011925 0.046000 -0.000515, -0.011925 0.046000 0.000515, -0.011899 0.046704 -0.000445,
 -0.011899 0.046704 0.000445, -0.011802 0.046000 -0.000868, -0.011802 0.046000 0.000868, -0.011797 0.047409 -0.000000, -0.011791 0.036000 -0.000858,
 -0.011788 0.036000 0.000866, -0.011753 0.046683 -0.000868, -0.011753 0.046683 0.000868, -0.011749 0.047395 -0.000445, -0.011749 0.047395 0.000445,
 -0.011733 0.028233 -0.005000, -0.011733 0.028233 0.005000, -0.011732 0.036000 -0.001000, -0.011732 0.036000 0.001000, -0.011723 0.046000 -0.000994,
 -0.011723 0.046000 0.000994, -0.011607 0.047353 -0.000868, -0.011607 0.047353 0.000868, -0.011604 0.036000 -0.001167, -0.011600 0.036000 0.001172,
 -0.011564 0.046000 -0.001247, -0.011564 0.046000 0.001247, -0.011548 0.048077 -0.000000, -0.011517 0.046649 -0.001247, -0.011517 0.046649 0.001247,
 -0.011503 0.048056 -0.000445, -0.011503 0.048056 0.000445, -0.011414 0.036000 -0.001414, -0.011414 0.036000 0.001414, -0.011405 0.046000 -0.001405,
 -0.011405 0.046000 0.001405, -0.011379 0.047286 -0.001247, -0.011379 0.047286 0.001247, -0.011368 0.047995 -0.000868, -0.011368 0.047995 0.000868,
 -0.011363 0.036000 0.001453, -0.011247 0.046000 -0.001564, -0.011247 0.046000 0.001564, -0.011206 0.048703 -0.000000, -0.011204 0.046604 -0.001564,
 -0.011204 0.046604 0.001564, -0.011185 0.036000 0.001590, -0.011164 0.048676 -0.000445, -0.011164 0.048676 0.000445, -0.011151 0.047896 -0.001247,
 -0.011151 0.047896 0.001247, -0.011086 0.036000 -0.001666, -0.011075 0.047197 -0.001564, -0.011075 0.047197 0.001564, -0.011040 0.048596 -0.000868,
 -0.011040 0.048596 0.000868, -0.011000 0.036000 -0.005000, -0.011000 0.036000 -0.001732, -0.011000 0.036000 0.001732, -0.011000 0.036000 0.005000,
 -0.010994 0.046000 -0.001723, -0.010994 0.046000 0.001723, -0.010868 0.046000 -0.001802, -0.010868 0.046000 0.001802, -0.010863 0.047764 -0.001564,
 -0.010863 0.047764 0.001564, -0.010839 0.048467 -0.001247, -0.010839 0.048467 0.001247, -0.010828 0.046550 -0.001802, -0.010828 0.046550 0.001802,
 -0.010779 0.049274 -0.000000, -0.010741 0.049241 -0.000445, -0.010741 0.049241 0.000445, -0.010711 0.047090 -0.001802, -0.010711 0.047090 0.001802,
 -0.010629 0.049145 -0.000868, -0.010629 0.049145 0.000868, -0.010573 0.048296 -0.001564, -0.010573 0.048296 0.001564, -0.010518 0.047607 -0.001802,
 -0.010518 0.047607 0.001802, -0.010518 0.036000 -0.001932, -0.010518 0.036000 0.001932, -0.010515 0.046000 -0.001925, -0.010515 0.046000 0.001925,
 -0.010449 0.048989 -0.001247, -0.010449 0.048989 0.001247, -0.010445 0.046000 -0.001950, -0.010445 0.046000 0.001950, -0.010410 0.046490 -0.001950,
 -0.010410 0.046490 0.001950, -0.010305 0.046971 -0.001950, -0.010305 0.046971 0.001950, -0.010274 0.049779 -0.000000, -0.010254 0.048091 -0.001802,
 -0.010254 0.048091 0.001802, -0.010241 0.049741 -0.000445, -0.010241 0.049741 0.000445, -0.010210 0.048781 -0.001564, -0.010210 0.048781 0.001564,
 -0.010145 0.049629 -0.000868, -0.010145 0.049629 0.000868, -0.010134 0.047431 -0.001950, -0.010134 0.047431 0.001950, -0.010000 0.036000 -0.002000,
 -0.010000 0.036000 0.002000, -0.010000 0.046000 -0.002000, -0.010000 0.046000 0.002000, -0.009989 0.049449 -0.001247, -0.009989 0.049449 0.001247,
 -0.009969 0.046427 -0.002000, -0.009969 0.046427 0.002000, -0.009923 0.048533 -0.001802, -0.009923 0.048533 0.001802, -0.009898 0.047863 -0.001950,
 -0.009898 0.047863 0.001950, -0.009878 0.046845 -0.002000, -0.009878 0.046845 0.002000, -0.009781 0.049210 -0.001564, -0.009781 0.049210 0.001564,
 -0.009729 0.047246 -0.002000, -0.009729 0.047246 0.002000, -0.009703 0.050206 -0.000000, -0.009676 0.050164 -0.000445, -0.009676 0.050164 0.000445,
 -0.009604 0.048256 -0.001950, -0.009604 0.048256 0.001950, -0.009596 0.050040 -0.000868, -0.009596 0.050040 0.000868, -0.009555 0.046000 -0.001950,
 -0.009555 0.046000 0.001950, -0.009533 0.048923 -0.001802, -0.009533 0.048923 0.001802, -0.009529 0.046364 -0.001950, -0.009529 0.046364 0.001950,
 -0.009524 0.047622 -0.002000, -0.009524 0.047622 0.002000, -0.009485 0.046000 -0.001925, -0.009485 0.046000 0.001925, -0.009482 0.036000 -0.001932,
 -0.009482 0.036000 0.001932, -0.009478 0.029086 -0.005000, -0.009478 0.029086 0.005000, -0.009467 0.049839 -0.001247, -0.009467 0.049839 0.001247,
 -0.009451 0.046720 -0.001950, -0.009451 0.046720 0.001950, -0.009324 0.047061 -0.001950, -0.009324 0.047061 0.001950, -0.009296 0.049573 -0.001564,
 -0.009296 0.049573 0.001564, -0.009267 0.047965 -0.002000, -0.009267 0.047965 0.002000, -0.009256 0.048604 -0.001950, -0.009256 0.048604 0.001950,
 -0.009149 0.047381 -0.001950, -0.009149 0.047381 0.001950, -0.009132 0.046000 -0.001802, -0.009132 0.046000 0.001802, -0.009111 0.046303 -0.001802,
 -0.009111 0.046303 0.001802, -0.009091 0.049254 -0.001802, -0.009091 0.049254 0.001802, -0.009077 0.050548 -0.000000, -0.009056 0.050503 -0.000445,
 -0.009056 0.050503 0.000445, -0.009046 0.046601 -0.001802, -0.009046 0.046601 0.001802, -0.009006 0.046000 -0.001723, -0.009006 0.046000 0.001723,
 -0.009000 0.036000 -0.001732, -0.009000 0.036000 0.001732, -0.008995 0.050368 -0.000868, -0.008995 0.050368 0.000868, -0.008965 0.048267 -0.002000,
 -0.008965 0.048267 0.002000, -0.008940 0.046886 -0.001802, -0.008940 0.046886 0.001802, -0.008931 0.047673 -0.001950, -0.008931 0.047673 0.001950,
 -0.008896 0.050151 -0.001247, -0.008896 0.050151 0.001247, -0.008863 0.048898 -0.001950, -0.008863 0.048898 0.001950, -0.008794 0.047153 -0.001802,
 -0.008794 0.047153 0.001802, -0.008764 0.049863 -0.001564, -0.008764 0.049863 0.001564, -0.008753 0.046000 -0.001564, -0.008753 0.046000 0.001564,
 -0.008735 0.046249 -0.001564, -0.008735 0.046249 0.001564, -0.008682 0.046494 -0.001564, -0.008682 0.046494 0.001564, -0.008673 0.047931 -0.001950,
 -0.008673 0.047931 0.001950, -0.008622 0.048524 -0.002000, -0.008622 0.048524 0.002000, -0.008611 0.047396 -0.001802, -0.008611 0.047396 0.001802,
 -0.008607 0.049518 -0.001802, -0.008607 0.049518 0.001802, -0.008595 0.046000 -0.001405, -0.008595 0.046000 0.001405, -0.008595 0.046728 -0.001564,
 -0.008595 0.046728 0.001564, -0.008586 0.036000 -0.001414, -0.008586 0.036000 0.001414, -0.008475 0.046948 -0.001564, -0.008475 0.046948 0.001564,
 -0.008436 0.046000 -0.001247, -0.008436 0.046000 0.001247, -0.008431 0.049134 -0.001950, -0.008431 0.049134 0.001950, -0.008422 0.046204 -0.001247,
 -0.008422 0.046204 0.001247, -0.008409 0.050797 -0.000000, -0.008396 0.047611 -0.001802, -0.008396 0.047611 0.001802, -0.008395 0.050749 -0.000445,
 -0.008395 0.050749 0.000445, -0.008381 0.048149 -0.001950, -0.008381 0.048149 0.001950, -0.008378 0.046405 -0.001247, -0.008378 0.046405 0.001247,
 -0.008353 0.050607 -0.000868, -0.008353 0.050607 0.000868, -0.008325 0.047148 -0.001564, -0.008325 0.047148 0.001564, -0.008307 0.046597 -0.001247,
 -0.008307 0.046597 0.001247, -0.008286 0.050379 -0.001247, -0.008286 0.050379 0.001247, -0.008277 0.046000 -0.000994, -0.008277 0.046000 0.000994,
 -0.008268 0.036000 -0.001000, -0.008268 0.036000 0.001000, -0.008246 0.048729 -0.002000, -0.008246 0.048729 0.002000, -0.008208 0.046777 -0.001247,
 -0.008208 0.046777 0.001247, -0.008198 0.046000 -0.000868, -0.008198 0.046000 0.000868, -0.008197 0.050075 -0.001564, -0.008197 0.050075 0.001564,
 -0.008186 0.046171 -0.000868, -0.008186 0.046171 0.000868, -0.008153 0.047794 -0.001802, -0.008153 0.047794 0.001802, -0.008150 0.046338 -0.000868,
 -0.008150 0.046338 0.000868, -0.008148 0.047325 -0.001564, -0.008148 0.047325 0.001564, -0.008090 0.046498 -0.000868, -0.008090 0.046498 0.000868,
 -0.008090 0.049711 -0.001802, -0.008090 0.049711 0.001802, -0.008086 0.046941 -0.001247, -0.008086 0.046941 0.001247, -0.008075 0.046000 -0.000515,
 -0.008075 0.046000 0.000515, -0.008068 0.036000 -0.000518, -0.008068 0.036000 0.000518, -0.008061 0.048324 -0.001950, -0.008061 0.048324 0.001950,
 -0.008050 0.046000 -0.000445, -0.008050 0.046000 0.000445, -0.008039 0.046149 -0.000445, -0.008039 0.046149 0.000445, -0.008008 0.046648 -0.000868,
 -0.008008 0.046648 0.000868, -0.008008 0.046296 -0.000445, -0.008008 0.046296 0.000445, -0.008000 0.036000 0.000000, -0.008000 0.046000 -0.000000,
 -0.007990 0.046142 -0.000000, -0.007971 0.049305 -0.001950, -0.007971 0.049305 0.001950, -0.007959 0.046282 -0.000000, -0.007955 0.046436 -0.000445,
 -0.007955 0.046436 0.000445, -0.007948 0.047475 -0.001564, -0.007948 0.047475 0.001564, -0.007941 0.047086 -0.001247, -0.007941 0.047086 0.001247,
 -0.007910 0.046415 -0.000000, -0.007905 0.046785 -0.000868, -0.007905 0.046785 0.000868, -0.007886 0.047940 -0.001802, -0.007886 0.047940 0.001802,
 -0.007883 0.046568 -0.000445, -0.007883 0.046568 0.000445, -0.007845 0.048878 -0.002000, -0.007845 0.048878 0.002000, -0.007841 0.046541 -0.000000,
 -0.007794 0.046688 -0.000445, -0.007794 0.046688 0.000445, -0.007785 0.046905 -0.000868, -0.007785 0.046905 0.000868, -0.007777 0.047208 -0.001247,
 -0.007777 0.047208 0.001247, -0.007756 0.046655 -0.000000, -0.007728 0.047595 -0.001564, -0.007728 0.047595 0.001564, -0.007720 0.048451 -0.001950,
 -0.007720 0.048451 0.001950, -0.007712 0.050949 -0.000000, -0.007704 0.050899 -0.000445, -0.007704 0.050899 0.000445, -0.007688 0.046794 -0.000445,
 -0.007688 0.046794 0.000445, -0.007683 0.050753 -0.000868, -0.007683 0.050753 0.000868, -0.007655 0.046756 -0.000000, -0.007649 0.050517 -0.001247,
 -0.007649 0.050517 0.001247, -0.007648 0.047008 -0.000868, -0.007648 0.047008 0.000868, -0.007604 0.050204 -0.001564, -0.007604 0.050204 0.001564,
 -0.007601 0.048046 -0.001802, -0.007601 0.048046 0.001802, -0.007597 0.047307 -0.001247, -0.007597 0.047307 0.001247, -0.007568 0.046883 -0.000445,
 -0.007568 0.046883 0.000445, -0.007550 0.049828 -0.001802, -0.007550 0.049828 0.001802, -0.007541 0.046841 -0.000000, -0.007498 0.047090 -0.000868,
 -0.007498 0.047090 0.000868, -0.007494 0.047682 -0.001564, -0.007494 0.047682 0.001564, -0.007490 0.049410 -0.001950, -0.007490 0.049410 0.001950,
 -0.007436 0.046955 -0.000445, -0.007436 0.046955 0.000445, -0.007427 0.048969 -0.002000, -0.007427 0.048969 0.002000, -0.007415 0.046910 -0.000000,
 -0.007405 0.047378 -0.001247, -0.007405 0.047378 0.001247, -0.007364 0.048529 -0.001950, -0.007364 0.048529 0.001950, -0.007338 0.047150 -0.000868,
 -0.007338 0.047150 0.000868, -0.007303 0.048111 -0.001802, -0.007303 0.048111 0.001802, -0.007296 0.047008 -0.000445, -0.007296 0.047008 0.000445,
 -0.007282 0.046959 -0.000000, -0.007249 0.047735 -0.001564, -0.007249 0.047735 0.001564, -0.007204 0.047422 -0.001247, -0.007204 0.047422 0.001247,
 -0.007171 0.047186 -0.000868, -0.007171 0.047186 0.000868, -0.007163 0.029755 -0.005000, -0.007163 0.029755 0.005000, -0.007149 0.047039 -0.000445,
 -0.007149 0.047039 0.000445, -0.007142 0.046990 -0.000000, -0.007000 0.047000 -0.000000, -0.007000 0.047050 -0.000445, -0.007000 0.047050 0.000445,
 -0.007000 0.047075 -0.000515, -0.007000 0.047075 0.000515, -0.007000 0.047198 -0.000868, -0.007000 0.047198 0.000868, -0.007000 0.047277 -0.000994,
 -0.007000 0.047277 0.000994, -0.007000 0.047436 -0.001247, -0.007000 0.047436 0.001247, -0.007000 0.047595 -0.001405, -0.007000 0.047595 0.001405,
 -0.007000 0.047753 -0.001564, -0.007000 0.047753 0.001564, -0.007000 0.048006 -0.001723, -0.007000 0.048006 0.001723, -0.007000 0.048132 -0.001802,
 -0.007000 0.048132 0.001802, -0.007000 0.048485 -0.001925, -0.007000 0.048485 0.001925, -0.007000 0.048555 -0.001950, -0.007000 0.048555 0.001950,
 -0.007000 0.049000 -0.002000, -0.007000 0.049000 0.002000, -0.007000 0.049445 -0.001950, -0.007000 0.049445 0.001950, -0.007000 0.049515 -0.001925,
 -0.007000 0.049515 0.001925, -0.007000 0.049868 -0.001802, -0.007000 0.049868 0.001802, -0.007000 0.049994 -0.001723, -0.007000 0.049994 0.001723,
 -0.007000 0.050247 -0.001564, -0.007000 0.050247 0.001564, -0.007000 0.050405 -0.001405, -0.007000 0.050405 0.001405, -0.007000 0.050564 -0.001247,
 -0.007000 0.050564 0.001247, -0.007000 0.050723 -0.000994, -0.007000 0.050723 0.000994, -0.007000 0.050802 -0.000868, -0.007000 0.050802 0.000868,
 -0.007000 0.050925 -0.000515, -0.007000 0.050925 0.000515, -0.007000 0.050950 -0.000445, -0.007000 0.050950 0.000445, -0.007000 0.051000 0.000000,
 -0.004801 0.030236 -0.005000, -0.004801 0.030236 0.005000, -0.002408 0.030526 -0.005000, -0.002408 0.030526 0.005000, -0.000000 0.030623 -0.005000,
 -0.000000 0.030623 0.005000, 0.002408 0.030526 -0.005000, 0.002408 0.030526 0.005000, 0.004801 0.030236 -0.005000, 0.004801 0.030236 0.005000,
 0.007000 0.047000 -0.000000, 0.007000 0.047050 -0.000445, 0.007000 0.047050 0.000445, 0.007000 0.047075 -0.000515, 0.007000 0.047075 0.000515,
 0.007000 0.047198 -0.000868, 0.007000 0.047198 0.000868, 0.007000 0.047277 -0.000994, 0.007000 0.047277 0.000994, 0.007000 0.047436 -0.001247,
 0.007000 0.047436 0.001247, 0.007000 0.047595 -0.001405, 0.007000 0.047595 0.001405, 0.007000 0.047753 -0.001564, 0.007000 0.047753 0.001564,
 0.007000 0.048006 -0.001723, 0.007000 0.048006 0.001723, 0.007000 0.048132 -0.001802, 0.007000 0.048132 0.001802, 0.007000 0.048485 -0.001925,
 0.007000 0.048485 0.001925, 0.007000 0.048555 -0.001950, 0.007000 0.048555 0.001950, 0.007000 0.049000 -0.002000, 0.007000 0.049000 0.002000,
 0.007000 0.049445 -0.001950, 0.007000 0.049445 0.001950, 0.007000 0.049515 -0.001925, 0.007000 0.049515 0.001925, 0.007000 0.049868 -0.001802,
 0.007000 0.049868 0.001802, 0.007000 0.049994 -0.001723, 0.007000 0.049994 0.001723, 0.007000 0.050247 -0.001564, 0.007000 0.050247 0.001564,
 0.007000 0.050405 -0.001405, 0.007000 0.050405 0.001405, 0.007000 0.050564 -0.001247, 0.007000 0.050564 0.001247, 0.007000 0.050723 -0.000994,
 0.007000 0.050723 0.000994, 0.007000 0.050802 -0.000868, 0.007000 0.050802 0.000868, 0.007000 0.050925 -0.000515, 0.007000 0.050925 0.000515,
 0.007000 0.050950 -0.000445, 0.007000 0.050950 0.000445, 0.007000 0.051000 -0.000000, 0.007142 0.046990 -0.000000, 0.007149 0.047039 -0.000445,
 0.007149 0.047039 0.000445, 0.007163 0.029755 -0.005000, 0.007163 0.029755 0.005000, 0.007171 0.047186 -0.000868, 0.007171 0.047186 0.000868,
 0.007204 0.047422 -0.001247, 0.007204 0.047422 0.001247, 0.007249 0.047735 -0.001564, 0.007249 0.047735 0.001564, 0.007282 0.046959 -0.000000,
 0.007296 0.047008 -0.000445, 0.007296 0.047008 0.000445, 0.007303 0.048111 -0.001802, 0.007303 0.048111 0.001802, 0.007338 0.047150 -0.000868,
 0.007338 0.047150 0.000868, 0.007364 0.048529 -0.001950, 0.007364 0.048529 0.001950, 0.007405 0.047378 -0.001247, 0.007405 0.047378 0.001247,
 0.007415 0.046910 -0.000000, 0.007427 0.048969 -0.002000, 0.007427 0.048969 0.002000, 0.007436 0.046955 -0.000445, 0.007436 0.046955 0.000445,
 0.007490 0.049410 -0.001950, 0.007490 0.049410 0.001950, 0.007494 0.047682 -0.001564, 0.007494 0.047682 0.001564, 0.007498 0.047090 -0.000868,
 0.007498 0.047090 0.000868, 0.007541 0.046841 -0.000000, 0.007550 0.049828 -0.001802, 0.007550 0.049828 0.001802, 0.007568 0.046883 -0.000445,
 0.007568 0.046883 0.000445, 0.007597 0.047307 -0.001247, 0.007597 0.047307 0.001247, 0.007601 0.048046 -0.001802, 0.007601 0.048046 0.001802,
 0.007604 0.050204 -0.001564, 0.007604 0.050204 0.001564, 0.007648 0.047008 -0.000868, 0.007648 0.047008 0.000868, 0.007649 0.050517 -0.001247,
 0.007649 0.050517 0.001247, 0.007655 0.046756 -0.000000, 0.007683 0.050753 -0.000868, 0.007683 0.050753 0.000868, 0.007688 0.046794 -0.000445,
 0.007688 0.046794 0.000445, 0.007704 0.050899 -0.000445, 0.007704 0.050899 0.000445, 0.007712 0.050949 -0.000000, 0.007720 0.048451 -0.001950,
 0.007720 0.048451 0.001950, 0.007728 0.047595 -0.001564, 0.007728 0.047595 0.001564, 0.007756 0.046655 -0.000000, 0.007777 0.047208 -0.001247,
 0.007777 0.047208 0.001247, 0.007785 0.046905 -0.000868, 0.007785 0.046905 0.000868, 0.007794 0.046688 -0.000445, 0.007794 0.046688 0.000445,
 0.007841 0.046541 -0.000000, 0.007845 0.048878 -0.002000, 0.007845 0.048878 0.002000, 0.007883 0.046568 -0.000445, 0.007883 0.046568 0.000445,
 0.007886 0.047940 -0.001802, 0.007886 0.047940 0.001802, 0.007905 0.046785 -0.000868, 0.007905 0.046785 0.000868, 0.007910 0.046415 -0.000000,
 0.007941 0.047086 -0.001247, 0.007941 0.047086 0.001247, 0.007948 0.047475 -0.001564, 0.007948 0.047475 0.001564, 0.007955 0.046436 -0.000445,
 0.007955 0.046436 0.000445, 0.007959 0.046282 -0.000000, 0.007971 0.049305 -0.001950, 0.007971 0.049305 0.001950, 0.007990 0.046142 -0.000000,
 0.008000 0.036000 0.000000, 0.008000 0.046000 0.000000, 0.008008 0.046296 -0.000445, 0.008008 0.046296 0.000445, 0.008008 0.046648 -0.000868,
 0.008008 0.046648 0.000868, 0.008039 0.046149 -0.000445, 0.008039 0.046149 0.000445, 0.008050 0.046000 -0.000445, 0.008050 0.046000 0.000445,
 0.008061 0.048324 -0.001950, 0.008061 0.048324 0.001950, 0.008068 0.036000 -0.000518, 0.008068 0.036000 0.000518, 0.008075 0.046000 -0.000515,
 0.008075 0.046000 0.000515, 0.008086 0.046941 -0.001247, 0.008086 0.046941 0.001247, 0.008090 0.049711 -0.001802, 0.008090 0.049711 0.001802,
 0.008090 0.046498 -0.000868, 0.008090 0.046498 0.000868, 0.008148 0.047325 -0.001564, 0.008148 0.047325 0.001564, 0.008150 0.046338 -0.000868,
 0.008150 0.046338 0.000868, 0.008153 0.047794 -0.001802, 0.008153 0.047794 0.001802, 0.008186 0.046171 -0.000868, 0.008186 0.046171 0.000868,
 0.008197 0.050075 -0.001564, 0.008197 0.050075 0.001564, 0.008198 0.046000 -0.000868, 0.008198 0.046000 0.000868, 0.008208 0.046777 -0.001247,
 0.008208 0.046777 0.001247, 0.008246 0.048729 -0.002000, 0.008246 0.048729 0.002000, 0.008268 0.036000 -0.001000, 0.008268 0.036000 0.001000,
 0.008277 0.046000 -0.000994, 0.008277 0.046000 0.000994, 0.008286 0.050379 -0.001247, 0.008286 0.050379 0.001247, 0.008307 0.046597 -0.001247,
 0.008307 0.046597 0.001247, 0.008325 0.047148 -0.001564, 0.008325 0.047148 0.001564, 0.008353 0.050607 -0.000868, 0.008353 0.050607 0.000868,
 0.008378 0.046405 -0.001247, 0.008378 0.046405 0.001247, 0.008381 0.048149 -0.001950, 0.008381 0.048149 0.001950, 0.008395 0.050749 -0.000445,
 0.008395 0.050749 0.000445, 0.008396 0.047611 -0.001802, 0.008396 0.047611 0.001802, 0.008409 0.050797 -0.000000, 0.008422 0.046204 -0.001247,
 0.008422 0.046204 0.001247, 0.008431 0.049134 -0.001950, 0.008431 0.049134 0.001950, 0.008436 0.046000 -0.001247, 0.008436 0.046000 0.001247,
 0.008475 0.046948 -0.001564, 0.008475 0.046948 0.001564, 0.008586 0.036000 -0.001414, 0.008586 0.036000 0.001414, 0.008595 0.046728 -0.001564,
 0.008595 0.046728 0.001564, 0.008595 0.046000 -0.001405, 0.008595 0.046000 0.001405, 0.008607 0.049518 -0.001802, 0.008607 0.049518 0.001802,
 0.008611 0.047396 -0.001802, 0.008611 0.047396 0.001802, 0.008622 0.048524 -0.002000, 0.008622 0.048524 0.002000, 0.008673 0.047931 -0.001950,
 0.008673 0.047931 0.001950, 0.008682 0.046494 -0.001564, 0.008682 0.046494 0.001564, 0.008735 0.046249 -0.001564, 0.008735 0.046249 0.001564,
 0.008753 0.046000 -0.001564, 0.008753 0.046000 0.001564, 0.008764 0.049863 -0.001564, 0.008764 0.049863 0.001564, 0.008794 0.047153 -0.001802,
 0.008794 0.047153 0.001802, 0.008863 0.048898 -0.001950, 0.008863 0.048898 0.001950, 0.008896 0.050151 -0.001247, 0.008896 0.050151 0.001247,
 0.008931 0.047673 -0.001950, 0.008931 0.047673 0.001950, 0.008940 0.046886 -0.001802, 0.008940 0.046886 0.001802, 0.008965 0.048267 -0.002000,
 0.008965 0.048267 0.002000, 0.008995 0.050368 -0.000868, 0.008995 0.050368 0.000868, 0.009000 0.036000 -0.001732, 0.009000 0.036000 0.001732,
 0.009006 0.046000 -0.001723, 0.009006 0.046000 0.001723, 0.009046 0.046601 -0.001802, 0.009046 0.046601 0.001802, 0.009056 0.050503 -0.000445,
 0.009056 0.050503 0.000445, 0.009077 0.050548 -0.000000, 0.009091 0.049254 -0.001802, 0.009091 0.049254 0.001802, 0.009111 0.046303 -0.001802,
 0.009111 0.046303 0.001802, 0.009132 0.046000 -0.001802, 0.009132 0.046000 0.001802, 0.009149 0.047381 -0.001950, 0.009149 0.047381 0.001950,
 0.009256 0.048604 -0.001950, 0.009256 0.048604 0.001950, 0.009267 0.047965 -0.002000, 0.009267 0.047965 0.002000, 0.009296 0.049573 -0.001564,
 0.009296 0.049573 0.001564, 0.009324 0.047061 -0.001950, 0.009324 0.047061 0.001950, 0.009451 0.046720 -0.001950, 0.009451 0.046720 0.001950,
 0.009467 0.049839 -0.001247, 0.009467 0.049839 0.001247, 0.009478 0.029086 -0.005000, 0.009478 0.029086 0.005000, 0.009482 0.036000 -0.001932,
 0.009482 0.036000 0.001932, 0.009485 0.046000 -0.001925, 0.009485 0.046000 0.001925, 0.009524 0.047622 -0.002000, 0.009524 0.047622 0.002000,
 0.009529 0.046364 -0.001950, 0.009529 0.046364 0.001950, 0.009533 0.048923 -0.001802, 0.009533 0.048923 0.001802, 0.009555 0.046000 -0.001950,
 0.009555 0.046000 0.001950, 0.009596 0.050040 -0.000868, 0.009596 0.050040 0.000868, 0.009604 0.048256 -0.001950, 0.009604 0.048256 0.001950,
 0.009676 0.050164 -0.000445, 0.009676 0.050164 0.000445, 0.009703 0.050206 -0.000000, 0.009729 0.047246 -0.002000, 0.009729 0.047246 0.002000,
 0.009781 0.049210 -0.001564, 0.009781 0.049210 0.001564, 0.009878 0.046845 -0.002000, 0.009878 0.046845 0.002000, 0.009898 0.047863 -0.001950,
 0.009898 0.047863 0.001950, 0.009923 0.048533 -0.001802, 0.009923 0.048533 0.001802, 0.009969 0.046427 -0.002000, 0.009969 0.046427 0.002000,
 0.009989 0.049449 -0.001247, 0.009989 0.049449 0.001247, 0.010000 0.036000 -0.002000, 0.010000 0.036000 0.002000, 0.010000 0.046000 -0.002000,
 0.010000 0.046000 0.002000, 0.010134 0.047431 -0.001950, 0.010134 0.047431 0.001950, 0.010145 0.049629 -0.000868, 0.010145 0.049629 0.000868,
 0.010210 0.048781 -0.001564, 0.010210 0.048781 0.001564, 0.010241 0.049741 -0.000445, 0.010241 0.049741 0.000445, 0.010254 0.048091 -0.001802,
 0.010254 0.048091 0.001802, 0.010274 0.049779 -0.000000, 0.010305 0.046971 -0.001950, 0.010305 0.046971 0.001950, 0.010410 0.046490 -0.001950,
 0.010410 0.046490 0.001950, 0.010445 0.046000 -0.001950, 0.010445 0.046000 0.001950, 0.010449 0.048989 -0.001247, 0.010449 0.048989 0.001247,
 0.010515 0.046000 -0.001925, 0.010515 0.046000 0.001925, 0.010518 0.036000 -0.001932, 0.010518 0.036000 0.001932, 0.010518 0.047607 -0.001802,
 0.010518 0.047607 0.001802, 0.010573 0.048296 -0.001564, 0.010573 0.048296 0.001564, 0.010629 0.049145 -0.000868, 0.010629 0.049145 0.000868,
 0.010711 0.047090 -0.001802, 0.010711 0.047090 0.001802, 0.010741 0.049241 -0.000445, 0.010741 0.049241 0.000445, 0.010779 0.049274 -0.000000,
 0.010828 0.046550 -0.001802, 0.010828 0.046550 0.001802, 0.010839 0.048467 -0.001247, 0.010839 0.048467 0.001247, 0.010863 0.047764 -0.001564,
 0.010863 0.047764 0.001564, 0.010868 0.046000 -0.001802, 0.010868 0.046000 0.001802, 0.010994 0.046000 -0.001723, 0.010994 0.046000 0.001723,
 0.011000 0.036000 -0.005000, 0.011000 0.036000 -0.001732, 0.011000 0.036000 0.001732, 0.011000 0.036000 0.005000, 0.011040 0.048596 -0.000868,
 0.011040 0.048596 0.000868, 0.011075 0.047197 -0.001564, 0.011075 0.047197 0.001564, 0.011086 0.036000 -0.001666, 0.011151 0.047896 -0.001247,
 0.011151 0.047896 0.001247, 0.011164 0.048676 -0.000445, 0.011164 0.048676 0.000445, 0.011185 0.036000 0.001590, 0.011204 0.046604 -0.001564,
 0.011204 0.046604 0.001564, 0.011206 0.048703 -0.000000, 0.011247 0.046000 -0.001564, 0.011247 0.046000 0.001564, 0.011363 0.036000 0.001453,
 0.011368 0.047995 -0.000868, 0.011368 0.047995 0.000868, 0.011379 0.047286 -0.001247, 0.011379 0.047286 0.001247, 0.011405 0.046000 -0.001405,
 0.011405 0.046000 0.001405, 0.011414 0.036000 -0.001414, 0.011414 0.036000 0.001414, 0.011503 0.048056 -0.000445, 0.011503 0.048056 0.000445,
 0.011517 0.046649 -0.001247, 0.011517 0.046649 0.001247, 0.011548 0.048077 -0.000000, 0.011564 0.046000 -0.001247, 0.011564 0.046000 0.001247,
 0.011600 0.036000 0.001172, 0.011604 0.036000 -0.001167, 0.011607 0.047353 -0.000868, 0.011607 0.047353 0.000868, 0.011723 0.046000 -0.000994,
 0.011723 0.046000 0.000994, 0.011732 0.036000 -0.001000, 0.011732 0.036000 0.001000, 0.011733 0.028233 -0.005000, 0.011733 0.028233 0.005000,
 0.011749 0.047395 -0.000445, 0.011749 0.047395 0.000445, 0.011753 0.046683 -0.000868, 0.011753 0.046683 0.000868, 0.011788 0.036000 0.000866,
 0.011791 0.036000 -0.000858, 0.011797 0.047409 -0.000000, 0.011802 0.046000 -0.000868, 0.011802 0.046000 0.000868, 0.011899 0.046704 -0.000445,
 0.011899 0.046704 0.000445, 0.011925 0.046000 -0.000515, 0.011925 0.046000 0.000515, 0.011932 0.036000 -0.000518, 0.011932 0.036000 0.000518,
 0.011934 0.036000 -0.000500, 0.011949 0.046712 -0.000000, 0.011950 0.046000 -0.000445, 0.011950 0.046000 0.000445, 0.011975 0.035904 -0.005000,
 0.011975 0.035904 -0.001732, 0.011975 0.035904 0.001732, 0.011975 0.035904 0.005000, 0.011977 0.036000 0.000177, 0.011980 0.036000 -0.000155,
 0.012000 0.036000 0.000000, 0.012000 0.046000 0.000000, 0.012055 0.035888 -0.001672, 0.012143 0.035872 0.001597, 0.012289 0.035845 0.001447,
 0.012331 0.035838 -0.001398, 0.012496 0.035809 0.001165, 0.012499 0.035809 -0.001160, 0.012653 0.035784 0.000854, 0.012656 0.035783 -0.000847,
 0.012761 0.035767 0.000514, 0.012767 0.035766 -0.000489, 0.012813 0.035759 0.000175, 0.012815 0.035759 -0.000153, 0.012913 0.035619 -0.005000,
 0.012913 0.035619 -0.001732, 0.012913 0.035619 0.001732, 0.012913 0.035619 0.005000, 0.012978 0.035593 -0.001663, 0.013048 0.035566 0.001580,
 0.013165 0.035522 0.001421, 0.013199 0.035510 -0.001370, 0.013330 0.035464 0.001134, 0.013333 0.035463 -0.001128, 0.013455 0.035422 0.000826,
 0.013457 0.035421 -0.000819, 0.013540 0.035395 0.000494, 0.013545 0.035393 -0.000470, 0.013581 0.035382 0.000168, 0.013583 0.035381 -0.000147,
 0.013778 0.035157 -0.005000, 0.013778 0.035157 -0.001732, 0.013778 0.035157 0.001732, 0.013778 0.035157 0.005000, 0.013826 0.035126 -0.001650,
 0.013879 0.035093 0.001556, 0.013911 0.027203 -0.005000, 0.013911 0.027203 0.005000, 0.013966 0.035042 0.001384, 0.013991 0.035028 -0.001330,
 0.014089 0.034974 0.001089, 0.014091 0.034973 -0.001084, 0.014181 0.034926 0.000787, 0.014183 0.034925 -0.000780, 0.014244 0.034894 0.000468,
 0.014247 0.034892 -0.000446, 0.014274 0.034879 0.000159, 0.014275 0.034878 -0.000139, 0.014536 0.034536 -0.005000, 0.014536 0.034536 -0.001732,
 0.014536 0.034536 0.001732, 0.014536 0.034536 0.005000, 0.014568 0.034504 -0.001632, 0.014604 0.034472 0.001523, 0.014663 0.034421 0.001335,
 0.014680 0.034408 -0.001278, 0.014746 0.034356 0.001033, 0.014747 0.034355 -0.001028, 0.014808 0.034310 0.000738, 0.014809 0.034309 -0.000732,
 0.014850 0.034279 0.000437, 0.014852 0.034278 -0.000415, 0.014870 0.034265 0.000148, 0.014871 0.034265 -0.000129, 0.015157 0.033778 -0.005000,
 0.015157 0.033778 -0.001732, 0.015157 0.033778 0.001732, 0.015157 0.033778 0.005000, 0.015177 0.033751 -0.001611, 0.015198 0.033724 0.001484,
 0.015232 0.033683 0.001276, 0.015242 0.033672 -0.001217, 0.015281 0.033631 0.000967, 0.015282 0.033630 -0.000962, 0.015317 0.033594 0.000682,
 0.015318 0.033594 -0.000676, 0.015342 0.033570 0.000400, 0.015343 0.033569 -0.000380, 0.015354 0.033559 0.000135, 0.015354 0.033558 -0.000118,
 0.015619 0.032913 -0.005000, 0.015619 0.032913 -0.001732, 0.015619 0.032913 0.001732, 0.015619 0.032913 0.005000, 0.015628 0.032894 -0.001586,
 0.015638 0.032876 0.001439, 0.015654 0.032851 0.001211, 0.015658 0.032845 -0.001148, 0.015676 0.032821 0.000894, 0.015676 0.032821 -0.000888,
 0.015693 0.032801 0.000619, 0.015693 0.032800 -0.000613, 0.015704 0.032787 0.000360, 0.015704 0.032786 -0.000342, 0.015709 0.032780 0.000121,
 0.015709 0.032780 -0.000106, 0.015904 0.031975 -0.005000, 0.015904 0.031975 -0.001732, 0.015904 0.031975 0.001732, 0.015904 0.031975 0.005000,
 0.015906 0.031967 -0.001560, 0.015909 0.031961 0.001391, 0.015913 0.031956 0.001140, 0.015914 0.031956 -0.001073, 0.015918 0.031954 0.000815,
 0.015918 0.031954 -0.000809, 0.015923 0.031954 0.000553, 0.015923 0.031954 -0.000547, 0.015925 0.031953 0.000317, 0.015926 0.031953 -0.000301,
 0.015927 0.031953 0.000106, 0.015927 0.031953 -0.000092, 0.016000 0.026000 -0.005000, 0.016000 0.026000 0.005000, 0.016000 0.031000 -0.005000,
 0.016000 0.031000 -0.001732, 0.016000 0.031000 0.001732, 0.016000 0.031000 0.005000, 0.016000 0.031003 -0.001532, 0.016000 0.031011 0.001341,
 0.016000 0.031029 0.001067, 0.016000 0.031035 -0.000996, 0.016000 0.031058 0.000733, 0.016000 0.031059 -0.000728, 0.016000 0.031080 0.000484,
 0.016000 0.031080 -0.000479, 0.016000 0.031094 0.000272, 0.016000 0.031094 -0.000258, 0.016000 0.031100 0.000090, 0.016000 0.031100 -0.000079
]
}
normal Normal {
vector [
 -1.000000 -0.000000 0.000000, -0.996935 0.000000 -0.078236, -0.995993 0.000000 0.089433, -0.989821 -0.142315 -0.000000, -0.989821 0.142315 -0.000000,
 -0.985358 0.170479 -0.002727, -0.985349 0.170520 0.003111, -0.985107 0.171733 -0.008470, -0.985078 0.171881 0.008870, -0.984523 0.174722 -0.013670,
 -0.984507 0.174805 0.013759, -0.983684 0.179164 -0.016284, -0.983666 0.179262 0.016301, -0.982768 0.184202 -0.015408, -0.982539 0.185480 0.014639,
 -0.981728 0.190028 0.009991, -0.981237 0.192730 -0.005499, -0.980785 0.195090 0.000000, -0.974928 0.000000 -0.222521, -0.974928 0.000000 0.222521,
 -0.968171 0.000000 -0.250289, -0.965994 0.000000 -0.258566, -0.965994 0.000000 0.258566, -0.965926 0.000000 -0.258819, -0.965926 0.000000 0.258819,
 -0.965005 -0.138747 -0.222521, -0.965005 -0.138747 0.222521, -0.965005 0.138747 -0.222521, -0.965005 0.138747 0.222521, -0.959493 -0.281733 -0.000000,
 -0.959493 0.281733 -0.000000, -0.941859 0.335965 -0.005374, -0.941827 0.336043 0.006130, -0.940872 0.338350 -0.016687, -0.940757 0.338632 0.017476,
 -0.938570 0.344036 -0.026918, -0.938508 0.344193 0.027092, -0.935436 -0.274669 -0.222521, -0.935436 -0.274669 0.222521, -0.935436 0.274669 -0.222521,
 -0.935436 0.274669 0.222521, -0.935270 0.352482 -0.032036, -0.935199 0.352668 0.032070, -0.931665 0.362055 -0.030285, -0.930766 0.364482 0.028767,
 -0.927579 0.373111 0.019617, -0.925650 0.378227 -0.010792, -0.923880 0.382683 0.000000, -0.909632 -0.415415 -0.000000, -0.909632 0.415415 -0.000000,
 -0.901752 0.000000 -0.432253, -0.900969 0.000000 -0.433884, -0.900969 0.000000 0.433884, -0.899956 0.000000 0.435980, -0.891798 -0.128221 -0.433884,
 -0.891798 -0.128221 0.433884, -0.891798 0.128221 -0.433884, -0.891798 0.128221 0.433884, -0.886826 -0.405000 -0.222521, -0.886826 -0.405000 0.222521,
 -0.886826 0.405000 -0.222521, -0.886826 0.405000 0.222521, -0.870778 0.491613 -0.007863, -0.870708 0.491719 0.008970, -0.868613 0.494890 -0.024408,
 -0.868359 0.495276 0.025560, -0.866130 0.000000 -0.499818, -0.866130 0.000000 0.499818, -0.866025 0.000000 -0.500000, -0.866025 0.000000 0.500000,
 -0.864473 -0.253832 -0.433884, -0.864473 -0.253832 0.433884, -0.864473 0.253832 -0.433884, -0.864473 0.253832 0.433884, -0.863565 0.502701 -0.039331,
 -0.863428 0.502916 0.039585, -0.856337 0.514298 -0.046743, -0.856181 0.514553 0.046790, -0.848452 0.527430 -0.044118, -0.846488 0.530756 0.041891,
 -0.841254 -0.540641 -0.000000, -0.841254 0.540641 -0.000000, -0.839533 0.542560 0.028526, -0.835327 0.549530 -0.015680, -0.831470 0.555570 0.000000,
 -0.820162 -0.527086 -0.222521, -0.820162 -0.527086 0.222521, -0.820162 0.527086 -0.222521, -0.820162 0.527086 0.222521, -0.819550 -0.374276 -0.433884,
 -0.819550 -0.374276 0.433884, -0.819550 0.374276 -0.433884, -0.819550 0.374276 0.433884, -0.808579 0.000000 -0.588388, -0.806568 0.000000 0.591142,
 -0.781832 0.000000 -0.623490, -0.781832 0.000000 0.623490, -0.774197 0.632864 -0.010123, -0.774076 0.632988 0.011548, -0.773874 -0.111266 -0.623490,
 -0.773874 -0.111266 0.623490, -0.773874 0.111266 -0.623490, -0.773874 0.111266 0.623490, -0.770481 0.636689 -0.031401, -0.770047 0.637140 0.032881,
 -0.761829 0.645804 -0.050528, -0.761595 0.646056 0.050852, -0.757943 -0.487101 -0.433884, -0.757943 -0.487101 0.433884, -0.757943 0.487101 -0.433884,
 -0.757943 0.487101 0.433884, -0.755750 -0.654861 -0.000000, -0.755750 0.654861 -0.000000, -0.750162 -0.220267 -0.623490, -0.750162 -0.220267 0.623490,
 -0.750162 0.220267 -0.623490, -0.750162 0.220267 0.623490, -0.749461 0.659331 -0.059925, -0.749194 0.659629 0.059983, -0.736801 -0.638442 -0.222521,
 -0.736801 -0.638442 0.222521, -0.736801 0.638442 -0.222521, -0.736801 0.638442 0.222521, -0.735998 0.674627 -0.056431, -0.732650 0.678495 0.053551,
 -0.720806 0.692180 0.036392, -0.713656 0.700211 -0.019980, -0.711179 -0.324785 -0.623490, -0.711179 -0.324785 0.623490, -0.711179 0.324785 -0.623490,
 -0.711179 0.324785 0.623490, -0.707107 0.000000 -0.707107, -0.707107 0.000000 0.707107, -0.707107 0.707107 0.000000, -0.684147 0.000000 0.729344,
 -0.680907 -0.590009 -0.433884, -0.680907 -0.590009 0.433884, -0.680907 0.590009 -0.433884, -0.680907 0.590009 0.433884, -0.657718 -0.422690 -0.623490,
 -0.657718 -0.422690 0.623490, -0.657718 0.422690 -0.623490, -0.657718 0.422690 0.623490, -0.654943 0.755581 -0.012085, -0.654861 -0.755750 -0.000000,
 -0.654861 0.755750 -0.000000, -0.654762 0.755709 0.013786, -0.649400 0.759524 -0.037459, -0.648752 0.759988 0.039221, -0.638442 -0.736801 -0.222521,
 -0.638442 -0.736801 0.222521, -0.638442 0.736801 -0.222521, -0.638442 0.736801 0.222521, -0.636511 0.768918 -0.060160, -0.636162 0.769177 0.060543,
 -0.623490 0.000000 -0.781832, -0.623490 0.000000 0.781832, -0.618128 0.782851 -0.071151, -0.617733 0.783157 0.071216, -0.617144 -0.088732 -0.781832,
 -0.617144 -0.088732 0.781832, -0.617144 0.088732 -0.781832, -0.617144 0.088732 0.781832, -0.598234 -0.175657 -0.781832, -0.598234 -0.175657 0.781832,
 -0.598234 0.175657 -0.781832, -0.598234 0.175657 0.781832, -0.598178 0.798574 -0.066799, -0.597715 0.000000 0.801708, -0.593226 0.802540 0.063342,
 -0.590869 -0.511991 -0.623490, -0.590869 -0.511991 0.623490, -0.590869 0.511991 -0.623490, -0.590869 0.511991 0.623490, -0.590009 -0.680907 -0.433884,
 -0.590009 -0.680907 0.433884, -0.590009 0.680907 -0.433884, -0.590009 0.680907 0.433884, -0.575739 0.816506 0.042929, -0.567146 -0.259007 -0.781832,
 -0.567146 -0.259007 0.781832, -0.567146 0.259007 -0.781832, -0.567146 0.259007 0.781832, -0.565205 0.824615 -0.023530, -0.555570 0.831470 0.000000,
 -0.546165 0.000000 -0.837678, -0.540641 -0.841254 -0.000000, -0.540641 0.841254 -0.000000, -0.533333 -0.845905 0.000000, -0.527086 -0.820162 -0.222521,
 -0.527086 -0.820162 0.222521, -0.527086 0.820162 -0.222521, -0.527086 0.820162 0.222521, -0.524513 -0.337084 -0.781832, -0.524513 -0.337084 0.781832,
 -0.524513 0.337084 -0.781832, -0.524513 0.337084 0.781832, -0.516510 0.856172 -0.013694, -0.516263 0.856287 0.015621, -0.511991 -0.590869 -0.623490,
 -0.511991 -0.590869 0.623490, -0.511991 0.590869 -0.623490, -0.511991 0.590869 0.623490, -0.508976 0.859736 -0.042402, -0.508096 0.860156 0.044390,
 -0.500000 0.000000 -0.866025, -0.500000 0.000000 0.866025, -0.499818 0.000000 -0.866130, -0.499818 0.000000 0.866130, -0.491490 0.868230 -0.067931,
 -0.491017 0.868464 0.068358, -0.487101 -0.757943 -0.433884, -0.487101 -0.757943 0.433884, -0.487101 0.757943 -0.433884, -0.487101 0.757943 0.433884,
 -0.471202 -0.408299 -0.781832, -0.471202 -0.408299 0.781832, -0.471202 0.408299 -0.781832, -0.471202 0.408299 0.781832, -0.466626 0.880824 -0.080056,
 -0.466092 0.881101 0.080122, -0.463706 -0.885989 0.000000, -0.439743 0.894998 -0.074865, -0.433884 0.000000 -0.900969, -0.433884 0.000000 0.900969,
 -0.433085 0.898558 0.070920, -0.429467 -0.061748 -0.900969, -0.429467 -0.061748 0.900969, -0.429467 0.061748 -0.900969, -0.429467 0.061748 0.900969,
 -0.422690 -0.657718 -0.623490, -0.422690 -0.657718 0.623490, -0.422690 0.657718 -0.623490, -0.422690 0.657718 0.623490, -0.416308 -0.122239 -0.900969,
 -0.416308 -0.122239 0.900969, -0.416308 0.122239 -0.900969, -0.416308 0.122239 0.900969, -0.415415 -0.909632 -0.000000, -0.415415 0.909632 -0.000000,
 -0.409631 0.910993 0.047896, -0.408299 -0.471202 -0.781832, -0.408299 -0.471202 0.781832, -0.408299 0.471202 -0.781832, -0.408299 0.471202 0.781832,
 -0.405000 -0.886826 -0.222521, -0.405000 -0.886826 0.222521, -0.405000 0.886826 -0.222521, -0.405000 0.886826 0.222521, -0.395542 0.918074 -0.026196,
 -0.394675 -0.180242 -0.900969, -0.394675 -0.180242 0.900969, -0.394675 0.180242 -0.900969, -0.394675 0.180242 0.900969, -0.391086 -0.920354 0.000000,
 -0.382683 0.923880 0.000000, -0.374276 -0.819550 -0.433884, -0.374276 -0.819550 0.433884, -0.374276 0.819550 -0.433884, -0.374276 0.819550 0.433884,
 -0.365006 -0.234575 -0.900969, -0.365006 -0.234575 0.900969, -0.365006 0.234575 -0.900969, -0.365006 0.234575 0.900969, -0.362950 0.931689 -0.014902,
 -0.362637 0.931775 0.016998, -0.353392 0.934340 -0.046081, -0.352277 0.934652 0.048235, -0.337084 -0.524513 -0.781832, -0.337084 -0.524513 0.781832,
 -0.337084 0.524513 -0.781832, -0.337084 0.524513 0.781832, -0.331256 0.940666 -0.073598, -0.330658 0.940841 0.074055, -0.327907 -0.284133 -0.900969,
 -0.327907 -0.284133 0.900969, -0.327907 0.284133 -0.900969, -0.327907 0.284133 0.900969, -0.324785 -0.711179 -0.623490, -0.324785 -0.711179 0.623490,
 -0.324785 0.711179 -0.623490, -0.324785 0.711179 0.623490, -0.315942 -0.948779 0.000000, -0.299897 0.950056 -0.086348, -0.299225 0.950262 0.086411,
 -0.284133 -0.327907 -0.900969, -0.284133 -0.327907 0.900969, -0.284133 0.327907 -0.900969, -0.284133 0.327907 0.900969, -0.281733 -0.959493 -0.000000,
 -0.281733 0.959493 -0.000000, -0.274669 -0.935436 -0.222521, -0.274669 -0.935436 0.222521, -0.274669 0.935436 -0.222521, -0.274669 0.935436 0.222521,
 -0.266151 0.960577 -0.080350, -0.259007 -0.567146 -0.781832, -0.259007 -0.567146 0.781832, -0.259007 0.567146 -0.781832, -0.259007 0.567146 0.781832,
 -0.258819 0.000000 -0.965926, -0.258819 0.000000 0.965926, -0.258566 0.000000 -0.965994, -0.258566 0.000000 0.965994, -0.257821 0.963197 0.076022,
 -0.253832 -0.864473 -0.433884, -0.253832 -0.864473 0.433884, -0.253832 0.864473 -0.433884, -0.253832 0.864473 0.433884, -0.238758 -0.971079 0.000000,
 -0.234575 -0.365006 -0.900969, -0.234575 -0.365006 0.900969, -0.234575 0.365006 -0.900969, -0.234575 0.365006 0.900969, -0.228553 0.972189 0.051114,
 -0.222521 0.000000 -0.974928, -0.222521 0.000000 0.974928, -0.220267 -0.750162 -0.623490, -0.220267 -0.750162 0.623490, -0.220267 0.750162 -0.623490,
 -0.220267 0.750162 0.623490, -0.220256 -0.031668 -0.974928, -0.220256 -0.031668 0.974928, -0.220256 0.031668 -0.974928, -0.220256 0.031668 0.974928,
 -0.213507 -0.062691 -0.974928, -0.213507 -0.062691 0.974928, -0.213507 0.062691 -0.974928, -0.213507 0.062691 0.974928, -0.211036 0.977081 -0.027880,
 -0.202412 -0.092439 -0.974928, -0.202412 -0.092439 0.974928, -0.202412 0.092439 -0.974928, -0.202412 0.092439 0.974928, -0.200000 0.979796 0.000000,
 -0.198762 0.979922 -0.015674, -0.198386 0.979961 0.017877, -0.195090 0.980785 0.000000, -0.187282 0.981114 -0.048388, -0.187197 -0.120304 -0.974928,
 -0.187197 -0.120304 0.974928, -0.187197 0.120304 -0.974928, -0.187197 0.120304 0.974928, -0.186370 0.981210 -0.049938, -0.186370 0.981210 0.049938,
 -0.180242 -0.394675 -0.900969, -0.180242 -0.394675 0.900969, -0.180242 0.394675 -0.900969, -0.180242 0.394675 0.900969, -0.175657 -0.598234 -0.781832,
 -0.175657 -0.598234 0.781832, -0.175657 0.598234 -0.781832, -0.175657 0.598234 0.781832, -0.168170 -0.145720 -0.974928, -0.168170 -0.145720 0.974928,
 -0.168170 0.145720 -0.974928, -0.168170 0.145720 0.974928, -0.160768 0.983985 -0.076987, -0.160053 0.984065 0.077457, -0.160034 -0.987112 0.000000,
 -0.146410 0.985606 -0.084530, -0.146410 0.985606 0.084530, -0.145720 -0.168170 -0.974928, -0.145720 -0.168170 0.974928, -0.145720 0.168170 -0.974928,
 -0.145720 0.168170 0.974928, -0.142315 -0.989821 -0.000000, -0.142315 0.989821 -0.000000, -0.138747 -0.965005 -0.222521, -0.138747 -0.965005 0.222521,
 -0.138747 0.965005 -0.222521, -0.138747 0.965005 0.222521, -0.128221 -0.891798 -0.433884, -0.128221 -0.891798 0.433884, -0.128221 0.891798 -0.433884,
 -0.128221 0.891798 0.433884, -0.123382 0.988286 -0.089823, -0.122584 0.988380 0.089877, -0.122239 -0.416308 -0.900969, -0.122239 -0.416308 0.900969,
 -0.122239 0.416308 -0.900969, -0.122239 0.416308 0.900969, -0.120304 -0.187197 -0.974928, -0.120304 -0.187197 0.974928, -0.120304 0.187197 -0.974928,
 -0.120304 0.187197 0.974928, -0.111266 -0.773874 -0.623490, -0.111266 -0.773874 0.623490, -0.111266 0.773874 -0.623490, -0.111266 0.773874 0.623490,
 -0.092439 -0.202412 -0.974928, -0.092439 -0.202412 0.974928, -0.092439 0.202412 -0.974928, -0.092439 0.202412 0.974928, -0.088732 -0.617144 -0.781832,
 -0.088732 -0.617144 0.781832, -0.088732 0.617144 -0.781832, -0.088732 0.617144 0.781832, -0.082843 0.993113 -0.082843, -0.082843 0.993113 0.082843,
 -0.080276 -0.996773 0.000000, -0.073552 0.994200 0.078469, -0.062691 -0.213507 -0.974928, -0.062691 -0.213507 0.974928, -0.062691 0.213507 -0.974928,
 -0.062691 0.213507 0.974928, -0.061748 -0.429467 -0.900969, -0.061748 -0.429467 0.900969, -0.061748 0.429467 -0.900969, -0.061748 0.429467 0.900969,
 -0.039124 0.997856 0.052463, -0.031668 -0.220256 -0.974928, -0.031668 -0.220256 0.974928, -0.031668 0.220256 -0.974928, -0.031668 0.220256 0.974928,
 -0.018611 0.999420 -0.028517, 0.000000 -1.000000 0.000000, 0.000000 -0.974928 -0.222521, 0.000000 -0.974928 0.222521, 0.000000 -0.965994 -0.258566,
 0.000000 -0.965994 0.258566, 0.000000 -0.900969 -0.433884, 0.000000 -0.900969 0.433884, 0.000000 -0.866130 -0.499818, 0.000000 -0.866130 0.499818,
 -0.000000 -0.781832 -0.623490, -0.000000 -0.781832 0.623490, 0.000000 -0.707107 -0.707107, 0.000000 -0.707107 0.707107, -0.000000 -0.623490 -0.781832,
 -0.000000 -0.623490 0.781832, 0.000000 -0.499818 -0.866130, 0.000000 -0.499818 0.866130, -0.000000 -0.433884 -0.900969, -0.000000 -0.433884 0.900969,
 0.000000 -0.258566 -0.965994, 0.000000 -0.258566 0.965994, 0.000000 -0.222521 -0.974928, 0.000000 -0.222521 0.974928, 0.000000 0.000000 -1.000000,
 0.000000 0.000000 1.000000, -0.000000 0.222521 -0.974928, -0.000000 0.222521 0.974928, -0.000000 0.258566 -0.965994, -0.000000 0.258566 0.965994,
 -0.000000 0.433884 -0.900969, -0.000000 0.433884 0.900969, -0.000000 0.499818 -0.866130, -0.000000 0.499818 0.866130, 0.000000 0.623490 -0.781832,
 0.000000 0.623490 0.781832, -0.000000 0.707107 -0.707107, -0.000000 0.707107 0.707107, -0.000000 0.781832 -0.623490, -0.000000 0.781832 0.623490,
 -0.000000 0.866130 -0.499818, -0.000000 0.866130 0.499818, -0.000000 0.900969 -0.433884, -0.000000 0.900969 0.433884, -0.000000 0.965994 -0.258566,
 -0.000000 0.965994 0.258566, -0.000000 0.974928 -0.222521, -0.000000 0.974928 0.222521, 0.000000 1.000000 0.000000, 0.018611 0.999420 -0.028517,
 0.031668 -0.220256 -0.974928, 0.031668 -0.220256 0.974928, 0.031668 0.220256 -0.974928, 0.031668 0.220256 0.974928, 0.039124 0.997856 0.052463,
 0.061748 -0.429467 -0.900969, 0.061748 -0.429467 0.900969, 0.061748 0.429467 -0.900969, 0.061748 0.429467 0.900969, 0.062691 -0.213507 -0.974928,
 0.062691 -0.213507 0.974928, 0.062691 0.213507 -0.974928, 0.062691 0.213507 0.974928, 0.073552 0.994200 0.078469, 0.080276 -0.996773 0.000000,
 0.082843 0.993113 -0.082843, 0.082843 0.993113 0.082843, 0.088732 -0.617144 -0.781832, 0.088732 -0.617144 0.781832, 0.088732 0.617144 -0.781832,
 0.088732 0.617144 0.781832, 0.092439 -0.202412 -0.974928, 0.092439 -0.202412 0.974928, 0.092439 0.202412 -0.974928, 0.092439 0.202412 0.974928,
 0.111266 -0.773874 -0.623490, 0.111266 -0.773874 0.623490, 0.111266 0.773874 -0.623490, 0.111266 0.773874 0.623490, 0.120304 -0.187197 -0.974928,
 0.120304 -0.187197 0.974928, 0.120304 0.187197 -0.974928, 0.120304 0.187197 0.974928, 0.122239 -0.416308 -0.900969, 0.122239 -0.416308 0.900969,
 0.122239 0.416308 -0.900969, 0.122239 0.416308 0.900969, 0.122584 0.988380 0.089877, 0.123382 0.988286 -0.089823, 0.128221 -0.891798 -0.433884,
 0.128221 -0.891798 0.433884, 0.128221 0.891798 -0.433884, 0.128221 0.891798 0.433884, 0.138747 -0.965005 -0.222521, 0.138747 -0.965005 0.222521,
 0.138747 0.965005 -0.222521, 0.138747 0.965005 0.222521, 0.142315 -0.989821 -0.000000, 0.142315 0.989821 -0.000000, 0.145720 -0.168170 -0.974928,
 0.145720 -0.168170 0.974928, 0.145720 0.168170 -0.974928, 0.145720 0.168170 0.974928, 0.146410 0.985606 -0.084530, 0.146410 0.985606 0.084530,
 0.160034 -0.987112 0.000000, 0.160053 0.984065 0.077457, 0.160768 0.983985 -0.076987, 0.168170 -0.145720 -0.974928, 0.168170 -0.145720 0.974928,
 0.168170 0.145720 -0.974928, 0.168170 0.145720 0.974928, 0.175657 -0.598234 -0.781832, 0.175657 -0.598234 0.781832, 0.175657 0.598234 -0.781832,
 0.175657 0.598234 0.781832, 0.180242 -0.394675 -0.900969, 0.180242 -0.394675 0.900969, 0.180242 0.394675 -0.900969, 0.180242 0.394675 0.900969,
 0.186370 0.981210 -0.049938, 0.186370 0.981210 0.049938, 0.187197 -0.120304 -0.974928, 0.187197 -0.120304 0.974928, 0.187197 0.120304 -0.974928,
 0.187197 0.120304 0.974928, 0.187282 0.981114 -0.048388, 0.195090 0.980785 0.000000, 0.198386 0.979961 0.017877, 0.198762 0.979922 -0.015674,
 0.200000 0.979796 0.000000, 0.202412 -0.092439 -0.974928, 0.202412 -0.092439 0.974928, 0.202412 0.092439 -0.974928, 0.202412 0.092439 0.974928,
 0.211036 0.977081 -0.027880, 0.213507 -0.062691 -0.974928, 0.213507 -0.062691 0.974928, 0.213507 0.062691 -0.974928, 0.213507 0.062691 0.974928,
 0.220256 -0.031668 -0.974928, 0.220256 -0.031668 0.974928, 0.220256 0.031668 -0.974928, 0.220256 0.031668 0.974928, 0.220267 -0.750162 -0.623490,
 0.220267 -0.750162 0.623490, 0.220267 0.750162 -0.623490, 0.220267 0.750162 0.623490, 0.222521 0.000000 -0.974928, 0.222521 0.000000 0.974928,
 0.228553 0.972189 0.051114, 0.234575 -0.365006 -0.900969, 0.234575 -0.365006 0.900969, 0.234575 0.365006 -0.900969, 0.234575 0.365006 0.900969,
 0.238758 -0.971079 0.000000, 0.253832 -0.864473 -0.433884, 0.253832 -0.864473 0.433884, 0.253832 0.864473 -0.433884, 0.253832 0.864473 0.433884,
 0.257821 0.963197 0.076022, 0.258566 0.000000 -0.965994, 0.258566 0.000000 0.965994, 0.258819 -0.000000 -0.965926, 0.258819 -0.000000 0.965926,
 0.259007 -0.567146 -0.781832, 0.259007 -0.567146 0.781832, 0.259007 0.567146 -0.781832, 0.259007 0.567146 0.781832, 0.266151 0.960577 -0.080350,
 0.274669 -0.935436 -0.222521, 0.274669 -0.935436 0.222521, 0.274669 0.935436 -0.222521, 0.274669 0.935436 0.222521, 0.281733 -0.959493 -0.000000,
 0.281733 0.959493 -0.000000, 0.284133 -0.327907 -0.900969, 0.284133 -0.327907 0.900969, 0.284133 0.327907 -0.900969, 0.284133 0.327907 0.900969,
 0.299225 0.950262 0.086411, 0.299897 0.950056 -0.086348, 0.315942 -0.948779 0.000000, 0.324785 -0.711179 -0.623490, 0.324785 -0.711179 0.623490,
 0.324785 0.711179 -0.623490, 0.324785 0.711179 0.623490, 0.327907 -0.284133 -0.900969, 0.327907 -0.284133 0.900969, 0.327907 0.284133 -0.900969,
 0.327907 0.284133 0.900969, 0.330658 0.940841 0.074055, 0.331256 0.940666 -0.073598, 0.337084 -0.524513 -0.781832, 0.337084 -0.524513 0.781832,
 0.337084 0.524513 -0.781832, 0.337084 0.524513 0.781832, 0.352277 0.934652 0.048235, 0.353392 0.934340 -0.046081, 0.362637 0.931775 0.016998,
 0.362950 0.931689 -0.014902, 0.365006 -0.234575 -0.900969, 0.365006 -0.234575 0.900969, 0.365006 0.234575 -0.900969, 0.365006 0.234575 0.900969,
 0.374276 -0.819550 -0.433884, 0.374276 -0.819550 0.433884, 0.374276 0.819550 -0.433884, 0.374276 0.819550 0.433884, 0.382683 0.923880 0.000000,
 0.391086 -0.920354 0.000000, 0.394675 -0.180242 -0.900969, 0.394675 -0.180242 0.900969, 0.394675 0.180242 -0.900969, 0.394675 0.180242 0.900969,
 0.395542 0.918074 -0.026196, 0.405000 -0.886826 -0.222521, 0.405000 -0.886826 0.222521, 0.405000 0.886826 -0.222521, 0.405000 0.886826 0.222521,
 0.408299 -0.471202 -0.781832, 0.408299 -0.471202 0.781832, 0.408299 0.471202 -0.781832, 0.408299 0.471202 0.781832, 0.409631 0.910993 0.047896,
 0.415415 -0.909632 -0.000000, 0.415415 0.909632 -0.000000, 0.416308 -0.122239 -0.900969, 0.416308 -0.122239 0.900969, 0.416308 0.122239 -0.900969,
 0.416308 0.122239 0.900969, 0.422690 -0.657718 -0.623490, 0.422690 -0.657718 0.623490, 0.422690 0.657718 -0.623490, 0.422690 0.657718 0.623490,
 0.429467 -0.061748 -0.900969, 0.429467 -0.061748 0.900969, 0.429467 0.061748 -0.900969, 0.429467 0.061748 0.900969, 0.433085 0.898558 0.070920,
 0.433884 0.000000 -0.900969, 0.433884 0.000000 0.900969, 0.439743 0.894998 -0.074865, 0.463706 -0.885989 0.000000, 0.466092 0.881101 0.080122,
 0.466626 0.880824 -0.080056, 0.471202 -0.408299 -0.781832, 0.471202 -0.408299 0.781832, 0.471202 0.408299 -0.781832, 0.471202 0.408299 0.781832,
 0.487101 -0.757943 -0.433884, 0.487101 -0.757943 0.433884, 0.487101 0.757943 -0.433884, 0.487101 0.757943 0.433884, 0.491017 0.868464 0.068358,
 0.491490 0.868230 -0.067931, 0.499818 0.000000 -0.866130, 0.499818 0.000000 0.866130, 0.500000 -0.000000 -0.866025, 0.500000 -0.000000 0.866025,
 0.508096 0.860156 0.044390, 0.508976 0.859736 -0.042402, 0.511991 -0.590869 -0.623490, 0.511991 -0.590869 0.623490, 0.511991 0.590869 -0.623490,
 0.511991 0.590869 0.623490, 0.516263 0.856287 0.015621, 0.516510 0.856172 -0.013694, 0.524513 -0.337084 -0.781832, 0.524513 -0.337084 0.781832,
 0.524513 0.337084 -0.781832, 0.524513 0.337084 0.781832, 0.527086 -0.820162 -0.222521, 0.527086 -0.820162 0.222521, 0.527086 0.820162 -0.222521,
 0.527086 0.820162 0.222521, 0.533333 -0.845905 0.000000, 0.540641 -0.841254 -0.000000, 0.540641 0.841254 -0.000000, 0.546165 -0.000000 -0.837678,
 0.555570 0.831470 0.000000, 0.565205 0.824615 -0.023530, 0.567146 -0.259007 -0.781832, 0.567146 -0.259007 0.781832, 0.567146 0.259007 -0.781832,
 0.567146 0.259007 0.781832, 0.575739 0.816506 0.042929, 0.590009 -0.680907 -0.433884, 0.590009 -0.680907 0.433884, 0.590009 0.680907 -0.433884,
 0.590009 0.680907 0.433884, 0.590869 -0.511991 -0.623490, 0.590869 -0.511991 0.623490, 0.590869 0.511991 -0.623490, 0.590869 0.511991 0.623490,
 0.593226 0.802540 0.063342, 0.597715 -0.000000 0.801708, 0.598178 0.798574 -0.066799, 0.598234 -0.175657 -0.781832, 0.598234 -0.175657 0.781832,
 0.598234 0.175657 -0.781832, 0.598234 0.175657 0.781832, 0.617144 -0.088732 -0.781832, 0.617144 -0.088732 0.781832, 0.617144 0.088732 -0.781832,
 0.617144 0.088732 0.781832, 0.617733 0.783157 0.071216, 0.618128 0.782851 -0.071151, 0.623490 0.000000 -0.781832, 0.623490 0.000000 0.781832,
 0.636162 0.769177 0.060543, 0.636511 0.768918 -0.060160, 0.638442 -0.736801 -0.222521, 0.638442 -0.736801 0.222521, 0.638442 0.736801 -0.222521,
 0.638442 0.736801 0.222521, 0.648752 0.759988 0.039221, 0.649400 0.759524 -0.037459, 0.654762 0.755709 0.013786, 0.654861 -0.755750 -0.000000,
 0.654861 0.755750 -0.000000, 0.654943 0.755581 -0.012085, 0.657718 -0.422690 -0.623490, 0.657718 -0.422690 0.623490, 0.657718 0.422690 -0.623490,
 0.657718 0.422690 0.623490, 0.680907 -0.590009 -0.433884, 0.680907 -0.590009 0.433884, 0.680907 0.590009 -0.433884, 0.680907 0.590009 0.433884,
 0.684147 -0.000000 0.729344, 0.707107 -0.000000 -0.707107, 0.707107 0.000000 0.707107, 0.707107 0.707107 0.000000, 0.711179 -0.324785 -0.623490,
 0.711179 -0.324785 0.623490, 0.711179 0.324785 -0.623490, 0.711179 0.324785 0.623490, 0.713656 0.700211 -0.019980, 0.720806 0.692180 0.036392,
 0.732650 0.678495 0.053551, 0.735998 0.674627 -0.056431, 0.736801 -0.638442 -0.222521, 0.736801 -0.638442 0.222521, 0.736801 0.638442 -0.222521,
 0.736801 0.638442 0.222521, 0.749194 0.659629 0.059983, 0.749461 0.659331 -0.059925, 0.750162 -0.220267 -0.623490, 0.750162 -0.220267 0.623490,
 0.750162 0.220267 -0.623490, 0.750162 0.220267 0.623490, 0.755750 -0.654861 -0.000000, 0.755750 0.654861 -0.000000, 0.757943 -0.487101 -0.433884,
 0.757943 -0.487101 0.433884, 0.757943 0.487101 -0.433884, 0.757943 0.487101 0.433884, 0.761595 0.646056 0.050852, 0.761829 0.645804 -0.050528,
 0.770047 0.637140 0.032881, 0.770481 0.636689 -0.031401, 0.773874 -0.111266 -0.623490, 0.773874 -0.111266 0.623490, 0.773874 0.111266 -0.623490,
 0.773874 0.111266 0.623490, 0.774076 0.632988 0.011548, 0.774197 0.632864 -0.010123, 0.781832 0.000000 -0.623490, 0.781832 0.000000 0.623490,
 0.806568 -0.000000 0.591142, 0.808579 -0.000000 -0.588388, 0.819550 -0.374276 -0.433884, 0.819550 -0.374276 0.433884, 0.819550 0.374276 -0.433884,
 0.819550 0.374276 0.433884, 0.820162 -0.527086 -0.222521, 0.820162 -0.527086 0.222521, 0.820162 0.527086 -0.222521, 0.820162 0.527086 0.222521,
 0.831470 0.555570 0.000000, 0.835327 0.549530 -0.015680, 0.839533 0.542560 0.028526, 0.841254 -0.540641 -0.000000, 0.841254 0.540641 -0.000000,
 0.846488 0.530756 0.041891, 0.848452 0.527430 -0.044118, 0.856181 0.514553 0.046790, 0.856337 0.514298 -0.046743, 0.863428 0.502916 0.039585,
 0.863565 0.502701 -0.039331, 0.864473 -0.253832 -0.433884, 0.864473 -0.253832 0.433884, 0.864473 0.253832 -0.433884, 0.864473 0.253832 0.433884,
 0.866025 -0.000000 -0.500000, 0.866025 -0.000000 0.500000, 0.866130 0.000000 -0.499818, 0.866130 0.000000 0.499818, 0.868359 0.495276 0.025560,
 0.868613 0.494890 -0.024408, 0.870708 0.491719 0.008970, 0.870778 0.491613 -0.007863, 0.886826 -0.405000 -0.222521, 0.886826 -0.405000 0.222521,
 0.886826 0.405000 -0.222521, 0.886826 0.405000 0.222521, 0.891798 -0.128221 -0.433884, 0.891798 -0.128221 0.433884, 0.891798 0.128221 -0.433884,
 0.891798 0.128221 0.433884, 0.899956 -0.000000 0.435980, 0.900969 0.000000 -0.433884, 0.900969 0.000000 0.433884, 0.901752 -0.000000 -0.432253,
 0.909632 -0.415415 -0.000000, 0.909632 0.415415 -0.000000, 0.923880 0.382683 0.000000, 0.925650 0.378227 -0.010792, 0.927579 0.373111 0.019617,
 0.930766 0.364482 0.028767, 0.931665 0.362055 -0.030285, 0.935199 0.352668 0.032070, 0.935270 0.352482 -0.032036, 0.935436 -0.274669 -0.222521,
 0.935436 -0.274669 0.222521, 0.935436 0.274669 -0.222521, 0.935436 0.274669 0.222521, 0.938508 0.344193 0.027092, 0.938570 0.344036 -0.026918,
 0.940757 0.338632 0.017476, 0.940872 0.338350 -0.016687, 0.941827 0.336043 0.006130, 0.941859 0.335965 -0.005374, 0.959493 -0.281733 -0.000000,
 0.959493 0.281733 -0.000000, 0.965005 -0.138747 -0.222521, 0.965005 -0.138747 0.222521, 0.965005 0.138747 -0.222521, 0.965005 0.138747 0.222521,
 0.965926 -0.000000 -0.258819, 0.965926 -0.000000 0.258819, 0.965994 0.000000 -0.258566, 0.965994 0.000000 0.258566, 0.968171 -0.000000 -0.250289,
 0.974928 0.000000 -0.222521, 0.974928 0.000000 0.222521, 0.980785 0.195090 0.000000, 0.981237 0.192730 -0.005499, 0.981728 0.190028 0.009991,
 0.982539 0.185480 0.014639, 0.982768 0.184202 -0.015408, 0.983666 0.179262 0.016301, 0.983684 0.179164 -0.016284, 0.984507 0.174805 0.013759,
 0.984523 0.174722 -0.013670, 0.985078 0.171881 0.008870, 0.985107 0.171733 -0.008470, 0.985349 0.170520 0.003111, 0.985358 0.170479 -0.002727,
 0.989821 -0.142315 -0.000000, 0.989821 0.142315 -0.000000, 0.995993 -0.000000 0.089433, 0.996935 -0.000000 -0.078236, 1.000000 -0.000000 0.000000
]
}
coordIndex [
 763, 734, 199, -1, 911, 910, 887, -1, 887, 910, 862, -1,
 734, 376, 347, -1, 196, 197, 221, -1, 196, 798, 910, -1,
 910, 798, 829, -1, 910, 829, 862, -1, 913, 912, 888, -1,
 888, 863, 913, -1, 913, 863, 830, -1, 913, 830, 199, -1,
 199, 830, 799, -1, 199, 799, 763, -1, 280, 245, 199, -1,
 199, 245, 222, -1, 199, 222, 198, -1, 221, 244, 196, -1,
 196, 244, 279, -1, 196, 279, 798, -1, 798, 279, 310, -1,
 798, 310, 346, -1, 734, 347, 199, -1, 199, 347, 311, -1,
 199, 311, 280, -1, 346, 375, 798, -1, 798, 375, 401, -1,
 798, 401, 762, -1, 762, 401, 733, -1, 376, 734, 402, -1,
 402, 734, 708, -1, 402, 708, 413, -1, 413, 708, 695, -1,
 413, 695, 401, -1, 401, 695, 707, -1, 401, 707, 733, -1,
 9, 6, 0, -1, 0, 6, 3, -1, 0, 3, 2, -1,
 1, 5, 4, -1, 4, 7, 1, -1, 1, 7, 8, -1,
 1, 8, 0, -1, 15, 13, 0, -1, 0, 13, 11, -1,
 0, 11, 9, -1, 8, 10, 0, -1, 0, 10, 12, -1,
 0, 12, 14, -1, 14, 16, 0, -1, 0, 16, 17, -1,
 0, 17, 15, -1, 1, 0, 93, -1, 93, 0, 92, -1,
 93, 92, 156, -1, 156, 92, 155, -1, 156, 155, 282, -1,
 282, 155, 281, -1, 282, 281, 498, -1, 498, 281, 497, -1,
 498, 497, 551, -1, 551, 497, 550, -1, 551, 550, 553, -1,
 553, 550, 552, -1, 553, 552, 555, -1, 555, 552, 554, -1,
 555, 554, 557, -1, 557, 554, 556, -1, 557, 556, 559, -1,
 559, 556, 558, -1, 559, 558, 612, -1, 612, 558, 611, -1,
 612, 611, 828, -1, 828, 611, 827, -1, 828, 827, 954, -1,
 954, 827, 953, -1, 954, 953, 1017, -1, 1017, 953, 1016, -1,
 1017, 1016, 1093, -1, 1093, 1016, 1092, -1, 1092, 1094, 1095, -1,
 1100, 1099, 1093, -1, 1093, 1099, 1096, -1, 1093, 1096, 1097, -1,
 1095, 1098, 1092, -1, 1092, 1098, 1101, -1, 1092, 1101, 1103, -1,
 1100, 1093, 1102, -1, 1102, 1093, 1092, -1, 1102, 1092, 1104, -1,
 1103, 1105, 1092, -1, 1092, 1105, 1107, -1, 1092, 1107, 1109, -1,
 1109, 1108, 1092, -1, 1092, 1108, 1106, -1, 1092, 1106, 1104, -1,
 1017, 1093, 1097, -1, 135, 115, 282, -1, 282, 115, 99, -1,
 282, 99, 156, -1, 156, 99, 81, -1, 156, 81, 65, -1,
 135, 282, 199, -1, 199, 282, 498, -1, 199, 498, 551, -1,
 1013, 828, 1031, -1, 1031, 828, 954, -1, 1031, 954, 1047, -1,
 1047, 954, 1063, -1, 65, 49, 156, -1, 156, 49, 33, -1,
 156, 33, 93, -1, 93, 33, 5, -1, 93, 5, 1, -1,
 557, 913, 555, -1, 555, 913, 199, -1, 555, 199, 553, -1,
 553, 199, 551, -1, 1017, 1097, 954, -1, 954, 1097, 1079, -1,
 954, 1079, 1063, -1, 1013, 997, 828, -1, 828, 997, 977, -1,
 828, 977, 612, -1, 612, 977, 913, -1, 612, 913, 559, -1,
 559, 913, 557, -1, 92, 0, 2, -1, 96, 281, 78, -1,
 78, 281, 155, -1, 78, 155, 62, -1, 62, 155, 46, -1,
 96, 112, 281, -1, 281, 112, 132, -1, 281, 132, 497, -1,
 497, 132, 196, -1, 497, 196, 550, -1, 974, 994, 827, -1,
 827, 994, 1010, -1, 827, 1010, 953, -1, 953, 1010, 1028, -1,
 953, 1028, 1044, -1, 1044, 1060, 953, -1, 953, 1060, 1076, -1,
 953, 1076, 1016, -1, 1016, 1076, 1094, -1, 1016, 1094, 1092, -1,
 974, 827, 910, -1, 910, 827, 611, -1, 910, 611, 558, -1,
 558, 556, 910, -1, 910, 556, 554, -1, 910, 554, 196, -1,
 196, 554, 552, -1, 196, 552, 550, -1, 92, 2, 155, -1,
 155, 2, 30, -1, 155, 30, 46, -1, 703, 707, 695, -1,
 703, 709, 707, -1, 707, 709, 727, -1, 707, 727, 733, -1,
 727, 735, 733, -1, 733, 735, 758, -1, 733, 758, 762, -1,
 758, 766, 762, -1, 762, 766, 780, -1, 762, 780, 798, -1,
 780, 800, 798, -1, 798, 800, 811, -1, 798, 811, 829, -1,
 811, 831, 829, -1, 829, 831, 839, -1, 829, 839, 862, -1,
 839, 864, 862, -1, 862, 864, 881, -1, 862, 881, 887, -1,
 881, 885, 887, -1, 887, 885, 906, -1, 887, 906, 911, -1,
 911, 906, 908, -1, 911, 908, 918, -1, 918, 908, 927, -1,
 918, 927, 936, -1, 936, 927, 934, -1, 936, 934, 946, -1,
 946, 934, 943, -1, 946, 943, 951, -1, 951, 943, 949, -1,
 951, 949, 960, -1, 960, 949, 962, -1, 960, 962, 968, -1,
 968, 962, 966, -1, 968, 966, 970, -1, 970, 966, 972, -1,
 970, 972, 979, -1, 979, 972, 981, -1, 912, 923, 928, -1,
 928, 923, 929, -1, 928, 929, 935, -1, 935, 929, 937, -1,
 935, 937, 944, -1, 944, 937, 945, -1, 944, 945, 950, -1,
 950, 945, 952, -1, 950, 952, 963, -1, 963, 952, 959, -1,
 963, 959, 967, -1, 967, 959, 969, -1, 967, 969, 973, -1,
 973, 969, 978, -1, 973, 978, 981, -1, 981, 978, 980, -1,
 981, 980, 979, -1, 928, 909, 912, -1, 912, 909, 907, -1,
 912, 907, 888, -1, 907, 886, 888, -1, 888, 886, 882, -1,
 888, 882, 863, -1, 882, 865, 863, -1, 863, 865, 840, -1,
 863, 840, 830, -1, 840, 832, 830, -1, 830, 832, 812, -1,
 830, 812, 799, -1, 812, 801, 799, -1, 799, 801, 781, -1,
 799, 781, 763, -1, 781, 767, 763, -1, 763, 767, 759, -1,
 763, 759, 734, -1, 759, 736, 734, -1, 734, 736, 728, -1,
 734, 728, 708, -1, 728, 710, 708, -1, 708, 710, 704, -1,
 708, 704, 695, -1, 695, 704, 696, -1, 695, 696, 703, -1,
 702, 694, 696, -1, 560, 608, 562, -1, 562, 608, 610, -1,
 562, 610, 564, -1, 564, 610, 614, -1, 564, 614, 566, -1,
 696, 704, 702, -1, 702, 704, 710, -1, 702, 710, 724, -1,
 618, 572, 616, -1, 616, 572, 570, -1, 616, 570, 614, -1,
 614, 570, 568, -1, 614, 568, 566, -1, 710, 728, 724, -1,
 724, 728, 736, -1, 724, 736, 755, -1, 755, 736, 759, -1,
 755, 759, 779, -1, 779, 759, 767, -1, 623, 576, 618, -1,
 618, 576, 574, -1, 618, 574, 572, -1, 767, 781, 779, -1,
 779, 781, 801, -1, 779, 801, 810, -1, 627, 580, 623, -1,
 623, 580, 578, -1, 623, 578, 576, -1, 801, 812, 810, -1,
 810, 812, 832, -1, 810, 832, 836, -1, 836, 832, 840, -1,
 836, 840, 859, -1, 859, 840, 865, -1, 859, 865, 880, -1,
 643, 588, 636, -1, 636, 588, 586, -1, 636, 586, 632, -1,
 632, 586, 584, -1, 632, 584, 627, -1, 627, 584, 582, -1,
 627, 582, 580, -1, 865, 882, 880, -1, 880, 882, 886, -1,
 880, 886, 901, -1, 651, 592, 643, -1, 643, 592, 590, -1,
 643, 590, 588, -1, 886, 907, 901, -1, 901, 907, 909, -1,
 901, 909, 925, -1, 655, 596, 651, -1, 651, 596, 594, -1,
 651, 594, 592, -1, 909, 928, 925, -1, 925, 928, 935, -1,
 925, 935, 941, -1, 658, 600, 655, -1, 655, 600, 598, -1,
 655, 598, 596, -1, 935, 944, 941, -1, 941, 944, 950, -1,
 941, 950, 958, -1, 662, 604, 658, -1, 658, 604, 602, -1,
 658, 602, 600, -1, 950, 963, 958, -1, 958, 963, 967, -1,
 958, 967, 965, -1, 965, 967, 973, -1, 965, 973, 971, -1,
 971, 973, 981, -1, 971, 981, 964, -1, 657, 603, 661, -1,
 661, 603, 605, -1, 661, 605, 663, -1, 663, 605, 607, -1,
 663, 607, 662, -1, 662, 607, 606, -1, 662, 606, 604, -1,
 981, 972, 964, -1, 964, 972, 966, -1, 964, 966, 957, -1,
 654, 599, 657, -1, 657, 599, 601, -1, 657, 601, 603, -1,
 966, 962, 957, -1, 957, 962, 949, -1, 957, 949, 940, -1,
 650, 595, 654, -1, 654, 595, 597, -1, 654, 597, 599, -1,
 949, 943, 940, -1, 940, 943, 934, -1, 940, 934, 924, -1,
 642, 591, 650, -1, 650, 591, 593, -1, 650, 593, 595, -1,
 934, 927, 924, -1, 924, 927, 908, -1, 924, 908, 900, -1,
 635, 587, 642, -1, 642, 587, 589, -1, 642, 589, 591, -1,
 908, 906, 900, -1, 900, 906, 885, -1, 900, 885, 879, -1,
 879, 885, 881, -1, 879, 881, 858, -1, 858, 881, 864, -1,
 858, 864, 835, -1, 622, 579, 626, -1, 626, 579, 581, -1,
 626, 581, 631, -1, 631, 581, 583, -1, 631, 583, 635, -1,
 635, 583, 585, -1, 635, 585, 587, -1, 864, 839, 835, -1,
 835, 839, 831, -1, 835, 831, 809, -1, 617, 575, 622, -1,
 622, 575, 577, -1, 622, 577, 579, -1, 608, 619, 610, -1,
 610, 619, 621, -1, 610, 621, 614, -1, 614, 621, 625, -1,
 614, 625, 616, -1, 616, 625, 629, -1, 616, 629, 618, -1,
 618, 629, 638, -1, 618, 638, 623, -1, 623, 638, 649, -1,
 623, 649, 627, -1, 627, 649, 665, -1, 627, 665, 632, -1,
 632, 665, 677, -1, 632, 677, 636, -1, 636, 677, 693, -1,
 636, 693, 643, -1, 643, 693, 714, -1, 643, 714, 651, -1,
 651, 714, 726, -1, 651, 726, 655, -1, 655, 726, 738, -1,
 655, 738, 658, -1, 658, 738, 744, -1, 658, 744, 662, -1,
 662, 744, 750, -1, 662, 750, 663, -1, 663, 750, 753, -1,
 663, 753, 661, -1, 661, 753, 749, -1, 661, 749, 657, -1,
 657, 749, 743, -1, 657, 743, 654, -1, 654, 743, 737, -1,
 654, 737, 650, -1, 650, 737, 725, -1, 650, 725, 642, -1,
 642, 725, 713, -1, 642, 713, 635, -1, 635, 713, 692, -1,
 635, 692, 631, -1, 631, 692, 676, -1, 631, 676, 626, -1,
 626, 676, 664, -1, 626, 664, 622, -1, 622, 664, 648, -1,
 622, 648, 617, -1, 617, 648, 637, -1, 619, 630, 621, -1,
 621, 630, 634, -1, 621, 634, 625, -1, 625, 634, 640, -1,
 625, 640, 629, -1, 629, 640, 647, -1, 629, 647, 638, -1,
 638, 647, 667, -1, 638, 667, 649, -1, 649, 667, 681, -1,
 649, 681, 665, -1, 665, 681, 706, -1, 665, 706, 677, -1,
 677, 706, 732, -1, 677, 732, 693, -1, 693, 732, 757, -1,
 693, 757, 714, -1, 714, 757, 769, -1, 714, 769, 726, -1,
 726, 769, 783, -1, 726, 783, 738, -1, 738, 783, 789, -1,
 738, 789, 744, -1, 744, 789, 797, -1, 744, 797, 750, -1,
 750, 797, 805, -1, 750, 805, 753, -1, 753, 805, 806, -1,
 753, 806, 749, -1, 749, 806, 804, -1, 749, 804, 743, -1,
 743, 804, 796, -1, 743, 796, 737, -1, 737, 796, 788, -1,
 737, 788, 725, -1, 725, 788, 782, -1, 725, 782, 713, -1,
 713, 782, 768, -1, 713, 768, 692, -1, 692, 768, 756, -1,
 692, 756, 676, -1, 676, 756, 731, -1, 676, 731, 664, -1,
 664, 731, 705, -1, 664, 705, 648, -1, 648, 705, 680, -1,
 648, 680, 637, -1, 637, 680, 666, -1, 630, 641, 634, -1,
 634, 641, 645, -1, 634, 645, 640, -1, 640, 645, 653, -1,
 640, 653, 647, -1, 647, 653, 670, -1, 647, 670, 667, -1,
 667, 670, 688, -1, 667, 688, 681, -1, 681, 688, 722, -1,
 681, 722, 706, -1, 706, 722, 748, -1, 706, 748, 732, -1,
 732, 748, 773, -1, 732, 773, 757, -1, 757, 773, 787, -1,
 757, 787, 769, -1, 769, 787, 808, -1, 769, 808, 783, -1,
 783, 808, 820, -1, 783, 820, 789, -1, 789, 820, 826, -1,
 789, 826, 797, -1, 797, 826, 842, -1, 797, 842, 805, -1,
 805, 842, 846, -1, 805, 846, 806, -1, 806, 846, 847, -1,
 806, 847, 804, -1, 804, 847, 845, -1, 804, 845, 796, -1,
 796, 845, 841, -1, 796, 841, 788, -1, 788, 841, 825, -1,
 788, 825, 782, -1, 782, 825, 819, -1, 782, 819, 768, -1,
 768, 819, 807, -1, 768, 807, 756, -1, 756, 807, 786, -1,
 756, 786, 731, -1, 731, 786, 772, -1, 731, 772, 705, -1,
 705, 772, 747, -1, 705, 747, 680, -1, 680, 747, 721, -1,
 680, 721, 666, -1, 666, 721, 687, -1, 641, 656, 645, -1,
 645, 656, 660, -1, 645, 660, 653, -1, 653, 660, 672, -1,
 653, 672, 670, -1, 670, 672, 686, -1, 670, 686, 688, -1,
 688, 686, 718, -1, 688, 718, 722, -1, 722, 718, 752, -1,
 722, 752, 748, -1, 748, 752, 775, -1, 748, 775, 773, -1,
 773, 775, 795, -1, 773, 795, 787, -1, 787, 795, 816, -1,
 787, 816, 808, -1, 808, 816, 838, -1, 808, 838, 820, -1,
 820, 838, 851, -1, 820, 851, 826, -1, 826, 851, 861, -1,
 826, 861, 842, -1, 842, 861, 869, -1, 842, 869, 846, -1,
 846, 869, 873, -1, 846, 873, 847, -1, 847, 873, 876, -1,
 847, 876, 845, -1, 845, 876, 872, -1, 845, 872, 841, -1,
 841, 872, 868, -1, 841, 868, 825, -1, 825, 868, 860, -1,
 825, 860, 819, -1, 819, 860, 850, -1, 819, 850, 807, -1,
 807, 850, 837, -1, 807, 837, 786, -1, 786, 837, 815, -1,
 786, 815, 772, -1, 772, 815, 794, -1, 772, 794, 747, -1,
 747, 794, 774, -1, 747, 774, 721, -1, 721, 774, 751, -1,
 721, 751, 687, -1, 687, 751, 717, -1, 656, 668, 660, -1,
 660, 668, 674, -1, 660, 674, 672, -1, 672, 674, 683, -1,
 672, 683, 686, -1, 686, 683, 712, -1, 686, 712, 718, -1,
 718, 712, 742, -1, 718, 742, 752, -1, 752, 742, 771, -1,
 752, 771, 775, -1, 775, 771, 791, -1, 775, 791, 795, -1,
 795, 791, 818, -1, 795, 818, 816, -1, 816, 818, 844, -1,
 816, 844, 838, -1, 838, 844, 857, -1, 838, 857, 851, -1,
 851, 857, 871, -1, 851, 871, 861, -1, 861, 871, 884, -1,
 861, 884, 869, -1, 869, 884, 894, -1, 869, 894, 873, -1,
 873, 894, 898, -1, 873, 898, 876, -1, 876, 898, 899, -1,
 876, 899, 872, -1, 872, 899, 897, -1, 872, 897, 868, -1,
 868, 897, 893, -1, 868, 893, 860, -1, 860, 893, 883, -1,
 860, 883, 850, -1, 850, 883, 870, -1, 850, 870, 837, -1,
 837, 870, 856, -1, 837, 856, 815, -1, 815, 856, 843, -1,
 815, 843, 794, -1, 794, 843, 817, -1, 794, 817, 774, -1,
 774, 817, 790, -1, 774, 790, 751, -1, 751, 790, 770, -1,
 751, 770, 717, -1, 717, 770, 741, -1, 668, 675, 674, -1,
 674, 675, 679, -1, 674, 679, 683, -1, 683, 679, 700, -1,
 683, 700, 712, -1, 712, 700, 730, -1, 712, 730, 742, -1,
 742, 730, 761, -1, 742, 761, 771, -1, 771, 761, 785, -1,
 771, 785, 791, -1, 791, 785, 814, -1, 791, 814, 818, -1,
 818, 814, 834, -1, 818, 834, 844, -1, 844, 834, 855, -1,
 844, 855, 857, -1, 857, 855, 875, -1, 857, 875, 871, -1,
 871, 875, 892, -1, 871, 892, 884, -1, 884, 892, 903, -1,
 884, 903, 894, -1, 894, 903, 915, -1, 894, 915, 898, -1,
 898, 915, 922, -1, 898, 922, 899, -1, 899, 922, 926, -1,
 899, 926, 897, -1, 897, 926, 921, -1, 897, 921, 893, -1,
 893, 921, 914, -1, 893, 914, 883, -1, 883, 914, 902, -1,
 883, 902, 870, -1, 870, 902, 891, -1, 870, 891, 856, -1,
 856, 891, 874, -1, 856, 874, 843, -1, 843, 874, 854, -1,
 843, 854, 817, -1, 817, 854, 833, -1, 817, 833, 790, -1,
 790, 833, 813, -1, 790, 813, 770, -1, 770, 813, 784, -1,
 770, 784, 741, -1, 741, 784, 760, -1, 675, 684, 679, -1,
 679, 684, 690, -1, 679, 690, 700, -1, 700, 690, 716, -1,
 700, 716, 730, -1, 730, 716, 740, -1, 730, 740, 761, -1,
 761, 740, 765, -1, 761, 765, 785, -1, 785, 765, 793, -1,
 785, 793, 814, -1, 814, 793, 822, -1, 814, 822, 834, -1,
 834, 822, 849, -1, 834, 849, 855, -1, 855, 849, 867, -1,
 855, 867, 875, -1, 875, 867, 890, -1, 875, 890, 892, -1,
 892, 890, 905, -1, 892, 905, 903, -1, 903, 905, 920, -1,
 903, 920, 915, -1, 915, 920, 931, -1, 915, 931, 922, -1,
 922, 931, 939, -1, 922, 939, 926, -1, 926, 939, 942, -1,
 926, 942, 921, -1, 921, 942, 938, -1, 921, 938, 914, -1,
 914, 938, 930, -1, 914, 930, 902, -1, 902, 930, 919, -1,
 902, 919, 891, -1, 891, 919, 904, -1, 891, 904, 874, -1,
 874, 904, 889, -1, 874, 889, 854, -1, 854, 889, 866, -1,
 854, 866, 833, -1, 833, 866, 848, -1, 833, 848, 813, -1,
 813, 848, 821, -1, 813, 821, 784, -1, 784, 821, 792, -1,
 784, 792, 760, -1, 760, 792, 764, -1, 684, 691, 690, -1,
 690, 691, 698, -1, 690, 698, 716, -1, 716, 698, 720, -1,
 716, 720, 740, -1, 740, 720, 746, -1, 740, 746, 765, -1,
 765, 746, 777, -1, 765, 777, 793, -1, 793, 777, 803, -1,
 793, 803, 822, -1, 822, 803, 824, -1, 822, 824, 849, -1,
 849, 824, 853, -1, 849, 853, 867, -1, 867, 853, 878, -1,
 867, 878, 890, -1, 890, 878, 896, -1, 890, 896, 905, -1,
 905, 896, 917, -1, 905, 917, 920, -1, 920, 917, 933, -1,
 920, 933, 931, -1, 931, 933, 948, -1, 931, 948, 939, -1,
 939, 948, 956, -1, 939, 956, 942, -1, 942, 956, 961, -1,
 942, 961, 938, -1, 938, 961, 955, -1, 938, 955, 930, -1,
 930, 955, 947, -1, 930, 947, 919, -1, 919, 947, 932, -1,
 919, 932, 904, -1, 904, 932, 916, -1, 904, 916, 889, -1,
 889, 916, 895, -1, 889, 895, 866, -1, 866, 895, 877, -1,
 866, 877, 848, -1, 848, 877, 852, -1, 848, 852, 821, -1,
 821, 852, 823, -1, 821, 823, 792, -1, 792, 823, 802, -1,
 792, 802, 764, -1, 764, 802, 776, -1, 691, 694, 698, -1,
 698, 694, 702, -1, 698, 702, 720, -1, 720, 702, 724, -1,
 720, 724, 746, -1, 746, 724, 755, -1, 746, 755, 777, -1,
 777, 755, 779, -1, 777, 779, 803, -1, 803, 779, 810, -1,
 803, 810, 824, -1, 824, 810, 836, -1, 824, 836, 853, -1,
 853, 836, 859, -1, 853, 859, 878, -1, 878, 859, 880, -1,
 878, 880, 896, -1, 896, 880, 901, -1, 896, 901, 917, -1,
 917, 901, 925, -1, 917, 925, 933, -1, 933, 925, 941, -1,
 933, 941, 948, -1, 948, 941, 958, -1, 948, 958, 956, -1,
 956, 958, 965, -1, 956, 965, 961, -1, 961, 965, 971, -1,
 961, 971, 955, -1, 955, 971, 964, -1, 955, 964, 947, -1,
 947, 964, 957, -1, 947, 957, 932, -1, 932, 957, 940, -1,
 932, 940, 916, -1, 916, 940, 924, -1, 916, 924, 895, -1,
 895, 924, 900, -1, 895, 900, 877, -1, 877, 900, 879, -1,
 877, 879, 852, -1, 852, 879, 858, -1, 852, 858, 823, -1,
 823, 858, 835, -1, 823, 835, 802, -1, 802, 835, 809, -1,
 802, 809, 776, -1, 776, 809, 778, -1, 569, 571, 617, -1,
 617, 571, 573, -1, 617, 573, 575, -1, 831, 811, 809, -1,
 809, 811, 800, -1, 809, 800, 778, -1, 778, 800, 780, -1,
 778, 780, 766, -1, 569, 617, 615, -1, 615, 617, 637, -1,
 615, 637, 628, -1, 628, 637, 666, -1, 628, 666, 646, -1,
 646, 666, 687, -1, 646, 687, 669, -1, 669, 687, 717, -1,
 669, 717, 685, -1, 685, 717, 741, -1, 685, 741, 711, -1,
 711, 741, 760, -1, 711, 760, 729, -1, 729, 760, 764, -1,
 729, 764, 739, -1, 739, 764, 776, -1, 739, 776, 745, -1,
 745, 776, 778, -1, 745, 778, 754, -1, 754, 778, 766, -1,
 754, 766, 758, -1, 563, 565, 613, -1, 613, 565, 567, -1,
 758, 723, 754, -1, 754, 723, 719, -1, 754, 719, 745, -1,
 745, 719, 715, -1, 745, 715, 739, -1, 739, 715, 699, -1,
 739, 699, 729, -1, 729, 699, 682, -1, 729, 682, 711, -1,
 711, 682, 671, -1, 711, 671, 685, -1, 685, 671, 652, -1,
 685, 652, 669, -1, 669, 652, 639, -1, 669, 639, 646, -1,
 646, 639, 624, -1, 646, 624, 628, -1, 628, 624, 613, -1,
 628, 613, 615, -1, 615, 613, 567, -1, 615, 567, 569, -1,
 560, 561, 609, -1, 609, 561, 563, -1, 758, 735, 723, -1,
 723, 735, 727, -1, 723, 727, 709, -1, 563, 613, 609, -1,
 609, 613, 624, -1, 609, 624, 620, -1, 620, 624, 639, -1,
 620, 639, 633, -1, 633, 639, 652, -1, 633, 652, 644, -1,
 644, 652, 671, -1, 644, 671, 659, -1, 659, 671, 682, -1,
 659, 682, 673, -1, 673, 682, 699, -1, 673, 699, 678, -1,
 678, 699, 715, -1, 678, 715, 689, -1, 689, 715, 719, -1,
 689, 719, 697, -1, 697, 719, 723, -1, 697, 723, 701, -1,
 701, 723, 709, -1, 701, 709, 703, -1, 560, 609, 608, -1,
 608, 609, 620, -1, 608, 620, 619, -1, 619, 620, 633, -1,
 619, 633, 630, -1, 630, 633, 644, -1, 630, 644, 641, -1,
 641, 644, 659, -1, 641, 659, 656, -1, 656, 659, 673, -1,
 656, 673, 668, -1, 668, 673, 678, -1, 668, 678, 675, -1,
 675, 678, 689, -1, 675, 689, 684, -1, 684, 689, 697, -1,
 684, 697, 691, -1, 691, 697, 701, -1, 691, 701, 694, -1,
 694, 701, 703, -1, 694, 703, 696, -1, 586, 528, 584, -1,
 584, 528, 526, -1, 584, 526, 582, -1, 582, 526, 524, -1,
 582, 524, 580, -1, 580, 524, 522, -1, 580, 522, 578, -1,
 578, 522, 520, -1, 578, 520, 576, -1, 576, 520, 518, -1,
 576, 518, 574, -1, 574, 518, 516, -1, 574, 516, 572, -1,
 572, 516, 514, -1, 572, 514, 570, -1, 570, 514, 512, -1,
 570, 512, 568, -1, 568, 512, 510, -1, 568, 510, 566, -1,
 566, 510, 508, -1, 566, 508, 564, -1, 564, 508, 506, -1,
 564, 506, 562, -1, 562, 506, 504, -1, 562, 504, 560, -1,
 560, 504, 502, -1, 560, 502, 561, -1, 561, 502, 503, -1,
 561, 503, 563, -1, 563, 503, 505, -1, 563, 505, 565, -1,
 565, 505, 507, -1, 565, 507, 567, -1, 567, 507, 509, -1,
 567, 509, 569, -1, 569, 509, 511, -1, 569, 511, 571, -1,
 571, 511, 513, -1, 571, 513, 573, -1, 573, 513, 515, -1,
 573, 515, 575, -1, 575, 515, 517, -1, 575, 517, 577, -1,
 577, 517, 519, -1, 577, 519, 579, -1, 579, 519, 521, -1,
 579, 521, 581, -1, 581, 521, 523, -1, 581, 523, 583, -1,
 583, 523, 525, -1, 583, 525, 585, -1, 585, 525, 527, -1,
 585, 527, 587, -1, 587, 527, 529, -1, 587, 529, 589, -1,
 589, 529, 531, -1, 589, 531, 591, -1, 591, 531, 533, -1,
 591, 533, 593, -1, 593, 533, 535, -1, 593, 535, 595, -1,
 595, 535, 537, -1, 595, 537, 597, -1, 597, 537, 539, -1,
 597, 539, 599, -1, 599, 539, 541, -1, 599, 541, 601, -1,
 601, 541, 543, -1, 601, 543, 603, -1, 603, 543, 545, -1,
 603, 545, 605, -1, 605, 545, 547, -1, 605, 547, 607, -1,
 607, 547, 549, -1, 607, 549, 606, -1, 606, 549, 548, -1,
 606, 548, 604, -1, 604, 548, 546, -1, 604, 546, 602, -1,
 602, 546, 544, -1, 602, 544, 600, -1, 600, 544, 542, -1,
 600, 542, 598, -1, 598, 542, 540, -1, 598, 540, 596, -1,
 596, 540, 538, -1, 596, 538, 594, -1, 594, 538, 536, -1,
 594, 536, 592, -1, 592, 536, 534, -1, 592, 534, 590, -1,
 590, 534, 532, -1, 590, 532, 588, -1, 588, 532, 530, -1,
 588, 530, 586, -1, 586, 530, 528, -1, 500, 501, 502, -1,
 414, 415, 406, -1, 406, 415, 408, -1, 406, 408, 400, -1,
 400, 408, 386, -1, 400, 386, 382, -1, 502, 504, 500, -1,
 500, 504, 506, -1, 500, 506, 496, -1, 331, 343, 355, -1,
 355, 343, 351, -1, 355, 351, 386, -1, 386, 351, 374, -1,
 386, 374, 382, -1, 506, 508, 496, -1, 496, 508, 510, -1,
 496, 510, 494, -1, 494, 510, 512, -1, 494, 512, 492, -1,
 492, 512, 514, -1, 300, 309, 331, -1, 331, 309, 329, -1,
 331, 329, 343, -1, 514, 516, 492, -1, 492, 516, 518, -1,
 492, 518, 487, -1, 274, 278, 300, -1, 300, 278, 298, -1,
 300, 298, 309, -1, 518, 520, 487, -1, 487, 520, 522, -1,
 487, 522, 483, -1, 483, 522, 524, -1, 483, 524, 478, -1,
 478, 524, 526, -1, 478, 526, 474, -1, 209, 224, 230, -1,
 230, 224, 228, -1, 230, 228, 251, -1, 251, 228, 247, -1,
 251, 247, 274, -1, 274, 247, 270, -1, 274, 270, 278, -1,
 526, 528, 474, -1, 474, 528, 530, -1, 474, 530, 467, -1,
 185, 201, 209, -1, 209, 201, 203, -1, 209, 203, 224, -1,
 530, 532, 467, -1, 467, 532, 534, -1, 467, 534, 459, -1,
 169, 175, 185, -1, 185, 175, 182, -1, 185, 182, 201, -1,
 534, 536, 459, -1, 459, 536, 538, -1, 459, 538, 455, -1,
 152, 160, 169, -1, 169, 160, 166, -1, 169, 166, 175, -1,
 538, 540, 455, -1, 455, 540, 542, -1, 455, 542, 452, -1,
 145, 143, 152, -1, 152, 143, 147, -1, 152, 147, 160, -1,
 542, 544, 452, -1, 452, 544, 546, -1, 452, 546, 448, -1,
 448, 546, 548, -1, 448, 548, 446, -1, 446, 548, 549, -1,
 446, 549, 447, -1, 151, 142, 144, -1, 144, 142, 136, -1,
 144, 136, 138, -1, 138, 136, 129, -1, 138, 129, 145, -1,
 145, 129, 137, -1, 145, 137, 143, -1, 549, 547, 447, -1,
 447, 547, 545, -1, 447, 545, 451, -1, 168, 159, 151, -1,
 151, 159, 146, -1, 151, 146, 142, -1, 545, 543, 451, -1,
 451, 543, 541, -1, 451, 541, 454, -1, 184, 174, 168, -1,
 168, 174, 165, -1, 168, 165, 159, -1, 541, 539, 454, -1,
 454, 539, 537, -1, 454, 537, 458, -1, 208, 200, 184, -1,
 184, 200, 181, -1, 184, 181, 174, -1, 537, 535, 458, -1,
 458, 535, 533, -1, 458, 533, 466, -1, 229, 223, 208, -1,
 208, 223, 202, -1, 208, 202, 200, -1, 533, 531, 466, -1,
 466, 531, 529, -1, 466, 529, 473, -1, 473, 529, 527, -1,
 473, 527, 477, -1, 477, 527, 525, -1, 477, 525, 482, -1,
 299, 277, 273, -1, 273, 277, 269, -1, 273, 269, 250, -1,
 250, 269, 246, -1, 250, 246, 229, -1, 229, 246, 227, -1,
 229, 227, 223, -1, 525, 523, 482, -1, 482, 523, 521, -1,
 482, 521, 486, -1, 330, 308, 299, -1, 299, 308, 297, -1,
 299, 297, 277, -1, 415, 418, 408, -1, 408, 418, 412, -1,
 408, 412, 386, -1, 386, 412, 390, -1, 386, 390, 355, -1,
 355, 390, 364, -1, 355, 364, 331, -1, 331, 364, 333, -1,
 331, 333, 300, -1, 300, 333, 307, -1, 300, 307, 274, -1,
 274, 307, 286, -1, 274, 286, 251, -1, 251, 286, 257, -1,
 251, 257, 230, -1, 230, 257, 232, -1, 230, 232, 209, -1,
 209, 232, 214, -1, 209, 214, 185, -1, 185, 214, 193, -1,
 185, 193, 169, -1, 169, 193, 177, -1, 169, 177, 152, -1,
 152, 177, 162, -1, 152, 162, 145, -1, 145, 162, 154, -1,
 145, 154, 138, -1, 138, 154, 148, -1, 138, 148, 144, -1,
 144, 148, 153, -1, 144, 153, 151, -1, 151, 153, 161, -1,
 151, 161, 168, -1, 168, 161, 176, -1, 168, 176, 184, -1,
 184, 176, 192, -1, 184, 192, 208, -1, 208, 192, 213, -1,
 208, 213, 229, -1, 229, 213, 231, -1, 229, 231, 250, -1,
 250, 231, 256, -1, 250, 256, 273, -1, 273, 256, 285, -1,
 273, 285, 299, -1, 299, 285, 306, -1, 299, 306, 330, -1,
 330, 306, 332, -1, 418, 425, 412, -1, 412, 425, 420, -1,
 412, 420, 390, -1, 390, 420, 394, -1, 390, 394, 364, -1,
 364, 394, 370, -1, 364, 370, 333, -1, 333, 370, 345, -1,
 333, 345, 307, -1, 307, 345, 317, -1, 307, 317, 286, -1,
 286, 317, 288, -1, 286, 288, 257, -1, 257, 288, 261, -1,
 257, 261, 232, -1, 232, 261, 243, -1, 232, 243, 214, -1,
 214, 243, 220, -1, 214, 220, 193, -1, 193, 220, 205, -1,
 193, 205, 177, -1, 177, 205, 190, -1, 177, 190, 162, -1,
 162, 190, 179, -1, 162, 179, 154, -1, 154, 179, 171, -1,
 154, 171, 148, -1, 148, 171, 167, -1, 148, 167, 153, -1,
 153, 167, 170, -1, 153, 170, 161, -1, 161, 170, 178, -1,
 161, 178, 176, -1, 176, 178, 189, -1, 176, 189, 192, -1,
 192, 189, 204, -1, 192, 204, 213, -1, 213, 204, 219, -1,
 213, 219, 231, -1, 231, 219, 242, -1, 231, 242, 256, -1,
 256, 242, 260, -1, 256, 260, 285, -1, 285, 260, 287, -1,
 285, 287, 306, -1, 306, 287, 316, -1, 306, 316, 332, -1,
 332, 316, 344, -1, 425, 434, 420, -1, 420, 434, 431, -1,
 420, 431, 394, -1, 394, 431, 410, -1, 394, 410, 370, -1,
 370, 410, 380, -1, 370, 380, 345, -1, 345, 380, 349, -1,
 345, 349, 317, -1, 317, 349, 325, -1, 317, 325, 288, -1,
 288, 325, 296, -1, 288, 296, 261, -1, 261, 296, 276, -1,
 261, 276, 243, -1, 243, 276, 255, -1, 243, 255, 220, -1,
 220, 255, 235, -1, 220, 235, 205, -1, 205, 235, 218, -1,
 205, 218, 190, -1, 190, 218, 207, -1, 190, 207, 179, -1,
 179, 207, 195, -1, 179, 195, 171, -1, 171, 195, 188, -1,
 171, 188, 167, -1, 167, 188, 183, -1, 167, 183, 170, -1,
 170, 183, 187, -1, 170, 187, 178, -1, 178, 187, 194, -1,
 178, 194, 189, -1, 189, 194, 206, -1, 189, 206, 204, -1,
 204, 206, 217, -1, 204, 217, 219, -1, 219, 217, 234, -1,
 219, 234, 242, -1, 242, 234, 254, -1, 242, 254, 260, -1,
 260, 254, 275, -1, 260, 275, 287, -1, 287, 275, 295, -1,
 287, 295, 316, -1, 316, 295, 324, -1, 316, 324, 344, -1,
 344, 324, 348, -1, 434, 441, 431, -1, 431, 441, 436, -1,
 431, 436, 410, -1, 410, 436, 427, -1, 410, 427, 380, -1,
 380, 427, 398, -1, 380, 398, 349, -1, 349, 398, 368, -1,
 349, 368, 325, -1, 325, 368, 339, -1, 325, 339, 296, -1,
 296, 339, 319, -1, 296, 319, 276, -1, 276, 319, 292, -1,
 276, 292, 255, -1, 255, 292, 266, -1, 255, 266, 235, -1,
 235, 266, 253, -1, 235, 253, 218, -1, 218, 253, 239, -1,
 218, 239, 207, -1, 207, 239, 226, -1, 207, 226, 195, -1,
 195, 226, 216, -1, 195, 216, 188, -1, 188, 216, 212, -1,
 188, 212, 183, -1, 183, 212, 210, -1, 183, 210, 187, -1,
 187, 210, 211, -1, 187, 211, 194, -1, 194, 211, 215, -1,
 194, 215, 206, -1, 206, 215, 225, -1, 206, 225, 217, -1,
 217, 225, 238, -1, 217, 238, 234, -1, 234, 238, 252, -1,
 234, 252, 254, -1, 254, 252, 265, -1, 254, 265, 275, -1,
 275, 265, 291, -1, 275, 291, 295, -1, 295, 291, 318, -1,
 295, 318, 324, -1, 324, 318, 338, -1, 324, 338, 348, -1,
 348, 338, 367, -1, 441, 453, 436, -1, 436, 453, 450, -1,
 436, 450, 427, -1, 427, 450, 438, -1, 427, 438, 398, -1,
 398, 438, 424, -1, 398, 424, 368, -1, 368, 424, 392, -1,
 368, 392, 339, -1, 339, 392, 358, -1, 339, 358, 319, -1,
 319, 358, 335, -1, 319, 335, 292, -1, 292, 335, 315, -1,
 292, 315, 266, -1, 266, 315, 294, -1, 266, 294, 253, -1,
 253, 294, 272, -1, 253, 272, 239, -1, 239, 272, 259, -1,
 239, 259, 226, -1, 226, 259, 249, -1, 226, 249, 216, -1,
 216, 249, 241, -1, 216, 241, 212, -1, 212, 241, 237, -1,
 212, 237, 210, -1, 210, 237, 233, -1, 210, 233, 211, -1,
 211, 233, 236, -1, 211, 236, 215, -1, 215, 236, 240, -1,
 215, 240, 225, -1, 225, 240, 248, -1, 225, 248, 238, -1,
 238, 248, 258, -1, 238, 258, 252, -1, 252, 258, 271, -1,
 252, 271, 265, -1, 265, 271, 293, -1, 265, 293, 291, -1,
 291, 293, 314, -1, 291, 314, 318, -1, 318, 314, 334, -1,
 318, 334, 338, -1, 338, 334, 357, -1, 338, 357, 367, -1,
 367, 357, 391, -1, 453, 468, 450, -1, 450, 468, 465, -1,
 450, 465, 438, -1, 438, 465, 457, -1, 438, 457, 424, -1,
 424, 457, 440, -1, 424, 440, 392, -1, 392, 440, 422, -1,
 392, 422, 358, -1, 358, 422, 388, -1, 358, 388, 335, -1,
 335, 388, 362, -1, 335, 362, 315, -1, 315, 362, 337, -1,
 315, 337, 294, -1, 294, 337, 323, -1, 294, 323, 272, -1,
 272, 323, 302, -1, 272, 302, 259, -1, 259, 302, 290, -1,
 259, 290, 249, -1, 249, 290, 284, -1, 249, 284, 241, -1,
 241, 284, 268, -1, 241, 268, 237, -1, 237, 268, 264, -1,
 237, 264, 233, -1, 233, 264, 262, -1, 233, 262, 236, -1,
 236, 262, 263, -1, 236, 263, 240, -1, 240, 263, 267, -1,
 240, 267, 248, -1, 248, 267, 283, -1, 248, 283, 258, -1,
 258, 283, 289, -1, 258, 289, 271, -1, 271, 289, 301, -1,
 271, 301, 293, -1, 293, 301, 322, -1, 293, 322, 314, -1,
 314, 322, 336, -1, 314, 336, 334, -1, 334, 336, 361, -1,
 334, 361, 357, -1, 357, 361, 387, -1, 357, 387, 391, -1,
 391, 387, 421, -1, 468, 479, 465, -1, 465, 479, 476, -1,
 465, 476, 457, -1, 457, 476, 470, -1, 457, 470, 440, -1,
 440, 470, 463, -1, 440, 463, 422, -1, 422, 463, 443, -1,
 422, 443, 388, -1, 388, 443, 429, -1, 388, 429, 362, -1,
 362, 429, 404, -1, 362, 404, 337, -1, 337, 404, 378, -1,
 337, 378, 323, -1, 323, 378, 353, -1, 323, 353, 302, -1,
 302, 353, 341, -1, 302, 341, 290, -1, 290, 341, 327, -1,
 290, 327, 284, -1, 284, 327, 321, -1, 284, 321, 268, -1,
 268, 321, 313, -1, 268, 313, 264, -1, 264, 313, 305, -1,
 264, 305, 262, -1, 262, 305, 303, -1, 262, 303, 263, -1,
 263, 303, 304, -1, 263, 304, 267, -1, 267, 304, 312, -1,
 267, 312, 283, -1, 283, 312, 320, -1, 283, 320, 289, -1,
 289, 320, 326, -1, 289, 326, 301, -1, 301, 326, 340, -1,
 301, 340, 322, -1, 322, 340, 352, -1, 322, 352, 336, -1,
 336, 352, 377, -1, 336, 377, 361, -1, 361, 377, 403, -1,
 361, 403, 387, -1, 387, 403, 428, -1, 387, 428, 421, -1,
 421, 428, 442, -1, 479, 490, 476, -1, 476, 490, 489, -1,
 476, 489, 470, -1, 470, 489, 485, -1, 470, 485, 463, -1,
 463, 485, 481, -1, 463, 481, 443, -1, 443, 481, 472, -1,
 443, 472, 429, -1, 429, 472, 461, -1, 429, 461, 404, -1,
 404, 461, 445, -1, 404, 445, 378, -1, 378, 445, 433, -1,
 378, 433, 353, -1, 353, 433, 417, -1, 353, 417, 341, -1,
 341, 417, 396, -1, 341, 396, 327, -1, 327, 396, 384, -1,
 327, 384, 321, -1, 321, 384, 372, -1, 321, 372, 313, -1,
 313, 372, 366, -1, 313, 366, 305, -1, 305, 366, 360, -1,
 305, 360, 303, -1, 303, 360, 356, -1, 303, 356, 304, -1,
 304, 356, 359, -1, 304, 359, 312, -1, 312, 359, 365, -1,
 312, 365, 320, -1, 320, 365, 371, -1, 320, 371, 326, -1,
 326, 371, 383, -1, 326, 383, 340, -1, 340, 383, 395, -1,
 340, 395, 352, -1, 352, 395, 416, -1, 352, 416, 377, -1,
 377, 416, 432, -1, 377, 432, 403, -1, 403, 432, 444, -1,
 403, 444, 428, -1, 428, 444, 460, -1, 428, 460, 442, -1,
 442, 460, 471, -1, 490, 501, 489, -1, 489, 501, 500, -1,
 489, 500, 485, -1, 485, 500, 496, -1, 485, 496, 481, -1,
 481, 496, 494, -1, 481, 494, 472, -1, 472, 494, 492, -1,
 472, 492, 461, -1, 461, 492, 487, -1, 461, 487, 445, -1,
 445, 487, 483, -1, 445, 483, 433, -1, 433, 483, 478, -1,
 433, 478, 417, -1, 417, 478, 474, -1, 417, 474, 396, -1,
 396, 474, 467, -1, 396, 467, 384, -1, 384, 467, 459, -1,
 384, 459, 372, -1, 372, 459, 455, -1, 372, 455, 366, -1,
 366, 455, 452, -1, 366, 452, 360, -1, 360, 452, 448, -1,
 360, 448, 356, -1, 356, 448, 446, -1, 356, 446, 359, -1,
 359, 446, 447, -1, 359, 447, 365, -1, 365, 447, 451, -1,
 365, 451, 371, -1, 371, 451, 454, -1, 371, 454, 383, -1,
 383, 454, 458, -1, 383, 458, 395, -1, 395, 458, 466, -1,
 395, 466, 416, -1, 416, 466, 473, -1, 416, 473, 432, -1,
 432, 473, 477, -1, 432, 477, 444, -1, 444, 477, 482, -1,
 444, 482, 460, -1, 460, 482, 486, -1, 460, 486, 471, -1,
 471, 486, 491, -1, 350, 342, 330, -1, 330, 342, 328, -1,
 330, 328, 308, -1, 521, 519, 486, -1, 486, 519, 517, -1,
 486, 517, 491, -1, 491, 517, 515, -1, 491, 515, 513, -1,
 350, 330, 354, -1, 354, 330, 332, -1, 354, 332, 363, -1,
 363, 332, 344, -1, 363, 344, 369, -1, 369, 344, 348, -1,
 369, 348, 379, -1, 379, 348, 367, -1, 379, 367, 397, -1,
 397, 367, 391, -1, 397, 391, 423, -1, 423, 391, 421, -1,
 423, 421, 439, -1, 439, 421, 442, -1, 439, 442, 462, -1,
 462, 442, 471, -1, 462, 471, 480, -1, 480, 471, 491, -1,
 480, 491, 493, -1, 493, 491, 513, -1, 493, 513, 511, -1,
 399, 381, 385, -1, 385, 381, 373, -1, 511, 495, 493, -1,
 493, 495, 484, -1, 493, 484, 480, -1, 480, 484, 469, -1,
 480, 469, 462, -1, 462, 469, 456, -1, 462, 456, 439, -1,
 439, 456, 437, -1, 439, 437, 423, -1, 423, 437, 426, -1,
 423, 426, 397, -1, 397, 426, 409, -1, 397, 409, 379, -1,
 379, 409, 393, -1, 379, 393, 369, -1, 369, 393, 389, -1,
 369, 389, 363, -1, 363, 389, 385, -1, 363, 385, 354, -1,
 354, 385, 373, -1, 354, 373, 350, -1, 414, 405, 407, -1,
 407, 405, 399, -1, 511, 509, 495, -1, 495, 509, 507, -1,
 495, 507, 505, -1, 399, 385, 407, -1, 407, 385, 389, -1,
 407, 389, 411, -1, 411, 389, 393, -1, 411, 393, 419, -1,
 419, 393, 409, -1, 419, 409, 430, -1, 430, 409, 426, -1,
 430, 426, 435, -1, 435, 426, 437, -1, 435, 437, 449, -1,
 449, 437, 456, -1, 449, 456, 464, -1, 464, 456, 469, -1,
 464, 469, 475, -1, 475, 469, 484, -1, 475, 484, 488, -1,
 488, 484, 495, -1, 488, 495, 499, -1, 499, 495, 505, -1,
 499, 505, 503, -1, 414, 407, 415, -1, 415, 407, 411, -1,
 415, 411, 418, -1, 418, 411, 419, -1, 418, 419, 425, -1,
 425, 419, 430, -1, 425, 430, 434, -1, 434, 430, 435, -1,
 434, 435, 441, -1, 441, 435, 449, -1, 441, 449, 453, -1,
 453, 449, 464, -1, 453, 464, 468, -1, 468, 464, 475, -1,
 468, 475, 479, -1, 479, 475, 488, -1, 479, 488, 490, -1,
 490, 488, 499, -1, 490, 499, 501, -1, 501, 499, 503, -1,
 501, 503, 502, -1, 401, 399, 405, -1, 401, 405, 413, -1,
 399, 401, 381, -1, 381, 401, 375, -1, 381, 375, 373, -1,
 373, 375, 350, -1, 350, 375, 346, -1, 350, 346, 342, -1,
 342, 346, 328, -1, 328, 346, 310, -1, 328, 310, 308, -1,
 308, 310, 297, -1, 297, 310, 279, -1, 297, 279, 277, -1,
 277, 279, 269, -1, 269, 279, 244, -1, 269, 244, 246, -1,
 246, 244, 227, -1, 227, 244, 221, -1, 227, 221, 223, -1,
 223, 221, 202, -1, 202, 221, 197, -1, 202, 197, 200, -1,
 130, 129, 136, -1, 200, 197, 181, -1, 181, 197, 191, -1,
 181, 191, 174, -1, 174, 191, 172, -1, 174, 172, 165, -1,
 165, 172, 163, -1, 165, 163, 159, -1, 159, 163, 157, -1,
 159, 157, 146, -1, 146, 157, 149, -1, 146, 149, 142, -1,
 142, 149, 140, -1, 142, 140, 136, -1, 136, 140, 139, -1,
 136, 139, 130, -1, 130, 128, 129, -1, 129, 128, 131, -1,
 129, 131, 137, -1, 137, 131, 141, -1, 137, 141, 143, -1,
 143, 141, 147, -1, 147, 141, 150, -1, 147, 150, 160, -1,
 160, 150, 158, -1, 160, 158, 166, -1, 166, 158, 164, -1,
 166, 164, 175, -1, 164, 173, 175, -1, 175, 173, 180, -1,
 175, 180, 182, -1, 182, 180, 186, -1, 182, 186, 201, -1,
 201, 186, 198, -1, 201, 198, 203, -1, 203, 198, 222, -1,
 245, 228, 222, -1, 222, 228, 224, -1, 222, 224, 203, -1,
 280, 270, 245, -1, 245, 270, 247, -1, 245, 247, 228, -1,
 311, 298, 280, -1, 280, 298, 278, -1, 280, 278, 270, -1,
 347, 329, 311, -1, 311, 329, 309, -1, 311, 309, 298, -1,
 376, 351, 347, -1, 347, 351, 343, -1, 347, 343, 329, -1,
 402, 382, 376, -1, 376, 382, 374, -1, 376, 374, 351, -1,
 405, 414, 413, -1, 413, 414, 406, -1, 413, 406, 402, -1,
 402, 406, 400, -1, 402, 400, 382, -1, 1095, 1094, 1076, -1,
 1095, 1076, 1077, -1, 1077, 1076, 1060, -1, 1077, 1060, 1061, -1,
 1061, 1060, 1044, -1, 1061, 1044, 1045, -1, 1045, 1044, 1028, -1,
 1045, 1028, 1029, -1, 1029, 1028, 1010, -1, 1029, 1010, 1011, -1,
 1011, 1010, 994, -1, 1011, 994, 995, -1, 995, 994, 974, -1,
 995, 974, 975, -1, 975, 974, 910, -1, 975, 910, 911, -1,
 975, 911, 918, -1, 995, 975, 982, -1, 1011, 995, 998, -1,
 1029, 1011, 1014, -1, 1045, 1029, 1032, -1, 1061, 1045, 1048, -1,
 1077, 1061, 1064, -1, 1095, 1077, 1080, -1, 975, 918, 982, -1,
 982, 918, 936, -1, 982, 936, 985, -1, 985, 936, 946, -1,
 985, 946, 987, -1, 987, 946, 951, -1, 987, 951, 989, -1,
 951, 960, 989, -1, 989, 960, 968, -1, 989, 968, 991, -1,
 968, 970, 991, -1, 991, 970, 979, -1, 991, 979, 993, -1,
 993, 979, 980, -1, 993, 980, 992, -1, 980, 978, 992, -1,
 992, 978, 969, -1, 992, 969, 990, -1, 990, 969, 959, -1,
 990, 959, 988, -1, 988, 959, 986, -1, 959, 952, 986, -1,
 986, 952, 945, -1, 986, 945, 984, -1, 984, 945, 937, -1,
 937, 929, 984, -1, 984, 929, 923, -1, 984, 923, 983, -1,
 983, 923, 912, -1, 983, 912, 976, -1, 995, 982, 998, -1,
 998, 982, 985, -1, 998, 985, 1001, -1, 1001, 985, 987, -1,
 1001, 987, 1003, -1, 1003, 987, 989, -1, 1003, 989, 1005, -1,
 1005, 989, 991, -1, 1005, 991, 1007, -1, 1007, 991, 993, -1,
 1007, 993, 1009, -1, 1009, 993, 992, -1, 1009, 992, 1008, -1,
 1008, 992, 990, -1, 1008, 990, 1006, -1, 1006, 990, 988, -1,
 1006, 988, 1004, -1, 1004, 988, 986, -1, 1004, 986, 1002, -1,
 1002, 986, 984, -1, 1002, 984, 1000, -1, 1000, 984, 983, -1,
 1000, 983, 999, -1, 999, 983, 976, -1, 999, 976, 996, -1,
 1011, 998, 1014, -1, 1014, 998, 1001, -1, 1014, 1001, 1019, -1,
 1019, 1001, 1003, -1, 1019, 1003, 1021, -1, 1021, 1003, 1005, -1,
 1021, 1005, 1023, -1, 1023, 1005, 1007, -1, 1023, 1007, 1025, -1,
 1025, 1007, 1009, -1, 1025, 1009, 1027, -1, 1027, 1009, 1008, -1,
 1027, 1008, 1026, -1, 1026, 1008, 1006, -1, 1026, 1006, 1024, -1,
 1024, 1006, 1004, -1, 1024, 1004, 1022, -1, 1022, 1004, 1002, -1,
 1022, 1002, 1020, -1, 1020, 1002, 1000, -1, 1020, 1000, 1018, -1,
 1018, 1000, 999, -1, 1018, 999, 1015, -1, 1015, 999, 996, -1,
 1015, 996, 1012, -1, 1029, 1014, 1032, -1, 1032, 1014, 1019, -1,
 1032, 1019, 1035, -1, 1035, 1019, 1021, -1, 1035, 1021, 1037, -1,
 1037, 1021, 1023, -1, 1037, 1023, 1039, -1, 1039, 1023, 1025, -1,
 1039, 1025, 1041, -1, 1041, 1025, 1027, -1, 1041, 1027, 1043, -1,
 1043, 1027, 1026, -1, 1043, 1026, 1042, -1, 1042, 1026, 1024, -1,
 1042, 1024, 1040, -1, 1040, 1024, 1022, -1, 1040, 1022, 1038, -1,
 1038, 1022, 1020, -1, 1038, 1020, 1036, -1, 1036, 1020, 1018, -1,
 1036, 1018, 1034, -1, 1034, 1018, 1015, -1, 1034, 1015, 1033, -1,
 1033, 1015, 1012, -1, 1033, 1012, 1030, -1, 1045, 1032, 1048, -1,
 1048, 1032, 1035, -1, 1048, 1035, 1051, -1, 1051, 1035, 1037, -1,
 1051, 1037, 1053, -1, 1053, 1037, 1039, -1, 1053, 1039, 1055, -1,
 1055, 1039, 1041, -1, 1055, 1041, 1057, -1, 1057, 1041, 1043, -1,
 1057, 1043, 1059, -1, 1059, 1043, 1042, -1, 1059, 1042, 1058, -1,
 1058, 1042, 1040, -1, 1058, 1040, 1056, -1, 1056, 1040, 1038, -1,
 1056, 1038, 1054, -1, 1054, 1038, 1036, -1, 1054, 1036, 1052, -1,
 1052, 1036, 1034, -1, 1052, 1034, 1050, -1, 1050, 1034, 1033, -1,
 1050, 1033, 1049, -1, 1049, 1033, 1030, -1, 1049, 1030, 1046, -1,
 1061, 1048, 1064, -1, 1064, 1048, 1051, -1, 1064, 1051, 1067, -1,
 1067, 1051, 1053, -1, 1067, 1053, 1069, -1, 1069, 1053, 1055, -1,
 1069, 1055, 1071, -1, 1071, 1055, 1057, -1, 1071, 1057, 1073, -1,
 1073, 1057, 1059, -1, 1073, 1059, 1075, -1, 1075, 1059, 1058, -1,
 1075, 1058, 1074, -1, 1074, 1058, 1056, -1, 1074, 1056, 1072, -1,
 1072, 1056, 1054, -1, 1072, 1054, 1070, -1, 1070, 1054, 1052, -1,
 1070, 1052, 1068, -1, 1068, 1052, 1050, -1, 1068, 1050, 1066, -1,
 1066, 1050, 1049, -1, 1066, 1049, 1065, -1, 1065, 1049, 1046, -1,
 1065, 1046, 1062, -1, 1077, 1064, 1080, -1, 1080, 1064, 1067, -1,
 1080, 1067, 1083, -1, 1083, 1067, 1069, -1, 1083, 1069, 1085, -1,
 1085, 1069, 1071, -1, 1085, 1071, 1087, -1, 1087, 1071, 1073, -1,
 1087, 1073, 1089, -1, 1089, 1073, 1075, -1, 1089, 1075, 1091, -1,
 1091, 1075, 1074, -1, 1091, 1074, 1090, -1, 1090, 1074, 1072, -1,
 1090, 1072, 1088, -1, 1088, 1072, 1070, -1, 1088, 1070, 1086, -1,
 1086, 1070, 1068, -1, 1086, 1068, 1084, -1, 1084, 1068, 1066, -1,
 1084, 1066, 1082, -1, 1082, 1066, 1065, -1, 1082, 1065, 1081, -1,
 1081, 1065, 1062, -1, 1081, 1062, 1078, -1, 1095, 1080, 1098, -1,
 1098, 1080, 1083, -1, 1098, 1083, 1101, -1, 1101, 1083, 1085, -1,
 1101, 1085, 1103, -1, 1103, 1085, 1087, -1, 1103, 1087, 1105, -1,
 1105, 1087, 1089, -1, 1105, 1089, 1107, -1, 1107, 1089, 1091, -1,
 1107, 1091, 1109, -1, 1109, 1091, 1090, -1, 1109, 1090, 1108, -1,
 1108, 1090, 1088, -1, 1108, 1088, 1106, -1, 1106, 1088, 1086, -1,
 1106, 1086, 1104, -1, 1104, 1086, 1084, -1, 1104, 1084, 1102, -1,
 1102, 1084, 1082, -1, 1102, 1082, 1100, -1, 1100, 1082, 1081, -1,
 1100, 1081, 1099, -1, 1099, 1081, 1078, -1, 1099, 1078, 1096, -1,
 1097, 1096, 1078, -1, 1097, 1078, 1079, -1, 1079, 1078, 1062, -1,
 1079, 1062, 1063, -1, 1063, 1062, 1046, -1, 1063, 1046, 1047, -1,
 1047, 1046, 1030, -1, 1047, 1030, 1031, -1, 1031, 1030, 1012, -1,
 1031, 1012, 1013, -1, 1013, 1012, 996, -1, 1013, 996, 997, -1,
 997, 996, 976, -1, 997, 976, 977, -1, 977, 976, 912, -1,
 977, 912, 913, -1, 197, 196, 132, -1, 197, 132, 133, -1,
 133, 132, 112, -1, 133, 112, 113, -1, 113, 112, 96, -1,
 113, 96, 97, -1, 97, 96, 78, -1, 97, 78, 79, -1,
 79, 78, 62, -1, 79, 62, 63, -1, 63, 62, 46, -1,
 63, 46, 47, -1, 47, 46, 30, -1, 47, 30, 31, -1,
 31, 30, 2, -1, 31, 2, 3, -1, 173, 164, 123, -1,
 191, 197, 127, -1, 127, 197, 133, -1, 127, 133, 111, -1,
 111, 133, 113, -1, 111, 113, 95, -1, 95, 113, 97, -1,
 95, 97, 77, -1, 77, 97, 79, -1, 77, 79, 61, -1,
 61, 79, 63, -1, 61, 63, 45, -1, 45, 63, 47, -1,
 45, 47, 29, -1, 29, 47, 31, -1, 29, 31, 6, -1,
 6, 31, 3, -1, 172, 191, 124, -1, 124, 191, 127, -1,
 124, 127, 108, -1, 108, 127, 111, -1, 108, 111, 90, -1,
 90, 111, 95, -1, 90, 95, 74, -1, 74, 95, 77, -1,
 74, 77, 58, -1, 58, 77, 61, -1, 58, 61, 42, -1,
 42, 61, 45, -1, 42, 45, 26, -1, 26, 45, 29, -1,
 26, 29, 9, -1, 9, 29, 6, -1, 163, 172, 122, -1,
 122, 172, 124, -1, 122, 124, 106, -1, 106, 124, 108, -1,
 106, 108, 88, -1, 88, 108, 90, -1, 88, 90, 72, -1,
 72, 90, 74, -1, 72, 74, 56, -1, 56, 74, 58, -1,
 56, 58, 40, -1, 40, 58, 42, -1, 40, 42, 24, -1,
 24, 42, 26, -1, 24, 26, 11, -1, 11, 26, 9, -1,
 11, 13, 24, -1, 24, 13, 22, -1, 24, 22, 40, -1,
 40, 22, 38, -1, 40, 38, 56, -1, 56, 38, 54, -1,
 56, 54, 72, -1, 72, 54, 70, -1, 72, 70, 88, -1,
 88, 70, 86, -1, 88, 86, 106, -1, 106, 86, 104, -1,
 106, 104, 122, -1, 122, 104, 120, -1, 139, 140, 120, -1,
 120, 140, 149, -1, 120, 149, 122, -1, 122, 149, 157, -1,
 122, 157, 163, -1, 15, 17, 20, -1, 20, 17, 18, -1,
 20, 18, 36, -1, 36, 18, 34, -1, 36, 34, 52, -1,
 52, 34, 50, -1, 52, 50, 68, -1, 68, 50, 66, -1,
 68, 66, 84, -1, 84, 66, 82, -1, 84, 82, 102, -1,
 102, 82, 100, -1, 102, 100, 118, -1, 118, 100, 116, -1,
 13, 15, 22, -1, 22, 15, 20, -1, 22, 20, 38, -1,
 38, 20, 36, -1, 38, 36, 54, -1, 54, 36, 52, -1,
 54, 52, 70, -1, 70, 52, 68, -1, 70, 68, 86, -1,
 86, 68, 84, -1, 86, 84, 104, -1, 104, 84, 102, -1,
 104, 102, 120, -1, 120, 102, 118, -1, 120, 118, 139, -1,
 139, 118, 116, -1, 131, 128, 116, -1, 116, 128, 130, -1,
 116, 130, 139, -1, 16, 14, 19, -1, 19, 14, 21, -1,
 19, 21, 35, -1, 35, 21, 37, -1, 35, 37, 51, -1,
 51, 37, 53, -1, 51, 53, 67, -1, 67, 53, 69, -1,
 67, 69, 83, -1, 83, 69, 85, -1, 83, 85, 101, -1,
 101, 85, 103, -1, 101, 103, 117, -1, 117, 103, 119, -1,
 14, 12, 21, -1, 21, 12, 23, -1, 21, 23, 37, -1,
 37, 23, 39, -1, 37, 39, 53, -1, 53, 39, 55, -1,
 53, 55, 69, -1, 69, 55, 71, -1, 69, 71, 85, -1,
 85, 71, 87, -1, 85, 87, 103, -1, 103, 87, 105, -1,
 103, 105, 119, -1, 119, 105, 121, -1, 17, 16, 18, -1,
 18, 16, 19, -1, 18, 19, 34, -1, 34, 19, 35, -1,
 34, 35, 50, -1, 50, 35, 51, -1, 50, 51, 66, -1,
 66, 51, 67, -1, 66, 67, 82, -1, 82, 67, 83, -1,
 82, 83, 100, -1, 100, 83, 101, -1, 100, 101, 116, -1,
 116, 101, 117, -1, 116, 117, 131, -1, 131, 117, 119, -1,
 131, 119, 141, -1, 141, 119, 121, -1, 141, 121, 150, -1,
 150, 121, 158, -1, 164, 158, 123, -1, 123, 158, 121, -1,
 123, 121, 107, -1, 107, 121, 105, -1, 107, 105, 89, -1,
 89, 105, 87, -1, 89, 87, 73, -1, 73, 87, 71, -1,
 73, 71, 57, -1, 57, 71, 55, -1, 57, 55, 41, -1,
 41, 55, 39, -1, 41, 39, 25, -1, 25, 39, 23, -1,
 25, 23, 10, -1, 10, 23, 12, -1, 180, 173, 125, -1,
 125, 173, 123, -1, 125, 123, 109, -1, 109, 123, 107, -1,
 109, 107, 91, -1, 91, 107, 89, -1, 91, 89, 75, -1,
 75, 89, 73, -1, 75, 73, 59, -1, 59, 73, 57, -1,
 59, 57, 43, -1, 43, 57, 41, -1, 43, 41, 27, -1,
 27, 41, 25, -1, 27, 25, 8, -1, 8, 25, 10, -1,
 186, 180, 126, -1, 126, 180, 125, -1, 126, 125, 110, -1,
 110, 125, 109, -1, 110, 109, 94, -1, 94, 109, 91, -1,
 94, 91, 76, -1, 76, 91, 75, -1, 76, 75, 60, -1,
 60, 75, 59, -1, 60, 59, 44, -1, 44, 59, 43, -1,
 44, 43, 28, -1, 28, 43, 27, -1, 28, 27, 7, -1,
 7, 27, 8, -1, 198, 186, 134, -1, 134, 186, 126, -1,
 134, 126, 114, -1, 114, 126, 110, -1, 114, 110, 98, -1,
 98, 110, 94, -1, 98, 94, 80, -1, 80, 94, 76, -1,
 80, 76, 64, -1, 64, 76, 60, -1, 64, 60, 48, -1,
 48, 60, 44, -1, 48, 44, 32, -1, 32, 44, 28, -1,
 32, 28, 4, -1, 4, 28, 7, -1, 199, 198, 134, -1,
 199, 134, 135, -1, 135, 134, 114, -1, 135, 114, 115, -1,
 115, 114, 98, -1, 115, 98, 99, -1, 99, 98, 80, -1,
 99, 80, 81, -1, 81, 80, 64, -1, 81, 64, 65, -1,
 65, 64, 48, -1, 65, 48, 49, -1, 49, 48, 32, -1,
 49, 32, 33, -1, 33, 32, 4, -1, 33, 4, 5, -1
]
normalIndex [
 463, 463, 463, -1, 463, 463, 463, -1, 463, 463, 463, -1,
 463, 463, 463, -1, 463, 463, 463, -1, 463, 463, 463, -1,
 463, 463, 463, -1, 463, 463, 463, -1, 463, 463, 463, -1,
 463, 463, 463, -1, 463, 463, 463, -1, 463, 463, 463, -1,
 463, 463, 463, -1, 463, 463, 463, -1, 463, 463, 463, -1,
 463, 463, 463, -1, 463, 463, 463, -1, 463, 463, 463, -1,
 463, 463, 463, -1, 463, 463, 463, -1, 463, 463, 463, -1,
 463, 463, 463, -1, 463, 463, 463, -1, 463, 463, 463, -1,
 463, 463, 463, -1, 463, 463, 463, -1, 463, 463, 463, -1,
 463, 463, 463, -1, 463, 463, 463, -1, 463, 463, 463, -1,
 463, 463, 463, -1, 463, 463, 463, -1, 463, 463, 463, -1,
 463, 463, 463, -1, 463, 463, 463, -1, 463, 463, 463, -1,
 0, 0, 0, -1, 0, 0, 0, -1, 0, 0, 0, -1,
 0, 0, 0, -1, 0, 0, 0, -1, 0, 0, 0, -1,
 0, 0, 0, -1, 0, 0, 0, -1, 0, 0, 0, -1,
 0, 0, 0, -1, 0, 0, 0, -1, 0, 0, 0, -1,
 0, 0, 0, -1, 0, 0, 0, -1, 0, 0, 0, -1,
 0, 0, 0, -1, 691, 691, 658, -1, 658, 691, 658, -1,
 658, 658, 625, -1, 625, 658, 625, -1, 625, 625, 597, -1,
 597, 625, 597, -1, 597, 597, 570, -1, 570, 597, 570, -1,
 570, 570, 520, -1, 520, 570, 520, -1, 520, 520, 479, -1,
 479, 520, 479, -1, 479, 479, 416, -1, 416, 479, 416, -1,
 416, 416, 400, -1, 400, 416, 400, -1, 400, 400, 359, -1,
 359, 400, 359, -1, 359, 359, 309, -1, 309, 359, 309, -1,
 309, 309, 282, -1, 282, 309, 282, -1, 282, 282, 254, -1,
 254, 282, 254, -1, 254, 254, 221, -1, 221, 254, 221, -1,
 221, 221, 188, -1, 188, 221, 188, -1, 879, 879, 879, -1,
 879, 879, 879, -1, 879, 879, 879, -1, 879, 879, 879, -1,
 879, 879, 879, -1, 879, 879, 879, -1, 879, 879, 879, -1,
 879, 879, 879, -1, 879, 879, 879, -1, 879, 879, 879, -1,
 879, 879, 879, -1, 879, 879, 879, -1, 879, 879, 879, -1,
 879, 879, 879, -1, 879, 879, 879, -1, 879, 879, 879, -1,
 440, 440, 440, -1, 440, 440, 440, -1, 440, 440, 440, -1,
 440, 440, 440, -1, 440, 440, 440, -1, 440, 440, 440, -1,
 440, 440, 440, -1, 440, 440, 440, -1, 440, 440, 440, -1,
 440, 440, 440, -1, 440, 440, 440, -1, 440, 440, 440, -1,
 440, 440, 440, -1, 440, 440, 440, -1, 440, 440, 440, -1,
 440, 440, 440, -1, 440, 440, 440, -1, 440, 440, 440, -1,
 440, 440, 440, -1, 440, 440, 440, -1, 440, 440, 440, -1,
 440, 440, 440, -1, 440, 440, 440, -1, 440, 440, 440, -1,
 440, 440, 440, -1, 440, 440, 440, -1, 440, 440, 440, -1,
 440, 440, 440, -1, 440, 440, 440, -1, 440, 440, 440, -1,
 440, 440, 440, -1, 439, 439, 439, -1, 439, 439, 439, -1,
 439, 439, 439, -1, 439, 439, 439, -1, 439, 439, 439, -1,
 439, 439, 439, -1, 439, 439, 439, -1, 439, 439, 439, -1,
 439, 439, 439, -1, 439, 439, 439, -1, 439, 439, 439, -1,
 439, 439, 439, -1, 439, 439, 439, -1, 439, 439, 439, -1,
 439, 439, 439, -1, 439, 439, 439, -1, 439, 439, 439, -1,
 439, 439, 439, -1, 439, 439, 439, -1, 439, 439, 439, -1,
 439, 439, 439, -1, 439, 439, 439, -1, 439, 439, 439, -1,
 439, 439, 439, -1, 439, 439, 439, -1, 439, 439, 439, -1,
 439, 439, 439, -1, 439, 439, 439, -1, 439, 439, 439, -1,
 439, 439, 439, -1, 439, 439, 439, -1, 18, 23, 0, -1,
 18, 21, 23, -1, 23, 21, 51, -1, 23, 51, 68, -1,
 51, 66, 68, -1, 68, 66, 95, -1, 68, 95, 131, -1,
 95, 131, 131, -1, 131, 131, 155, -1, 131, 155, 205, -1,
 155, 207, 205, -1, 205, 207, 223, -1, 205, 223, 300, -1,
 223, 302, 300, -1, 300, 302, 315, -1, 300, 315, 439, -1,
 315, 439, 439, -1, 439, 439, 563, -1, 439, 563, 578, -1,
 563, 576, 578, -1, 578, 576, 655, -1, 578, 655, 673, -1,
 673, 655, 671, -1, 673, 671, 694, -1, 694, 671, 723, -1,
 694, 723, 746, -1, 746, 723, 746, -1, 746, 746, 786, -1,
 786, 746, 783, -1, 786, 783, 810, -1, 810, 783, 812, -1,
 810, 812, 829, -1, 829, 812, 827, -1, 829, 827, 855, -1,
 855, 827, 857, -1, 855, 857, 859, -1, 859, 857, 860, -1,
 859, 860, 878, -1, 878, 860, 879, -1, 674, 711, 724, -1,
 724, 711, 745, -1, 724, 745, 747, -1, 747, 745, 747, -1,
 747, 747, 784, -1, 784, 747, 785, -1, 784, 785, 813, -1,
 813, 785, 811, -1, 813, 811, 828, -1, 828, 811, 826, -1,
 828, 826, 858, -1, 858, 826, 856, -1, 858, 856, 861, -1,
 861, 856, 877, -1, 861, 877, 879, -1, 879, 877, 879, -1,
 879, 879, 878, -1, 724, 672, 674, -1, 674, 672, 656, -1,
 674, 656, 579, -1, 656, 577, 579, -1, 579, 577, 564, -1,
 579, 564, 440, -1, 564, 440, 440, -1, 440, 440, 316, -1,
 440, 316, 301, -1, 316, 303, 301, -1, 301, 303, 224, -1,
 301, 224, 206, -1, 224, 208, 206, -1, 206, 208, 156, -1,
 206, 156, 132, -1, 156, 132, 132, -1, 132, 132, 96, -1,
 132, 96, 69, -1, 96, 67, 69, -1, 69, 67, 52, -1,
 69, 52, 24, -1, 52, 22, 24, -1, 24, 22, 19, -1,
 24, 19, 0, -1, 0, 19, 0, -1, 0, 0, 18, -1,
 26, 3, 0, -1, 416, 366, 418, -1, 418, 366, 369, -1,
 418, 369, 420, -1, 420, 369, 373, -1, 420, 373, 422, -1,
 0, 19, 26, -1, 26, 19, 22, -1, 26, 22, 55, -1,
 395, 428, 387, -1, 387, 428, 426, -1, 387, 426, 373, -1,
 373, 426, 424, -1, 373, 424, 422, -1, 22, 52, 55, -1,
 55, 52, 67, -1, 55, 67, 100, -1, 100, 67, 96, -1,
 100, 96, 160, -1, 160, 96, 132, -1, 407, 432, 395, -1,
 395, 432, 430, -1, 395, 430, 428, -1, 132, 156, 160, -1,
 160, 156, 208, -1, 160, 208, 227, -1, 412, 436, 407, -1,
 407, 436, 434, -1, 407, 434, 432, -1, 208, 224, 227, -1,
 227, 224, 303, -1, 227, 303, 322, -1, 322, 303, 316, -1,
 322, 316, 440, -1, 440, 316, 440, -1, 440, 440, 558, -1,
 473, 444, 468, -1, 468, 444, 442, -1, 468, 442, 440, -1,
 440, 442, 440, -1, 440, 440, 412, -1, 412, 440, 438, -1,
 412, 438, 436, -1, 440, 564, 558, -1, 558, 564, 577, -1,
 558, 577, 653, -1, 485, 448, 473, -1, 473, 448, 446, -1,
 473, 446, 444, -1, 577, 656, 653, -1, 653, 656, 672, -1,
 653, 672, 720, -1, 493, 452, 485, -1, 485, 452, 450, -1,
 485, 450, 448, -1, 672, 724, 720, -1, 720, 724, 747, -1,
 720, 747, 780, -1, 507, 456, 493, -1, 493, 456, 454, -1,
 493, 454, 452, -1, 747, 784, 780, -1, 780, 784, 813, -1,
 780, 813, 825, -1, 511, 460, 507, -1, 507, 460, 458, -1,
 507, 458, 456, -1, 813, 828, 825, -1, 825, 828, 858, -1,
 825, 858, 854, -1, 854, 858, 861, -1, 854, 861, 876, -1,
 876, 861, 879, -1, 876, 879, 853, -1, 506, 459, 510, -1,
 510, 459, 461, -1, 510, 461, 513, -1, 513, 461, 463, -1,
 513, 463, 511, -1, 511, 463, 462, -1, 511, 462, 460, -1,
 879, 860, 853, -1, 853, 860, 857, -1, 853, 857, 824, -1,
 492, 455, 506, -1, 506, 455, 457, -1, 506, 457, 459, -1,
 857, 827, 824, -1, 824, 827, 812, -1, 824, 812, 779, -1,
 484, 451, 492, -1, 492, 451, 453, -1, 492, 453, 455, -1,
 812, 783, 779, -1, 779, 783, 746, -1, 779, 746, 719, -1,
 472, 447, 484, -1, 484, 447, 449, -1, 484, 449, 451, -1,
 746, 723, 719, -1, 719, 723, 671, -1, 719, 671, 652, -1,
 467, 443, 472, -1, 472, 443, 445, -1, 472, 445, 447, -1,
 671, 655, 652, -1, 652, 655, 576, -1, 652, 576, 557, -1,
 557, 576, 563, -1, 557, 563, 439, -1, 439, 563, 439, -1,
 439, 439, 321, -1, 406, 435, 411, -1, 411, 435, 437, -1,
 411, 437, 439, -1, 439, 437, 439, -1, 439, 439, 467, -1,
 467, 439, 441, -1, 467, 441, 443, -1, 439, 315, 321, -1,
 321, 315, 302, -1, 321, 302, 226, -1, 394, 431, 406, -1,
 406, 431, 433, -1, 406, 433, 435, -1, 366, 289, 369, -1,
 369, 289, 292, -1, 369, 292, 373, -1, 373, 292, 306, -1,
 373, 306, 387, -1, 387, 306, 318, -1, 387, 318, 395, -1,
 395, 318, 350, -1, 395, 350, 407, -1, 407, 350, 379, -1,
 407, 379, 412, -1, 412, 379, 403, -1, 412, 403, 440, -1,
 440, 403, 440, -1, 440, 440, 468, -1, 468, 440, 477, -1,
 468, 477, 473, -1, 473, 477, 501, -1, 473, 501, 485, -1,
 485, 501, 530, -1, 485, 530, 493, -1, 493, 530, 562, -1,
 493, 562, 507, -1, 507, 562, 574, -1, 507, 574, 511, -1,
 511, 574, 588, -1, 511, 588, 513, -1, 513, 588, 590, -1,
 513, 590, 510, -1, 510, 590, 587, -1, 510, 587, 506, -1,
 506, 587, 573, -1, 506, 573, 492, -1, 492, 573, 561, -1,
 492, 561, 484, -1, 484, 561, 529, -1, 484, 529, 472, -1,
 472, 529, 500, -1, 472, 500, 467, -1, 467, 500, 476, -1,
 467, 476, 439, -1, 439, 476, 439, -1, 439, 439, 411, -1,
 411, 439, 402, -1, 411, 402, 406, -1, 406, 402, 378, -1,
 406, 378, 394, -1, 394, 378, 349, -1, 289, 238, 292, -1,
 292, 238, 246, -1, 292, 246, 306, -1, 306, 246, 257, -1,
 306, 257, 318, -1, 318, 257, 279, -1, 318, 279, 350, -1,
 350, 279, 297, -1, 350, 297, 379, -1, 379, 297, 346, -1,
 379, 346, 403, -1, 403, 346, 391, -1, 403, 391, 440, -1,
 440, 391, 440, -1, 440, 440, 477, -1, 477, 440, 489, -1,
 477, 489, 501, -1, 501, 489, 534, -1, 501, 534, 530, -1,
 530, 534, 583, -1, 530, 583, 562, -1, 562, 583, 601, -1,
 562, 601, 574, -1, 574, 601, 623, -1, 574, 623, 588, -1,
 588, 623, 634, -1, 588, 634, 590, -1, 590, 634, 641, -1,
 590, 641, 587, -1, 587, 641, 633, -1, 587, 633, 573, -1,
 573, 633, 622, -1, 573, 622, 561, -1, 561, 622, 600, -1,
 561, 600, 529, -1, 529, 600, 582, -1, 529, 582, 500, -1,
 500, 582, 533, -1, 500, 533, 476, -1, 476, 533, 488, -1,
 476, 488, 439, -1, 439, 488, 439, -1, 439, 439, 402, -1,
 402, 439, 390, -1, 402, 390, 378, -1, 378, 390, 345, -1,
 378, 345, 349, -1, 349, 345, 296, -1, 238, 186, 246, -1,
 246, 186, 190, -1, 246, 190, 257, -1, 257, 190, 212, -1,
 257, 212, 279, -1, 279, 212, 231, -1, 279, 231, 297, -1,
 297, 231, 269, -1, 297, 269, 346, -1, 346, 269, 311, -1,
 346, 311, 391, -1, 391, 311, 383, -1, 391, 383, 440, -1,
 440, 383, 440, -1, 440, 440, 489, -1, 489, 440, 497, -1,
 489, 497, 534, -1, 534, 497, 569, -1, 534, 569, 583, -1,
 583, 569, 611, -1, 583, 611, 601, -1, 601, 611, 649, -1,
 601, 649, 623, -1, 623, 649, 668, -1, 623, 668, 634, -1,
 634, 668, 690, -1, 634, 690, 641, -1, 641, 690, 693, -1,
 641, 693, 633, -1, 633, 693, 689, -1, 633, 689, 622, -1,
 622, 689, 667, -1, 622, 667, 600, -1, 600, 667, 648, -1,
 600, 648, 582, -1, 582, 648, 610, -1, 582, 610, 533, -1,
 533, 610, 568, -1, 533, 568, 488, -1, 488, 568, 496, -1,
 488, 496, 439, -1, 439, 496, 439, -1, 439, 439, 390, -1,
 390, 439, 382, -1, 390, 382, 345, -1, 345, 382, 310, -1,
 345, 310, 296, -1, 296, 310, 268, -1, 186, 144, 190, -1,
 190, 144, 150, -1, 190, 150, 212, -1, 212, 150, 175, -1,
 212, 175, 231, -1, 231, 175, 200, -1, 231, 200, 269, -1,
 269, 200, 242, -1, 269, 242, 311, -1, 311, 242, 286, -1,
 311, 286, 383, -1, 383, 286, 363, -1, 383, 363, 440, -1,
 440, 363, 440, -1, 440, 440, 497, -1, 497, 440, 517, -1,
 497, 517, 569, -1, 569, 517, 594, -1, 569, 594, 611, -1,
 611, 594, 638, -1, 611, 638, 649, -1, 649, 638, 680, -1,
 649, 680, 668, -1, 668, 680, 705, -1, 668, 705, 690, -1,
 690, 705, 730, -1, 690, 730, 693, -1, 693, 730, 735, -1,
 693, 735, 689, -1, 689, 735, 729, -1, 689, 729, 667, -1,
 667, 729, 704, -1, 667, 704, 648, -1, 648, 704, 679, -1,
 648, 679, 610, -1, 610, 679, 637, -1, 610, 637, 568, -1,
 568, 637, 593, -1, 568, 593, 496, -1, 496, 593, 516, -1,
 496, 516, 439, -1, 439, 516, 439, -1, 439, 439, 382, -1,
 382, 439, 362, -1, 382, 362, 310, -1, 310, 362, 285, -1,
 310, 285, 268, -1, 268, 285, 241, -1, 144, 111, 150, -1,
 150, 111, 120, -1, 150, 120, 175, -1, 175, 120, 136, -1,
 175, 136, 200, -1, 200, 136, 171, -1, 200, 171, 242, -1,
 242, 171, 216, -1, 242, 216, 286, -1, 286, 216, 275, -1,
 286, 275, 363, -1, 363, 275, 354, -1, 363, 354, 440, -1,
 440, 354, 440, -1, 440, 440, 517, -1, 517, 440, 526, -1,
 517, 526, 594, -1, 594, 526, 605, -1, 594, 605, 638, -1,
 638, 605, 664, -1, 638, 664, 680, -1, 680, 664, 709, -1,
 680, 709, 705, -1, 705, 709, 744, -1, 705, 744, 730, -1,
 730, 744, 760, -1, 730, 760, 735, -1, 735, 760, 768, -1,
 735, 768, 729, -1, 729, 768, 759, -1, 729, 759, 704, -1,
 704, 759, 743, -1, 704, 743, 679, -1, 679, 743, 708, -1,
 679, 708, 637, -1, 637, 708, 663, -1, 637, 663, 593, -1,
 593, 663, 604, -1, 593, 604, 516, -1, 516, 604, 525, -1,
 516, 525, 439, -1, 439, 525, 439, -1, 439, 439, 362, -1,
 362, 439, 353, -1, 362, 353, 285, -1, 285, 353, 274, -1,
 285, 274, 241, -1, 241, 274, 215, -1, 111, 80, 120, -1,
 120, 80, 86, -1, 120, 86, 136, -1, 136, 86, 108, -1,
 136, 108, 171, -1, 171, 108, 140, -1, 171, 140, 216, -1,
 216, 140, 194, -1, 216, 194, 275, -1, 275, 194, 261, -1,
 275, 261, 354, -1, 354, 261, 340, -1, 354, 340, 440, -1,
 440, 340, 440, -1, 440, 440, 526, -1, 526, 440, 540, -1,
 526, 540, 605, -1, 605, 540, 619, -1, 605, 619, 664, -1,
 664, 619, 686, -1, 664, 686, 709, -1, 709, 686, 740, -1,
 709, 740, 744, -1, 744, 740, 772, -1, 744, 772, 760, -1,
 760, 772, 794, -1, 760, 794, 768, -1, 768, 794, 799, -1,
 768, 799, 759, -1, 759, 799, 793, -1, 759, 793, 743, -1,
 743, 793, 771, -1, 743, 771, 708, -1, 708, 771, 739, -1,
 708, 739, 663, -1, 663, 739, 685, -1, 663, 685, 604, -1,
 604, 685, 618, -1, 604, 618, 525, -1, 525, 618, 539, -1,
 525, 539, 439, -1, 439, 539, 439, -1, 439, 439, 353, -1,
 353, 439, 339, -1, 353, 339, 274, -1, 274, 339, 260, -1,
 274, 260, 215, -1, 215, 260, 193, -1, 80, 48, 86, -1,
 86, 48, 59, -1, 86, 59, 108, -1, 108, 59, 90, -1,
 108, 90, 140, -1, 140, 90, 128, -1, 140, 128, 194, -1,
 194, 128, 180, -1, 194, 180, 261, -1, 261, 180, 251, -1,
 261, 251, 340, -1, 340, 251, 331, -1, 340, 331, 440, -1,
 440, 331, 440, -1, 440, 440, 540, -1, 540, 440, 549, -1,
 540, 549, 619, -1, 619, 549, 629, -1, 619, 629, 686, -1,
 686, 629, 700, -1, 686, 700, 740, -1, 740, 700, 752, -1,
 740, 752, 772, -1, 772, 752, 790, -1, 772, 790, 794, -1,
 794, 790, 821, -1, 794, 821, 799, -1, 799, 821, 831, -1,
 799, 831, 793, -1, 793, 831, 820, -1, 793, 820, 771, -1,
 771, 820, 789, -1, 771, 789, 739, -1, 739, 789, 751, -1,
 739, 751, 685, -1, 685, 751, 699, -1, 685, 699, 618, -1,
 618, 699, 628, -1, 618, 628, 539, -1, 539, 628, 548, -1,
 539, 548, 439, -1, 439, 548, 439, -1, 439, 439, 339, -1,
 339, 439, 330, -1, 339, 330, 260, -1, 260, 330, 250, -1,
 260, 250, 193, -1, 193, 250, 179, -1, 48, 29, 59, -1,
 59, 29, 38, -1, 59, 38, 90, -1, 90, 38, 71, -1,
 90, 71, 128, -1, 128, 71, 114, -1, 128, 114, 180, -1,
 180, 114, 164, -1, 180, 164, 251, -1, 251, 164, 235, -1,
 251, 235, 331, -1, 331, 235, 326, -1, 331, 326, 440, -1,
 440, 326, 440, -1, 440, 440, 549, -1, 549, 440, 554, -1,
 549, 554, 629, -1, 629, 554, 645, -1, 629, 645, 700, -1,
 700, 645, 716, -1, 700, 716, 752, -1, 752, 716, 766, -1,
 752, 766, 790, -1, 790, 766, 809, -1, 790, 809, 821, -1,
 821, 809, 842, -1, 821, 842, 831, -1, 831, 842, 850, -1,
 831, 850, 820, -1, 820, 850, 841, -1, 820, 841, 789, -1,
 789, 841, 808, -1, 789, 808, 751, -1, 751, 808, 765, -1,
 751, 765, 699, -1, 699, 765, 715, -1, 699, 715, 628, -1,
 628, 715, 644, -1, 628, 644, 548, -1, 548, 644, 553, -1,
 548, 553, 439, -1, 439, 553, 439, -1, 439, 439, 330, -1,
 330, 439, 325, -1, 330, 325, 250, -1, 250, 325, 234, -1,
 250, 234, 179, -1, 179, 234, 163, -1, 29, 3, 38, -1,
 38, 3, 26, -1, 38, 26, 71, -1, 71, 26, 55, -1,
 71, 55, 114, -1, 114, 55, 100, -1, 114, 100, 164, -1,
 164, 100, 160, -1, 164, 160, 235, -1, 235, 160, 227, -1,
 235, 227, 326, -1, 326, 227, 322, -1, 326, 322, 440, -1,
 440, 322, 440, -1, 440, 440, 554, -1, 554, 440, 558, -1,
 554, 558, 645, -1, 645, 558, 653, -1, 645, 653, 716, -1,
 716, 653, 720, -1, 716, 720, 766, -1, 766, 720, 780, -1,
 766, 780, 809, -1, 809, 780, 825, -1, 809, 825, 842, -1,
 842, 825, 854, -1, 842, 854, 850, -1, 850, 854, 876, -1,
 850, 876, 841, -1, 841, 876, 853, -1, 841, 853, 808, -1,
 808, 853, 824, -1, 808, 824, 765, -1, 765, 824, 779, -1,
 765, 779, 715, -1, 715, 779, 719, -1, 715, 719, 644, -1,
 644, 719, 652, -1, 644, 652, 553, -1, 553, 652, 557, -1,
 553, 557, 439, -1, 439, 557, 439, -1, 439, 439, 325, -1,
 325, 439, 321, -1, 325, 321, 234, -1, 234, 321, 226, -1,
 234, 226, 163, -1, 163, 226, 159, -1, 425, 427, 394, -1,
 394, 427, 429, -1, 394, 429, 431, -1, 302, 223, 226, -1,
 226, 223, 207, -1, 226, 207, 159, -1, 159, 207, 155, -1,
 159, 155, 131, -1, 425, 394, 386, -1, 386, 394, 349, -1,
 386, 349, 317, -1, 317, 349, 296, -1, 317, 296, 278, -1,
 278, 296, 268, -1, 278, 268, 230, -1, 230, 268, 241, -1,
 230, 241, 199, -1, 199, 241, 215, -1, 199, 215, 170, -1,
 170, 215, 193, -1, 170, 193, 139, -1, 139, 193, 179, -1,
 139, 179, 127, -1, 127, 179, 163, -1, 127, 163, 113, -1,
 113, 163, 159, -1, 113, 159, 99, -1, 99, 159, 131, -1,
 99, 131, 95, -1, 419, 421, 372, -1, 372, 421, 423, -1,
 95, 54, 99, -1, 99, 54, 70, -1, 99, 70, 113, -1,
 113, 70, 89, -1, 113, 89, 127, -1, 127, 89, 107, -1,
 127, 107, 139, -1, 139, 107, 135, -1, 139, 135, 170, -1,
 170, 135, 174, -1, 170, 174, 199, -1, 199, 174, 211, -1,
 199, 211, 230, -1, 230, 211, 256, -1, 230, 256, 278, -1,
 278, 256, 305, -1, 278, 305, 317, -1, 317, 305, 372, -1,
 317, 372, 386, -1, 386, 372, 423, -1, 386, 423, 425, -1,
 416, 417, 368, -1, 368, 417, 419, -1, 95, 66, 54, -1,
 54, 66, 51, -1, 54, 51, 21, -1, 419, 372, 368, -1,
 368, 372, 305, -1, 368, 305, 291, -1, 291, 305, 256, -1,
 291, 256, 245, -1, 245, 256, 211, -1, 245, 211, 189, -1,
 189, 211, 174, -1, 189, 174, 149, -1, 149, 174, 135, -1,
 149, 135, 119, -1, 119, 135, 107, -1, 119, 107, 85, -1,
 85, 107, 89, -1, 85, 89, 58, -1, 58, 89, 70, -1,
 58, 70, 37, -1, 37, 70, 54, -1, 37, 54, 25, -1,
 25, 54, 21, -1, 25, 21, 18, -1, 416, 368, 366, -1,
 366, 368, 291, -1, 366, 291, 289, -1, 289, 291, 245, -1,
 289, 245, 238, -1, 238, 245, 189, -1, 238, 189, 186, -1,
 186, 189, 149, -1, 186, 149, 144, -1, 144, 149, 119, -1,
 144, 119, 111, -1, 111, 119, 85, -1, 111, 85, 80, -1,
 80, 85, 58, -1, 80, 58, 48, -1, 48, 58, 37, -1,
 48, 37, 29, -1, 29, 37, 25, -1, 29, 25, 3, -1,
 3, 25, 18, -1, 3, 18, 0, -1, 442, 442, 440, -1,
 440, 442, 440, -1, 440, 440, 438, -1, 438, 440, 438, -1,
 438, 438, 436, -1, 436, 438, 436, -1, 436, 436, 434, -1,
 434, 436, 434, -1, 434, 434, 432, -1, 432, 434, 432, -1,
 432, 432, 430, -1, 430, 432, 430, -1, 430, 430, 428, -1,
 428, 430, 428, -1, 428, 428, 426, -1, 426, 428, 426, -1,
 426, 426, 424, -1, 424, 426, 424, -1, 424, 424, 422, -1,
 422, 424, 422, -1, 422, 422, 420, -1, 420, 422, 420, -1,
 420, 420, 418, -1, 418, 420, 418, -1, 418, 418, 416, -1,
 416, 418, 416, -1, 416, 416, 417, -1, 417, 416, 417, -1,
 417, 417, 419, -1, 419, 417, 419, -1, 419, 419, 421, -1,
 421, 419, 421, -1, 421, 421, 423, -1, 423, 421, 423, -1,
 423, 423, 425, -1, 425, 423, 425, -1, 425, 425, 427, -1,
 427, 425, 427, -1, 427, 427, 429, -1, 429, 427, 429, -1,
 429, 429, 431, -1, 431, 429, 431, -1, 431, 431, 433, -1,
 433, 431, 433, -1, 433, 433, 435, -1, 435, 433, 435, -1,
 435, 435, 437, -1, 437, 435, 437, -1, 437, 437, 439, -1,
 439, 437, 439, -1, 439, 439, 441, -1, 441, 439, 441, -1,
 441, 441, 443, -1, 443, 441, 443, -1, 443, 443, 445, -1,
 445, 443, 445, -1, 445, 445, 447, -1, 447, 445, 447, -1,
 447, 447, 449, -1, 449, 447, 449, -1, 449, 449, 451, -1,
 451, 449, 451, -1, 451, 451, 453, -1, 453, 451, 453, -1,
 453, 453, 455, -1, 455, 453, 455, -1, 455, 455, 457, -1,
 457, 455, 457, -1, 457, 457, 459, -1, 459, 457, 459, -1,
 459, 459, 461, -1, 461, 459, 461, -1, 461, 461, 463, -1,
 463, 461, 463, -1, 463, 463, 462, -1, 462, 463, 462, -1,
 462, 462, 460, -1, 460, 462, 460, -1, 460, 460, 458, -1,
 458, 460, 458, -1, 458, 458, 456, -1, 456, 458, 456, -1,
 456, 456, 454, -1, 454, 456, 454, -1, 454, 454, 452, -1,
 452, 454, 452, -1, 452, 452, 450, -1, 450, 452, 450, -1,
 450, 450, 448, -1, 448, 450, 448, -1, 448, 448, 446, -1,
 446, 448, 446, -1, 446, 446, 444, -1, 444, 446, 444, -1,
 444, 444, 442, -1, 442, 444, 442, -1, 509, 512, 416, -1,
 879, 875, 861, -1, 861, 875, 852, -1, 861, 852, 858, -1,
 858, 852, 823, -1, 858, 823, 828, -1, 416, 418, 509, -1,
 509, 418, 420, -1, 509, 420, 505, -1, 718, 747, 778, -1,
 778, 747, 784, -1, 778, 784, 823, -1, 823, 784, 813, -1,
 823, 813, 828, -1, 420, 422, 505, -1, 505, 422, 424, -1,
 505, 424, 491, -1, 491, 424, 426, -1, 491, 426, 483, -1,
 483, 426, 428, -1, 651, 672, 718, -1, 718, 672, 724, -1,
 718, 724, 747, -1, 428, 430, 483, -1, 483, 430, 432, -1,
 483, 432, 471, -1, 556, 577, 651, -1, 651, 577, 656, -1,
 651, 656, 672, -1, 432, 434, 471, -1, 471, 434, 436, -1,
 471, 436, 466, -1, 466, 436, 438, -1, 466, 438, 440, -1,
 440, 438, 440, -1, 440, 440, 414, -1, 229, 303, 324, -1,
 324, 303, 316, -1, 324, 316, 440, -1, 440, 316, 440, -1,
 440, 440, 556, -1, 556, 440, 564, -1, 556, 564, 577, -1,
 440, 442, 414, -1, 414, 442, 444, -1, 414, 444, 409, -1,
 162, 208, 229, -1, 229, 208, 224, -1, 229, 224, 303, -1,
 444, 446, 409, -1, 409, 446, 448, -1, 409, 448, 397, -1,
 102, 132, 162, -1, 162, 132, 156, -1, 162, 156, 208, -1,
 448, 450, 397, -1, 397, 450, 452, -1, 397, 452, 389, -1,
 57, 67, 102, -1, 102, 67, 96, -1, 102, 96, 132, -1,
 452, 454, 389, -1, 389, 454, 456, -1, 389, 456, 375, -1,
 28, 22, 57, -1, 57, 22, 52, -1, 57, 52, 67, -1,
 456, 458, 375, -1, 375, 458, 460, -1, 375, 460, 371, -1,
 371, 460, 462, -1, 371, 462, 367, -1, 367, 462, 463, -1,
 367, 463, 370, -1, 56, 21, 27, -1, 27, 21, 18, -1,
 27, 18, 4, -1, 4, 18, 0, -1, 4, 0, 28, -1,
 28, 0, 19, -1, 28, 19, 22, -1, 463, 461, 370, -1,
 370, 461, 459, -1, 370, 459, 374, -1, 101, 66, 56, -1,
 56, 66, 51, -1, 56, 51, 21, -1, 459, 457, 374, -1,
 374, 457, 455, -1, 374, 455, 388, -1, 161, 131, 101, -1,
 101, 131, 95, -1, 101, 95, 66, -1, 455, 453, 388, -1,
 388, 453, 451, -1, 388, 451, 396, -1, 228, 207, 161, -1,
 161, 207, 155, -1, 161, 155, 131, -1, 451, 449, 396, -1,
 396, 449, 447, -1, 396, 447, 408, -1, 323, 302, 228, -1,
 228, 302, 223, -1, 228, 223, 207, -1, 447, 445, 408, -1,
 408, 445, 443, -1, 408, 443, 413, -1, 413, 443, 441, -1,
 413, 441, 439, -1, 439, 441, 439, -1, 439, 439, 465, -1,
 650, 576, 555, -1, 555, 576, 563, -1, 555, 563, 439, -1,
 439, 563, 439, -1, 439, 439, 323, -1, 323, 439, 315, -1,
 323, 315, 302, -1, 439, 437, 465, -1, 465, 437, 435, -1,
 465, 435, 470, -1, 717, 671, 650, -1, 650, 671, 655, -1,
 650, 655, 576, -1, 875, 849, 852, -1, 852, 849, 840, -1,
 852, 840, 823, -1, 823, 840, 807, -1, 823, 807, 778, -1,
 778, 807, 764, -1, 778, 764, 718, -1, 718, 764, 714, -1,
 718, 714, 651, -1, 651, 714, 643, -1, 651, 643, 556, -1,
 556, 643, 552, -1, 556, 552, 440, -1, 440, 552, 440, -1,
 440, 440, 324, -1, 324, 440, 328, -1, 324, 328, 229, -1,
 229, 328, 237, -1, 229, 237, 162, -1, 162, 237, 166, -1,
 162, 166, 102, -1, 102, 166, 116, -1, 102, 116, 57, -1,
 57, 116, 73, -1, 57, 73, 28, -1, 28, 73, 40, -1,
 28, 40, 4, -1, 4, 40, 30, -1, 4, 30, 27, -1,
 27, 30, 39, -1, 27, 39, 56, -1, 56, 39, 72, -1,
 56, 72, 101, -1, 101, 72, 115, -1, 101, 115, 161, -1,
 161, 115, 165, -1, 161, 165, 228, -1, 228, 165, 236, -1,
 228, 236, 323, -1, 323, 236, 327, -1, 323, 327, 439, -1,
 439, 327, 439, -1, 439, 439, 555, -1, 555, 439, 551, -1,
 555, 551, 650, -1, 650, 551, 642, -1, 650, 642, 717, -1,
 717, 642, 713, -1, 849, 830, 840, -1, 840, 830, 819, -1,
 840, 819, 807, -1, 807, 819, 788, -1, 807, 788, 764, -1,
 764, 788, 750, -1, 764, 750, 714, -1, 714, 750, 698, -1,
 714, 698, 643, -1, 643, 698, 627, -1, 643, 627, 552, -1,
 552, 627, 547, -1, 552, 547, 440, -1, 440, 547, 440, -1,
 440, 440, 328, -1, 328, 440, 333, -1, 328, 333, 237, -1,
 237, 333, 253, -1, 237, 253, 166, -1, 166, 253, 182, -1,
 166, 182, 116, -1, 116, 182, 130, -1, 116, 130, 73, -1,
 73, 130, 92, -1, 73, 92, 40, -1, 40, 92, 61, -1,
 40, 61, 30, -1, 30, 61, 49, -1, 30, 49, 39, -1,
 39, 49, 60, -1, 39, 60, 72, -1, 72, 60, 91, -1,
 72, 91, 115, -1, 115, 91, 129, -1, 115, 129, 165, -1,
 165, 129, 181, -1, 165, 181, 236, -1, 236, 181, 252, -1,
 236, 252, 327, -1, 327, 252, 332, -1, 327, 332, 439, -1,
 439, 332, 439, -1, 439, 439, 551, -1, 551, 439, 546, -1,
 551, 546, 642, -1, 642, 546, 626, -1, 642, 626, 713, -1,
 713, 626, 697, -1, 830, 798, 819, -1, 819, 798, 792, -1,
 819, 792, 788, -1, 788, 792, 770, -1, 788, 770, 750, -1,
 750, 770, 738, -1, 750, 738, 698, -1, 698, 738, 684, -1,
 698, 684, 627, -1, 627, 684, 617, -1, 627, 617, 547, -1,
 547, 617, 538, -1, 547, 538, 440, -1, 440, 538, 440, -1,
 440, 440, 333, -1, 333, 440, 342, -1, 333, 342, 253, -1,
 253, 342, 263, -1, 253, 263, 182, -1, 182, 263, 196, -1,
 182, 196, 130, -1, 130, 196, 142, -1, 130, 142, 92, -1,
 92, 142, 110, -1, 92, 110, 61, -1, 61, 110, 88, -1,
 61, 88, 49, -1, 49, 88, 81, -1, 49, 81, 60, -1,
 60, 81, 87, -1, 60, 87, 91, -1, 91, 87, 109, -1,
 91, 109, 129, -1, 129, 109, 141, -1, 129, 141, 181, -1,
 181, 141, 195, -1, 181, 195, 252, -1, 252, 195, 262, -1,
 252, 262, 332, -1, 332, 262, 341, -1, 332, 341, 439, -1,
 439, 341, 439, -1, 439, 439, 546, -1, 546, 439, 537, -1,
 546, 537, 626, -1, 626, 537, 616, -1, 626, 616, 697, -1,
 697, 616, 683, -1, 798, 767, 792, -1, 792, 767, 758, -1,
 792, 758, 770, -1, 770, 758, 742, -1, 770, 742, 738, -1,
 738, 742, 707, -1, 738, 707, 684, -1, 684, 707, 662, -1,
 684, 662, 617, -1, 617, 662, 603, -1, 617, 603, 538, -1,
 538, 603, 524, -1, 538, 524, 440, -1, 440, 524, 440, -1,
 440, 440, 342, -1, 342, 440, 356, -1, 342, 356, 263, -1,
 263, 356, 277, -1, 263, 277, 196, -1, 196, 277, 218, -1,
 196, 218, 142, -1, 142, 218, 173, -1, 142, 173, 110, -1,
 110, 173, 138, -1, 110, 138, 88, -1, 88, 138, 122, -1,
 88, 122, 81, -1, 81, 122, 112, -1, 81, 112, 87, -1,
 87, 112, 121, -1, 87, 121, 109, -1, 109, 121, 137, -1,
 109, 137, 141, -1, 141, 137, 172, -1, 141, 172, 195, -1,
 195, 172, 217, -1, 195, 217, 262, -1, 262, 217, 276, -1,
 262, 276, 341, -1, 341, 276, 355, -1, 341, 355, 439, -1,
 439, 355, 439, -1, 439, 439, 537, -1, 537, 439, 523, -1,
 537, 523, 616, -1, 616, 523, 602, -1, 616, 602, 683, -1,
 683, 602, 661, -1, 767, 734, 758, -1, 758, 734, 728, -1,
 758, 728, 742, -1, 742, 728, 703, -1, 742, 703, 707, -1,
 707, 703, 678, -1, 707, 678, 662, -1, 662, 678, 636, -1,
 662, 636, 603, -1, 603, 636, 592, -1, 603, 592, 524, -1,
 524, 592, 515, -1, 524, 515, 440, -1, 440, 515, 440, -1,
 440, 440, 356, -1, 356, 440, 365, -1, 356, 365, 277, -1,
 277, 365, 288, -1, 277, 288, 218, -1, 218, 288, 244, -1,
 218, 244, 173, -1, 173, 244, 202, -1, 173, 202, 138, -1,
 138, 202, 177, -1, 138, 177, 122, -1, 122, 177, 152, -1,
 122, 152, 112, -1, 112, 152, 145, -1, 112, 145, 121, -1,
 121, 145, 151, -1, 121, 151, 137, -1, 137, 151, 176, -1,
 137, 176, 172, -1, 172, 176, 201, -1, 172, 201, 217, -1,
 217, 201, 243, -1, 217, 243, 276, -1, 276, 243, 287, -1,
 276, 287, 355, -1, 355, 287, 364, -1, 355, 364, 439, -1,
 439, 364, 439, -1, 439, 439, 523, -1, 523, 439, 514, -1,
 523, 514, 602, -1, 602, 514, 591, -1, 602, 591, 661, -1,
 661, 591, 635, -1, 734, 692, 728, -1, 728, 692, 688, -1,
 728, 688, 703, -1, 703, 688, 666, -1, 703, 666, 678, -1,
 678, 666, 647, -1, 678, 647, 636, -1, 636, 647, 609, -1,
 636, 609, 592, -1, 592, 609, 567, -1, 592, 567, 515, -1,
 515, 567, 495, -1, 515, 495, 440, -1, 440, 495, 440, -1,
 440, 440, 365, -1, 365, 440, 385, -1, 365, 385, 288, -1,
 288, 385, 313, -1, 288, 313, 244, -1, 244, 313, 271, -1,
 244, 271, 202, -1, 202, 271, 233, -1, 202, 233, 177, -1,
 177, 233, 214, -1, 177, 214, 152, -1, 152, 214, 192, -1,
 152, 192, 145, -1, 145, 192, 187, -1, 145, 187, 151, -1,
 151, 187, 191, -1, 151, 191, 176, -1, 176, 191, 213, -1,
 176, 213, 201, -1, 201, 213, 232, -1, 201, 232, 243, -1,
 243, 232, 270, -1, 243, 270, 287, -1, 287, 270, 312, -1,
 287, 312, 364, -1, 364, 312, 384, -1, 364, 384, 439, -1,
 439, 384, 439, -1, 439, 439, 514, -1, 514, 439, 494, -1,
 514, 494, 591, -1, 591, 494, 566, -1, 591, 566, 635, -1,
 635, 566, 608, -1, 692, 640, 688, -1, 688, 640, 632, -1,
 688, 632, 666, -1, 666, 632, 621, -1, 666, 621, 647, -1,
 647, 621, 599, -1, 647, 599, 609, -1, 609, 599, 581, -1,
 609, 581, 567, -1, 567, 581, 532, -1, 567, 532, 495, -1,
 495, 532, 487, -1, 495, 487, 440, -1, 440, 487, 440, -1,
 440, 440, 385, -1, 385, 440, 393, -1, 385, 393, 313, -1,
 313, 393, 348, -1, 313, 348, 271, -1, 271, 348, 299, -1,
 271, 299, 233, -1, 233, 299, 281, -1, 233, 281, 214, -1,
 214, 281, 259, -1, 214, 259, 192, -1, 192, 259, 248, -1,
 192, 248, 187, -1, 187, 248, 239, -1, 187, 239, 191, -1,
 191, 239, 247, -1, 191, 247, 213, -1, 213, 247, 258, -1,
 213, 258, 232, -1, 232, 258, 280, -1, 232, 280, 270, -1,
 270, 280, 298, -1, 270, 298, 312, -1, 312, 298, 347, -1,
 312, 347, 384, -1, 384, 347, 392, -1, 384, 392, 439, -1,
 439, 392, 439, -1, 439, 439, 494, -1, 494, 439, 486, -1,
 494, 486, 566, -1, 566, 486, 531, -1, 566, 531, 608, -1,
 608, 531, 580, -1, 640, 589, 632, -1, 632, 589, 586, -1,
 632, 586, 621, -1, 621, 586, 572, -1, 621, 572, 599, -1,
 599, 572, 560, -1, 599, 560, 581, -1, 581, 560, 528, -1,
 581, 528, 532, -1, 532, 528, 499, -1, 532, 499, 487, -1,
 487, 499, 475, -1, 487, 475, 440, -1, 440, 475, 440, -1,
 440, 440, 393, -1, 393, 440, 405, -1, 393, 405, 348, -1,
 348, 405, 381, -1, 348, 381, 299, -1, 299, 381, 352, -1,
 299, 352, 281, -1, 281, 352, 320, -1, 281, 320, 259, -1,
 259, 320, 308, -1, 259, 308, 248, -1, 248, 308, 294, -1,
 248, 294, 239, -1, 239, 294, 290, -1, 239, 290, 247, -1,
 247, 290, 293, -1, 247, 293, 258, -1, 258, 293, 307, -1,
 258, 307, 280, -1, 280, 307, 319, -1, 280, 319, 298, -1,
 298, 319, 351, -1, 298, 351, 347, -1, 347, 351, 380, -1,
 347, 380, 392, -1, 392, 380, 404, -1, 392, 404, 439, -1,
 439, 404, 439, -1, 439, 439, 486, -1, 486, 439, 474, -1,
 486, 474, 531, -1, 531, 474, 498, -1, 531, 498, 580, -1,
 580, 498, 527, -1, 589, 512, 586, -1, 586, 512, 509, -1,
 586, 509, 572, -1, 572, 509, 505, -1, 572, 505, 560, -1,
 560, 505, 491, -1, 560, 491, 528, -1, 528, 491, 483, -1,
 528, 483, 499, -1, 499, 483, 471, -1, 499, 471, 475, -1,
 475, 471, 466, -1, 475, 466, 440, -1, 440, 466, 440, -1,
 440, 440, 405, -1, 405, 440, 414, -1, 405, 414, 381, -1,
 381, 414, 409, -1, 381, 409, 352, -1, 352, 409, 397, -1,
 352, 397, 320, -1, 320, 397, 389, -1, 320, 389, 308, -1,
 308, 389, 375, -1, 308, 375, 294, -1, 294, 375, 371, -1,
 294, 371, 290, -1, 290, 371, 367, -1, 290, 367, 293, -1,
 293, 367, 370, -1, 293, 370, 307, -1, 307, 370, 374, -1,
 307, 374, 319, -1, 319, 374, 388, -1, 319, 388, 351, -1,
 351, 388, 396, -1, 351, 396, 380, -1, 380, 396, 408, -1,
 380, 408, 404, -1, 404, 408, 413, -1, 404, 413, 439, -1,
 439, 413, 439, -1, 439, 439, 474, -1, 474, 439, 465, -1,
 474, 465, 498, -1, 498, 465, 470, -1, 498, 470, 527, -1,
 527, 470, 482, -1, 783, 746, 717, -1, 717, 746, 723, -1,
 717, 723, 671, -1, 435, 433, 470, -1, 470, 433, 431, -1,
 470, 431, 482, -1, 482, 431, 429, -1, 482, 429, 427, -1,
 783, 717, 777, -1, 777, 717, 713, -1, 777, 713, 763, -1,
 763, 713, 697, -1, 763, 697, 749, -1, 749, 697, 683, -1,
 749, 683, 737, -1, 737, 683, 661, -1, 737, 661, 706, -1,
 706, 661, 635, -1, 706, 635, 677, -1, 677, 635, 608, -1,
 677, 608, 646, -1, 646, 608, 580, -1, 646, 580, 598, -1,
 598, 580, 527, -1, 598, 527, 559, -1, 559, 527, 482, -1,
 559, 482, 490, -1, 490, 482, 427, -1, 490, 427, 425, -1,
 857, 827, 822, -1, 822, 827, 812, -1, 425, 504, 490, -1,
 490, 504, 571, -1, 490, 571, 559, -1, 559, 571, 620, -1,
 559, 620, 598, -1, 598, 620, 665, -1, 598, 665, 646, -1,
 646, 665, 702, -1, 646, 702, 677, -1, 677, 702, 741, -1,
 677, 741, 706, -1, 706, 741, 769, -1, 706, 769, 737, -1,
 737, 769, 787, -1, 737, 787, 749, -1, 749, 787, 806, -1,
 749, 806, 763, -1, 763, 806, 822, -1, 763, 822, 777, -1,
 777, 822, 812, -1, 777, 812, 783, -1, 879, 860, 851, -1,
 851, 860, 857, -1, 425, 423, 504, -1, 504, 423, 421, -1,
 504, 421, 419, -1, 857, 822, 851, -1, 851, 822, 806, -1,
 851, 806, 839, -1, 839, 806, 787, -1, 839, 787, 818, -1,
 818, 787, 769, -1, 818, 769, 791, -1, 791, 769, 741, -1,
 791, 741, 757, -1, 757, 741, 702, -1, 757, 702, 727, -1,
 727, 702, 665, -1, 727, 665, 687, -1, 687, 665, 620, -1,
 687, 620, 631, -1, 631, 620, 571, -1, 631, 571, 585, -1,
 585, 571, 504, -1, 585, 504, 508, -1, 508, 504, 419, -1,
 508, 419, 417, -1, 879, 851, 875, -1, 875, 851, 839, -1,
 875, 839, 849, -1, 849, 839, 818, -1, 849, 818, 830, -1,
 830, 818, 791, -1, 830, 791, 798, -1, 798, 791, 757, -1,
 798, 757, 767, -1, 767, 757, 727, -1, 767, 727, 734, -1,
 734, 727, 687, -1, 734, 687, 692, -1, 692, 687, 631, -1,
 692, 631, 640, -1, 640, 631, 585, -1, 640, 585, 589, -1,
 589, 585, 508, -1, 589, 508, 512, -1, 512, 508, 417, -1,
 512, 417, 416, -1, 855, 857, 860, -1, 855, 860, 879, -1,
 857, 855, 827, -1, 827, 855, 810, -1, 827, 810, 812, -1,
 812, 810, 783, -1, 783, 810, 746, -1, 783, 746, 746, -1,
 746, 746, 723, -1, 723, 746, 673, -1, 723, 673, 671, -1,
 671, 673, 655, -1, 655, 673, 578, -1, 655, 578, 576, -1,
 576, 578, 563, -1, 563, 578, 439, -1, 563, 439, 439, -1,
 439, 439, 315, -1, 315, 439, 300, -1, 315, 300, 302, -1,
 302, 300, 223, -1, 223, 300, 205, -1, 223, 205, 207, -1,
 1, 0, 18, -1, 207, 205, 155, -1, 155, 205, 185, -1,
 155, 185, 131, -1, 131, 185, 131, -1, 131, 131, 95, -1,
 95, 131, 93, -1, 95, 93, 66, -1, 66, 93, 68, -1,
 66, 68, 51, -1, 51, 68, 50, -1, 51, 50, 21, -1,
 21, 50, 23, -1, 21, 23, 18, -1, 18, 23, 20, -1,
 18, 20, 1, -1, 1, 0, 0, -1, 0, 0, 2, -1,
 0, 2, 19, -1, 19, 2, 24, -1, 19, 24, 22, -1,
 22, 24, 52, -1, 52, 24, 53, -1, 52, 53, 67, -1,
 67, 53, 69, -1, 67, 69, 96, -1, 96, 69, 94, -1,
 96, 94, 132, -1, 94, 132, 132, -1, 132, 132, 134, -1,
 132, 134, 156, -1, 156, 134, 168, -1, 156, 168, 208, -1,
 208, 168, 206, -1, 208, 206, 224, -1, 224, 206, 301, -1,
 440, 316, 301, -1, 301, 316, 303, -1, 301, 303, 224, -1,
 579, 564, 440, -1, 440, 564, 440, -1, 440, 440, 316, -1,
 674, 656, 579, -1, 579, 656, 577, -1, 579, 577, 564, -1,
 747, 724, 674, -1, 674, 724, 672, -1, 674, 672, 656, -1,
 811, 784, 747, -1, 747, 784, 747, -1, 747, 747, 724, -1,
 856, 828, 811, -1, 811, 828, 813, -1, 811, 813, 784, -1,
 860, 879, 879, -1, 879, 879, 861, -1, 879, 861, 856, -1,
 856, 861, 858, -1, 856, 858, 828, -1, 879, 879, 862, -1,
 879, 862, 862, -1, 862, 862, 832, -1, 862, 832, 832, -1,
 832, 832, 795, -1, 832, 795, 795, -1, 795, 795, 748, -1,
 795, 748, 748, -1, 748, 748, 695, -1, 748, 695, 695, -1,
 695, 695, 624, -1, 695, 624, 624, -1, 624, 624, 542, -1,
 624, 542, 542, -1, 542, 542, 463, -1, 542, 463, 463, -1,
 542, 463, 464, -1, 624, 542, 550, -1, 695, 624, 630, -1,
 748, 695, 696, -1, 795, 748, 753, -1, 832, 795, 796, -1,
 862, 832, 833, -1, 879, 862, 863, -1, 542, 464, 550, -1,
 550, 464, 480, -1, 550, 480, 584, -1, 584, 480, 503, -1,
 584, 503, 596, -1, 596, 503, 518, -1, 596, 518, 607, -1,
 518, 522, 607, -1, 607, 522, 535, -1, 607, 535, 613, -1,
 535, 541, 613, -1, 613, 541, 544, -1, 613, 544, 615, -1,
 615, 544, 545, -1, 615, 545, 614, -1, 545, 543, 614, -1,
 614, 543, 536, -1, 614, 536, 612, -1, 612, 536, 521, -1,
 612, 521, 606, -1, 606, 521, 595, -1, 521, 519, 595, -1,
 595, 519, 502, -1, 595, 502, 575, -1, 575, 502, 481, -1,
 481, 478, 575, -1, 575, 478, 469, -1, 575, 469, 565, -1,
 565, 469, 463, -1, 565, 463, 542, -1, 624, 550, 630, -1,
 630, 550, 584, -1, 630, 584, 657, -1, 657, 584, 596, -1,
 657, 596, 660, -1, 660, 596, 607, -1, 660, 607, 670, -1,
 670, 607, 613, -1, 670, 613, 676, -1, 676, 613, 615, -1,
 676, 615, 682, -1, 682, 615, 614, -1, 682, 614, 681, -1,
 681, 614, 612, -1, 681, 612, 675, -1, 675, 612, 606, -1,
 675, 606, 669, -1, 669, 606, 595, -1, 669, 595, 659, -1,
 659, 595, 575, -1, 659, 575, 654, -1, 654, 575, 565, -1,
 654, 565, 639, -1, 639, 565, 542, -1, 639, 542, 624, -1,
 695, 630, 696, -1, 696, 630, 657, -1, 696, 657, 712, -1,
 712, 657, 660, -1, 712, 660, 722, -1, 722, 660, 670, -1,
 722, 670, 726, -1, 726, 670, 676, -1, 726, 676, 732, -1,
 732, 676, 682, -1, 732, 682, 736, -1, 736, 682, 681, -1,
 736, 681, 733, -1, 733, 681, 675, -1, 733, 675, 731, -1,
 731, 675, 669, -1, 731, 669, 725, -1, 725, 669, 659, -1,
 725, 659, 721, -1, 721, 659, 654, -1, 721, 654, 710, -1,
 710, 654, 639, -1, 710, 639, 701, -1, 701, 639, 624, -1,
 701, 624, 695, -1, 748, 696, 753, -1, 753, 696, 712, -1,
 753, 712, 756, -1, 756, 712, 722, -1, 756, 722, 762, -1,
 762, 722, 726, -1, 762, 726, 774, -1, 774, 726, 732, -1,
 774, 732, 776, -1, 776, 732, 736, -1, 776, 736, 782, -1,
 782, 736, 733, -1, 782, 733, 781, -1, 781, 733, 731, -1,
 781, 731, 775, -1, 775, 731, 725, -1, 775, 725, 773, -1,
 773, 725, 721, -1, 773, 721, 761, -1, 761, 721, 710, -1,
 761, 710, 755, -1, 755, 710, 701, -1, 755, 701, 754, -1,
 754, 701, 695, -1, 754, 695, 748, -1, 795, 753, 796, -1,
 796, 753, 756, -1, 796, 756, 801, -1, 801, 756, 762, -1,
 801, 762, 803, -1, 803, 762, 774, -1, 803, 774, 805, -1,
 805, 774, 776, -1, 805, 776, 815, -1, 815, 776, 782, -1,
 815, 782, 817, -1, 817, 782, 781, -1, 817, 781, 816, -1,
 816, 781, 775, -1, 816, 775, 814, -1, 814, 775, 773, -1,
 814, 773, 804, -1, 804, 773, 761, -1, 804, 761, 802, -1,
 802, 761, 755, -1, 802, 755, 800, -1, 800, 755, 754, -1,
 800, 754, 797, -1, 797, 754, 748, -1, 797, 748, 795, -1,
 832, 796, 833, -1, 833, 796, 801, -1, 833, 801, 836, -1,
 836, 801, 803, -1, 836, 803, 838, -1, 838, 803, 805, -1,
 838, 805, 844, -1, 844, 805, 815, -1, 844, 815, 846, -1,
 846, 815, 817, -1, 846, 817, 848, -1, 848, 817, 816, -1,
 848, 816, 847, -1, 847, 816, 814, -1, 847, 814, 845, -1,
 845, 814, 804, -1, 845, 804, 843, -1, 843, 804, 802, -1,
 843, 802, 837, -1, 837, 802, 800, -1, 837, 800, 835, -1,
 835, 800, 797, -1, 835, 797, 834, -1, 834, 797, 795, -1,
 834, 795, 832, -1, 862, 833, 863, -1, 863, 833, 836, -1,
 863, 836, 866, -1, 866, 836, 838, -1, 866, 838, 868, -1,
 868, 838, 844, -1, 868, 844, 870, -1, 870, 844, 846, -1,
 870, 846, 872, -1, 872, 846, 848, -1, 872, 848, 874, -1,
 874, 848, 847, -1, 874, 847, 873, -1, 873, 847, 845, -1,
 873, 845, 871, -1, 871, 845, 843, -1, 871, 843, 869, -1,
 869, 843, 837, -1, 869, 837, 867, -1, 867, 837, 835, -1,
 867, 835, 865, -1, 865, 835, 834, -1, 865, 834, 864, -1,
 864, 834, 832, -1, 864, 832, 862, -1, 879, 863, 879, -1,
 879, 863, 866, -1, 879, 866, 879, -1, 879, 866, 868, -1,
 879, 868, 879, -1, 879, 868, 870, -1, 879, 870, 879, -1,
 879, 870, 872, -1, 879, 872, 879, -1, 879, 872, 874, -1,
 879, 874, 879, -1, 879, 874, 873, -1, 879, 873, 879, -1,
 879, 873, 871, -1, 879, 871, 879, -1, 879, 871, 869, -1,
 879, 869, 879, -1, 879, 869, 867, -1, 879, 867, 879, -1,
 879, 867, 865, -1, 879, 865, 879, -1, 879, 865, 864, -1,
 879, 864, 879, -1, 879, 864, 862, -1, 879, 862, 879, -1,
 879, 879, 862, -1, 879, 862, 862, -1, 862, 862, 832, -1,
 862, 832, 832, -1, 832, 832, 795, -1, 832, 795, 795, -1,
 795, 795, 748, -1, 795, 748, 748, -1, 748, 748, 695, -1,
 748, 695, 695, -1, 695, 695, 624, -1, 695, 624, 624, -1,
 624, 624, 542, -1, 624, 542, 542, -1, 542, 542, 463, -1,
 542, 463, 463, -1, 463, 463, 337, -1, 463, 337, 337, -1,
 337, 337, 255, -1, 337, 255, 255, -1, 255, 255, 184, -1,
 255, 184, 184, -1, 184, 184, 133, -1, 184, 133, 133, -1,
 133, 133, 84, -1, 133, 84, 84, -1, 84, 84, 47, -1,
 84, 47, 47, -1, 47, 47, 17, -1, 47, 17, 17, -1,
 17, 17, 0, -1, 17, 0, 0, -1, 399, 377, 284, -1,
 415, 463, 329, -1, 329, 463, 337, -1, 329, 337, 249, -1,
 249, 337, 255, -1, 249, 255, 183, -1, 183, 255, 184, -1,
 183, 184, 126, -1, 126, 184, 133, -1, 126, 133, 83, -1,
 83, 133, 84, -1, 83, 84, 46, -1, 46, 84, 47, -1,
 46, 47, 16, -1, 16, 47, 17, -1, 16, 17, 0, -1,
 0, 17, 0, -1, 398, 415, 295, -1, 295, 415, 329, -1,
 295, 329, 222, -1, 222, 329, 249, -1, 222, 249, 167, -1,
 167, 249, 183, -1, 167, 183, 123, -1, 123, 183, 126, -1,
 123, 126, 78, -1, 78, 126, 83, -1, 78, 83, 43, -1,
 43, 83, 46, -1, 43, 46, 13, -1, 13, 46, 16, -1,
 13, 16, 0, -1, 0, 16, 0, -1, 376, 398, 283, -1,
 283, 398, 295, -1, 283, 295, 219, -1, 219, 295, 222, -1,
 219, 222, 157, -1, 157, 222, 167, -1, 157, 167, 117, -1,
 117, 167, 123, -1, 117, 123, 76, -1, 76, 123, 78, -1,
 76, 78, 41, -1, 41, 78, 43, -1, 41, 43, 11, -1,
 11, 43, 13, -1, 11, 13, 0, -1, 0, 13, 0, -1,
 0, 0, 11, -1, 11, 0, 9, -1, 11, 9, 41, -1,
 41, 9, 35, -1, 41, 35, 76, -1, 76, 35, 74, -1,
 76, 74, 117, -1, 117, 74, 105, -1, 117, 105, 157, -1,
 157, 105, 153, -1, 157, 153, 219, -1, 219, 153, 209, -1,
 219, 209, 283, -1, 283, 209, 272, -1, 338, 343, 272, -1,
 272, 343, 357, -1, 272, 357, 283, -1, 283, 357, 360, -1,
 283, 360, 376, -1, 0, 0, 7, -1, 7, 0, 5, -1,
 7, 5, 33, -1, 33, 5, 31, -1, 33, 31, 64, -1,
 64, 31, 62, -1, 64, 62, 103, -1, 103, 62, 97, -1,
 103, 97, 147, -1, 147, 97, 143, -1, 147, 143, 203, -1,
 203, 143, 197, -1, 203, 197, 266, -1, 266, 197, 264, -1,
 0, 0, 9, -1, 9, 0, 7, -1, 9, 7, 35, -1,
 35, 7, 33, -1, 35, 33, 74, -1, 74, 33, 64, -1,
 74, 64, 105, -1, 105, 64, 103, -1, 105, 103, 153, -1,
 153, 103, 147, -1, 153, 147, 209, -1, 209, 147, 203, -1,
 209, 203, 272, -1, 272, 203, 266, -1, 272, 266, 338, -1,
 338, 266, 264, -1, 336, 334, 264, -1, 264, 334, 335, -1,
 264, 335, 338, -1, 0, 0, 6, -1, 6, 0, 8, -1,
 6, 8, 32, -1, 32, 8, 34, -1, 32, 34, 63, -1,
 63, 34, 65, -1, 63, 65, 98, -1, 98, 65, 104, -1,
 98, 104, 146, -1, 146, 104, 148, -1, 146, 148, 198, -1,
 198, 148, 204, -1, 198, 204, 265, -1, 265, 204, 267, -1,
 0, 0, 8, -1, 8, 0, 10, -1, 8, 10, 34, -1,
 34, 10, 36, -1, 34, 36, 65, -1, 65, 36, 75, -1,
 65, 75, 104, -1, 104, 75, 106, -1, 104, 106, 148, -1,
 148, 106, 154, -1, 148, 154, 204, -1, 204, 154, 210, -1,
 204, 210, 267, -1, 267, 210, 273, -1, 0, 0, 5, -1,
 5, 0, 6, -1, 5, 6, 31, -1, 31, 6, 32, -1,
 31, 32, 62, -1, 62, 32, 63, -1, 62, 63, 97, -1,
 97, 63, 98, -1, 97, 98, 143, -1, 143, 98, 146, -1,
 143, 146, 197, -1, 197, 146, 198, -1, 197, 198, 264, -1,
 264, 198, 265, -1, 264, 265, 336, -1, 336, 265, 267, -1,
 336, 267, 344, -1, 344, 267, 273, -1, 344, 273, 358, -1,
 358, 273, 361, -1, 377, 361, 284, -1, 284, 361, 273, -1,
 284, 273, 220, -1, 220, 273, 210, -1, 220, 210, 158, -1,
 158, 210, 154, -1, 158, 154, 118, -1, 118, 154, 106, -1,
 118, 106, 77, -1, 77, 106, 75, -1, 77, 75, 42, -1,
 42, 75, 36, -1, 42, 36, 12, -1, 12, 36, 10, -1,
 12, 10, 0, -1, 0, 10, 0, -1, 401, 399, 304, -1,
 304, 399, 284, -1, 304, 284, 225, -1, 225, 284, 220, -1,
 225, 220, 169, -1, 169, 220, 158, -1, 169, 158, 124, -1,
 124, 158, 118, -1, 124, 118, 79, -1, 79, 118, 77, -1,
 79, 77, 44, -1, 44, 77, 42, -1, 44, 42, 14, -1,
 14, 42, 12, -1, 14, 12, 0, -1, 0, 12, 0, -1,
 410, 401, 314, -1, 314, 401, 304, -1, 314, 304, 240, -1,
 240, 304, 225, -1, 240, 225, 178, -1, 178, 225, 169, -1,
 178, 169, 125, -1, 125, 169, 124, -1, 125, 124, 82, -1,
 82, 124, 79, -1, 82, 79, 45, -1, 45, 79, 44, -1,
 45, 44, 15, -1, 15, 44, 14, -1, 15, 14, 0, -1,
 0, 14, 0, -1, 463, 410, 337, -1, 337, 410, 314, -1,
 337, 314, 255, -1, 255, 314, 240, -1, 255, 240, 184, -1,
 184, 240, 178, -1, 184, 178, 133, -1, 133, 178, 125, -1,
 133, 125, 84, -1, 84, 125, 82, -1, 84, 82, 47, -1,
 47, 82, 45, -1, 47, 45, 17, -1, 17, 45, 15, -1,
 17, 15, 0, -1, 0, 15, 0, -1, 463, 463, 337, -1,
 463, 337, 337, -1, 337, 337, 255, -1, 337, 255, 255, -1,
 255, 255, 184, -1, 255, 184, 184, -1, 184, 184, 133, -1,
 184, 133, 133, -1, 133, 133, 84, -1, 133, 84, 84, -1,
 84, 84, 47, -1, 84, 47, 47, -1, 47, 47, 17, -1,
 47, 17, 17, -1, 17, 17, 0, -1, 17, 0, 0, -1
]
colorPerVertex FALSE
normalPerVertex TRUE
}
}
]
}
